id,english,thai,context,all_ids
1309000,Liberation of Caen,การปลดปล่อยแห่งก็อง,แคมเปญก็อง+มาร์เก็ตการ์เดน (บทพูดภารกิจ),1309000
1309001,Authie: Boudica's Boys,ออธี: กองกำลังบูดิกา,แคมเปญก็อง+มาร์เก็ตการ์เดน (บทพูดภารกิจ),1309001
1309002,CAEN1_,CAEN1_,แคมเปญก็อง+มาร์เก็ตการ์เดน (บทพูดภารกิจ),1309002
1309003,"Operation Overlord. June 7th, 1944. British 2nd Army’s D-Day objective was to take Caen, they are a day behind schedule. 3rd Battalion must secure Authie and establish a base of operations from which to assault Caen.",ปฏิบัติการโอเวอร์ลอร์ด. 7 มิถุนายน 1944 วัตถุประสงค์ดีเดย์ของกองทัพที่ 2 ของอังกฤษคือการยึดเมืองก็อง ซึ่งช้ากว่ากำหนดหนึ่งวัน กองพันที่ 3 ต้องรักษาความปลอดภัยของ ออธี และสร้างฐานปฏิบัติการเพื่อโจมตีก็อง,แคมเปญก็อง+มาร์เก็ตการ์เดน (บทพูดภารกิจ),1309003
1309004,Hill 112,ฮิลล์ 112,แคมเปญก็อง+มาร์เก็ตการ์เดน (บทพูดภารกิจ),1309004
1309005,CAEN2_,CAEN2_,แคมเปญก็อง+มาร์เก็ตการ์เดน (บทพูดภารกิจ),1309005
1309006,Operation Epsom. The Germans have blunted 2nd Army’s frontal assault of Caen. The next plan is to outflank Caen from the west and surround its defenders. 3rd Battalion’s orders are to secure Hill 112 that overlooks the western approaches to Caen.,ปฏิบัติการ Epsom ฝ่ายเยอรมันสามารถโจมตีก็องในแนวหน้าของกองทัพที่ 2 ได้ แผนต่อไปคือการรุกขนาบก็องจากทางตะวันตกและล้อมแนวป้องกัน คำสั่งของกองพันที่ 3 คือให้ยึดเนินเขา 112 ที่มองเห็นทางตะวันตกไปยังเมืองก็อง,แคมเปญก็อง+มาร์เก็ตการ์เดน (บทพูดภารกิจ),1309006
1309007,Carpiquet,กักปิเกต์,แคมเปญก็อง+มาร์เก็ตการ์เดน (บทพูดภารกิจ),1309007
1309008,CAEN3_,CAEN3_,แคมเปญก็อง+มาร์เก็ตการ์เดน (บทพูดภารกิจ),1309008
1309009,Operation Windsor. Carpiquet Airfield is key to Caen’s defense. Royal Commandos from 3rd Battalion are to infiltrate and establish a frontline for a predawn attack by the Royal Canadian Rifles.   ,ปฏิบัติการวินด์เซอร์ สนามบิน Carpiquet เป็นกุญแจสำคัญในการป้องกันของก็อง หน่วยคอมมานโดหลวงจากกองพันที่ 3 จะแทรกซึมและสร้างแนวหน้าสำหรับการโจมตีล่วงหน้าโดย Royal Canadian Rifles,แคมเปญก็อง+มาร์เก็ตการ์เดน (บทพูดภารกิจ),1309009
1309010,Carpiquet: The Airfield,Carpiquet: สนามบิน,แคมเปญก็อง+มาร์เก็ตการ์เดน (บทพูดภารกิจ),1309010
1309011,CAEN4_,CAEN4_,แคมเปญก็อง+มาร์เก็ตการ์เดน (บทพูดภารกิจ),1309011
1309012,The Royal Commandos have established a front line; it is time for 3rd Battalion and the Royal Canadian Rifles to eliminate any remaining Axis forces and take the Airfield.,หน่วยคอมมานโดหลวงได้จัดตั้งแนวหน้า ถึงเวลาแล้วที่กองพันที่ 3 และ Royal Canadian Rifles จะต้องกำจัดกองกำลังฝ่ายอักษะที่เหลืออยู่และเข้ายึดสนามบิน,แคมเปญก็อง+มาร์เก็ตการ์เดน (บทพูดภารกิจ),1309012
1309013,Hill 112: Saving Sanity,เนิน 112: ศึกรักษาขวัญกำลังใจ,แคมเปญก็อง+มาร์เก็ตการ์เดน (บทพูดภารกิจ),1309013
1309014,CAEN5_,CAEN5_,แคมเปญก็อง+มาร์เก็ตการ์เดน (บทพูดภารกิจ),1309014
1309015,"""He, who controls Hill 112, controls Normandy.” Contact with the Royal Scots Engineers on Hill 112 has been lost. Boudica’s Boys must return to the hill to ensure it is not recaptured.","""ผู้ที่ควบคุม Hill 112 เป็นผู้ควบคุม Normandy"" การติดต่อกับ Royal Scots Engineers บน Hill 112 หายไป กองกำลังบูดิกาต้องกลับไปที่เนินเขาเพื่อให้แน่ใจว่าจะไม่ถูกยึดคืนได้",แคมเปญก็อง+มาร์เก็ตการ์เดน (บทพูดภารกิจ),1309015
1309016,Caen: Into the City,ก็อง: เข้าไปในเมือง,แคมเปญก็อง+มาร์เก็ตการ์เดน (บทพูดภารกิจ),1309016
1309017,CAEN6_,CAEN6_,แคมเปญก็อง+มาร์เก็ตการ์เดน (บทพูดภารกิจ),1309017
1309018,"Operation Charnwood. The 7th of July. 500 airplanes are dropping bombs on Caen to soften the Axis defenses. After the bombardment, 3rd Battalion must move in, secure the area, and set up a base of operations from which to seize the city.",ปฏิบัติการชาร์นวูด วันที่ 7 กรกฎาคม. เครื่องบิน 500 ลำกำลังทิ้งระเบิดใส่ก็องเพื่อลดการป้องกันฝ่ายอักษะ หลังจากการทิ้งระเบิด กองพันที่ 3 จะต้องเคลื่อนเข้าไป ยึดพื้นที่ และสร้างฐานปฏิบัติการเพื่อยึดเมือง,แคมเปญก็อง+มาร์เก็ตการ์เดน (บทพูดภารกิจ),1309018
1309019,Caen: The Crucible,ก็อง: สมรภูมิตะลุมบอน,แคมเปญก็อง+มาร์เก็ตการ์เดน (บทพูดภารกิจ),1309019
1309020,CAEN7_,CAEN7_,แคมเปญก็อง+มาร์เก็ตการ์เดน (บทพูดภารกิจ),1309020
1309021,"All major elements of the 12th SS Division have retreated from Caen. However, small pockets of opposition remain to delay Allied forces. 3rd Battalion must strike into the heart of the city and eliminate all resistance.",องค์ประกอบหลักทั้งหมดของกองพล SS ที่ 12 ได้ถอยออกจากก็องแล้ว อย่างไรก็ตาม ฝ่ายต่อต้านกลุ่มเล็กๆ ยังคงอยู่เพื่อชะลอกองกำลังพันธมิตร กองพันที่ 3 ต้องโจมตีใจกลางเมืองและกำจัดการต่อต้านทั้งหมด,แคมเปญก็อง+มาร์เก็ตการ์เดน (บทพูดภารกิจ),1309021
1309022,Caen: Storm Front,ก็อง: แนวหน้าพายุ,แคมเปญก็อง+มาร์เก็ตการ์เดน (บทพูดภารกิจ),1309022
1309023,CAEN8_,CAEN8_,แคมเปญก็อง+มาร์เก็ตการ์เดน (บทพูดภารกิจ),1309023
1309024,"Caen is in Allied hands, but night is approaching quickly. 1st SS Korps will not give up Caen without a fight. Boudica’s Boys must dig in and prepare for the inevitable counterattack.",ก็องอยู่ในมือฝ่ายสัมพันธมิตร แต่กลางคืนกำลังใกล้เข้ามาอย่างรวดเร็ว กองพลเอสเอสที่ 1 จะไม่ยอมยกเมืองก็องให้ง่าย ๆ เหล่าทหารของบูดิกา ต้องขุดหลุมตั้งรับและเตรียมพร้อมรับการตีโต้กลับที่เลี่ยงไม่ได้,แคมเปญก็อง+มาร์เก็ตการ์เดน (บทพูดภารกิจ),1309024
1309025,Bourguébus: Marching Onward       ,Bourguébus: ก้าวไปข้างหน้า,แคมเปญก็อง+มาร์เก็ตการ์เดน (บทพูดภารกิจ),1309025
1309026,CAEN9_,CAEN9_,แคมเปญก็อง+มาร์เก็ตการ์เดน (บทพูดภารกิจ),1309026
1309027,"Operation Goodwood. Remnants of the 1st SS Korps are regrouping south of Caen. Reinforced with extra armor, 3rd Battalion’s orders are to advance towards the Bourguébus ridge and neutralize all remaining panzer formations.",ปฏิบัติการกู๊ดวู้ด ส่วนที่เหลือของกองกำลัง SS Korps ที่ 1 กำลังรวมกลุ่มกันใหม่ทางใต้ของก็อง เสริมด้วยเกราะพิเศษ คำสั่งของกองพันที่ 3 คือให้บุกไปยังสันเขา Bourguébus และต่อต้านการก่อตัวของยานเกราะที่เหลือทั้งหมด,แคมเปญก็อง+มาร์เก็ตการ์เดน (บทพูดภารกิจ),1309027
1309030,3rd Battalion,กองพันที่ 3,แคมเปญก็อง+มาร์เก็ตการ์เดน (บทพูดภารกิจ),1309030|1309040|1309050|1309060|1309070|1309080|1309090|1309100|1309110
1309031,12th SS Panzer Division,กองพลยานเกราะเอสเอสที่ 12,แคมเปญก็อง+มาร์เก็ตการ์เดน (บทพูดภารกิจ),1309031|1309051|1309061|1309081
1309032,B-Coy,บี-คอย,แคมเปญก็อง+มาร์เก็ตการ์เดน (บทพูดภารกิจ),1309032|1309082|1309092|1309102|1309112
1309041,10th SS Panzer Division,กองพลยานเกราะเอสเอสที่ 10,แคมเปญก็อง+มาร์เก็ตการ์เดน (บทพูดภารกิจ),1309041
1309071,25th Panzer Division,กองพลยานเกราะที่ 25,แคมเปญก็อง+มาร์เก็ตการ์เดน (บทพูดภารกิจ),1309071|1309091
1309111,1st SS Panzer Division,กองพลยานเกราะเอสเอสที่ 1,แคมเปญก็อง+มาร์เก็ตการ์เดน (บทพูดภารกิจ),1309111
1309140,"June 7th, 1944. D-Day+1. The 2nd British Army has established a beachhead on the shores of Normandy. They have one goal: take the French city of Caen. Lead Major Blackmore’s 3rd Battalion and their British veterans through the critical operations to achieve the elusive objective. ",7 มิถุนายน 1944 ดีเดย์+1 กองทัพอังกฤษที่ 2 ได้สร้างหัวหาดบนชายฝั่งนอร์มงดีแล้ว พวกเขามีเป้าหมายเดียว: ยึดเมืองก็องของฝรั่งเศส นำกองพันที่ 3 ของพันตรีแบล็คมอร์และทหารผ่านศึกอังกฤษผ่านการปฏิบัติการที่สำคัญเพื่อบรรลุวัตถุประสงค์ที่ยากจะเข้าใจ,แคมเปญก็อง+มาร์เก็ตการ์เดน (บทพูดภารกิจ),1309140
1309141,"June 7th, 1944. D-Day+1. Lead Major Blackmore’s British 3rd Battalion through the operations to liberate the French city of Caen from Axis occupation.",7 มิถุนายน 1944 ดีเดย์+1 นำกองพันที่ 3 ของอังกฤษของ Major แบล็คมอร์ ผ่านการปฏิบัติการเพื่อปลดปล่อยเมืองก็องของฝรั่งเศสจากการยึดครองของฝ่ายอักษะ,แคมเปญก็อง+มาร์เก็ตการ์เดน (บทพูดภารกิจ),1309141
1309150,Buron - Authie Road.,บูรอน-ถ.ออธี.,แคมเปญก็อง+มาร์เก็ตการ์เดน (บทพูดภารกิจ),1309150
1309151,"1342hrs June 7th, 1944. D-Day +1",13.42 น. 7 มิถุนายน 1944 ดีเดย์ +1,แคมเปญก็อง+มาร์เก็ตการ์เดน (บทพูดภารกิจ),1309151
1309152,"3rd Battalion, ""Boudica's Boys""","กองพันที่ 3 ""ทหารบูดิก้า""",แคมเปญก็อง+มาร์เก็ตการ์เดน (บทพูดภารกิจ),1309152|1309173|1309176
1309153,"Hill 112, 1210hrs ","เนิน 112, 12.10 น",แคมเปญก็อง+มาร์เก็ตการ์เดน (บทพูดภารกิจ),1309153
1309154,"June 27th, Operation Epsom",27 มิถุนายน ปฏิบัติการ Epsom,แคมเปญก็อง+มาร์เก็ตการ์เดน (บทพูดภารกิจ),1309154
1309155,"Royal Scots Engineers, 3rd Battalion.",หน่วยทหารช่างสกอตหลวง กองพันที่ 3,แคมเปญก็อง+มาร์เก็ตการ์เดน (บทพูดภารกิจ),1309155|1309164
1309156,Carpiquet. 0300hrs ,กักปิเกต์ เวลา 03:00 น.,แคมเปญก็อง+มาร์เก็ตการ์เดน (บทพูดภารกิจ),1309156
1309157,"July 4th, Operation Windsor",4 กรกฎาคม ปฏิบัติการวินด์เซอร์,แคมเปญก็อง+มาร์เก็ตการ์เดน (บทพูดภารกิจ),1309157
1309158,3rd Battalion Special Operations,หน่วยปฏิบัติการพิเศษ กองพันที่ 3,แคมเปญก็อง+มาร์เก็ตการ์เดน (บทพูดภารกิจ),1309158
1309159,Carpiquet Airfield. ,สนามบินคาร์ปิเกต์,แคมเปญก็อง+มาร์เก็ตการ์เดน (บทพูดภารกิจ),1309159
1309160,"0530hrs July 4th, Operation Windsor",05.30 น. วันที่ 4 กรกฎาคม ปฏิบัติการวินด์เซอร์,แคมเปญก็อง+มาร์เก็ตการ์เดน (บทพูดภารกิจ),1309160
1309161,"Royal Canadian Rifles, 3rd Battalion.",กองร้อยปืนไรเฟิลแคนาดา กองพันที่ 3,แคมเปญก็อง+มาร์เก็ตการ์เดน (บทพูดภารกิจ),1309161
1309162,Hill 112.  ,ฮิลล์ 112.,แคมเปญก็อง+มาร์เก็ตการ์เดน (บทพูดภารกิจ),1309162
1309163,1443hrs July 10th,เวลา 14.43 น. วันที่ 10 กรกฎาคม,แคมเปญก็อง+มาร์เก็ตการ์เดน (บทพูดภารกิจ),1309163
1309165,Assault on Caen. ,การโจมตีเมืองก็อง,แคมเปญก็อง+มาร์เก็ตการ์เดน (บทพูดภารกิจ),1309165
1309166,"0130hrs July 18th, Operation Charnwood",01.30 น. วันที่ 18 กรกฎาคม ปฏิบัติการชาญวูด,แคมเปญก็อง+มาร์เก็ตการ์เดน (บทพูดภารกิจ),1309166
1309167,"Royal Canadian Rifles, Royal Dragoons, 3rd Battalion","Royal Canadian Rifles, Royal Dragoons, กองพันที่ 3",แคมเปญก็อง+มาร์เก็ตการ์เดน (บทพูดภารกิจ),1309167
1309168,Caen.,ก็อง.,แคมเปญก็อง+มาร์เก็ตการ์เดน (บทพูดภารกิจ),1309168
1309169,"1203hrs July 18th, Operation Charnwood",12.03 น. วันที่ 18 กรกฎาคม ปฏิบัติการชาญวูด,แคมเปญก็อง+มาร์เก็ตการ์เดน (บทพูดภารกิจ),1309169
1309170,"3rd Battalion, ""Boudica's Boys"" ","กองพันที่ 3 ""ทหารบูดิก้า""",แคมเปญก็อง+มาร์เก็ตการ์เดน (บทพูดภารกิจ),1309170
1309171,Caen. 0106hrs ,ก็อง. 0106น,แคมเปญก็อง+มาร์เก็ตการ์เดน (บทพูดภารกิจ),1309171
1309172,"July 19th, Charnwood",19 กรกฎาคม ชาร์นวูด,แคมเปญก็อง+มาร์เก็ตการ์เดน (บทพูดภารกิจ),1309172
1309174,Road to Bourguébus.  ,ถนนสู่Bourguébus,แคมเปญก็อง+มาร์เก็ตการ์เดน (บทพูดภารกิจ),1309174
1309175,"1514hrs July 19th, Operation Goodwood",15.14 น. 19 กรกฎาคม ปฏิบัติการกู๊ดวูด,แคมเปญก็อง+มาร์เก็ตการ์เดน (บทพูดภารกิจ),1309175
1309180,"Initially a D-Day objective, it took Allied forces 44 days to secure Caen.",ในตอนแรกเป้าหมายในวันดีเดย์ กองกำลังพันธมิตรใช้เวลา 44 วันในการรักษาความปลอดภัยก็อง,แคมเปญก็อง+มาร์เก็ตการ์เดน (บทพูดภารกิจ),1309180
1309181,The British offensive provided constant pressure on the Germans to let the Americans break out of Normandy.,การรุกของอังกฤษสร้างแรงกดดันอย่างต่อเนื่องต่อชาวเยอรมันเพื่อให้ชาวอเมริกันแยกตัวออกจากนอร์มงดี,แคมเปญก็อง+มาร์เก็ตการ์เดน (บทพูดภารกิจ),1309181
1309182,Major Blackmore retired from active service after the War.,พันตรีแบล็กมอร์เกษียณจากราชการหลังสงคราม,แคมเปญก็อง+มาร์เก็ตการ์เดน (บทพูดภารกิจ),1309182
1309183,"He taught at the Royal Military Academy at Woolwich, until his death in 1983.",เขาสอนที่ Royal Military Academy ในเมืองวูลวิช จนกระทั่งเสียชีวิตในปี 2526,แคมเปญก็อง+มาร์เก็ตการ์เดน (บทพูดภารกิจ),1309183
1309201,Wolfheze,วูล์ฟเฮซ,แคมเปญก็อง+มาร์เก็ตการ์เดน (บทพูดภารกิจ),1309201
1309202,OMG1_,OMG1_,แคมเปญก็อง+มาร์เก็ตการ์เดน (บทพูดภารกิจ),1309202
1309203,"Wolfheze, the Netherlands, September 17th, 1944. Eight miles outside of Arnhem, Kampfgruppe Lehr is making preparations to begin training exercises under a clear September sky.",เมืองโวล์ฟเฮซ ประเทศเนเธอร์แลนด์ 17 กันยายน 1944 คัมฟ์กรุปเป้ Lehr อยู่ห่างจากเมืองอาร์เนมออกไปแปดไมล์ กำลังเตรียมการเพื่อเริ่มการฝึกซ้อมภายใต้ท้องฟ้าที่แจ่มใสในเดือนกันยายน,แคมเปญก็อง+มาร์เก็ตการ์เดน (บทพูดภารกิจ),1309203
1309204,Wolfheze: September Snow,Wolfheze: กันยายนหิมะ,แคมเปญก็อง+มาร์เก็ตการ์เดน (บทพูดภารกิจ),1309204
1309205,OMG2_,OMG2_,แคมเปญก็อง+มาร์เก็ตการ์เดน (บทพูดภารกิจ),1309205
1309206,"As the RAF operation continues, British paratroopers are landing in the area. Kampfgruppe Lehr’s orders are to maintain control of Wolfheze and neutralize the enemy drop zones.",ขณะที่ปฏิบัติการของกองทัพอากาศยังคงดำเนินต่อไป พลร่มชาวอังกฤษกำลังลงจอดในพื้นที่ คำสั่งของ คัมฟ์กรุปเป้ Lehr คือการรักษาการควบคุม Wolfheze และทำลายเขตทิ้งร่มของศัตรู,แคมเปญก็อง+มาร์เก็ตการ์เดน (บทพูดภารกิจ),1309206
1309207,Oosterbeek,อูสเตอร์บีค,แคมเปญก็อง+มาร์เก็ตการ์เดน (บทพูดภารกิจ),1309207
1309208,OMG3_,OMG3_,แคมเปญก็อง+มาร์เก็ตการ์เดน (บทพูดภารกิจ),1309208
1309209,"""Operation Market Garden"" is the combined codename for the Allied airborne and ground-based invasion of the Netherlands. As part of ""Market,"" the British 1st Airborne Division is attempting to capture bridges across the Rhine in Oosterbeek and Arnhem. Kampfgruppe Lehr is tasked with intercepting the British Paratroopers before reaching Arnhem.","""ปฏิบัติการมาร์เก็ตการ์เดน"" เป็นชื่อรหัสร่วมของแผนการบุกเนเธอร์แลนด์ทั้งทางอากาศและทางบกของฝ่ายสัมพันธมิตร ในส่วนของปฏิบัติการ ""มาร์เก็ต"" กองพลส่งทางอากาศที่ 1 ของอังกฤษพยายามเข้ายึดสะพานข้ามแม่น้ำไรน์ในโอสเตร์เบก และอาร์เนม โดยกลุ่มรบเลร์ ได้รับมอบหมายให้เข้าสกัดกั้นทหารพลร่มอังกฤษก่อนที่พวกมันจะไปถึงอาร์เนม",แคมเปญก็อง+มาร์เก็ตการ์เดน (บทพูดภารกิจ),1309209
1309210,Highway 69,ทางหลวงหมายเลข 69,แคมเปญก็อง+มาร์เก็ตการ์เดน (บทพูดภารกิจ),1309210
1309211,OMG4_,OMG4_,แคมเปญก็อง+มาร์เก็ตการ์เดน (บทพูดภารกิจ),1309211
1309212,"Critical to Operation Market Garden, the British 30th Corps' tanks are advancing along Highway 69 to relieve the paratroops. Kampfgruppe Lehr has been mobilized near Valkenswaard. Their objective is to occupy the town and delay 30th Corps.",รถถังของกองพลที่ 30 ของอังกฤษมีความสำคัญอย่างยิ่งต่อปฏิบัติการ Market Garden กำลังเคลื่อนทัพไปตามทางหลวงหมายเลข 69 เพื่อบรรเทาทุกข์ให้กับพลร่ม คัมฟ์กรุปเป้ Lehr ได้รับการระดมกำลังใกล้เมือง Valkenswaard วัตถุประสงค์ของพวกเขาคือการยึดเมืองและชะลอกองพลที่ 30,แคมเปญก็อง+มาร์เก็ตการ์เดน (บทพูดภารกิจ),1309212
1309213,Best,เบสต์,แคมเปญก็อง+มาร์เก็ตการ์เดน (บทพูดภารกิจ),1309213
1309214,OMG5_,OMG5_,แคมเปญก็อง+มาร์เก็ตการ์เดน (บทพูดภารกิจ),1309214
1309215,"Having successfully delayed 30th Corps, Kampfgruppe Lehr is redeploying to the town of Best, near the Wilhelmina Canal. The Kampfgruppe's orders are to secure the Bridge at Best.",หลังจากชะลอกองพลที่ 30 ได้สำเร็จ คัมฟ์กรุปเป้ Lehr กำลังเคลื่อนพลไปยังเมือง Best ใกล้คลอง Wilhelmina คำสั่งของ คัมฟ์กรุปเป้ คือการรักษาสะพานให้ดีที่สุด,แคมเปญก็อง+มาร์เก็ตการ์เดน (บทพูดภารกิจ),1309215
1309216,Arnhem: The Last Bridge,Arnhem: สะพานสุดท้าย,แคมเปญก็อง+มาร์เก็ตการ์เดน (บทพูดภารกิจ),1309216
1309217,OMG6_,OMG6_,แคมเปญก็อง+มาร์เก็ตการ์เดน (บทพูดภารกิจ),1309217
1309218,"2nd Battalion of the British 1st Airborne Division controls the bridge in Arnhem. The 9th SS Panzer Division has failed to retake it. With heavy tank support, Kampfgruppe Lehr must take back the bridge.",กองพันที่ 2 กองบิน 1 ของอังกฤษควบคุมสะพานในอาร์เนม กองพลยานเกราะ SS ที่ 9 ไม่สามารถยึดคืนได้ ด้วยการสนับสนุนรถถังหนัก คัมฟ์กรุปเป้ Lehr จึงต้องยึดสะพานกลับคืนมา,แคมเปญก็อง+มาร์เก็ตการ์เดน (บทพูดภารกิจ),1309218
1309219,Return to Valkenswaard,กลับมาที่วาลเคนสวาร์ด,แคมเปญก็อง+มาร์เก็ตการ์เดน (บทพูดภารกิจ),1309219
1309220,OMG7_,OMG7_,แคมเปญก็อง+มาร์เก็ตการ์เดน (บทพูดภารกิจ),1309220
1309221,"With the last bridge under German control, intel reports that 30th Corps has set up HQ in Valkenswaard. Lehr has been ordered to infiltrate the area, assault Valkenswaard and eliminate the Command Trucks in the area.",ด้วยสะพานสุดท้ายภายใต้การควบคุมของเยอรมัน Intel รายงานว่ากองพลที่ 30 ได้ตั้งกองบัญชาการในวาลเคนสวาร์ด Lehr ได้รับคำสั่งให้แทรกซึมเข้าไปในพื้นที่ โจมตี Valkenswaard และกำจัด รถบังคับการ ในพื้นที่,แคมเปญก็อง+มาร์เก็ตการ์เดน (บทพูดภารกิจ),1309221
1309222,Oosterbeek: Der Hexenkessel,อูสเตอร์บีค: เดอร์ เฮกเซนเคสเซล,แคมเปญก็อง+มาร์เก็ตการ์เดน (บทพูดภารกิจ),1309222
1309223,OMG8_,OMG8_,แคมเปญก็อง+มาร์เก็ตการ์เดน (บทพูดภารกิจ),1309223
1309224,Allied Polish Paratrooper reinforcements have dropped across the Rhine in Driel. They are making ready to cross the river. Kampfgruppe Lehr must prevent the Commandos from linking up with the Airborne forces holed up in Oosterbeek.,กองกำลังพลร่มของพันธมิตรโปแลนด์ได้ทิ้งกำลังลงทั่วแม่น้ำไรน์เป็นจำนวนมาก พวกเขากำลังเตรียมตัวข้ามแม่น้ำ คัมฟ์กรุปเป้ Lehr ต้องป้องกันไม่ให้หน่วยคอมมานโดเชื่อมโยงกับกองกำลังทางอากาศที่ซ่อนตัวอยู่ใน Oosterbeek,แคมเปญก็อง+มาร์เก็ตการ์เดน (บทพูดภารกิจ),1309224
1309231,1st Airborne Division,กองบินที่ 1,แคมเปญก็อง+มาร์เก็ตการ์เดน (บทพูดภารกิจ),1309231
1309232,9th SS Panzer Division,กองพลยานเกราะเอสเอสที่ 9,แคมเปญก็อง+มาร์เก็ตการ์เดน (บทพูดภารกิจ),1309232
1309233,Royal Air Force,กองทัพอากาศ,แคมเปญก็อง+มาร์เก็ตการ์เดน (บทพูดภารกิจ),1309233
1309234,2nd Fallschirmjager,ฟอลส์เชียร์มเยเกอร์ครั้งที่ 2,แคมเปญก็อง+มาร์เก็ตการ์เดน (บทพูดภารกิจ),1309234
1309235,101st Airborne Division,กองบิน 101,แคมเปญก็อง+มาร์เก็ตการ์เดน (บทพูดภารกิจ),1309235
1309236,30th Corps,กองพลที่ 30,แคมเปญก็อง+มาร์เก็ตการ์เดน (บทพูดภารกิจ),1309236
1309237,2nd Battalion ,กองพันที่ 2,แคมเปญก็อง+มาร์เก็ตการ์เดน (บทพูดภารกิจ),1309237
1309240,"The 17th of September, 1944. A massive airborne assault is dropping on German-occupied territory, the Netherlands. The Allies are attempting to cross the Rhine River and invade Germany. Take charge of Kampfgruppe Lehr and lead the Panzer Elite to victory against the Allies and their ill-fated plan.",17 กันยายน พ.ศ. 2487 การโจมตีทางอากาศครั้งใหญ่กำลังเกิดขึ้นบนดินแดนที่เยอรมันยึดครอง เนเธอร์แลนด์ ฝ่ายสัมพันธมิตรกำลังพยายามข้ามแม่น้ำไรน์และบุกเยอรมนี ควบคุม คัมฟ์กรุปเป้ Lehr และนำยานเกราะชั้นยอดไปสู่ชัยชนะเหนือฝ่ายสัมพันธมิตรและแผนการที่โชคร้ายของพวกเขา,แคมเปญก็อง+มาร์เก็ตการ์เดน (บทพูดภารกิจ),1309240
1309241,"The 17th of September, 1944. Lead Kampfgruppe Lehr and the Panzer Elite to victory against the Allied airborne assault: Operation Market Garden.",17 กันยายน 1944 นำกลุ่มรบเลร์ และกองกำลังยานเกราะชั้นยอด ไปสู่ชัยชนะในการต่อต้านการโจมตีทางอากาศของฝ่ายสัมพันธมิตร: ปฏิบัติการมาร์เก็ตการ์เดน,แคมเปญก็อง+มาร์เก็ตการ์เดน (บทพูดภารกิจ),1309241
1309250,"Wolfheze, 6km west of Arnhem.",Wolfheze ห่างจาก Arnhem ไปทางตะวันตก 6 กม.,แคมเปญก็อง+มาร์เก็ตการ์เดน (บทพูดภารกิจ),1309250
1309251,"1258hrs September 17th, 1944",เวลา 12.58 น. วันที่ 17 กันยายน พ.ศ. 2487,แคมเปญก็อง+มาร์เก็ตการ์เดน (บทพูดภารกิจ),1309251
1309252,Kampfgruppe Lehr Training Depot,คลังฝึกอบรม คัมฟ์กรุปเป้ Lehr,แคมเปญก็อง+มาร์เก็ตการ์เดน (บทพูดภารกิจ),1309252
1309253,Wolfheze. ,วูล์ฟเฮซ.,แคมเปญก็อง+มาร์เก็ตการ์เดน (บทพูดภารกิจ),1309253
1309254,"1330hrs September 17th, 1944",13.30 น. วันที่ 17 กันยายน 2487,แคมเปญก็อง+มาร์เก็ตการ์เดน (บทพูดภารกิจ),1309254
1309256,"Oosterbeek, 3km west of Arnhem.",Oosterbeek ห่างจาก Arnhem ไปทางตะวันตก 3 กม.,แคมเปญก็อง+มาร์เก็ตการ์เดน (บทพูดภารกิจ),1309256
1309257,"1149hrs September 18th, 1944",เวลา 11.49 น. วันที่ 18 กันยายน พ.ศ. 2487,แคมเปญก็อง+มาร์เก็ตการ์เดน (บทพูดภารกิจ),1309257
1309259,Highway 69 near Valkenswaard. ,ทางหลวงหมายเลข 69 ใกล้วาลเคนสวาร์ด,แคมเปญก็อง+มาร์เก็ตการ์เดน (บทพูดภารกิจ),1309259
1309260,"1523hrs September 18th, 1944",1523 น. 18 กันยายน 2487,แคมเปญก็อง+มาร์เก็ตการ์เดน (บทพูดภารกิจ),1309260
1309262,Best.  ,ดีที่สุด.,แคมเปญก็อง+มาร์เก็ตการ์เดน (บทพูดภารกิจ),1309262
1309263,"1841hrs September 19th, 1944",เวลา 18.41 น. 19 กันยายน 2487,แคมเปญก็อง+มาร์เก็ตการ์เดน (บทพูดภารกิจ),1309263
1309265,Arnhem.  ,อาร์เนม.,แคมเปญก็อง+มาร์เก็ตการ์เดน (บทพูดภารกิจ),1309265
1309266,"0930hrs September 20th, 1944",09.30 น. วันที่ 20 กันยายน 2487,แคมเปญก็อง+มาร์เก็ตการ์เดน (บทพูดภารกิจ),1309266
1309268,North of Valkenswaard. ,ทางตอนเหนือของวาลเคนสวาร์ด,แคมเปญก็อง+มาร์เก็ตการ์เดน (บทพูดภารกิจ),1309268
1309269,"0530hrs. September 22nd, 1944",05.30 น. 22 กันยายน 1944,แคมเปญก็อง+มาร์เก็ตการ์เดน (บทพูดภารกิจ),1309269
1309271,Rhine River near Oosterbeek. ,แม่น้ำไรน์ใกล้กับ Oosterbeek,แคมเปญก็อง+มาร์เก็ตการ์เดน (บทพูดภารกิจ),1309271
1309272,"1330hrs, September 24th, 1944",13.30 น. วันที่ 24 กันยายน พ.ศ. 2487,แคมเปญก็อง+มาร์เก็ตการ์เดน (บทพูดภารกิจ),1309272
1309280,30th Corps was stopped only 9.4km away from Arnhem and the bridge over the Rhine to Germany.,กองพลที่ 30 ถูกหยุดอยู่ห่างจากอาร์เนมและสะพานข้ามแม่น้ำไรน์ไปยังเยอรมนีเพียง 9.4 กม.,แคมเปญก็อง+มาร์เก็ตการ์เดน (บทพูดภารกิจ),1309280
1309281,The river would remain a barrier to the Allied advance until March of 1945.,แม่น้ำยังคงเป็นอุปสรรคต่อการรุกคืบของฝ่ายสัมพันธมิตรจนถึงเดือนมีนาคม พ.ศ. 2488,แคมเปญก็อง+มาร์เก็ตการ์เดน (บทพูดภารกิจ),1309281
1309282,"Within a year the regime that controlled Germany crumbled, and the War ended in Europe.",ภายในหนึ่งปี ระบอบการปกครองที่ควบคุมเยอรมนีก็ล่มสลาย และสงครามในยุโรปก็สิ้นสุดลง,แคมเปญก็อง+มาร์เก็ตการ์เดน (บทพูดภารกิจ),1309282
1309283,"Wolfgang Berger died in 1989, in the rebuilt Berger family estate in Munich.",Wolfgang Berger เสียชีวิตในปี 1989 ในที่ดินของครอบครัว Berger ที่สร้างขึ้นใหม่ในมิวนิก,แคมเปญก็อง+มาร์เก็ตการ์เดน (บทพูดภารกิจ),1309283
1310500,"Boudica, silence that Panther, pull back and set up a defensive perimeter around the HQ; I say again...",บูดิกา จัดการแพนเธอร์นั่นซะ แล้วถอยมาตั้งแนวป้องกันรอบกองบัญชาการ ขอย้ำ...,แคมเปญก็อง+มาร์เก็ตการ์เดน (บทพูดภารกิจ),1310500
1310501,Buzz on the beach was we got those Huns licked. ,เสียงฮือฮาบนชายหาดคือพวกเราทำให้พวกฮั่นเลีย,แคมเปญก็อง+มาร์เก็ตการ์เดน (บทพูดภารกิจ),1310501
1310502,We might make it back before end of summer I hear.,ฉันได้ยินมาว่าเราอาจจะทำให้มันกลับมาก่อนสิ้นฤดูร้อน,แคมเปญก็อง+มาร์เก็ตการ์เดน (บทพูดภารกิจ),1310502
1310503,"Imagine the birds, a bottle of scotch...",ลองนึกภาพนก สกตช์ขวดหนึ่ง...,แคมเปญก็อง+มาร์เก็ตการ์เดน (บทพูดภารกิจ),1310503
1310504,Hahahaha....,ฮ่าๆๆๆ....,แคมเปญก็อง+มาร์เก็ตการ์เดน (บทพูดภารกิจ),1310504|1310508|1310513
1310505,"Right oh, Jonesy, you can return to being your glophead self in no time! ",ใช่แล้ว โจนส์ซี่ คุณสามารถกลับมาเป็นตัวของตัวเองได้ในเวลาอันรวดเร็ว!,แคมเปญก็อง+มาร์เก็ตการ์เดน (บทพูดภารกิจ),1310505
1310506,Gimme some ickies and I'll get all the birds you need. ,เอาอิกกี้มา แล้วฉันจะได้นกทั้งหมดที่คุณต้องการ,แคมเปญก็อง+มาร์เก็ตการ์เดน (บทพูดภารกิจ),1310506
1310507,"Hey Stuart, sign me that tune again would you? ",เฮ้ สจวร์ต ให้ฉันร้องเพลงนั้นอีกครั้งได้ไหม,แคมเปญก็อง+มาร์เก็ตการ์เดน (บทพูดภารกิจ),1310507
1310509,"Saw a Jerry acting wary, thought I'd go and take a look.",เห็นเจอร์รี่แสดงท่าทีระแวดระวัง เลยคิดว่าจะเข้าไปดู,แคมเปญก็อง+มาร์เก็ตการ์เดน (บทพูดภารกิจ),1310509
1310511,"He was sitting, pants down shitting, down a little shady pass.",เขากำลังนั่ง กางเกงขาดๆ ลงไปทางที่ร่มรื่นเล็กน้อย,แคมเปญก็อง+มาร์เก็ตการ์เดน (บทพูดภารกิจ),1310511
1310512,"Put a trifle up my rifle, aimed, and shot him up the arse.",หยิบปืนไรเฟิลของฉันขึ้นมา เล็งแล้วยิงเขาเข้าที่ก้น,แคมเปญก็อง+มาร์เก็ตการ์เดน (บทพูดภารกิจ),1310512
1310520,Bloody hell! Panthers! German Armor!,นรกแตก! แพนเทอร์! เกราะเยอรมัน!,แคมเปญก็อง+มาร์เก็ตการ์เดน (บทพูดภารกิจ),1310520
1310530,Defensive Positions!,ตำแหน่งป้องกัน!,แคมเปญก็อง+มาร์เก็ตการ์เดน (บทพูดภารกิจ),1310530
1310531,Get a group of Cromwell tanks in position!,จัดกลุ่มรถถังครอมเวลล์เข้าประจำตำแหน่ง!,แคมเปญก็อง+มาร์เก็ตการ์เดน (บทพูดภารกิจ),1310531
1310532,"Hit that pile of steel with all we got, mates!   ",ฟาดกองเหล็กนั่นด้วยสุดกำลังเลยเพื่อน!,แคมเปญก็อง+มาร์เก็ตการ์เดน (บทพูดภารกิจ),1310532
1310533,Flank the bastard and attack his rear armor. ,ขนาบข้างไอ้สารเลวและโจมตีเกราะด้านหลังของเขา,แคมเปญก็อง+มาร์เก็ตการ์เดน (บทพูดภารกิจ),1310533
1310540,What in fucking hell is this shite!,นี่มันบ้าอะไรเนี่ย!,แคมเปญก็อง+มาร์เก็ตการ์เดน (บทพูดภารกิจ),1310540
1310550,Get me some god damn support over here! Fucking Jerries!,ขอความช่วยเหลือจากที่นี่หน่อยสิ! ไอ้เจอร์รี่ส์!,แคมเปญก็อง+มาร์เก็ตการ์เดน (บทพูดภารกิจ),1310550
1310560,"Corporal, what the hell are you waiting for?!",สิบเอก คุณกำลังรออะไรอยู่!,แคมเปญก็อง+มาร์เก็ตการ์เดน (บทพูดภารกิจ),1310560
1310570,Hold your position! I'll get a message up the chain!,ดำรงตำแหน่งของคุณ! ฉันจะส่งข้อความขึ้นไปตามสายบังคับบัญชา!,แคมเปญก็อง+มาร์เก็ตการ์เดน (บทพูดภารกิจ),1310570
1310571,Mon ostie de saint-sacrament de câlice de crisse!,มอน ออสติ เดอ แซงต์-ซาคราเมนต์ เดอ กาลิซ เดอ กริสเซ!,แคมเปญก็อง+มาร์เก็ตการ์เดน (บทพูดภารกิจ),1310571
1310572,Panzers! Fucking hell boys!,แพนเซอร์! ไอ้เด็กนรก!,แคมเปญก็อง+มาร์เก็ตการ์เดน (บทพูดภารกิจ),1310572
1310573,Mautadite sacramouille de viarge!,Mautadite sacramouille de viarge!,แคมเปญก็อง+มาร์เก็ตการ์เดน (บทพูดภารกิจ),1310573
1310580,Panther ain't much more than smoking scrap now.,ตอนนี้แพนเธอร์ไม่เหลืออะไรนอกจากเศษเหล็กที่มีควันกรุ่น,แคมเปญก็อง+มาร์เก็ตการ์เดน (บทพูดภารกิจ),1310580
1310590,Get a message up the chain... tell the Major he can have his tea now...,ส่งข้อความขึ้นไปตามสายบังคับบัญชา... บอกพันตรีว่าเขาดื่มชาได้แล้ว...,แคมเปญก็อง+มาร์เก็ตการ์เดน (บทพูดภารกิจ),1310590
1310591,The Major wants the Cromwells off the front and redeployed back to Buron.,ผู้พันต้องการให้ครอมเวลล์เป็นแนวหน้าและเคลื่อนกำลังกลับไปหาบูรอน,แคมเปญก็อง+มาร์เก็ตการ์เดน (บทพูดภารกิจ),1310591
1310592,Intel says we can expect more Panzers any moment now.,Intel กล่าวว่าเราสามารถคาดหวัง Panzers ได้มากขึ้นเมื่อใดก็ได้,แคมเปญก็อง+มาร์เก็ตการ์เดน (บทพูดภารกิจ),1310592
1310593,"We've got our orders, now move those tanks to safety.",เราได้รับคำสั่งแล้ว นำรถถังเหล่านั้นไปยังที่ปลอดภัย,แคมเปญก็อง+มาร์เก็ตการ์เดน (บทพูดภารกิจ),1310593
1310594,"Get those bloody tin cans moving, Jerry's on his way.",เคลื่อนไอ้กระป๋องเหล็กพวกนั้นเร็ว เจอร์รี่กำลังมา!,แคมเปญก็อง+มาร์เก็ตการ์เดน (บทพูดภารกิจ),1310594
1310595,"That's right, back to Buron. Get the tanks moving.",ใช่แล้ว กลับมาที่บูรอน ให้รถถังเคลื่อนตัว,แคมเปญก็อง+มาร์เก็ตการ์เดน (บทพูดภารกิจ),1310595
1310596,"Move those tanks, Major's orders.",เคลื่อนรถถังพวกนั้นออกไป คำสั่งพันตรี,แคมเปญก็อง+มาร์เก็ตการ์เดน (บทพูดภารกิจ),1310596|1310599
1310597,"Roger, tanks in position and idling down.",โรเจอร์ รถถังอยู่ในตำแหน่งและเดินเบาลง,แคมเปญก็อง+มาร์เก็ตการ์เดน (บทพูดภารกิจ),1310597
1310598,Cromwells standing down until the Major says it's safe.,ครอมเวลล์ยืนรอจนกว่าผู้พันจะบอกว่าปลอดภัย,แคมเปญก็อง+มาร์เก็ตการ์เดน (บทพูดภารกิจ),1310598
1310720,"Captain Cutting, I need a Sit-Rep double quick!",ร้อยเอกคัตติ้ง ฉันต้องการรายงานสถานการณ์ ด่วนที่สุด!,แคมเปญก็อง+มาร์เก็ตการ์เดน (บทพูดภารกิจ),1310720
1310730,"That Panther did not belong to a reserve division, we're up against more here than old men and conscripts.",แพนเทอร์นั้นไม่ได้อยู่ในกองพลสำรอง เรากำลังเผชิญหน้ามากกว่าคนแก่และทหารเกณฑ์,แคมเปญก็อง+มาร์เก็ตการ์เดน (บทพูดภารกิจ),1310730
1310740,12th SS Panzer Division mobilized overnight around Authie.,กองพลยานเกราะ SS ที่ 12 ระดมพลข้ามคืนรอบ ออธี,แคมเปญก็อง+มาร์เก็ตการ์เดน (บทพูดภารกิจ),1310740
1310770,We can expect Infantry and Panzers to attempt to push us back to the beaches.,เราคาดหวังได้ว่าทหารราบและยานเกราะจะพยายามผลักเรากลับไปที่ชายหาด,แคมเปญก็อง+มาร์เก็ตการ์เดน (บทพูดภารกิจ),1310770
1310780,3rd Battalion's orders are to repeal the counterattack... ,กองพันที่ 3 มีคำสั่งให้ยกเลิกการตอบโต้...,แคมเปญก็อง+มาร์เก็ตการ์เดน (บทพูดภารกิจ),1310780
1310790,We need a strong frontline throughout this area... ,เราต้องการแนวหน้าที่แข็งแกร่งทั่วทั้งพื้นที่นี้...,แคมเปญก็อง+มาร์เก็ตการ์เดน (บทพูดภารกิจ),1310790
1310791,"Until we've defeated the Panzer's attack, our Armor will remain in Buron.",จนกว่าเราจะเอาชนะการโจมตีของ Panzer ได้ ยานเกราะของเราจะยังคงอยู่ใน Buron,แคมเปญก็อง+มาร์เก็ตการ์เดน (บทพูดภารกิจ),1310791
1310800,"I want Baker Company's Infantry Command Post to set-up, here.",ฉันต้องการให้กองบัญชาการทหารราบของกองร้อย Bakerมาจัดตั้งที่นี่,แคมเปญก็อง+มาร์เก็ตการ์เดน (บทพูดภารกิจ),1310800
1310801,"The Battalion's Field Support Command Post is located, here. ",ที่ตั้งกองบัญชาการสนับสนุนภาคสนามของกองพันตั้งอยู่ที่นี่,แคมเปญก็อง+มาร์เก็ตการ์เดน (บทพูดภารกิจ),1310801
1310810,I want Sappers to deploy 25 Pounders at these locations to smash the Panzer counterattack.,ฉันต้องการให้แซปเปอร์จัดวางกำลัง 25 ปอนด์ในสถานที่เหล่านี้ เพื่อโจมตีการตอบโต้ของยานเกราะ,แคมเปญก็อง+มาร์เก็ตการ์เดน (บทพูดภารกิจ),1310810
1310811,Once in position have Infantry Sections build Slit-Trenches and defenses at these locations. ,เมื่ออยู่ในตำแหน่งแล้ว ให้กองทหารราบสร้างสนามเพลาะและแนวป้องกันที่ตำแหน่งเหล่านี้,แคมเปญก็อง+มาร์เก็ตการ์เดน (บทพูดภารกิจ),1310811
1310820,Keep to it and we'll see Jerry doesn't push US back across the channel!,สู้ต่อไป แล้วเราจะเห็นว่าเจอร์รี่ไม่ผลักสหรัฐฯ กลับข้ามช่อง!,แคมเปญก็อง+มาร์เก็ตการ์เดน (บทพูดภารกิจ),1310820
1310830,Deploy the Command Post and set up HQ.,ส่งกำลังรบ ศูนย์บัญชาการ และตั้งค่า HQ,แคมเปญก็อง+มาร์เก็ตการ์เดน (บทพูดภารกิจ),1310830
1310840,Move the Command Post into position and prepare a defensive line.,เคลื่อนฐานบัญชาการไปยังตำแหน่งและเตรียมแนวป้องกัน,แคมเปญก็อง+มาร์เก็ตการ์เดน (บทพูดภารกิจ),1310840
1310850,I say again... move the Command Post and establish a defensive front.,ฉันพูดอีกครั้ง... ย้าย ศูนย์บัญชาการ และสร้างแนวป้องกัน,แคมเปญก็อง+มาร์เก็ตการ์เดน (บทพูดภารกิจ),1310850
1310851,"Once Infantry CP is set up, deploy reinforcements.",เมื่อจัดตั้ง CP ทหารราบแล้ว ให้จัดกำลังเสริม,แคมเปญก็อง+มาร์เก็ตการ์เดน (บทพูดภารกิจ),1310851
1310860,You've got your orders.,คุณได้รับคำสั่งปฏิบัติการแล้ว,แคมเปญก็อง+มาร์เก็ตการ์เดน (บทพูดภารกิจ),1310860
1310870,"Jerry's coming at us hard, get that Command Truck set up.",เจอร์รี่เข้ามาหาเราอย่างแรง ช่วยจัดรถคอมมานด์ทรัคให้พร้อม,แคมเปญก็อง+มาร์เก็ตการ์เดน (บทพูดภารกิจ),1310870
1310880,Move! Move! Move! ,เคลื่อนไหว! เคลื่อนไหว! เคลื่อนไหว!,แคมเปญก็อง+มาร์เก็ตการ์เดน (บทพูดภารกิจ),1310880
1310890,"You heard the Major, get that Command Truck into position, and set up HQ!",คุณได้ยินเสียงผู้พัน นำ รถบังคับการ เข้าที่ และตั้งศูนย์บัญชาการ!,แคมเปญก็อง+มาร์เก็ตการ์เดน (บทพูดภารกิจ),1310890
1310900,"Right, getting to it. ",เอาล่ะ ไปถึงแล้ว,แคมเปญก็อง+มาร์เก็ตการ์เดน (บทพูดภารกิจ),1310900
1310910,"Wanker' Jerry bastards can't take out Boudica boys, eh lads!",ไอ้เวร Wanker' Jerry ไม่สามารถเอาหนุ่ม บูดิกา ออกไปได้เอ๊ะหนุ่ม!,แคมเปญก็อง+มาร์เก็ตการ์เดน (บทพูดภารกิจ),1310910
1310920,Command Post is in route to deploy reinforcements.,กองบัญชาการกำลังอยู่ระหว่างการจัดกำลังเสริม,แคมเปญก็อง+มาร์เก็ตการ์เดน (บทพูดภารกิจ),1310920
1310921,"You heard the major, Sappers on me.",คุณได้ยินเรื่องสำคัญแล้ว แซปเปอร์มาหาฉัน,แคมเปญก็อง+มาร์เก็ตการ์เดน (บทพูดภารกิจ),1310921
1310922,"Corporal Degnan, have the Command Truck deploy Sappers.",สิบโทเดกแนน ให้หน่วยคอมมานด์ทรัคเคลื่อนพลแซปเปอร์,แคมเปญก็อง+มาร์เก็ตการ์เดน (บทพูดภารกิจ),1310922
1310923,Get to it. Deploy Sappers from the CP.,ลงมือได้เลย ส่งทหารช่างสนามจากศูนย์บัญชาการ,แคมเปญก็อง+มาร์เก็ตการ์เดน (บทพูดภารกิจ),1310923
1310930,"Infantry HQ in position, Sappers standing by!",กองบัญชาการทหารราบอยู่ในตำแหน่ง แซปเปอร์ ยืนเคียงข้าง!,แคมเปญก็อง+มาร์เก็ตการ์เดน (บทพูดภารกิจ),1310930
1310940,"Sappers, Major Blackmore wants an artillery emplacement here.",แซปเปอร์ส ผู้พันแบล็คมอร์ ต้องการวางปืนใหญ่ที่นี่,แคมเปญก็อง+มาร์เก็ตการ์เดน (บทพูดภารกิจ),1310940
1310950,Corporal DEGNAN get those Sappers moving!,สิบโทเดกแนน สั่งให้แซปเปอร์เคลื่อนพล!,แคมเปญก็อง+มาร์เก็ตการ์เดน (บทพูดภารกิจ),1310950
1310951,"You heard him lads, we've got a job to do!",ได้ยินไหมหนุ่มๆ เรามีงานต้องทำ!,แคมเปญก็อง+มาร์เก็ตการ์เดน (บทพูดภารกิจ),1310951
1310952,We need the Infantry to build slit trenches.,เราต้องการให้ทหารราบสร้างสนามเพลาะ,แคมเปญก็อง+มาร์เก็ตการ์เดน (บทพูดภารกิจ),1310952
1310953,"Contact, snipers. Infantry Advance to Contact.",ติดต่อสไนเปอร์ ทหารราบล่วงหน้าเพื่อติดต่อ,แคมเปญก็อง+มาร์เก็ตการ์เดน (บทพูดภารกิจ),1310953
1310954,Off your arse and outfit your sections with Rifle Grenades.,ออกจากก้นและแต่งตัวส่วนของคุณด้วย Rifle Grenades,แคมเปญก็อง+มาร์เก็ตการ์เดน (บทพูดภารกิจ),1310954
1310955,"Get a Bren Gunner for that Section double quick, gents.",จัดพลปืนเบรน ประจำหมวดนั้นโดยด่วน สุภาพบุรุษทั้งหลาย,แคมเปญก็อง+มาร์เก็ตการ์เดน (บทพูดภารกิจ),1310955
1310960,"Hang fire, Boudica's Boy's 'ill be raining brimstone on Jerry's dome in a flash.",สู้ ๆ นะ บูดิกา Boy's 'จะฝนกำมะถันบนโดมของ Jerry's ในพริบตา,แคมเปญก็อง+มาร์เก็ตการ์เดน (บทพูดภารกิจ),1310960
1310970,We got the girth on this battlefield!,เราได้เส้นรอบวงในสนามรบนี้แล้ว!,แคมเปญก็อง+มาร์เก็ตการ์เดน (บทพูดภารกิจ),1310970
1310980,Poor bastards will go tits-up straight to hell on us. ,ไอ้สารเลวจะหัวนมขึ้นตรงลงนรกใส่เรา,แคมเปญก็อง+มาร์เก็ตการ์เดน (บทพูดภารกิจ),1310980
1310990,Contact! They're fuckin' SS!,ติดต่อ! พวกมันมันไอ้ SS!,แคมเปญก็อง+มาร์เก็ตการ์เดน (บทพูดภารกิจ),1310990
1311000,We need support! Where's that artillery!,เราต้องการการสนับสนุน! ปืนใหญ่นั่นอยู่ที่ไหน!,แคมเปญก็อง+มาร์เก็ตการ์เดน (บทพูดภารกิจ),1311000
1311010,B-Coy is requesting artillery support.,บีคอยขอการสนับสนุนปืนใหญ่,แคมเปญก็อง+มาร์เก็ตการ์เดน (บทพูดภารกิจ),1311010
1311020,"Targets to the front, watch and fire.",เล็งไปที่ด้านหน้า เฝ้าดูและยิง,แคมเปญก็อง+มาร์เก็ตการ์เดน (บทพูดภารกิจ),1311020
1311030,Get those 25 Pounders firing!,รับ 25 ปอนด์เหล่านั้นยิง!,แคมเปญก็อง+มาร์เก็ตการ์เดน (บทพูดภารกิจ),1311030
1311040,Target my smoke and fire the Howitzers.,กำหนดเป้าหมายควันของฉันและยิงปืนใหญ่วิถีโค้ง,แคมเปญก็อง+มาร์เก็ตการ์เดน (บทพูดภารกิจ),1311040
1311045,"Fire Mission over, requesting new targets!",ภารกิจยิงจบลงแล้ว ขอเป้าหมายใหม่!,แคมเปญก็อง+มาร์เก็ตการ์เดน (บทพูดภารกิจ),1311045
1311046,"Last Round out, need new targets.",รอบที่แล้วต้องหาเป้าหมายใหม่,แคมเปญก็อง+มาร์เก็ตการ์เดน (บทพูดภารกิจ),1311046
1311047,Howitzer awaiting orders.,ปืนใหญ่วิถีโค้งกำลังรอคำสั่ง,แคมเปญก็อง+มาร์เก็ตการ์เดน (บทพูดภารกิจ),1311047
1311050,"Keep your helmets on lads, those Howitzers pack a punch!",สวมหมวกกันนคไว้นะเด็กๆ ปืนใหญ่วิถีโค้งพวกนั้นอัดหมัดแน่!,แคมเปญก็อง+มาร์เก็ตการ์เดน (บทพูดภารกิจ),1311050
1311060,Ya! Send 'em bastards some of our glory.,เย้! ส่งศักดิ์ศรีของเราไปให้ไอ้สารเลวนั่นหน่อยสิ,แคมเปญก็อง+มาร์เก็ตการ์เดน (บทพูดภารกิจ),1311060
1311070,I love the smell of cordite in the morning!,ฉันชอบกลิ่น Cordite ในตอนเช้า!,แคมเปญก็อง+มาร์เก็ตการ์เดน (บทพูดภารกิจ),1311070
1311075,Second Howitzer reporting.,รายงานปืนใหญ่วิถีโค้งครั้งที่สอง,แคมเปญก็อง+มาร์เก็ตการ์เดน (บทพูดภารกิจ),1311075
1311076,Get that Second Gun firing now!,รับการยิงปืนที่สองทันที!,แคมเปญก็อง+มาร์เก็ตการ์เดน (บทพูดภารกิจ),1311076
1311077,Howitzer number two ready for action.,ปืนใหญ่วิถีโค้งหมายเลขสองพร้อมปฏิบัติการ,แคมเปญก็อง+มาร์เก็ตการ์เดน (บทพูดภารกิจ),1311077
1311080,Aye! I think Jerry soiled his shreddies!,อ๋อ! ฉันคิดว่าเจอร์รี่ทำให้ชิ้นเล็กชิ้นน้อยของเขาเปื้อน!,แคมเปญก็อง+มาร์เก็ตการ์เดน (บทพูดภารกิจ),1311080
1311090,Panzers brown hatters have quite a bite!,แฮตเตอร์สีน้ำตาลของ Panzers น่ากัดจังเลย!,แคมเปญก็อง+มาร์เก็ตการ์เดน (บทพูดภารกิจ),1311090
1311100,It's Boudica's Boy's twos-up you Hun fuckers!,มันเป็นคู่ของ บูดิกา Boy นะไอ้พวกฮุน!,แคมเปญก็อง+มาร์เก็ตการ์เดน (บทพูดภารกิจ),1311100
1311110,Fuck we're all vittled up here Captain!,ให้ตายเถอะ พวกเราทุกคนอยู่ที่นี่แล้ว กัปตัน!,แคมเปญก็อง+มาร์เก็ตการ์เดน (บทพูดภารกิจ),1311110
1311120,Shite! They got poor Darwin! ,เหี้ย! พวกเขามีดาร์วินที่น่าสงสาร!,แคมเปญก็อง+มาร์เก็ตการ์เดน (บทพูดภารกิจ),1311120
1311130,"Aye, but at least he didn't cry like Degnan.",ใช่ แต่อย่างน้อยเขาก็ไม่ได้ร้องไห้เหมือนเดกแนน,แคมเปญก็อง+มาร์เก็ตการ์เดน (บทพูดภารกิจ),1311130
1311140,"Keep your wits about you, boys!",รักษาสติปัญญาของคุณไว้นะหนุ่ม ๆ !,แคมเปญก็อง+มาร์เก็ตการ์เดน (บทพูดภารกิจ),1311140
1311145,Don't give Jerry so much as a gizzit!,อย่าให้เจอร์รี่มากเป็น gizzit!,แคมเปญก็อง+มาร์เก็ตการ์เดน (บทพูดภารกิจ),1311145
1311150,"Show 'em what we're made of! Dig out blind, boys!",แสดงให้พวกเขาเห็นว่าเราทำมาจากอะไร! ขุดคนตาบอดออกไปนะเด็กๆ!,แคมเปญก็อง+มาร์เก็ตการ์เดน (บทพูดภารกิจ),1311150
1311160,"Contact, incoming enemy platoon! Keep those Howitzers firing!",ติดต่อหมวดศัตรูที่กำลังเข้ามา! ยิงปืนใหญ่วิถีโค้งพวกนั้นต่อไป!,แคมเปญก็อง+มาร์เก็ตการ์เดน (บทพูดภารกิจ),1311160
1311170,"I want rounds down range, now!",ฉันต้องการกระสุนพร้อมยิง!ลงตอนนี้!,แคมเปญก็อง+มาร์เก็ตการ์เดน (บทพูดภารกิจ),1311170
1311180,Blast them out of their holes.,ระเบิดพวกเขาออกจากหลุมของพวกเขา,แคมเปญก็อง+มาร์เก็ตการ์เดน (บทพูดภารกิจ),1311180
1311190,3rd Battalion hold that line firm!,กองพันที่ 3 ยึดแนวรับไว้แน่น!,แคมเปญก็อง+มาร์เก็ตการ์เดน (บทพูดภารกิจ),1311190
1311200,"Fire mission, on my smoke!",ภารกิจยิงสนับสนุน บนควันของฉัน!,แคมเปญก็อง+มาร์เก็ตการ์เดน (บทพูดภารกิจ),1311200
1311210,"Keep pouring it on those bastards, gents!",เทมันใส่ไอ้สารเลวพวกนั้นต่อไปนะสุภาพบุรุษ!,แคมเปญก็อง+มาร์เก็ตการ์เดน (บทพูดภารกิจ),1311210
1311220,"We can expect the 12th SS to throw all it has against us, no break for us, gents.",เราคาดหวังได้ว่า SS ที่ 12 จะขว้างทุกอย่างที่มีมาโจมตีเรา สุภาพบุรุษทั้งหลายไม่ทำลายเรา,แคมเปญก็อง+มาร์เก็ตการ์เดน (บทพูดภารกิจ),1311220
1311230,"Corporal Degnan, I want an anti-tank emplacement here.",สิบโทเดกแนน ฉันต้องการตำแหน่งต่อต้านรถถังที่นี่,แคมเปญก็อง+มาร์เก็ตการ์เดน (บทพูดภารกิจ),1311230
1311235,Make sure the gun is sighted down the road.,ตรวจให้แน่ใจว่าปืนเล็งไปตามแนวถนน,แคมเปญก็อง+มาร์เก็ตการ์เดน (บทพูดภารกิจ),1311235
1311236,That's where we can expect Jerry to attack from.,นั่นคือสิ่งที่เราสามารถคาดหวังให้เจอร์รี่โจมตีได้,แคมเปญก็อง+มาร์เก็ตการ์เดน (บทพูดภารกิจ),1311236
1311240,We'll be giving those Hun panzers a warm 3rd Battalion welcome!,เราจะให้การต้อนรับกองพันที่ 3 อย่างอบอุ่นแก่กลุ่ม Hun panzer เหล่านั้น!,แคมเปญก็อง+มาร์เก็ตการ์เดน (บทพูดภารกิจ),1311240
1311260,Contact! Enemy vehicles! Go on!,ติดต่อ! ยานพาหนะของศัตรู! ไปต่อ!,แคมเปญก็อง+มาร์เก็ตการ์เดน (บทพูดภารกิจ),1311260
1311270,Load Armor Piercing rounds!,โหลดกระสุนเจาะเกราะ!,แคมเปญก็อง+มาร์เก็ตการ์เดน (บทพูดภารกิจ),1311270
1311280,Fire the 25 Pounders! We need Arty support!,ยิง 25 ปอนด์! เราต้องการการสนับสนุนจากอาร์ตี้!,แคมเปญก็อง+มาร์เก็ตการ์เดน (บทพูดภารกิจ),1311280
1311290,"Corporal Degnan, I want to see those AT guns firing.",สิบโทเดกแนน ฉันอยากเห็นปืนเอทียิงออกมา,แคมเปญก็อง+มาร์เก็ตการ์เดน (บทพูดภารกิจ),1311290
1311300,AT guns... Fire Armor Piercing shells...,ปืนต่อสู้รถถัง... ยิงกระสุนเจาะเกราะ...,แคมเปญก็อง+มาร์เก็ตการ์เดน (บทพูดภารกิจ),1311300
1311310,"Dismounted infantry, hit them with Arty!",ลงจากทหารราบแล้ว โจมตีพวกเขาด้วย Arty!,แคมเปญก็อง+มาร์เก็ตการ์เดน (บทพูดภารกิจ),1311310
1311320,Fuckin' hell! They've got armored vehicles!,โคตรนรก! พวกเขามีรถหุ้มเกราะ!,แคมเปญก็อง+มาร์เก็ตการ์เดน (บทพูดภารกิจ),1311320
1311330,"I got a gannet for flaming Jerry, there's something about their sparkle!",ฉันมีแกนเน็ตสำหรับจุดไฟเจอร์รี่ มีบางอย่างเกี่ยวกับประกายไฟของพวกมัน!,แคมเปญก็อง+มาร์เก็ตการ์เดน (บทพูดภารกิจ),1311330
1311340,That's for London you Prussian bastards!,นั่นสำหรับลอนดอน ไอ้พวกปรัสเซียน!,แคมเปญก็อง+มาร์เก็ตการ์เดน (บทพูดภารกิจ),1311340
1311350,Light 'em up gents! Tear 'em a new arse!,สุภาพบุรุษทั้งหลาย จุดไฟสิ! ฉีกตูดใหม่ให้พวกเขา!,แคมเปญก็อง+มาร์เก็ตการ์เดน (บทพูดภารกิจ),1311350
1311360,"Ceasefire, ceasefire!",หยุดยิง หยุดยิง!,แคมเปญก็อง+มาร์เก็ตการ์เดน (บทพูดภารกิจ),1311360
1311370,The German counterattack has been neutralized.,การตีโต้ของเยอรมันถูกหยุดยั้งแล้ว,แคมเปญก็อง+มาร์เก็ตการ์เดน (บทพูดภารกิจ),1311370
1311380,Looks like I'll owe Captain Cutting a pint or two. ,ดูเหมือนฉันจะต้องเลี้ยงเบียร์ร้อยเอกคัตติ้งสักไพนต์สองไพนต์แล้วสิ,แคมเปญก็อง+มาร์เก็ตการ์เดน (บทพูดภารกิจ),1311380
1311390,"Corporal Degnan, get a message up the chain to Captain Cutting, tell him we're in the clear. ",สิบโทเดกแนน ส่งข้อความตามสายบังคับบัญชาไปถึงร้อยเอกคัตติ้ง บอกเขาว่าพื้นที่ปลอดภัยแล้ว,แคมเปญก็อง+มาร์เก็ตการ์เดน (บทพูดภารกิจ),1311390
1311400,"Lieutenant Bailey reports left flank is secure, Major.",ผู้หมวดเบลีย์รายงานว่าปีกซ้ายปลอดภัยแล้ว ผู้พัน,แคมเปญก็อง+มาร์เก็ตการ์เดน (บทพูดภารกิจ),1311400
1311410,Recce indicates the lead elements of the 12th SS are falling back towards Authie...,Recce บ่งชี้ว่าองค์ประกอบนำของ SS ที่ 12 กำลังถอยทัพไปหา ออธี...,แคมเปญก็อง+มาร์เก็ตการ์เดน (บทพูดภารกิจ),1311410
1311420,"...and have left a garrison, here, at the Abbey.",...และได้ทิ้งกองทหารไว้ที่นี่ ที่แอบบีย์,แคมเปญก็อง+มาร์เก็ตการ์เดน (บทพูดภารกิจ),1311420
1311430,With the left flank secure we can now focus on the Abbey.,เมื่อปีกซ้ายปลอดภัยแล้ว ตอนนี้เราสามารถมุ่งความสนใจไปที่แอบบีย์ได้แล้ว,แคมเปญก็อง+มาร์เก็ตการ์เดน (บทพูดภารกิจ),1311430
1311440,Deploy 3rd Battalion to the right flank and begin offensive operations.,จัดกำลังกองพันที่ 3 ไปทางด้านขวาและเริ่มปฏิบัติการรุก,แคมเปญก็อง+มาร์เก็ตการ์เดน (บทพูดภารกิจ),1311440
1311441,"Have the Howitzers barrage the area, then order the troops to seize the Abbey. ",ให้พวกปืนใหญ่วิถีโค้งโจมตีพื้นที่ จากนั้นสั่งกองทหารให้ยึดแอบบีย์,แคมเปญก็อง+มาร์เก็ตการ์เดน (บทพูดภารกิจ),1311441
1311450,"Once under the control of 3rd Battalion, Authie will be the next objective.",เมื่ออยู่ภายใต้การควบคุมของกองพันที่ 3 แล้ว ออธี จะเป็นเป้าหมายต่อไป,แคมเปญก็อง+มาร์เก็ตการ์เดน (บทพูดภารกิจ),1311450
1311460,"Chubb, target all indicated enemy positions!",ชับบ์ กำหนดเป้าหมายไปยังตำแหน่งศัตรูที่ระบุทั้งหมด!,แคมเปญก็อง+มาร์เก็ตการ์เดน (บทพูดภารกิจ),1311460
1311470,C-Coy will be moving to secure the Abbey.,ซี-คอยจะย้ายไปรักษาแอบบีย์,แคมเปญก็อง+มาร์เก็ตการ์เดน (บทพูดภารกิจ),1311470
1311480,Use the Howitzers to cover their advance.,ใช้ปืนใหญ่วิถีโค้ง ยิงคุ้มกันการรุกคืบของพวกเขา,แคมเปญก็อง+มาร์เก็ตการ์เดน (บทพูดภารกิจ),1311480
1311490,Kill those dank bastards!,ฆ่าไอ้สารเลวพวกนั้นซะ!,แคมเปญก็อง+มาร์เก็ตการ์เดน (บทพูดภารกิจ),1311490
1311500,There's going to be a lot of dirty knickers after that go!,หลังจากนั้นกางเกงในสกปรกก็จะเยอะมาก!,แคมเปญก็อง+มาร์เก็ตการ์เดน (บทพูดภารกิจ),1311500
1311510,"Keep it coming, boys!",ให้มันมาเด็ก ๆ !,แคมเปญก็อง+มาร์เก็ตการ์เดน (บทพูดภารกิจ),1311510
1311520,"Positions marked! Take them out, lads!",ระบุตำแหน่งแล้ว! พาพวกเขาออกไปนะหนุ่มๆ!,แคมเปญก็อง+มาร์เก็ตการ์เดน (บทพูดภารกิจ),1311520
1311530,C-Coy needs support. Target my smoke.,ซีคอยต้องการการสนับสนุน กำหนดเป้าหมายควันของฉัน,แคมเปญก็อง+มาร์เก็ตการ์เดน (บทพูดภารกิจ),1311530
1311540,Barrage on my marker!,โจมตีเครื่องหมายของฉัน!,แคมเปญก็อง+มาร์เก็ตการ์เดน (บทพูดภารกิจ),1311540
1311550,"The Abbey's clear, mate!",The แอบบีย์ ชัดเจนแล้วเพื่อน!,แคมเปญก็อง+มาร์เก็ตการ์เดน (บทพูดภารกิจ),1311550
1311560,C-Coy moving in!,กองร้อยซี เคลื่อนเข้า!,แคมเปญก็อง+มาร์เก็ตการ์เดน (บทพูดภารกิจ),1311560
1311570,"Right oh, another one for Boudica's Boys, eh lads!",ใช่แล้ว อีกอันสำหรับ บูดิกา Boys นะเพื่อน ๆ!,แคมเปญก็อง+มาร์เก็ตการ์เดน (บทพูดภารกิจ),1311570
1311580,"Get off your grotty arses, gents!",ออกไปจากก้นสกปรกของคุณสุภาพบุรุษ!,แคมเปญก็อง+มาร์เก็ตการ์เดน (บทพูดภารกิจ),1311580
1311590,"That's right boys, off your arses here we go!",ถูกต้องแล้วหนุ่มๆ ลุยเลย!,แคมเปญก็อง+มาร์เก็ตการ์เดน (บทพูดภารกิจ),1311590
1311600,Watch out! Jerry left us a present.,ระวัง! เจอร์รี่ฝากของขวัญไว้ให้เรา,แคมเปญก็อง+มาร์เก็ตการ์เดน (บทพูดภารกิจ),1311600
1311610,You call that a present? Back home we call it a flaming farmhouse.,คุณเรียกสิ่งนั้นว่าของขวัญเหรอ? กลับบ้านเราเรียกว่าบ้านไร่เพลิง,แคมเปญก็อง+มาร์เก็ตการ์เดน (บทพูดภารกิจ),1311610
1311620,Mind that Abby! Jerry's probably pissing around in there.,ระวังแอบบีย์นั่น! เจอร์รี่คงซ่อนอยู่แถวนั้น,แคมเปญก็อง+มาร์เก็ตการ์เดน (บทพูดภารกิจ),1311620
1311630,C Coy already has their orders.,ซีคอยได้รับคำสั่งแล้ว,แคมเปญก็อง+มาร์เก็ตการ์เดน (บทพูดภารกิจ),1311630
1311640,"Pay attention to your own sections, Corporal.",ให้ความสนใจกับส่วนของคุณเองสิบโท,แคมเปญก็อง+มาร์เก็ตการ์เดน (บทพูดภารกิจ),1311640
1311660,Charlie Company's troops reporting to 3rd Battalion. ,กองทหารของกองร้อย Charlieรายงานตัวต่อกองพันที่ 3,แคมเปญก็อง+มาร์เก็ตการ์เดน (บทพูดภารกิจ),1311660
1311670,Does the Major have any orders for us?,พันตรีมีคำสั่งอะไรให้เราบ้างไหม?,แคมเปญก็อง+มาร์เก็ตการ์เดน (บทพูดภารกิจ),1311670
1311690,Charlie Company has secured the Abbey and surrounding structures.,กองร้อย Charlieได้รักษาความปลอดภัยให้กับแอบบีย์และโครงสร้างโดยรอบแล้ว,แคมเปญก็อง+มาร์เก็ตการ์เดน (บทพูดภารกิจ),1311690
1311700,Waiting out for orders.,รอรับคำสั่งอยู่ครับ.,แคมเปญก็อง+มาร์เก็ตการ์เดน (บทพูดภารกิจ),1311700
1311701,Abbey is secure.,แอบบีย์ปลอดภัยแล้ว,แคมเปญก็อง+มาร์เก็ตการ์เดน (บทพูดภารกิจ),1311701
1311710,"Major, Charlie Company reports the Abbey is in friendly hands. ",ผู้พัน กองร้อย Charlieรายงานว่าแอบบีย์อยู่ในมือที่เป็นมิตร,แคมเปญก็อง+มาร์เก็ตการ์เดน (บทพูดภารกิจ),1311710
1311720,"3rd Battalion is now in position to secure the town of Authie, here.",กองพันที่ 3 อยู่ในตำแหน่งที่จะรักษาความปลอดภัยเมือง ออธี ได้แล้วที่นี่,แคมเปญก็อง+มาร์เก็ตการ์เดน (บทพูดภารกิจ),1311720
1311730,"We can expect strong resistance, here...",เราคาดว่าจะมีแนวต้านที่แข็งแกร่งที่นี่...,แคมเปญก็อง+มาร์เก็ตการ์เดน (บทพูดภารกิจ),1311730
1311740,... and here.,... และที่นี่,แคมเปญก็อง+มาร์เก็ตการ์เดน (บทพูดภารกิจ),1311740
1311750,Jerry seems to have taken up residence in these sectors.,ดูเหมือนพวกเยอรมันจะตั้งหลักปักฐานอยู่ในเซกเตอร์เหล่านี้,แคมเปญก็อง+มาร์เก็ตการ์เดน (บทพูดภารกิจ),1311750
1311760,The RAF will be conducting reconnaissance flights to ID enemy strong points.,กองทัพอากาศจะทำการบินลาดตระเวนไปยังจุดแข็ง ID ของศัตรู,แคมเปญก็อง+มาร์เก็ตการ์เดน (บทพูดภารกิจ),1311760
1311770,"Excellent, once we've identified their locations have the Howitzers order a ""Creeping Barrage"" to clear any potential threats.","ยอดเยี่ยม เมื่อเราระบุตำแหน่งของพวกมันได้แล้ว ให้สั่งปืนใหญ่วิถีโค้ง ยิง ""การระดมยิงม่านกระสุนคืบคลาน"" เพื่อกวาดล้างภัยคุกคามทั้งหมด",แคมเปญก็อง+มาร์เก็ตการ์เดน (บทพูดภารกิจ),1311770
1311780,"Once the road is secured, have the Cromwell Tanks move up and take Authie.",เมื่อถนนปลอดภัยแล้ว ให้รถถัง Cromwell เคลื่อนตัวขึ้นและยึด ออธี,แคมเปญก็อง+มาร์เก็ตการ์เดน (บทพูดภารกิจ),1311780
1311790,"Mobilize 3rd Battalion and capture this point, here.",ระดมพลกองพันที่ 3 และยึดจุดนี้ไว้ที่นี่,แคมเปญก็อง+มาร์เก็ตการ์เดน (บทพูดภารกิจ),1311790
1311810,We got some beuts hey gents!,เรามีเรื่องน่าสงสัยอยู่บ้าง เฮ้สุภาพบุรุษ!,แคมเปญก็อง+มาร์เก็ตการ์เดน (บทพูดภารกิจ),1311810
1311820,Give them hell you shining steel bastards!,ให้ตายเถอะไอ้สารเลวเหล็กส่องแสง!,แคมเปญก็อง+มาร์เก็ตการ์เดน (บทพูดภารกิจ),1311820
1311830,King's Armor coming up the road lads!,King's Armor มาแล้วนะหนุ่มๆ!,แคมเปญก็อง+มาร์เก็ตการ์เดน (บทพูดภารกิจ),1311830
1311840,Taking effective fire!,ยิงได้อย่างมีประสิทธิภาพ!,แคมเปญก็อง+มาร์เก็ตการ์เดน (บทพูดภารกิจ),1311840
1311850,Damn Hun AT Guns! We need support!,ประณามฮุน AT Guns! เราต้องการการสนับสนุน!,แคมเปญก็อง+มาร์เก็ตการ์เดน (บทพูดภารกิจ),1311850
1311860,Where's the artillery?!,ปืนใหญ่อยู่ไหน!,แคมเปญก็อง+มาร์เก็ตการ์เดน (บทพูดภารกิจ),1311860
1311870,Target all indicated enemy positions with creeping barrage!,เล็งเป้าหมายตำแหน่งศัตรูทั้งหมดที่ระบุไว้ด้วยการระดมยิงม่านกระสุนคืบคลาน!,แคมเปญก็อง+มาร์เก็ตการ์เดน (บทพูดภารกิจ),1311870
1311880,Creeping Barrage. Now. Call it in!,ระดมยิงม่านกระสุนคืบคลาน เดี๋ยวนี้ สั่งยิงเข้ามาเลย!,แคมเปญก็อง+มาร์เก็ตการ์เดน (บทพูดภารกิจ),1311880
1311890,Creeping Barrage on my markers!,ระดมยิงม่านกระสุนคืบคลานตามพิกัดของฉัน!,แคมเปญก็อง+มาร์เก็ตการ์เดน (บทพูดภารกิจ),1311890
1311900,Hun Pak 38s eliminated. About fucking time!,ทำลายปืนต่อสู้รถถัง Pak 38 ของพวกเยอรมันเรียบร้อยแล้ว ในที่สุดก็ถึงเวลาเสียที!,แคมเปญก็อง+มาร์เก็ตการ์เดน (บทพูดภารกิจ),1311900
1311910,"The road to Authie is now open and ready for us, boys!",ถนนสู่ ออธี เปิดแล้วและพร้อมสำหรับพวกเราแล้วหนุ่มๆ!,แคมเปญก็อง+มาร์เก็ตการ์เดน (บทพูดภารกิจ),1311910
1311920,God bless the blooming Creeping Barrage! Poor Jerry!,พระเจ้าคุ้มครองม่านกระสุนคืบคลานอันยอดเยี่ยมนี่จริงๆ! น่าสงสารพวกเยอรมันชะมัด!,แคมเปญก็อง+มาร์เก็ตการ์เดน (บทพูดภารกิจ),1311920
1311930,"Good job, the road to Authie is clear!",เก่งมาก เส้นทางสู่ออธีชัดเจน!,แคมเปญก็อง+มาร์เก็ตการ์เดน (บทพูดภารกิจ),1311930
1311940,The Cromwells and Infantry Sections are now under 3rd Battalion command.,ขณะนี้แผนกครอมเวลล์และทหารราบอยู่ภายใต้การบังคับบัญชาของกองพันที่ 3,แคมเปญก็อง+มาร์เก็ตการ์เดน (บทพูดภารกิจ),1311940
1311950,"Organize the men, move into Authie and Capture the Town Square.",รวบรวมคน เคลื่อนเข้าสู่ออธี และยึดจัตุรัสกลางเมือง,แคมเปญก็อง+มาร์เก็ตการ์เดน (บทพูดภารกิจ),1311950
1311960,"Keep your eyes peeled, gents! Jerry might yet have another Ambush up 'is sleeve. ",จับตาดูให้ดีสุภาพบุรุษ! เจอร์รี่ยังอาจจะซุ่มโจมตีอีกแขนหนึ่ง,แคมเปญก็อง+มาร์เก็ตการ์เดน (บทพูดภารกิจ),1311960
1311970,Form up and flank those enemy positions!,สร้างและขนาบข้างตำแหน่งของศัตรูเหล่านั้น!,แคมเปญก็อง+มาร์เก็ตการ์เดน (บทพูดภารกิจ),1311970
1311980,If our boy's are going to make it through we need to give 'em some support. ,หากลูกของเราจะผ่านพ้นไปได้ เราต้องให้กำลังใจพวกเขาบ้าง,แคมเปญก็อง+มาร์เก็ตการ์เดน (บทพูดภารกิจ),1311980
1311990,You see that! Bugger almost zapped me!,คุณเห็นไหม! ไอ้เวรเกือบชนฉัน!,แคมเปญก็อง+มาร์เก็ตการ์เดน (บทพูดภารกิจ),1311990
1312000,Wet your palates with some lead you Jerry fucks!,เอาใจคุณให้เปียกด้วยการนำคุณไปเจอเจอร์รี่!,แคมเปญก็อง+มาร์เก็ตการ์เดน (บทพูดภารกิจ),1312000
1312010,Gonna give you a good wellie for that one I am!,ฉันจะมอบ Wellie ดีๆ ให้กับคุณเพื่อสิ่งนั้นอย่างที่ฉันเป็น!,แคมเปญก็อง+มาร์เก็ตการ์เดน (บทพูดภารกิจ),1312010
1312020,Contact! Panzers! ,ติดต่อ! แพนเซอร์!,แคมเปญก็อง+มาร์เก็ตการ์เดน (บทพูดภารกิจ),1312020
1312030,"Garrison those buildings, defend the street, and let's flank 'em!",ยึดครองอาคารเหล่านั้น ปกป้องถนน และบุกโจมตีพวกมัน!,แคมเปญก็อง+มาร์เก็ตการ์เดน (บทพูดภารกิจ),1312030
1312040,I say again... Flank the Panzer bastards and destroy them from the rear!,ฉันพูดอีกครั้ง... ขนาบข้างไอ้สารเลว Panzer และทำลายพวกมันจากด้านหลัง!,แคมเปญก็อง+มาร์เก็ตการ์เดน (บทพูดภารกิจ),1312040
1312050,"3rd Battalion is a fine machine, just keep it moving, boys!",กองพันที่ 3 เป็นเครื่องจักรที่ดี ลุยต่อไปนะเด็กๆ!,แคมเปญก็อง+มาร์เก็ตการ์เดน (บทพูดภารกิจ),1312050
1312060,"Claire, my love, if I could just see your face one more time, all this shite'll be worth it!",แคลร์ ที่รัก ถ้าฉันได้เจอหน้าคุณอีกครั้ง เรื่องไร้สาระทั้งหมดนี้ก็จะคุ้มค่า!,แคมเปญก็อง+มาร์เก็ตการ์เดน (บทพูดภารกิจ),1312060
1312070,"Hell, fucking hell, Christ can't save me now.",นรก นรก คริสต์ช่วยฉันไว้ไม่ได้แล้ว,แคมเปญก็อง+มาร์เก็ตการ์เดน (บทพูดภารกิจ),1312070
1312080,I'm going to be working my ticket home after this!,หลังจากนี้ฉันจะไปซื้อตั๋วกลับบ้าน!,แคมเปญก็อง+มาร์เก็ตการ์เดน (บทพูดภารกิจ),1312080
1312090,"Corporal Degnan, I want that point captured!",สิบโทเดกแนน ฉันอยากให้จับจุดนั้นไว้!,แคมเปญก็อง+มาร์เก็ตการ์เดน (บทพูดภารกิจ),1312090
1312100,Once the square is cleared of enemy forces capture the objective.,เมื่อกองกำลังศัตรูเคลียร์จัตุรัสแล้วก็จะยึดเป้าหมายได้,แคมเปญก็อง+มาร์เก็ตการ์เดน (บทพูดภารกิจ),1312100
1312110,"That's our objective, secure it 3rd Battalion!",นั่นคือเป้าหมายของเรา รักษามันไว้ กองพันที่ 3!,แคมเปญก็อง+มาร์เก็ตการ์เดน (บทพูดภารกิจ),1312110
1312120,Get a message up the chain to Major Blackmore... Authie is secure.,ส่งข้อความขึ้นไปตามสายบังคับบัญชาถึงพันตรีแบล็คมอร์... ออธีปลอดภัยแล้ว,แคมเปญก็อง+มาร์เก็ตการ์เดน (บทพูดภารกิจ),1312120
1312130,"I say again, Authie is secure and the 12th SS is retreating.",ฉันพูดอีกครั้ง ออธี ปลอดภัยแล้วและ SS ที่ 12 กำลังล่าถอย,แคมเปญก็อง+มาร์เก็ตการ์เดน (บทพูดภารกิจ),1312130
1312140,"AMMO-CAS reports, now.",AMMO-CAS รายงานตอนนี้,แคมเปญก็อง+มาร์เก็ตการ์เดน (บทพูดภารกิจ),1312140
1313660,Excellent job 3rd Battalion! Looks like we gave Jerry a good ear pounding.,กองพันที่ 3 ทำได้ดีมาก! ดูเหมือนเราจะกระแทกหูเจอร์รี่มาก,แคมเปญก็อง+มาร์เก็ตการ์เดน (บทพูดภารกิจ),1313660
1313670,"With their Donkey Wallopers on the run, no doubt Jerry will be back with reinforcements. ",ขณะที่ Donkey Wallopers กำลังหลบหนี ไม่ต้องสงสัยเลยว่าเจอร์รี่จะกลับมาพร้อมกับกำลังเสริม,แคมเปญก็อง+มาร์เก็ตการ์เดน (บทพูดภารกิจ),1313670
1313680,"Keep it up, gents!",ติดตามไว้สุภาพบุรุษ!,แคมเปญก็อง+มาร์เก็ตการ์เดน (บทพูดภารกิจ),1313680
1313690,Think Jerry's got a steamer to catch back in Paris!,คิดว่า Jerry's มีเรือกลไฟให้กลับมาที่ปารีส!,แคมเปญก็อง+มาร์เก็ตการ์เดน (บทพูดภารกิจ),1313690
1313700,Let's just hope he doesn't drop a sprog along the way!,หวังว่าเขาจะไม่ทำกิ่งไม้หล่นระหว่างทางนะ!,แคมเปญก็อง+มาร์เก็ตการ์เดน (บทพูดภารกิจ),1313700
1313710,"If 12th SS Panzers are any indication, the general is nutter if he thinks Caen'll be easy!",หาก SS Panzers ที่ 12 เป็นสิ่งบ่งชี้ นายพลคงจะบ้ากว่านี้ถ้าเขาคิดว่าก็องจะเป็นเรื่องง่าย!,แคมเปญก็อง+มาร์เก็ตการ์เดน (บทพูดภารกิจ),1313710
1313720,Sweating neaters they are!,พวกเขาเป็นคนที่เหงื่อออกมาก!,แคมเปญก็อง+มาร์เก็ตการ์เดน (บทพูดภารกิจ),1313720
1313730,"Boudica's boys back at it, eh lads!",เด็กๆ ของ บูดิกา กลับมาแล้ว หนุ่มๆ!,แคมเปญก็อง+มาร์เก็ตการ์เดน (บทพูดภารกิจ),1313730
1314000,LT. Bailey move your sections and link up with the right flank.,ร้อยโทเบลีย์ เคลื่อนหมู่ของคุณไปสมทบกับปีกขวา,แคมเปญก็อง+มาร์เก็ตการ์เดน (บทพูดภารกิจ),1314000
1314010,"We're moving out, 3rd Battalion",เรากำลังเคลื่อนตัวออกไป กองพันที่ 3,แคมเปญก็อง+มาร์เก็ตการ์เดน (บทพูดภารกิจ),1314010
1314020,"Section Commanders, deploy your men to the right flank",ผู้บัญชาการส่วน จัดกำลังพลของคุณไปทางด้านขวา,แคมเปญก็อง+มาร์เก็ตการ์เดน (บทพูดภารกิจ),1314020
1314030,"On the double, Jerry's not going to wait for us.",ในดับเบิ้ล เจอร์รี่จะไม่รอเรา,แคมเปญก็อง+มาร์เก็ตการ์เดน (บทพูดภารกิจ),1314030
1314040,"LT. Bailey, Cromwells are under your command.",ร้อยโทเบลีย์ รถถังครอมเวลล์ อยู่ใต้การบังคับบัญชาของคุณแล้ว,แคมเปญก็อง+มาร์เก็ตการ์เดน (บทพูดภารกิจ),1314040
1314050,Armor support available.,มียานเกราะสนับสนุนพร้อมใช้งาน,แคมเปญก็อง+มาร์เก็ตการ์เดน (บทพูดภารกิจ),1314050
1314060,We need the Howitzers to cover our advance on the Abby.,เราต้องการปืนใหญ่วิถีโค้งเพื่อคุ้มกันการรุกคืบของเราในแอบบีย์้,แคมเปญก็อง+มาร์เก็ตการ์เดน (บทพูดภารกิจ),1314060
1314070,Call in Overwatch fire on my smoke!,เรียก โอเวอร์วอช เข้ามาเผาควันของฉัน!,แคมเปญก็อง+มาร์เก็ตการ์เดน (บทพูดภารกิจ),1314070
1314080,Have the Howitzers Overwatch the Abby.,ให้ปืนใหญ่วิถีโค้งโอเวอร์วอตเซอร์แอบบีย์้,แคมเปญก็อง+มาร์เก็ตการ์เดน (บทพูดภารกิจ),1314080
1314090,Mark the Abby for Overwatch fire.,ทำเครื่องหมายสำนักสงฆ์ (แอบบีย์) สำหรับการยิงระวังระวัง/ยิงคุ้มกัน (โอเวอร์วอช),แคมเปญก็อง+มาร์เก็ตการ์เดน (บทพูดภารกิจ),1314090
1314100,"Spotters, wait for confirmation before firing Overwatch.",พลชี้เป้า รอการยืนยันก่อนจะยิง โอเวอร์วอช,แคมเปญก็อง+มาร์เก็ตการ์เดน (บทพูดภารกิจ),1314100
1314120,Overwatch mission. Stand by for targets of opportunity.,ภารกิจโอเวอร์วอช เตรียมพร้อมรับเป้าหมายเฉพาะหน้า,แคมเปญก็อง+มาร์เก็ตการ์เดน (บทพูดภารกิจ),1314120
1314130,Stand by to provide Overwatch fire for our boys taking the Abby.,เตรียมพร้อมยิงคุ้มกันให้พวกเราที่จะเข้ายึดสำนักสงฆ์ (แอบบีย์),แคมเปญก็อง+มาร์เก็ตการ์เดน (บทพูดภารกิจ),1314130
1314200,"3rd Battalion, the Abby is our objective.",กองพันที่ 3 แอบบีย์คือเป้าหมายของเรา,แคมเปญก็อง+มาร์เก็ตการ์เดน (บทพูดภารกิจ),1314200
1314210,"Move in, neutralize all targets and secure that Abby.",เคลื่อนตัวเข้าไป ต่อต้านเป้าหมายทั้งหมด และรักษาความปลอดภัยให้แอบบีย์,แคมเปญก็อง+มาร์เก็ตการ์เดน (บทพูดภารกิจ),1314210
1314220,"I want short, quick bounds.",ฉันต้องการขอบเขตที่สั้นและรวดเร็ว,แคมเปญก็อง+มาร์เก็ตการ์เดน (บทพูดภารกิจ),1314220
1314230,Watch those arcs and keep your actions clear.,ดูส่วนโค้งเหล่านั้นและรักษาการกระทำของคุณให้ชัดเจน,แคมเปญก็อง+มาร์เก็ตการ์เดน (บทพูดภารกิจ),1314230
1314240,"Boys, make me proud. This one's for Darwin!",น้องๆ ทำให้ฉันภูมิใจนะ อันนี้เพื่อดาร์วิน!,แคมเปญก็อง+มาร์เก็ตการ์เดน (บทพูดภารกิจ),1314240
1314250,"Noah, get your section on that point.",โนอาห์ เข้าใจส่วนของคุณตรงจุดนั้นเถอะ,แคมเปญก็อง+มาร์เก็ตการ์เดน (บทพูดภารกิจ),1314250
1314260,"That's the prize, capture that point.",นั่นคือรางวัล ยึดจุดนั้นไว้,แคมเปญก็อง+มาร์เก็ตการ์เดน (บทพูดภารกิจ),1314260
1314270,"That's the Major's flag, capture it.",นั่นคือธงของท่านพันตรี ยึดมันมาให้ได้,แคมเปญก็อง+มาร์เก็ตการ์เดน (บทพูดภารกิจ),1314270
1319200,Destroy the Panther,ทำลายแพนเธอร์,แคมเปญก็อง+มาร์เก็ตการ์เดน (บทพูดภารกิจ),1319200|1329115
1319201,Order Cromwells back to the Defensive Line,สั่งครอมเวลล์กลับสู่แนวป้องกัน,แคมเปญก็อง+มาร์เก็ตการ์เดน (บทพูดภารกิจ),1319201
1319203,Deploy Sappers,ส่งกำลังรบแซปเปอร์,แคมเปญก็อง+มาร์เก็ตการ์เดน (บทพูดภารกิจ),1319203
1319204,Build an Artillery Emplacement,สร้างที่ตั้งปืนใหญ่,แคมเปญก็อง+มาร์เก็ตการ์เดน (บทพูดภารกิจ),1319204
1319205,Build an Anti-Tank Emplacement,สร้างตำแหน่งต่อต้านรถถัง,แคมเปญก็อง+มาร์เก็ตการ์เดน (บทพูดภารกิจ),1319205
1319206,Defend the Left Flank,ป้องกันปีกซ้าย,แคมเปญก็อง+มาร์เก็ตการ์เดน (บทพูดภารกิจ),1319206
1319207,Secure the Abbey on the Right Flank,ยึดแอบบีย์ไว้ทางปีกขวา,แคมเปญก็อง+มาร์เก็ตการ์เดน (บทพูดภารกิจ),1319207
1319208,Capture Authie,จับ ออธี,แคมเปญก็อง+มาร์เก็ตการ์เดน (บทพูดภารกิจ),1319208
1319209,Hold Authie,ถือ ออธี,แคมเปญก็อง+มาร์เก็ตการ์เดน (บทพูดภารกิจ),1319209
1319210,Destroy Defenses Guarding the Road,ทำลายการป้องกันที่ปกป้องถนน,แคมเปญก็อง+มาร์เก็ตการ์เดน (บทพูดภารกิจ),1319210
1319211,Capture all Territory Sectors,ยึดครองเซกเตอร์อาณาเขตทั้งหมด,แคมเปญก็อง+มาร์เก็ตการ์เดน (บทพูดภารกิจ),1319211
1319220,A Panther has ambushed the British column. Flank and destroy the Panther.  ,แพนเธอร์ซุ่มโจมตีเสาอังกฤษ ขนาบข้างและทำลายแพนเธอร์,แคมเปญก็อง+มาร์เก็ตการ์เดน (บทพูดภารกิจ),1319220
1319221,Pull back the surviving Cromwells to the road leading into Buron.,ดึง Cromwells ที่รอดชีวิตกลับไปยังถนนที่นำไปสู่ ​​Buron,แคมเปญก็อง+มาร์เก็ตการ์เดน (บทพูดภารกิจ),1319221
1319222,Enemies are attacking the left flank.  Use Artillery bombardments to stop them.,ศัตรูกำลังโจมตีปีกซ้าย ใช้การโจมตีด้วยปืนใหญ่เพื่อหยุดพวกมัน,แคมเปญก็อง+มาร์เก็ตการ์เดน (บทพูดภารกิจ),1319222
1319223,Push forwards on the right flank towards the Abbey. Use Artillery to support the attack.,ดันไปข้างหน้าทางด้านขวาไปยัง แอบบีย์ ใช้ปืนใหญ่เพื่อรองรับการโจมตี,แคมเปญก็อง+มาร์เก็ตการ์เดน (บทพูดภารกิจ),1319223
1319224,Recruit Sappers from the Field Support Truck.,รับสมัครทหารช่างสนามจากรถสนับสนุนภาคสนาม,แคมเปญก็อง+มาร์เก็ตการ์เดน (บทพูดภารกิจ),1319224
1319225,Use the Sappers to construct a 25 Pounder Howitzer Gun Emplacement.,ใช้ แซปเปอร์ เพื่อสร้างฐานวางปืน Howitzer Gun 25 Pounder,แคมเปญก็อง+มาร์เก็ตการ์เดน (บทพูดภารกิจ),1319225
1319226,Use the Sappers to construct a 17 Pounder Anti-Tank Gun Emplacement covering the road.,ใช้ แซปเปอร์ เพื่อสร้างฐานวางปืนต่อสู้รถถัง 17 Pounder ที่ครอบคลุมถนน,แคมเปญก็อง+มาร์เก็ตการ์เดน (บทพูดภารกิจ),1319226
1319227,Capture the Victory Point in Authie's town square.,ยึด Victory Point ในจัตุรัสกลางเมืองของ ออธี,แคมเปญก็อง+มาร์เก็ตการ์เดน (บทพูดภารกิจ),1319227
1319228,Defend the Victory Point against the incoming counterattack.,ปกป้อง Victory Point จากการตอบโต้ที่เข้ามา,แคมเปญก็อง+มาร์เก็ตการ์เดน (บทพูดภารกิจ),1319228
1319229,Use the Artillery Emplacements to call in a Creeping Barrage on the Anti-Tank defenses guarding the road.,ใช้ฐานปืนใหญ่สั่งการระดมยิงม่านกระสุนคืบคลาน ถล่มแนวป้องกันต่อต้านรถถังที่เฝ้าถนนอยู่,แคมเปญก็อง+มาร์เก็ตการ์เดน (บทพูดภารกิจ),1319229
1319230,Capture all nine Territory Sectors.,ยึดครองอาณาเขตทั้งเก้า,แคมเปญก็อง+มาร์เก็ตการ์เดน (บทพูดภารกิจ),1319230
1319231,Capture all Territory Sectors.,ยึดครองเซกเตอร์อาณาเขตทั้งหมด,แคมเปญก็อง+มาร์เก็ตการ์เดน (บทพูดภารกิจ),1319231
1319240,Panther Destroyed,แพนเธอร์ถูกทำลาย,แคมเปญก็อง+มาร์เก็ตการ์เดน (บทพูดภารกิจ),1319240
1319241,Defensive Position Established,ตำแหน่งการป้องกันที่จัดตั้งขึ้น,แคมเปญก็อง+มาร์เก็ตการ์เดน (บทพูดภารกิจ),1319241
1319242,Left Flank Defended,ปีกซ้ายได้รับการปกป้อง,แคมเปญก็อง+มาร์เก็ตการ์เดน (บทพูดภารกิจ),1319242
1319243,Abbey Secured,วัดปลอดภัยแล้ว,แคมเปญก็อง+มาร์เก็ตการ์เดน (บทพูดภารกิจ),1319243
1319244,Authie Captured,จับออธีแล้ว,แคมเปญก็อง+มาร์เก็ตการ์เดน (บทพูดภารกิจ),1319244
1319245,All Territory Sectors Captured,ยึดเซกเตอร์อาณาเขตทั้งหมดสำเร็จแล้ว,แคมเปญก็อง+มาร์เก็ตการ์เดน (บทพูดภารกิจ),1319245
1319401,Use Counter-Battery Fire to Destroy this Target,ใช้การยิงต่อต้านแบตเตอรี่เพื่อทำลายเป้าหมายนี้,แคมเปญก็อง+มาร์เก็ตการ์เดน (บทพูดภารกิจ),1319401
1319402,Build MG Emplacement Here,สร้างตำแหน่ง MG ที่นี่,แคมเปญก็อง+มาร์เก็ตการ์เดน (บทพูดภารกิจ),1319402
1319403,Build AT Emplacement Here,สร้างตำแหน่ง AT ที่นี่,แคมเปญก็อง+มาร์เก็ตการ์เดน (บทพูดภารกิจ),1319403
1319404,Build Howitzer Emplacement Here,สร้างฐานปืนใหญ่ครกที่นี่,แคมเปญก็อง+มาร์เก็ตการ์เดน (บทพูดภารกิจ),1319404
1319405,Build BOFORs Emplacement Here,สร้างตำแหน่ง BOFORs ที่นี่,แคมเปญก็อง+มาร์เก็ตการ์เดน (บทพูดภารกิจ),1319405
1319406,Build Trench Here,สร้างร่องน้ำที่นี่,แคมเปญก็อง+มาร์เก็ตการ์เดน (บทพูดภารกิจ),1319406
1319407,Destroy this Wall,ทำลายกำแพงนี้,แคมเปญก็อง+มาร์เก็ตการ์เดน (บทพูดภารกิจ),1319407
1319408,Crush This,บดขยี้สิ่งนี้,แคมเปญก็อง+มาร์เก็ตการ์เดน (บทพูดภารกิจ),1319408
1319409,Flank this Position,ขนาบข้างตำแหน่งนี้,แคมเปญก็อง+มาร์เก็ตการ์เดน (บทพูดภารกิจ),1319409
1319411,Attack,จู่โจม,แคมเปญก็อง+มาร์เก็ตการ์เดน (บทพูดภารกิจ),1319411
1319412,Defend,ปกป้อง,แคมเปญก็อง+มาร์เก็ตการ์เดน (บทพูดภารกิจ),1319412
1319413,Move To,ย้ายไปที่,แคมเปญก็อง+มาร์เก็ตการ์เดน (บทพูดภารกิจ),1319413
1319414,Garrison this Structure,เข้าประจำการในอาคารโครงสร้างนี้,แคมเปญก็อง+มาร์เก็ตการ์เดน (บทพูดภารกิจ),1319414
1319415,Place Mines Here,วางทุ่นระเบิดที่นี่,แคมเปญก็อง+มาร์เก็ตการ์เดน (บทพูดภารกิจ),1319415
1319416,Drop Butterfly Mines Here,วางทุ่นระเบิดผีเสื้อที่นี่,แคมเปญก็อง+มาร์เก็ตการ์เดน (บทพูดภารกิจ),1319416
1319417,Clear Mines,ล้างทุ่นระเบิด,แคมเปญก็อง+มาร์เก็ตการ์เดน (บทพูดภารกิจ),1319417
1319418,Build Roadblocks,สร้างสิ่งกีดขวางบนถนน,แคมเปญก็อง+มาร์เก็ตการ์เดน (บทพูดภารกิจ),1319418
1319419,Place Demolitions,สถานที่รื้อถอน,แคมเปญก็อง+มาร์เก็ตการ์เดน (บทพูดภารกิจ),1319419
1319420,Rienforce this Squad,Rienforce ทีมนี้,แคมเปญก็อง+มาร์เก็ตการ์เดน (บทพูดภารกิจ),1319420
1319421,Target with Artillery,กำหนดเป้าหมายด้วยปืนใหญ่,แคมเปญก็อง+มาร์เก็ตการ์เดน (บทพูดภารกิจ),1319421
1319422,Move and Shoot,ย้ายและยิง,แคมเปญก็อง+มาร์เก็ตการ์เดน (บทพูดภารกิจ),1319422
1319423,Patrol this Area,ลาดตระเวนบริเวณนี้,แคมเปญก็อง+มาร์เก็ตการ์เดน (บทพูดภารกิจ),1319423
1319424,Left-Click Target,คลิกซ้ายเป้าหมาย,แคมเปญก็อง+มาร์เก็ตการ์เดน (บทพูดภารกิจ),1319424
1319425,Right-Click Target,คลิกขวาที่เป้าหมาย,แคมเปญก็อง+มาร์เก็ตการ์เดน (บทพูดภารกิจ),1319425
1319426,Click here to order a Marksman shot,คลิกที่นี่เพื่อสั่งการยิง Marksman,แคมเปญก็อง+มาร์เก็ตการ์เดน (บทพูดภารกิจ),1319426
1319427,Left-click this squad to kill one of its member,คลิกซ้ายทีมนี้เพื่อสังหารสมาชิกคนหนึ่ง,แคมเปญก็อง+มาร์เก็ตการ์เดน (บทพูดภารกิจ),1319427
1319428,Left-click on a Tommy squad to select it,คลิกซ้ายที่ทีม Tommy เพื่อเลือก,แคมเปญก็อง+มาร์เก็ตการ์เดน (บทพูดภารกิจ),1319428
1319429,Temporarily Increase Movement Speed,เพิ่มความเร็วในการเคลื่อนที่ชั่วคราว,แคมเปญก็อง+มาร์เก็ตการ์เดน (บทพูดภารกิจ),1319429
1319640,Select Cromwell,เลือกครอมเวลล์,แคมเปญก็อง+มาร์เก็ตการ์เดน (บทพูดภารกิจ),1319640
1319650,Cromwell Rally Point,จุดชุมนุมครอมเวลล์,แคมเปญก็อง+มาร์เก็ตการ์เดน (บทพูดภารกิจ),1319650
1319700,Left-click on a Cromwell to select it,คลิกซ้ายที่ Cromwell เพื่อเลือก,แคมเปญก็อง+มาร์เก็ตการ์เดน (บทพูดภารกิจ),1319700
1319701,Right-click on this Panther to attack,คลิกขวาที่ Panther นี้เพื่อโจมตี,แคมเปญก็อง+มาร์เก็ตการ์เดน (บทพูดภารกิจ),1319701
1319702,Right-click here to flank the Panther,คลิกขวาที่นี่เพื่อขนาบข้าง Panther,แคมเปญก็อง+มาร์เก็ตการ์เดน (บทพูดภารกิจ),1319702
1319703,Select the Field Support Truck,เลือกรถสนับสนุนภาคสนาม,แคมเปญก็อง+มาร์เก็ตการ์เดน (บทพูดภารกิจ),1319703
1319704,Click this button to recruit Sappers,คลิกปุ่มนี้เพื่อรับสมัคร แซปเปอร์,แคมเปญก็อง+มาร์เก็ตการ์เดน (บทพูดภารกิจ),1319704
1319705,Sappers deploying,แซปเปอร์วางกำลัง,แคมเปญก็อง+มาร์เก็ตการ์เดน (บทพูดภารกิจ),1319705
1319706,Select the Sappers,เลือกพวกแซปเปอร์,แคมเปญก็อง+มาร์เก็ตการ์เดน (บทพูดภารกิจ),1319706
1319707,Click this button for Construction Options,คลิกปุ่มนี้เพื่อดูตัวเลือกการก่อสร้าง,แคมเปญก็อง+มาร์เก็ตการ์เดน (บทพูดภารกิจ),1319707
1319708,Click here to build an Artillery Emplacement,คลิกที่นี่เพื่อสร้างตำแหน่งปืนใหญ่,แคมเปญก็อง+มาร์เก็ตการ์เดน (บทพูดภารกิจ),1319708
1319709,Left-click here to designate the build location,คลิกซ้ายที่นี่เพื่อกำหนดสถานที่สร้าง,แคมเปญก็อง+มาร์เก็ตการ์เดน (บทพูดภารกิจ),1319709
1319710,Select this Artillery Emplacement,เลือกตำแหน่งปืนใหญ่นี้,แคมเปญก็อง+มาร์เก็ตการ์เดน (บทพูดภารกิจ),1319710
1319711,Click here to order a Barrage,คลิกที่นี่เพื่อสั่งยิงปูพรม,แคมเปญก็อง+มาร์เก็ตการ์เดน (บทพูดภารกิจ),1319711
1319712,Left-click here to designate the fire zone,คลิกซ้ายที่นี่เพื่อกำหนดพื้นที่ระดมยิง,แคมเปญก็อง+มาร์เก็ตการ์เดน (บทพูดภารกิจ),1319712
1319713,Move Cromwells to this location,ย้ายครอมเวลล์มาที่ตำแหน่งนี้,แคมเปญก็อง+มาร์เก็ตการ์เดน (บทพูดภารกิจ),1319713
1319714,Order another Artillery Barrage,สั่งการปืนใหญ่โจมตีอีกชุดหนึ่ง,แคมเปญก็อง+มาร์เก็ตการ์เดน (บทพูดภารกิจ),1319714
1319715,Click here to build an Anti-Tank Gun Emplacement,คลิกที่นี่เพื่อสร้างที่วางปืนต่อสู้รถถัง,แคมเปญก็อง+มาร์เก็ตการ์เดน (บทพูดภารกิจ),1319715
1319716,Bombard the Anti-Tank Guns with Artillery,ระดมยิงปืนต่อสู้รถถังด้วยปืนใหญ่,แคมเปญก็อง+มาร์เก็ตการ์เดน (บทพูดภารกิจ),1319716
1319717,Destroy the Machine Gun crew,ทำลายลูกเรือปืนกล,แคมเปญก็อง+มาร์เก็ตการ์เดน (บทพูดภารกิจ),1319717
1319718,Capture this Strategic Point to secure the Abbey,ยึดจุดยุทธศาสตร์นี้เพื่อรักษาแอบบีย์,แคมเปญก็อง+มาร์เก็ตการ์เดน (บทพูดภารกิจ),1319718
1319719,Left-click here to face Artillery Emplacement,คลิกซ้ายที่นี่เพื่อเผชิญหน้ากับตำแหน่งปืนใหญ่,แคมเปญก็อง+มาร์เก็ตการ์เดน (บทพูดภารกิจ),1319719
1319720,Left-click here to face the Anti-Tank Gun,คลิกซ้ายที่นี่เพื่อเผชิญหน้ากับปืนต่อสู้รถถัง,แคมเปญก็อง+มาร์เก็ตการ์เดน (บทพูดภารกิจ),1319720
1319721,Destroy these units,ทำลายหน่วยเหล่านี้,แคมเปญก็อง+มาร์เก็ตการ์เดน (บทพูดภารกิจ),1319721
1319722,Destroy the Anti-Tank Gun,ทำลายปืนต่อสู้รถถัง,แคมเปญก็อง+มาร์เก็ตการ์เดน (บทพูดภารกิจ),1319722
1319723,Select both Cromwells together,เลือก Cromwells ทั้งสองเข้าด้วยกัน,แคมเปญก็อง+มาร์เก็ตการ์เดน (บทพูดภารกิจ),1319723
1319724,Capture this Victory Point,ยึดครองคะแนนชัยชนะนี้,แคมเปญก็อง+มาร์เก็ตการ์เดน (บทพูดภารกิจ),1319724|1359121|1400213
1319725,Destroy the Panzer,ทำลายยานเกราะ,แคมเปญก็อง+มาร์เก็ตการ์เดน (บทพูดภารกิจ),1319725
1319726,Bombard the Infantry with Artillery,ระดมยิงทหารราบด้วยปืนใหญ่,แคมเปญก็อง+มาร์เก็ตการ์เดน (บทพูดภารกิจ),1319726
1319728,Fire Artillery here,ระดมยิงปืนใหญ่ที่นี่,แคมเปญก็อง+มาร์เก็ตการ์เดน (บทพูดภารกิจ),1319728
1319729,Click here to build a Bofors Gun Emplacement,คลิกที่นี่เพื่อสร้างที่วางปืน Bofors,แคมเปญก็อง+มาร์เก็ตการ์เดน (บทพูดภารกิจ),1319729
1319730,Left-click here to face the Bofors,คลิกซ้ายที่นี่เพื่อเผชิญหน้ากับโบฟอร์ส,แคมเปญก็อง+มาร์เก็ตการ์เดน (บทพูดภารกิจ),1319730
1319800,Ally controls this Squad,พันธมิตรควบคุมหน่วยนี้,แคมเปญก็อง+มาร์เก็ตการ์เดน (บทพูดภารกิจ),1319800
1319801,This Artillery Emplacement is built and ready,ฐานปืนใหญ่นี้สร้างและพร้อมแล้ว,แคมเปญก็อง+มาร์เก็ตการ์เดน (บทพูดภารกิจ),1319801
1319802,Ally controls this Slit Trench,พันธมิตรควบคุม Slit Trench นี้,แคมเปญก็อง+มาร์เก็ตการ์เดน (บทพูดภารกิจ),1319802
1319803,Ally controls this MG Nest,พันธมิตรควบคุม MG Nest นี้,แคมเปญก็อง+มาร์เก็ตการ์เดน (บทพูดภารกิจ),1319803
1319804,Ally controls this Artillery Emplacement,พันธมิตรควบคุมตำแหน่งปืนใหญ่นี้,แคมเปญก็อง+มาร์เก็ตการ์เดน (บทพูดภารกิจ),1319804
1319805,Ally controls this Cromwell,พันธมิตรควบคุมครอมเวลล์นี้,แคมเปญก็อง+มาร์เก็ตการ์เดน (บทพูดภารกิจ),1319805
1319810,This Artillery Emplacement is ready to fire again,ฐานปืนใหญ่นี้พร้อมยิงอีกครั้ง,แคมเปญก็อง+มาร์เก็ตการ์เดน (บทพูดภารกิจ),1319810
1319811,This Artillery Emplacement is ready to fire,ฐานปืนใหญ่นี้พร้อมยิงแล้ว,แคมเปญก็อง+มาร์เก็ตการ์เดน (บทพูดภารกิจ),1319811
1319900,Event Cues inform you of important events. Click to view the event.,Event Cues แจ้งให้คุณทราบถึงเหตุการณ์สำคัญ คลิกเพื่อดูกิจกรรม,แคมเปญก็อง+มาร์เก็ตการ์เดน (บทพูดภารกิจ),1319900
1319901,Artillery Emplacement ready!,ฐานทัพปืนใหญ่พร้อม!,แคมเปญก็อง+มาร์เก็ตการ์เดน (บทพูดภารกิจ),1319901
1319950,The Emplacement is assigned to a control group. Click here to select it.,ตำแหน่งถูกกำหนดให้กับกลุ่มควบคุม คลิกที่นี่เพื่อเลือก,แคมเปญก็อง+มาร์เก็ตการ์เดน (บทพูดภารกิจ),1319950
1320500,"Lieutenant Bailey, front and center.",ร้อยโทเบลีย์ รายงานตัวข้างหน้าและตรงกลาง,แคมเปญก็อง+มาร์เก็ตการ์เดน (บทพูดภารกิจ),1320500
1320510,Before 3rd Battalion deploys into the area we need to secure this strategic point.,ก่อนที่กองพันที่ 3 จะเคลื่อนกำลังเข้าสู่พื้นที่ เราจำเป็นต้องรักษาจุดยุทธศาสตร์นี้ไว้,แคมเปญก็อง+มาร์เก็ตการ์เดน (บทพูดภารกิจ),1320510
1320520,You've pulled the short stick.  ,คุณได้ดึงไม้สั้น,แคมเปญก็อง+มาร์เก็ตการ์เดน (บทพูดภารกิจ),1320520
1320530,Assemble your troops and recce the area.,รวบรวมกองกำลังของคุณและเข้าพื้นที่,แคมเปญก็อง+มาร์เก็ตการ์เดน (บทพูดภารกิจ),1320530
1320540,2nd Lieutenant's!,ร้อยโทที่ 2!,แคมเปญก็อง+มาร์เก็ตการ์เดน (บทพูดภารกิจ),1320540
1320550,Muckle onto those sections and sort them out!,จัดการกับส่วนเหล่านั้นแล้วแยกพวกมันออก!,แคมเปญก็อง+มาร์เก็ตการ์เดน (บทพูดภารกิจ),1320550
1320560,"Once attached, have those sections move up LTs.",เมื่อแนบแล้ว ให้ส่วนเหล่านั้นเลื่อนขึ้น LT,แคมเปญก็อง+มาร์เก็ตการ์เดน (บทพูดภารกิจ),1320560
1320570,Steady up gents.,สุภาพบุรุษทั้งหลาย.,แคมเปญก็อง+มาร์เก็ตการ์เดน (บทพูดภารกิจ),1320570
1320580,We've got whistle heads latching onto us.,เรามีหัวนกหวีดเกาะติดเรา,แคมเปญก็อง+มาร์เก็ตการ์เดน (บทพูดภารกิจ),1320580
1320590,Make sure you give it that extra effort.,ตรวจสอบให้แน่ใจว่าคุณได้ทุ่มเทความพยายามเป็นพิเศษ,แคมเปญก็อง+มาร์เก็ตการ์เดน (บทพูดภารกิจ),1320590
1320600,"Dillingham, square your lads away, mate.",ดิลลิงแฮม แบ่งพวกนายออกไปเลยเพื่อน,แคมเปญก็อง+มาร์เก็ตการ์เดน (บทพูดภารกิจ),1320600
1320610,Area has been secured.,พื้นที่ได้รับการรักษาความปลอดภัยแล้ว,แคมเปญก็อง+มาร์เก็ตการ์เดน (บทพูดภารกิจ),1320610
1320620,Ready to call in 3rd Battalion HQ Command Post.,พร้อมเรียกเข้ากองบัญชาการกองพันที่ 3,แคมเปญก็อง+มาร์เก็ตการ์เดน (บทพูดภารกิจ),1320620
1320630,Get it set up right bloody quick! ,รีบจัดด่วน!,แคมเปญก็อง+มาร์เก็ตการ์เดน (บทพูดภารกิจ),1320630
1320640,"Position's marked, move now!",ระบุตำแหน่งแล้ว ย้ายเดี๋ยวนี้!,แคมเปญก็อง+มาร์เก็ตการ์เดน (บทพูดภารกิจ),1320640
1320650,3rd Battalion HQ reporting.,กองบัญชาการกองพันที่ 3 รายงานตัว,แคมเปญก็อง+มาร์เก็ตการ์เดน (บทพูดภารกิจ),1320650
1320660,"Additional infantry, officer and Bren Carrier reinforcements available Lt. Bailey.",มีกำลังเสริมทหารราบ นายทหาร และยานเกราะเบรนแคเรียร์ พร้อมใช้งานแล้ว ร้อยโทเบลีย์,แคมเปญก็อง+มาร์เก็ตการ์เดน (บทพูดภารกิจ),1320660
1320670,"Field Support is standing by, have the Mobile HQ deploy it when ready.",ฝ่ายสนับสนุนภาคสนามกำลังเตรียมพร้อม โปรดให้ Mobile HQ ใช้งานเมื่อพร้อม,แคมเปญก็อง+มาร์เก็ตการ์เดน (บทพูดภารกิจ),1320670
1320680,"Having the vehicle deployed in an area secures that territory, so the enemy can't recapture it.",การมียานพาหนะเข้าประจำการในพื้นที่จะทำให้อาณาเขตนั้นปลอดภัย ดังนั้นศัตรูจึงไม่สามารถยึดคืนได้,แคมเปญก็อง+มาร์เก็ตการ์เดน (บทพูดภารกิจ),1320680
1320690,When necessary it can be torn down and packed for movement.,เมื่อจำเป็นสามารถรื้อและบรรจุเพื่อเคลื่อนย้ายได้,แคมเปญก็อง+มาร์เก็ตการ์เดน (บทพูดภารกิจ),1320690
1320700,For now leave it in this area.,ตอนนี้ฝากไว้บริเวณนี้ก่อนครับ,แคมเปญก็อง+มาร์เก็ตการ์เดน (บทพูดภารกิจ),1320700
1320710,Corporal Degnan!,สิบโทเดกแนน!,แคมเปญก็อง+มาร์เก็ตการ์เดน (บทพูดภารกิจ),1320710
1320720,Sort the troops out and reorg as needed. ,แยกกองทหารออกและจัดระเบียบใหม่ตามความจำเป็น,แคมเปญก็อง+มาร์เก็ตการ์เดน (บทพูดภารกิจ),1320720
1320730,I want the adjacent sector cleared out and secured.,ฉันต้องการให้เซกเตอร์ที่อยู่ติดกันถูกเคลียร์และรักษาความปลอดภัย,แคมเปญก็อง+มาร์เก็ตการ์เดน (บทพูดภารกิจ),1320730
1320740,Any particular one?,อันใดอันหนึ่งโดยเฉพาะ?,แคมเปญก็อง+มาร์เก็ตการ์เดน (บทพูดภารกิจ),1320740
1320750,"Use your initiative, Degnan.",ใช้ปฏิภาณไหวพริบของนาย สิบโทเดกแนน,แคมเปญก็อง+มาร์เก็ตการ์เดน (บทพูดภารกิจ),1320750
1320760,"You don't want to stay a Corporal the whole war, do you?",คุณไม่อยากเป็นสิบตรีตลอดทั้งสงครามใช่ไหม?,แคมเปญก็อง+มาร์เก็ตการ์เดน (บทพูดภารกิจ),1320760
1320770,About bloody time Bailey.,ในที่สุดก็มาถึงเสียที ร้อยโทเบลีย์,แคมเปญก็อง+มาร์เก็ตการ์เดน (บทพูดภารกิจ),1320770
1320780,Get over to the HQ vehicle and call up the mobile Field Support Command Post.,ไปที่ยานพาหนะของกองบัญชาการและเรียกหน่วยบัญชาการสนับสนุนภาคสนามเคลื่อนที่,แคมเปญก็อง+มาร์เก็ตการ์เดน (บทพูดภารกิจ),1320780
1320790,Once their Infantry CP is set up call in additional sections.  ,เมื่อตั้งค่า CP ทหารราบแล้ว ให้เรียกในส่วนเพิ่มเติม,แคมเปญก็อง+มาร์เก็ตการ์เดน (บทพูดภารกิจ),1320790
1320791,Get over to the HQ vehicle and call up the mobile Command Post.,ไปที่ยานพาหนะของกองบัญชาการและเรียกหน่วยบัญชาการเคลื่อนที่,แคมเปญก็อง+มาร์เก็ตการ์เดน (บทพูดภารกิจ),1320791
1320810,Get those lazy Service Battalion wankers to set up the command post.,ให้เหล่ากองพันบริการจอมขี้เกียจมาตั้งค่าตำแหน่งบัญชาการ,แคมเปญก็อง+มาร์เก็ตการ์เดน (บทพูดภารกิจ),1320810
1320820,As soon as they're in place we'll be able to call up Sappers and light armor.,ทันทีที่พวกมันเข้าที่แล้ว เราจะสามารถเรียกทหารช่างสนามและยานเกราะเบาขึ้นมาได้,แคมเปญก็อง+มาร์เก็ตการ์เดน (บทพูดภารกิจ),1320820
1320830,"Right gents, rifles at the ready.",ท่านสุภาพบุรุษทั้งหลาย ปืนไรเฟิลเตรียมพร้อม,แคมเปญก็อง+มาร์เก็ตการ์เดน (บทพูดภารกิจ),1320830
1320840,Sounds like a Recce mission.,ฟังดูเหมือนเป็นภารกิจของ Recce,แคมเปญก็อง+มาร์เก็ตการ์เดน (บทพูดภารกิจ),1320840
1320850,Watch for Jerry snipers.,คอยดูเจอร์รี่สไนเปอร์,แคมเปญก็อง+มาร์เก็ตการ์เดน (บทพูดภารกิจ),1320850
1320860,Making sure the area is nice and safe are we?,ตรวจสอบให้แน่ใจว่าพื้นที่นั้นดีและปลอดภัยใช่ไหม?,แคมเปญก็อง+มาร์เก็ตการ์เดน (บทพูดภารกิจ),1320860
1320870,Shut your gob before they give us shite duty.,หุบปากซะ ก่อนที่พวกเขาจะมอบหน้าที่เหี้ยๆ ให้เรา,แคมเปญก็อง+มาร์เก็ตการ์เดน (บทพูดภารกิจ),1320870
1320880,"Major Blackmore, 3rd Battalion is in position.",พันตรีแบล็คมอร์ กองพันที่ 3 ประจำการแล้ว,แคมเปญก็อง+มาร์เก็ตการ์เดน (บทพูดภารกิจ),1320880
1320890,Awaiting orders major...,รอคำสั่งใหญ่...,แคมเปญก็อง+มาร์เก็ตการ์เดน (บทพูดภารกิจ),1320890
1320900,We need to recce the bridges.,เราจำเป็นต้องซ่อมสะพาน,แคมเปญก็อง+มาร์เก็ตการ์เดน (บทพูดภารกิจ),1320900
1320910,Use the Staurt Tanks with infantry support and scout the bridges.,ใช้รถถัง Staurt พร้อมการสนับสนุนทหารราบและสำรวจสะพาน,แคมเปญก็อง+มาร์เก็ตการ์เดน (บทพูดภารกิจ),1320910
1320920,The bank is crawling with bloody Germans!,ริมตลิ่งแม่น้ำเต็มไปด้วยพวกเยอรมันเต็มไปหมด!!,แคมเปญก็อง+มาร์เก็ตการ์เดน (บทพูดภารกิจ),1320920
1320930,Fuckin' hell!  Look at the other side of the river!,โคตรนรก! มองไปอีกฝั่งของแม่น้ำสิ!,แคมเปญก็อง+มาร์เก็ตการ์เดน (บทพูดภารกิจ),1320930
1320940,It's a whole other fuckin' German company!,เป็นกองร้อยทหารเยอรมันอีกหนึ่งกองร้อย!,แคมเปญก็อง+มาร์เก็ตการ์เดน (บทพูดภารกิจ),1320940
1320950,Tell those fuckin' Stuarts to use their bloody Anti-pers canisters!,บอกให้สจวร์ตไอ้สารเลวนั่นใช้กระสุนลูกปรายต่อต้านบุคคล ของมันสิ!,แคมเปญก็อง+มาร์เก็ตการ์เดน (บทพูดภารกิจ),1320950
1320960,Mow 'em down with the Anti-pers rounds!,กำจัดพวกมันให้สิ้นซากด้วยรอบ Anti-pers!,แคมเปญก็อง+มาร์เก็ตการ์เดน (บทพูดภารกิจ),1320960
1320970,Cover and move!  Use each other for support damn it!,ยิงคุ้มกันแล้วเคลื่อนที่! ใช้การสนับสนุนซึ่งกันและกันสิวะ!,แคมเปญก็อง+มาร์เก็ตการ์เดน (บทพูดภารกิจ),1320970
1320980,Get recce groups on those fuckin' bridges!,รับกลุ่ม recce บนสะพานพวกนั้น!,แคมเปญก็อง+มาร์เก็ตการ์เดน (บทพูดภารกิจ),1320980
1320990,This is what you call a target rich environment you crooked tooth bastards!,นี่คือสิ่งที่คุณเรียกว่าสภาพแวดล้อมที่อุดมสมบูรณ์เป้าหมายคุณไอ้สารเลวฟัน!,แคมเปญก็อง+มาร์เก็ตการ์เดน (บทพูดภารกิจ),1320990
1321000,Where the fuck are all these god damn Huns coming from!,ไอ้พวกฮั่นนี่มาจากไหนเนี่ย!,แคมเปญก็อง+มาร์เก็ตการ์เดน (บทพูดภารกิจ),1321000
1321010,"Bloody hell mate, they're using the wooden bridges to get across!",ให้ตายเถอะเพื่อน พวกเขากำลังใช้สะพานไม้เพื่อข้ามไป!,แคมเปญก็อง+มาร์เก็ตการ์เดน (บทพูดภารกิจ),1321010
1321020,There's more of 'em!,ยังมีอีกมาก!,แคมเปญก็อง+มาร์เก็ตการ์เดน (บทพูดภารกิจ),1321020
1321030,Bloody hell! The bridge is wired!,นรกแตก! สะพานมีสาย!,แคมเปญก็อง+มาร์เก็ตการ์เดน (บทพูดภารกิจ),1321030
1321040,"It's fuckin' wired!  Get off, move!",มันต่อสายชนวนแล้ว! ออกไป ไปเร็ว!,แคมเปญก็อง+มาร์เก็ตการ์เดน (บทพูดภารกิจ),1321040
1321050,"Stay off the bridge, it's rigged to blow! Move, move!",อย่าเข้าไปบนสะพาน มันติดกับให้ระเบิด! ไปเร็ว ไปเร็ว!,แคมเปญก็อง+มาร์เก็ตการ์เดน (บทพูดภารกิจ),1321050
1321060,Löschen Sie die Brücke!,ทำลายสะพานทิ้งซะ!,แคมเปญก็อง+มาร์เก็ตการ์เดน (บทพูดภารกิจ),1321060
1321070,Fünf,ฟันฟ,แคมเปญก็อง+มาร์เก็ตการ์เดน (บทพูดภารกิจ),1321070
1321080,Vier,เวียร์,แคมเปญก็อง+มาร์เก็ตการ์เดน (บทพูดภารกิจ),1321080
1321090,Drei,ดราย,แคมเปญก็อง+มาร์เก็ตการ์เดน (บทพูดภารกิจ),1321090
1321100,Zwei,ซเว่ย,แคมเปญก็อง+มาร์เก็ตการ์เดน (บทพูดภารกิจ),1321100
1321110,Eins,ไอน์,แคมเปญก็อง+มาร์เก็ตการ์เดน (บทพูดภารกิจ),1321110
1321120,Die Briten kommen! Löschen Sie die Brücke!,ตายซะ บริเทน คอมเมน! ทำลายสะพานทิ้งซะ!!,แคมเปญก็อง+มาร์เก็ตการ์เดน (บทพูดภารกิจ),1321120
1321130,Help the wounded!  We need to find another way across!,ช่วยผู้บาดเจ็บ! เราต้องหาทางข้ามไปอีก!,แคมเปญก็อง+มาร์เก็ตการ์เดน (บทพูดภารกิจ),1321130
1321140,I guess the recce's finished here!,ฉันเดาว่า recce เสร็จแล้วที่นี่!,แคมเปญก็อง+มาร์เก็ตการ์เดน (บทพูดภารกิจ),1321140
1321150,Fallback!  We need to make another crossing!,ถอยทัพ! เราจำเป็นต้องทำการข้ามอีกครั้ง!,แคมเปญก็อง+มาร์เก็ตการ์เดน (บทพูดภารกิจ),1321150
1321160,Let Battalion know the bridge is blown!,แจ้งกองพันว่าสะพานพัง!,แคมเปญก็อง+มาร์เก็ตการ์เดน (บทพูดภารกิจ),1321160
1321170,I think that fuckin' massive explosion gave it away!,ฉันคิดว่าระเบิดใหญ่นั่นทำให้มันพังไปแล้ว!,แคมเปญก็อง+มาร์เก็ตการ์เดน (บทพูดภารกิจ),1321170
1321180,No fuckin' shit!,จะเหลือเรอะ!,แคมเปญก็อง+มาร์เก็ตการ์เดน (บทพูดภารกิจ),1321180
1321190,I think Darwin was on the bridge when she blew! God rest his soul.,ฉันคิดว่าดาร์วินอยู่บนสะพานตอนที่เธอระเบิด! พระเจ้าพักวิญญาณของเขา,แคมเปญก็อง+มาร์เก็ตการ์เดน (บทพูดภารกิจ),1321190
1321200,Take out those fuckin' MGs!!,เอา MGs พวกนั้นออกไป!!,แคมเปญก็อง+มาร์เก็ตการ์เดน (บทพูดภารกิจ),1321200
1321210,Neil's tit's up mate!,หัวนมของนีลขึ้นแล้วเพื่อน!,แคมเปญก็อง+มาร์เก็ตการ์เดน (บทพูดภารกิจ),1321210
1321220,They've got MG's covering the approaches!,พวกเขามี MG คอยให้ความช่วยเหลือ!,แคมเปญก็อง+มาร์เก็ตการ์เดน (บทพูดภารกิจ),1321220
1321240,Degnan! Get the men onto the remaining bridge.,สิบโทเดกแนน! พากำลังพลขึ้นไปบนสะพานที่เหลืออยู่!,แคมเปญก็อง+มาร์เก็ตการ์เดน (บทพูดภารกิจ),1321240
1321250,I don't care what you do but secure that remaining bridge!,ฉันไม่สนใจสิ่งที่คุณทำ แต่ยึดสะพานที่เหลือนั้นไว้!,แคมเปญก็อง+มาร์เก็ตการ์เดน (บทพูดภารกิจ),1321250
1321260,Jerry's got another crossing!,เจอร์รี่ข้ามแดนอีกแล้ว!,แคมเปญก็อง+มาร์เก็ตการ์เดน (บทพูดภารกิจ),1321260
1321270,They're counter-attacking from the wooden bridge!,พวกเขากำลังโต้กลับจากสะพานไม้!,แคมเปญก็อง+มาร์เก็ตการ์เดน (บทพูดภารกิจ),1321270
1321280,I want a defensive screen around our command posts!,ฉันต้องการฉากป้องกันรอบๆ ฐานบัญชาการของเรา!,แคมเปญก็อง+มาร์เก็ตการ์เดน (บทพูดภารกิจ),1321280
1321290,Get the Sappers to throw up emplacements!,รับ แซปเปอร์ เพื่อทิ้งตำแหน่ง!,แคมเปญก็อง+มาร์เก็ตการ์เดน (บทพูดภารกิจ),1321290
1321300,"Go on, get a message to Captain Wallis, move!",เร็วเข้า นำข้อความนี้ไปแจ้งร้อยเอกวอลลิส ไปได้!,แคมเปญก็อง+มาร์เก็ตการ์เดน (บทพูดภารกิจ),1321300
1321310,Fuckin' bullshite. ,โคตรไร้สาระเลย,แคมเปญก็อง+มาร์เก็ตการ์เดน (บทพูดภารกิจ),1321310
1321320,"Captain Wallis, sir!",ร้อยเอกวอลลิสครับ!,แคมเปญก็อง+มาร์เก็ตการ์เดน (บทพูดภารกิจ),1321320
1321330,We need Sappers to deploy emplacements!,เราต้องการแซปเปอร์เพื่อวางกำลัง!,แคมเปญก็อง+มาร์เก็ตการ์เดน (บทพูดภารกิจ),1321330
1321340,"They're yours, Corporal!",พวกมันเป็นของคุณแล้ว สิบโท!,แคมเปญก็อง+มาร์เก็ตการ์เดน (บทพูดภารกิจ),1321340
1321350,"That bridge is repairable, sir!",สะพานนั้นซ่อมได้ครับท่าน!,แคมเปญก็อง+มาร์เก็ตการ์เดน (บทพูดภารกิจ),1321350
1321360,Then get your arse over there!,แล้วเอาก้นไปตรงนั้น!,แคมเปญก็อง+มาร์เก็ตการ์เดน (บทพูดภารกิจ),1321360
1321370,Where the bloody hell is Corporal Degnan?,สิบโทเดกแนนมันไปมุดหัวอยู่ที่ไหนวะ?,แคมเปญก็อง+มาร์เก็ตการ์เดน (บทพูดภารกิจ),1321370
1321380,We need covering fire for our lads!,เราต้องการการยิงคุ้มกันให้พวกเรา!,แคมเปญก็อง+มาร์เก็ตการ์เดน (บทพูดภารกิจ),1321380
1321390,We've got a heavy sodding defensive line here!,เรามีแนวรับที่หนักหน่วงที่นี่!,แคมเปญก็อง+มาร์เก็ตการ์เดน (บทพูดภารกิจ),1321390
1321400,Where the hell are Royal Scots and their Heavy Tanks!?,Royal Scots และรถถังหนักของพวกเขาอยู่ที่ไหน!?,แคมเปญก็อง+มาร์เก็ตการ์เดน (บทพูดภารกิจ),1321400
1321410,You'd think Woods could light a fire under their arse!,นึกว่าวูดส์จะช่วยเร่งตูดพวกนั้นให้ขยับเร็วขึ้นได้แท้ๆ!,แคมเปญก็อง+มาร์เก็ตการ์เดน (บทพูดภารกิจ),1321410
1321420,Lieutenant Bailey! Heavy Tank reporting!,ร้อยโทเบลีย์! รถถังหนักรายงาน!,แคมเปญก็อง+มาร์เก็ตการ์เดน (บทพูดภารกิจ),1321420
1321430,You've got your Churchills!,คุณมีเชอร์ชิลล์ของคุณแล้ว!,แคมเปญก็อง+มาร์เก็ตการ์เดน (บทพูดภารกิจ),1321430
1321440,"Armored Vehicle, Royal Engineer, A-V-R-E standing by.",รถหุ้มเกราะ ทหารช่างสนามหลวง A-V-R-E ยืนเคียงข้าง,แคมเปญก็อง+มาร์เก็ตการ์เดน (บทพูดภารกิจ),1321440
1321450,"Good timing, sir! ",ได้จังหวะดีๆ ครับ!,แคมเปญก็อง+มาร์เก็ตการ์เดน (บทพูดภารกิจ),1321450
1321460,DEGNAN!,สิบโทเดกแนน!,แคมเปญก็อง+มาร์เก็ตการ์เดน (บทพูดภารกิจ),1321460
1321470,Link up with those Churchills and have them neutralize that blockade!,เชื่อมโยงกับเชอร์ชิลล์เหล่านั้นและให้พวกเขาต่อต้านการปิดล้อมนั้น!,แคมเปญก็อง+มาร์เก็ตการ์เดน (บทพูดภารกิจ),1321470
1321480,WE NEED TO CROSS that river at any cost.,เราจำเป็นต้องข้ามแม่น้ำนั้นไม่ว่าจะด้วยวิธีใดก็ตาม,แคมเปญก็อง+มาร์เก็ตการ์เดน (บทพูดภารกิจ),1321480
1321490,Contact! AT Gun!,พบข้าศึก! ปืนต่อสู้รถถัง!,แคมเปญก็อง+มาร์เก็ตการ์เดน (บทพูดภารกิจ),1321490
1321500,On the fuckin' riverbank! Pak 38!,บนริมฝั่งแม่น้ำไอ้บ้า! ปาก 38!,แคมเปญก็อง+มาร์เก็ตการ์เดน (บทพูดภารกิจ),1321500
1321510,They've got the bridge covered with AT guns!,พวกเขามีสะพานที่ปกคลุมไปด้วยปืน AT!,แคมเปญก็อง+มาร์เก็ตการ์เดน (บทพูดภารกิจ),1321510
1321520,There's another Pak 38!,มีปาก 38 อีก!,แคมเปญก็อง+มาร์เก็ตการ์เดน (บทพูดภารกิจ),1321520
1321530,Incoming!  They've got us dialed in!,กำลังมา! พวกเขาเรียกเราเข้ามาแล้ว!,แคมเปญก็อง+มาร์เก็ตการ์เดน (บทพูดภารกิจ),1321530
1321540,Sir!  We've got arty rockets zeroed in on us!,ท่าน! เรามีจรวดอาร์ตี้พุ่งเข้ามาหาเรา!,แคมเปญก็อง+มาร์เก็ตการ์เดน (บทพูดภารกิจ),1321540
1321550,We need to find those field rockets! ,เราจำเป็นต้องค้นหาจรวดสนามพวกนั้น!,แคมเปญก็อง+มาร์เก็ตการ์เดน (บทพูดภารกิจ),1321550
1321560,Get sections up there!,รับส่วนขึ้นไปที่นั่น!,แคมเปญก็อง+มาร์เก็ตการ์เดน (บทพูดภารกิจ),1321560
1321570,Those nebs need to be neutralized ASAP!,ต้องจัดการเครื่องยิงจรวดพวกนั้นให้สิ้นซากโดยเร็วที่สุด!,แคมเปญก็อง+มาร์เก็ตการ์เดน (บทพูดภารกิจ),1321570
1321580,We've got Nebelwerfers on the hill!,เรามี Nebelwerfers บนเนินเขาแล้ว!,แคมเปญก็อง+มาร์เก็ตการ์เดน (บทพูดภารกิจ),1321580
1321590,There's heavy backblast from the other side of the river! It must be the Nebelwerfers!,มีเสียงสะท้อนกลับอย่างหนักจากอีกฝั่งของแม่น้ำ! มันต้องเป็นพวกเนเบลเวอร์เฟอร์แน่ๆ!,แคมเปญก็อง+มาร์เก็ตการ์เดน (บทพูดภารกิจ),1321590
1321600,Nebelwerfers just beyond the river!,Nebelwerfers อยู่เลยแม่น้ำไป!,แคมเปญก็อง+มาร์เก็ตการ์เดน (บทพูดภารกิจ),1321600
1321610,Jerry's got the whole area zeroed.,เจอร์รี่ทำให้พื้นที่ทั้งหมดเป็นศูนย์,แคมเปญก็อง+มาร์เก็ตการ์เดน (บทพูดภารกิจ),1321610
1321620,Form assault parties.,จัดตั้งฝ่ายโจมตี,แคมเปญก็อง+มาร์เก็ตการ์เดน (บทพูดภารกิจ),1321620
1321630,Get them out there looking for the bastards.,พาพวกมันออกไปตามหาไอ้สารเลวนั่น,แคมเปญก็อง+มาร์เก็ตการ์เดน (บทพูดภารกิจ),1321630
1321640,That's one Nebelwerfer destroyed!,นั่นคือเนเบลเวอร์เฟอร์ตัวหนึ่งที่ถูกทำลาย!,แคมเปญก็อง+มาร์เก็ตการ์เดน (บทพูดภารกิจ),1321640
1321650,"We've sent another Nebelwerfer tits up, sir!",เราได้ส่งนมเนเบลเวอร์เฟอร์ไปอีกแล้วครับท่าน!,แคมเปญก็อง+มาร์เก็ตการ์เดน (บทพูดภารกิจ),1321650
1321660,"Bang on gents, just one  more left.",เอาใจสุภาพบุรุษ เหลืออีกเพียงคนเดียวเท่านั้น,แคมเปญก็อง+มาร์เก็ตการ์เดน (บทพูดภารกิจ),1321660
1321670,"Last Nebelwerfer destroyed, Bravo Zulu.",เนเบลเวอร์เฟอร์คนสุดท้ายที่ถูกทำลาย บราโว่ ซูลู,แคมเปญก็อง+มาร์เก็ตการ์เดน (บทพูดภารกิจ),1321670
1321680,"Bloody good work, lads.",ทำได้ดีมากนะเด็กๆ,แคมเปญก็อง+มาร์เก็ตการ์เดน (บทพูดภารกิจ),1321680
1321690,That's it for the Nebelwerfers.,แค่นั้นแหละสำหรับ Nebelwerfers,แคมเปญก็อง+มาร์เก็ตการ์เดน (บทพูดภารกิจ),1321690
1321700,Tourmauville is secure.,ตูร์เมาวิลล์ปลอดภัยแล้ว,แคมเปญก็อง+มาร์เก็ตการ์เดน (บทพูดภารกิจ),1321700
1321710,"Cpl. Degnan, get a runner back to HQ and inform them we've secured  a foothold across the Odon river.",สิบโทเดกแนน ส่งพลนำสารกลับไปที่กองบัญชาการ แจ้งพวกเขาว่าเรายึดที่มั่นข้ามแม่น้ำโอดอนได้แล้ว,แคมเปญก็อง+มาร์เก็ตการ์เดน (บทพูดภารกิจ),1321710
1321720,Baron has been secured.,บารอนปลอดภัยแล้ว,แคมเปญก็อง+มาร์เก็ตการ์เดน (บทพูดภารกิจ),1321720
1321740,Pumas! They've got armor support!,พูมาส! พวกเขามีเกราะสนับสนุน!,แคมเปญก็อง+มาร์เก็ตการ์เดน (บทพูดภารกิจ),1321740
1321750,Jerry's counter attacking with Panzers!,การโจมตีตอบโต้ของเจอร์รี่ด้วยยานเกราะ!,แคมเปญก็อง+มาร์เก็ตการ์เดน (บทพูดภารกิจ),1321750
1321760,Contact!  Panzers! We need armor support right fuckin' now!,ติดต่อ! แพนเซอร์! เราต้องการเกราะสนับสนุนตอนนี้เลย!,แคมเปญก็อง+มาร์เก็ตการ์เดน (บทพูดภารกิจ),1321760
1321770,German HQ destroyed!,กองบัญชาการเยอรมันถูกทำลาย!,แคมเปญก็อง+มาร์เก็ตการ์เดน (บทพูดภารกิจ),1321770
1321780,We've destroyed the Axis HQ!,เราได้ทำลายศูนย์บัญชาการฝ่ายอักษะแล้ว!,แคมเปญก็อง+มาร์เก็ตการ์เดน (บทพูดภารกิจ),1321780
1321790,"Excellent job, men!",ทำได้ดีมาก ทหาร!,แคมเปญก็อง+มาร์เก็ตการ์เดน (บทพูดภารกิจ),1321790
1321800,"Good bloody show, 3rd Battalion.",การแสดงเฮงซวยที่ดี กองพันที่ 3,แคมเปญก็อง+มาร์เก็ตการ์เดน (บทพูดภารกิจ),1321800
1321810,"Lt. Bailey, deploy the Mobile Command Post to Baron.",ร้อยโทเบลีย์ วางกำลังกองบัญชาการเคลื่อนที่ไปยังบารง,แคมเปญก็อง+มาร์เก็ตการ์เดน (บทพูดภารกิจ),1321810
1321820,"Lt. Bailey, deploy the Mobile Command Post to Tourmauville.",ร้อยโทเบลีย์ วางกำลังกองบัญชาการเคลื่อนที่ไปยังตูร์โมวีลล์ (ตูร์โมวิลล์),แคมเปญก็อง+มาร์เก็ตการ์เดน (บทพูดภารกิจ),1321820
1321830,We need to move our command post across the river.,เราจำเป็นต้องย้ายฐานบัญชาการของเราข้ามแม่น้ำ,แคมเปญก็อง+มาร์เก็ตการ์เดน (บทพูดภารกิจ),1321830
1321840,"Degnan, get those Service Battalion slackers to move the HQ and Mobile Command Posts across the river!",สิบโทเดกแนน สั่งให้พวกกองพันบริการจอมอู้ย้ายกองบัญชาการและฐานบัญชาการเคลื่อนที่ข้ามแม่น้ำมาเดี๋ยวนี้!,แคมเปญก็อง+มาร์เก็ตการ์เดน (บทพูดภารกิจ),1321840
1321850,Corporal Dillingham.,สิบโทดิลลิงแฮม,แคมเปญก็อง+มาร์เก็ตการ์เดน (บทพูดภารกิจ),1321850
1321860,Get the circus battalion gets to move their lorry.,รับกองพันละครสัตว์เพื่อขนย้ายรถบรรทุก,แคมเปญก็อง+มาร์เก็ตการ์เดน (บทพูดภารกิจ),1321860
1321870,"That's right, get her moving!",ใช่แล้ว ให้เธอเคลื่อนไหว!,แคมเปญก็อง+มาร์เก็ตการ์เดน (บทพูดภารกิจ),1321870
1321880,Set up a command area in one of the villages.,จัดตั้งเขตบัญชาการในหมู่บ้านแห่งหนึ่ง,แคมเปญก็อง+มาร์เก็ตการ์เดน (บทพูดภารกิจ),1321880
1321890,Set up command area over in Tourmauville.,ตั้งค่าพื้นที่บัญชาการใน ตูร์โมวิลล์,แคมเปญก็อง+มาร์เก็ตการ์เดน (บทพูดภารกิจ),1321890
1321900,Get over to Baron and set up command area.,ไปหาบารอนและตั้งค่าพื้นที่บัญชาการ,แคมเปญก็อง+มาร์เก็ตการ์เดน (บทพูดภารกิจ),1321900
1321910,Let's go. Get that vehicle over to one of the villages.,ไปกันเลย นำยานพาหนะนั้นไปที่หมู่บ้านแห่งหนึ่ง,แคมเปญก็อง+มาร์เก็ตการ์เดน (บทพูดภารกิจ),1321910
1321920,"It's packed and good to go, get it over to Tourmauville.",รถแน่นและพร้อมเดินทาง ส่งต่อไปยัง ตูร์โมวิลล์,แคมเปญก็อง+มาร์เก็ตการ์เดน (บทพูดภารกิจ),1321920
1321930,What are you waiting for? Get that mobile command vehicle over to Baron.,คุณจะรออะไรอีก? นำรถบังคับการเคลื่อนที่ไปให้บารอน,แคมเปญก็อง+มาร์เก็ตการ์เดน (บทพูดภารกิจ),1321930
1321940,"Deploy the HQ here, so we can plan the next phase of the mission.",วางกำลังกองบัญชาการที่นี่ เพื่อที่เราจะได้วางแผนระยะต่อไปของภารกิจได้,แคมเปญก็อง+มาร์เก็ตการ์เดน (บทพูดภารกิจ),1321940
1321950,"Your HQ is already at the location, deploy it when ready.",กองบัญชาการของคุณอยู่ที่ตำแหน่งนั้นแล้ว โปรดใช้งานเมื่อพร้อม,แคมเปญก็อง+มาร์เก็ตการ์เดน (บทพูดภารกิจ),1321950
1321960,HQ is operational Major.,กองบัญชาการเป็นหน่วยปฏิบัติการหลัก,แคมเปญก็อง+มาร์เก็ตการ์เดน (บทพูดภารกิจ),1321960
1321970,"It's already there, Major.",อยู่ที่นั่นเรียบร้อยแล้วครับ พันตรี,แคมเปญก็อง+มาร์เก็ตการ์เดน (บทพูดภารกิจ),1321970
1321980,3rd Battalion in position.,กองพันที่ 3 อยู่ในตำแหน่ง,แคมเปญก็อง+มาร์เก็ตการ์เดน (บทพูดภารกิจ),1321980
1321990,Awaiting Orders,รอคำสั่ง,แคมเปญก็อง+มาร์เก็ตการ์เดน (บทพูดภารกิจ),1321990
1322000,"Listen up lads, that bloody hill is our objective!",ฟังนะเด็ก ๆ เนินเขาเฮงซวยนั่นคือเป้าหมายของเรา!,แคมเปญก็อง+มาร์เก็ตการ์เดน (บทพูดภารกิจ),1322000
1322010,Use the walking barrage to support infantry on their way up. ,ใช้การระดมยิงม่านกระสุนเคลื่อนที่ เพื่อสนับสนุนทหารราบขณะรุกคืบขึ้นไป,แคมเปญก็อง+มาร์เก็ตการ์เดน (บทพูดภารกิจ),1322010
1322020,Keep a look out for enemy emplacements Jerry knows we're coming. ,คอยระวังตำแหน่งของศัตรู เจอร์รี่รู้ว่าเรากำลังมา,แคมเปญก็อง+มาร์เก็ตการ์เดน (บทพูดภารกิจ),1322020
1322030,"Jerry Contact, flank that emplacement and take it out lads!",เจอร์รี่ติดต่อ ขนาบข้างตำแหน่งนั้นแล้วเอามันออกไปนะหนุ่มๆ!,แคมเปญก็อง+มาร์เก็ตการ์เดน (บทพูดภารกิจ),1322030
1322040,"A-V-R-E support required, I say again A-V-R-E support required.  ",จำเป็นต้องมีการสนับสนุน A-V-R-E ฉันพูดอีกครั้งว่าจำเป็นต้องมีการสนับสนุน A-V-R-E,แคมเปญก็อง+มาร์เก็ตการ์เดน (บทพูดภารกิจ),1322040
1322041,We've got heavy concrete bunkers!,เรามีบังเกอร์คอนกรีตหนัก!,แคมเปญก็อง+มาร์เก็ตการ์เดน (บทพูดภารกิจ),1322041
1322050,You've got the location now get to it!,คุณได้ตำแหน่งแล้ว ลุยเลย!,แคมเปญก็อง+มาร์เก็ตการ์เดน (บทพูดภารกิจ),1322050
1322060,I'll be fucked mate if I make half way up this forsaken hill!,ฉันจะเละเทะเลยเพื่อน หากฉันเดินไปได้ครึ่งทางขึ้นเนินเขาที่ถูกทิ้งร้างนี้!,แคมเปญก็อง+มาร์เก็ตการ์เดน (บทพูดภารกิจ),1322060
1322070,"Cover me Nathan, I'm going in!",ยิงคุ้มกันฉันด้วยนาธาน ฉันจะเข้าไปแล้ว!,แคมเปญก็อง+มาร์เก็ตการ์เดน (บทพูดภารกิจ),1322070
1322080,Mark my words! This hill will be in Allied hands by nightfall!,ทำเครื่องหมายคำพูดของฉัน! เนินเขานี้จะตกไปอยู่ในมือของฝ่ายสัมพันธมิตรก่อนค่ำ!,แคมเปญก็อง+มาร์เก็ตการ์เดน (บทพูดภารกิจ),1322080
1322090,Sweet Mary mother of Christ!,แมรี่ผู้เป็นแม่ของพระคริสต์!,แคมเปญก็อง+มาร์เก็ตการ์เดน (บทพูดภารกิจ),1322090
1322100,"They killed fucking Darwin, those bastards!",พวกเขาฆ่าดาร์วินไอ้สารเลวพวกนั้น!,แคมเปญก็อง+มาร์เก็ตการ์เดน (บทพูดภารกิจ),1322100
1322110,Poor guy just wanted to show the world a bit of good.,คนจนแค่อยากแสดงให้โลกเห็นถึงสิ่งดีๆ บ้าง,แคมเปญก็อง+มาร์เก็ตการ์เดน (บทพูดภารกิจ),1322110
1322120,Holy shit! What the fuck was that?!,ฉิบหายแล้ว! นั่นมันอะไรกัน!,แคมเปญก็อง+มาร์เก็ตการ์เดน (บทพูดภารกิจ),1322120
1322130,Artillery incoming from the top of the hill!,ปืนใหญ่เข้ามาจากยอดเขา!,แคมเปญก็อง+มาร์เก็ตการ์เดน (บทพูดภารกิจ),1322130
1322140,Artillery from the hill Incoming!,ปืนใหญ่จากเนินเขาเข้ามาแล้ว!,แคมเปญก็อง+มาร์เก็ตการ์เดน (บทพูดภารกิจ),1322140
1322150,Heads down! Artillery incoming!,ก้มหัวลง! ปืนใหญ่มาแล้ว!,แคมเปญก็อง+มาร์เก็ตการ์เดน (บทพูดภารกิจ),1322150
1322160,They've got Arty on the hill!,พวกเขามี Arty บนเนินเขา!,แคมเปญก็อง+มาร์เก็ตการ์เดน (บทพูดภารกิจ),1322160
1322170,Find cover!  Incoming!,หาที่กำบัง! กำลังมา!,แคมเปญก็อง+มาร์เก็ตการ์เดน (บทพูดภารกิจ),1322170
1322180,Jerry's got arty on the hill!,เจอร์รี่มีศิลปะบนเนินเขา!,แคมเปญก็อง+มาร์เก็ตการ์เดน (บทพูดภารกิจ),1322180
1322190,"Gun Line!  Fire mission!  Walking barrage!  H-E quick, stand by!",แนวปืนใหญ่! ภารกิจระดมยิง! การระดมยิงม่านกระสุนเคลื่อนที่! บรรจุกระสุน HE ด่วน เตรียมพร้อม!,แคมเปญก็อง+มาร์เก็ตการ์เดน (บทพูดภารกิจ),1322190
1322200,"Extend line gents!  Arty inbound!  Move, move!",ขยายแนวสุภาพบุรุษ! ปืนใหญ่กำลังมา! ไปเร็ว ไปเร็ว!,แคมเปญก็อง+มาร์เก็ตการ์เดน (บทพูดภารกิจ),1322200
1322210,Be ready to go once the rounds start to splash down!,เตรียมตัวให้พร้อมเมื่อรอบเริ่มสาดลง!,แคมเปญก็อง+มาร์เก็ตการ์เดน (บทพูดภารกิจ),1322210
1322220,"Walking barrage boys, artillery's gonna lead up  the hill!",เตรียมตัวรุกตามม่านกระสุนเคลื่อนที่พวกเรา ปืนใหญ่จะยิงนำขึ้นเนินเขาไป!,แคมเปญก็อง+มาร์เก็ตการ์เดน (บทพูดภารกิจ),1322220
1322230,Form up on the assault line!,ตั้งแนวรุก!,แคมเปญก็อง+มาร์เก็ตการ์เดน (บทพูดภารกิจ),1322230
1322240,"Move, Move!",ไปเร็ว ไปเร็ว!,แคมเปญก็อง+มาร์เก็ตการ์เดน (บทพูดภารกิจ),1322240
1322250,"Shite, shut your mouth and move!",หุบปากแล้วขยับไปซะ!,แคมเปญก็อง+มาร์เก็ตการ์เดน (บทพูดภารกิจ),1322250
1322260,"Arty Barrage is standing by, Major.",การระดมยิงปืนใหญ่พร้อมแล้วครับ พันตรี,แคมเปญก็อง+มาร์เก็ตการ์เดน (บทพูดภารกิจ),1322260
1322270,Lt Bailey you are clear to commence the Walking Barrage from Tourmauville or Baron,ร้อยโทเบลีย์ คุณได้รับอนุมัติให้เริ่มการระดมยิงม่านกระสุนเคลื่อนที่ จากตูร์โมวีลล์ หรือบารงได้,แคมเปญก็อง+มาร์เก็ตการ์เดน (บทพูดภารกิจ),1322270
1322280,The Walking Barrage will cover our advance as 3rd Battalion moves up the hill.,ระดมยิงม่านกระสุนเคลื่อนที่ จะครอบคลุมความก้าวหน้าของเราในขณะที่กองพันที่ 3 เคลื่อนตัวขึ้นเนินเขา,แคมเปญก็อง+มาร์เก็ตการ์เดน (บทพูดภารกิจ),1322280
1322290,Form your units up in the designated area outside Tourmauville.,สร้างหน่วยของคุณในพื้นที่ที่กำหนดนอก ตูร์โมวิลล์,แคมเปญก็อง+มาร์เก็ตการ์เดน (บทพูดภารกิจ),1322290
1322300,Form your units up on the grid location outside Baron.,สร้างยูนิตของคุณบนตำแหน่งกริดด้านนอกบารอน,แคมเปญก็อง+มาร์เก็ตการ์เดน (บทพูดภารกิจ),1322300
1322310,"Okay, get ready. The barrage should begin any minute now.",โอเค เตรียมพร้อม การระดมยิงปืนใหญ่จะเริ่มขึ้นทุกวินาทีต่อจากนี้,แคมเปญก็อง+มาร์เก็ตการ์เดน (บทพูดภารกิจ),1322310
1322320,Wait for the signal. ,รอสัญญาณ.,แคมเปญก็อง+มาร์เก็ตการ์เดน (บทพูดภารกิจ),1322320
1322330,Move! Move! Move!,เคลื่อนไหว! เคลื่อนไหว! เคลื่อนไหว!,แคมเปญก็อง+มาร์เก็ตการ์เดน (บทพูดภารกิจ),1322330
1322340,Go! Go! Go!,ไป! ไป! ไป!,แคมเปญก็อง+มาร์เก็ตการ์เดน (บทพูดภารกิจ),1322340
1322350,Move up that line!,เลื่อนขึ้นไปแถวนั้น!,แคมเปญก็อง+มาร์เก็ตการ์เดน (บทพูดภารกิจ),1322350
1322360,Get up that hill!,ขึ้นไปบนเนินเขานั้น!,แคมเปญก็อง+มาร์เก็ตการ์เดน (บทพูดภารกิจ),1322360
1322370,Signal spotted.,พบสัญญาณแล้ว,แคมเปญก็อง+มาร์เก็ตการ์เดน (บทพูดภารกิจ),1322370
1322380,We have a go.,เราต้องไปแล้ว,แคมเปญก็อง+มาร์เก็ตการ์เดน (บทพูดภารกิจ),1322380
1322390,"Heads down, next barrage imminent!",ก้มหัวลง การระดมยิงระลอกต่อไปกำลังจะมาแล้ว!,แคมเปญก็อง+มาร์เก็ตการ์เดน (บทพูดภารกิจ),1322390
1322400,"Hold onto your knickers, lads!",จับกางเกงในไว้นะเด็กๆ!,แคมเปญก็อง+มาร์เก็ตการ์เดน (บทพูดภารกิจ),1322400
1322410,Incoming barrage.,การยิงปูพรมที่เข้ามา,แคมเปญก็อง+มาร์เก็ตการ์เดน (บทพูดภารกิจ),1322410
1322420,Walking Barrage available.,การระดมยิงม่านกระสุนเคลื่อนที่ พร้อมใช้งานแล้ว,แคมเปญก็อง+มาร์เก็ตการ์เดน (บทพูดภารกิจ),1322420
1322430,"Artillery bunker spotted, eliminate the threat.",พบบังเกอร์ปืนใหญ่ กำจัดภัยคุกคาม,แคมเปญก็อง+มาร์เก็ตการ์เดน (บทพูดภารกิจ),1322430
1322440,"We'll do no good with that Turret on us, take it out!",เราจะไม่ทำอะไรกับป้อมปืนนั่นใส่เรา เอามันออกไป!,แคมเปญก็อง+มาร์เก็ตการ์เดน (บทพูดภารกิจ),1322440
1322450,And take out those sodding pillboxes while you're at it!,และนำกล่องยาเม็ดหญ้าเหล่านั้นออกมาในขณะที่คุณอยู่ที่นั่น!,แคมเปญก็อง+มาร์เก็ตการ์เดน (บทพูดภารกิจ),1322450
1322460,"We're getting close, button it up and take that hill!",เราใกล้เข้ามาแล้ว กดปุ่มขึ้นแล้วยึดเนินเขานั้นไป!,แคมเปญก็อง+มาร์เก็ตการ์เดน (บทพูดภารกิจ),1322460
1322470,Look what we dug up on the rabbit run!,ดูสิ่งที่เราขุดขึ้นมาในการวิ่งกระต่าย!,แคมเปญก็อง+มาร์เก็ตการ์เดน (บทพูดภารกิจ),1322470
1322480,Made a block of Swiss cheese out this hill they did!,พวกเขาทำชีสสวิสหนึ่งก้อนจากเนินเขานี้!,แคมเปญก็อง+มาร์เก็ตการ์เดน (บทพูดภารกิจ),1322480
1322490,I thought she was a hill but this girl's a flibbin fortress!,ฉันคิดว่าเธอเป็นเนินเขา แต่ผู้หญิงคนนี้เป็นป้อมปราการที่น่ารังเกียจ!,แคมเปญก็อง+มาร์เก็ตการ์เดน (บทพูดภารกิจ),1322490
1322500,There must be entrances all over this hill!,จะต้องมีทางเข้าทั่วทั้งเนินเขานี้!,แคมเปญก็อง+มาร์เก็ตการ์เดน (บทพูดภารกิจ),1322500
1322510,It's like a rabbit warren!,มันเหมือนกับกระต่ายวอร์เรน!,แคมเปญก็อง+มาร์เก็ตการ์เดน (บทพูดภารกิจ),1322510
1322520,Just wait till Major Blackmore gets a load of this.,รอจนกว่าเมเจอร์ แบล็คมอร์จะรู้เรื่องพวกนี้ก่อน,แคมเปญก็อง+มาร์เก็ตการ์เดน (บทพูดภารกิจ),1322520
1322530,Shite! That had to hurt.,เหี้ย! นั่นต้องเจ็บ,แคมเปญก็อง+มาร์เก็ตการ์เดน (บทพูดภารกิจ),1322530
1322540,No more Jerry in them sorry holes that's for sure. ,ไม่มีเจอร์รี่อยู่ในหลุมขอโทษแล้วอย่างแน่นอน,แคมเปญก็อง+มาร์เก็ตการ์เดน (บทพูดภารกิจ),1322540
1322550,Jerry is a bit like a tricky rabbit. Fucking tarts.,เจอร์รี่เป็นเหมือนกระต่ายเจ้าเล่ห์เล็กน้อย ไอ้พวกเวรเอ๊ย,แคมเปญก็อง+มาร์เก็ตการ์เดน (บทพูดภารกิจ),1322550
1322560,Jerry Artillery emplacement sighted.,พบที่ตั้งของ Jerry Artillery,แคมเปญก็อง+มาร์เก็ตการ์เดน (บทพูดภารกิจ),1322560
1322570,Take Cover...,เข้าที่กำบัง...,แคมเปญก็อง+มาร์เก็ตการ์เดน (บทพูดภารกิจ),1322570
1322580,We need HE to crack that bunker.,เราต้องการให้เขาพังบังเกอร์นั่น,แคมเปญก็อง+มาร์เก็ตการ์เดน (บทพูดภารกิจ),1322580
1322590,Contact! Static AT emplacement. ,ติดต่อ! ตำแหน่ง AT แบบคงที่,แคมเปญก็อง+มาร์เก็ตการ์เดน (บทพูดภารกิจ),1322590
1322600,Keep those bleedin' Cromwell's out of its arcs!,ไล่พวกครอมเวลล์ที่กำลังเลือดออกให้พ้นทาง!,แคมเปญก็อง+มาร์เก็ตการ์เดน (บทพูดภารกิจ),1322600
1322610,Degnan I want that turret in ruins... now!,สิบโทเดกแนน ฉันต้องการให้ป้อมปืนนั่นพังพินาศ... เดี๋ยวนี้!,แคมเปญก็อง+มาร์เก็ตการ์เดน (บทพูดภารกิจ),1322610
1322620,What the hell is that fuckin' behemoth.,ไอ้นี่มันบ้าอะไรเนี่ย,แคมเปญก็อง+มาร์เก็ตการ์เดน (บทพูดภารกิจ),1322620
1322630,Looks like a tank turret.,ดูเหมือนป้อมรถถัง,แคมเปญก็อง+มาร์เก็ตการ์เดน (บทพูดภารกิจ),1322630
1322640,Fuckin' poor bastards didn't know what hit 'em.,ไอ้สารเลวเลวทรามไม่รู้ว่าโดนอะไร,แคมเปญก็อง+มาร์เก็ตการ์เดน (บทพูดภารกิจ),1322640
1322650,Is that a foot?,นั่นเท้าเหรอ?,แคมเปญก็อง+มาร์เก็ตการ์เดน (บทพูดภารกิจ),1322650
1322651,"Oh shite, smells like a cook out.",โอ้ย มีกลิ่นเหมือนคนทำอาหารข้างนอกเลย,แคมเปญก็อง+มาร์เก็ตการ์เดน (บทพูดภารกิจ),1322651
1322660,Panthers! They've got Panthers incoming.,แพนเทอร์! พวกเขามีแพนเทอร์เข้ามาแล้ว,แคมเปญก็อง+มาร์เก็ตการ์เดน (บทพูดภารกิจ),1322660
1322670,"Armor support needed on the hill, Panthers spotted. ",จำเป็นต้องมีการรองรับเกราะบนเนินเขา แพนเทอร์สเห็น,แคมเปญก็อง+มาร์เก็ตการ์เดน (บทพูดภารกิจ),1322670
1322680,"I say again, Panthers on the Hill!",ฉันพูดอีกครั้ง Panthers on the Hill!,แคมเปญก็อง+มาร์เก็ตการ์เดน (บทพูดภารกิจ),1322680
1322700,"Jerry fell down an broke his crown, and we came tumbling after!",เจอร์รี่ล้มมงกุฎของเขาหัก และเราก็ล้มลงไปตาม!,แคมเปญก็อง+มาร์เก็ตการ์เดน (บทพูดภารกิจ),1322700
1322710,Looks like Jerry's got no balls at all! ,ดูเหมือนพวกเจอร์รี่จะชักจะกลัวตายแล้ว!,แคมเปญก็อง+มาร์เก็ตการ์เดน (บทพูดภารกิจ),1322710
1322720,"Hill 112 is finally ours, gentlemen, Bravo.",ในที่สุด ฮิลล์ 112 ก็เป็นของเราแล้ว ท่านสุภาพบุรุษ ไชโย,แคมเปญก็อง+มาร์เก็ตการ์เดน (บทพูดภารกิจ),1322720
1322730,Too much Allied blood has been shed for this hill.,เลือดของพันธมิตรหลั่งไหลมากเกินไปสำหรับเนินเขาแห่งนี้,แคมเปญก็อง+มาร์เก็ตการ์เดน (บทพูดภารกิจ),1322730
1322740,I get a message up the chain to the Major...,ฉันจะส่งข้อความตามสายการบังคับบัญชาไปถึงท่านพันตรี...,แคมเปญก็อง+มาร์เก็ตการ์เดน (บทพูดภารกิจ),1322740
1322750,"Listen up men, secure the village sector in readiness for the HQ!",ฟังให้ดีทุกคน ยึดเซกเตอร์หมู่บ้านให้ปลอดภัยเพื่อเตรียมพร้อมสำหรับกองบัญชาการ!,แคมเปญก็อง+มาร์เก็ตการ์เดน (บทพูดภารกิจ),1322750
1322760,The destination won't have supply lines.,ปลายทางจะไม่มีเส้นอุปทาน,แคมเปญก็อง+มาร์เก็ตการ์เดน (บทพูดภารกิจ),1322760
1322770,Capture all the sectors at the specified grid locations.,ยึดเซกเตอร์ทั้งหมดตามพิกัดตารางที่ระบุ,แคมเปญก็อง+มาร์เก็ตการ์เดน (บทพูดภารกิจ),1322770
1322780,That bridge will need to be repaired as well.,สะพานนั้นจะต้องได้รับการซ่อมแซมเช่นกัน,แคมเปญก็อง+มาร์เก็ตการ์เดน (บทพูดภารกิจ),1322780
1328000,"In the S2's own words, ""...the hill should be clear and void of any enemy defenses.""   ","ตามคำพูดของ S2 ""...เนินเขาควรจะปลอดโปร่งและไม่มีการป้องกันของศัตรู""",แคมเปญก็อง+มาร์เก็ตการ์เดน (บทพูดภารกิจ),1328000
1328005,"Not surprisingly, the General's Intel Staff have their heads completely up their arses.  ",ไม่น่าแปลกใจเลยที่นายทหารสัญญาบัตร Intel ของนายพลเงยหน้าขึ้นมอง,แคมเปญก็อง+มาร์เก็ตการ์เดน (บทพูดภารกิจ),1328005
1328010,"To reach Hill 112 we have to cross the bridges over the River Odon near the villages of Baron, and Tourmauville.",ในการไปถึงเนินเขา 112 เราต้องข้ามสะพานข้ามแม่น้ำ Odon ใกล้กับหมู่บ้าน Baron และ ตูร์โมวิลล์,แคมเปญก็อง+มาร์เก็ตการ์เดน (บทพูดภารกิจ),1328010
1328030,Recce has identified elements of the 1st and 10th SS Panzer Divisions in the area.,Recce ได้ระบุองค์ประกอบของกองพลยานเกราะ SS ที่ 1 และ 10 ในพื้นที่,แคมเปญก็อง+มาร์เก็ตการ์เดน (บทพูดภารกิจ),1328030
1328040,Churchill heavy tanks from the Royal Scots are moving up as we speak.,รถถังหนัก Churchill จาก Royal Scots กำลังเคลื่อนพลขึ้นในขณะที่เราพูด,แคมเปญก็อง+มาร์เก็ตการ์เดน (บทพูดภารกิจ),1328040
1328050,Have our light Armor recce the bridges before committing the heavy tanks.,ให้เกราะเบาของเรายึดสะพานก่อนเริ่มโจมตีรถถังหนัก,แคมเปญก็อง+มาร์เก็ตการ์เดน (บทพูดภารกิจ),1328050
1328060,3rd Battalion must clear the villages and secure a bridgehead across the Odon.,กองพันที่ 3 จะต้องเคลียร์หมู่บ้านและยึดหัวสะพานข้ามโอดอน,แคมเปญก็อง+มาร์เก็ตการ์เดน (บทพูดภารกิจ),1328060
1328070,"Move quickly, I don't want to bottleneck the main advance.",ย้ายให้ไว ไม่อยากคอขวดความก้าวหน้าหลัก,แคมเปญก็อง+มาร์เก็ตการ์เดน (บทพูดภารกิจ),1328070
1328100,"With the bridgehead established, we can advance onto Hill 112.",เมื่อสร้างหัวสะพานแล้ว เราก็สามารถมุ่งหน้าสู่เนินเขา 112 ได้,แคมเปญก็อง+มาร์เก็ตการ์เดน (บทพูดภารกิจ),1328100
1328110,The 10th SS have firmly dug in. Division has made artillery support available to 3rd Battalion.,SS ที่ 10 ได้รุกเข้ามาอย่างมั่นคง กองพลได้ให้การสนับสนุนปืนใหญ่แก่กองพันที่ 3,แคมเปญก็อง+มาร์เก็ตการ์เดน (บทพูดภารกิจ),1328110
1328120,The divisons' Howitzers are in range and ready to provide fire support.,ปืนใหญ่วิถีโค้งของหน่วยงานอยู่ในระยะและพร้อมที่จะทำการยิงสนับสนุน,แคมเปญก็อง+มาร์เก็ตการ์เดน (บทพูดภารกิจ),1328120
1328130,Instruct them to provide a Walking Barrage to support our advances on the Hill at these locations.,สั่งให้พวกเขาจัดเตรียม ระดมยิงม่านกระสุนเคลื่อนที่ เพื่อรองรับความก้าวหน้าของเราบนเนินเขา ณ สถานที่เหล่านี้,แคมเปญก็อง+มาร์เก็ตการ์เดน (บทพูดภารกิจ),1328130
1328140,Let's soften up Jerry for the boys.,มาเอาใจหนุ่มๆ Jerry กันดีกว่า,แคมเปญก็อง+มาร์เก็ตการ์เดน (บทพูดภารกิจ),1328140
1328150,Have the Royal Scots form up on the assault line before the attack.,ให้ Royal Scots ก่อตัวเป็นแนวโจมตีก่อนการโจมตี,แคมเปญก็อง+มาร์เก็ตการ์เดน (บทพูดภารกิจ),1328150
1328160,3rd Battalion orders are to take the Hill.,กองพันที่ 3 สั่งยึดเนินเขา,แคมเปญก็อง+มาร์เก็ตการ์เดน (บทพูดภารกิจ),1328160
1328200,Initial reports indicate the Huns have defensive positions along the River Odon. ,รายงานเบื้องต้นระบุว่าชาวฮั่นมีตำแหน่งป้องกันตามแม่น้ำโอดอน,แคมเปญก็อง+มาร์เก็ตการ์เดน (บทพูดภารกิจ),1328200
1328210,"Resistance should be limited to MG Teams, snipers and scattered AT Guns.","การต่อต้านควรจำกัดไว้ที่ทีม MG, สไนเปอร์ และปืน AT ที่กระจัดกระจาย",แคมเปญก็อง+มาร์เก็ตการ์เดน (บทพูดภารกิจ),1328210
1328220,"Secure a base of operations, here. ",ยึดฐานปฏิบัติการไว้ที่นี่,แคมเปญก็อง+มาร์เก็ตการ์เดน (บทพูดภารกิจ),1328220
1328230,"When the perimeter has been established, deploy 3rd Battalion's Mobile HQ to the area.",เมื่อกำหนดขอบเขตแล้ว ให้จัดกำลังกองบัญชาการเคลื่อนที่ของกองพันที่ 3 ลงในพื้นที่,แคมเปญก็อง+มาร์เก็ตการ์เดน (บทพูดภารกิจ),1328230
1328240,"Once on the ground, we will have additional Infantry and Light Armored support available.",เมื่อลงสู่พื้นแล้ว เราจะมีการสนับสนุนทหารราบและเกราะเบาเพิ่มเติม,แคมเปญก็อง+มาร์เก็ตการ์เดน (บทพูดภารกิจ),1328240
1329100,Clear either Tourmauville or Baron-sur-Odon,เคลียร์ ตูร์โมวิลล์ หรือ Baron-sur-Odon,แคมเปญก็อง+มาร์เก็ตการ์เดน (บทพูดภารกิจ),1329100
1329101,Deploy the Command Truck to Tourmauville or Baron-sur-Odon,วางกำลังรถบรรทุกควบคุมไปที่ ตูร์โมวิลล์ หรือ Baron-sur-Odon,แคมเปญก็อง+มาร์เก็ตการ์เดน (บทพูดภารกิจ),1329101
1329102,Capture Hill 112,แคปเตอร์ฮิลล์ 112,แคมเปญก็อง+มาร์เก็ตการ์เดน (บทพูดภารกิจ),1329102
1329103,Destroy the Nebelwerfer Batteries,ทำลายแบตเตอรี่ Nebelwerfer,แคมเปญก็อง+มาร์เก็ตการ์เดน (บทพูดภารกิจ),1329103
1329104,Clear the village of Tourmauville,เคลียร์หมู่บ้าน ตูร์โมวิลล์,แคมเปญก็อง+มาร์เก็ตการ์เดน (บทพูดภารกิจ),1329104
1329105,Clear the village of Baron-sur-Odon,เคลียร์หมู่บ้าน Baron-sur-Odon,แคมเปญก็อง+มาร์เก็ตการ์เดน (บทพูดภารกิจ),1329105
1329106,Deploy the Command Truck to Tourmauville,วางกำลัง รถบังคับการ ไปยัง ตูร์โมวิลล์,แคมเปญก็อง+มาร์เก็ตการ์เดน (บทพูดภารกิจ),1329106
1329107,Deploy the Command Truck to Baron-sur-Odon,วางกำลังรถบรรทุกควบคุมไปที่ Baron-sur-Odon,แคมเปญก็อง+มาร์เก็ตการ์เดน (บทพูดภารกิจ),1329107
1329108,Establish a Bridgehead,ก่อตั้งหัวสะพาน,แคมเปญก็อง+มาร์เก็ตการ์เดน (บทพูดภารกิจ),1329108
1329109,Capture Territory,ยึดดินแดน,แคมเปญก็อง+มาร์เก็ตการ์เดน (บทพูดภารกิจ),1329109
1329110,Deploy the Headquarters Command Truck,จัดวางรถบังคับการการกองบัญชาการ,แคมเปญก็อง+มาร์เก็ตการ์เดน (บทพูดภารกิจ),1329110
1329111,Set up the Headquarters Command Truck,ตั้งรถบังคับการกองบัญชาการใหญ่,แคมเปญก็อง+มาร์เก็ตการ์เดน (บทพูดภารกิจ),1329111
1329112,Capture a Second Territory,ยึดครองดินแดนที่สอง,แคมเปญก็อง+มาร์เก็ตการ์เดน (บทพูดภารกิจ),1329112
1329113,Deploy the Field Support Truck,วางรถสนับสนุนภาคสนาม,แคมเปญก็อง+มาร์เก็ตการ์เดน (บทพูดภารกิจ),1329113
1329114,Set up the Field Support Truck,ติดตั้งรถสนับสนุนภาคสนาม,แคมเปญก็อง+มาร์เก็ตการ์เดน (บทพูดภารกิจ),1329114
1329120,Clear all enemy units from either Baron-sur-Odon or Tourmauville.,เคลียร์ยูนิตศัตรูทั้งหมดจาก Baron-sur-Odon หรือ ตูร์โมวิลล์,แคมเปญก็อง+มาร์เก็ตการ์เดน (บทพูดภารกิจ),1329120
1329121,Pack up the HQ Command Truck and deploy it to the courtyard at either Tourmauville or Baron-sur-Odon.,รวบรวม HQ รถบังคับการ และนำไปไว้ที่ลานบ้านที่ ตูร์โมวิลล์ หรือ Baron-sur-Odon,แคมเปญก็อง+มาร์เก็ตการ์เดน (บทพูดภารกิจ),1329121
1329122,Clear all enemies out of the Axis compound at the top of Hill 112. Use the Walking Barrage to assist the assault. ,กำจัดศัตรูทั้งหมดออกจากบริเวณฝ่ายอักษะบนยอดเขา 112 ใช้ ระดมยิงม่านกระสุนเคลื่อนที่ เพื่อช่วยเหลือการโจมตี,แคมเปญก็อง+มาร์เก็ตการ์เดน (บทพูดภารกิจ),1329122
1329123,Destroy all the Nebelwerfers around Hill 112.,ทำลาย Nebelwerfers ทั้งหมดรอบๆ Hill 112,แคมเปญก็อง+มาร์เก็ตการ์เดน (บทพูดภารกิจ),1329123
1329124,Clear all enemy units from the village of Tourmauville.,เคลียร์ยูนิตศัตรูทั้งหมดออกจากหมู่บ้าน ตูร์โมวิลล์,แคมเปญก็อง+มาร์เก็ตการ์เดน (บทพูดภารกิจ),1329124
1329125,Clear all enemy units from the village of Baron-sur-Odon.,เคลียร์ยูนิตศัตรูทั้งหมดออกจากหมู่บ้าน Baron-sur-Odon,แคมเปญก็อง+มาร์เก็ตการ์เดน (บทพูดภารกิจ),1329125
1329126,Pack up the HQ Command Truck and deploy it to the courtyard in Tourmauville.,รวบรวม HQ รถบังคับการ และนำไปไว้ที่ลานภายในใน ตูร์โมวิลล์,แคมเปญก็อง+มาร์เก็ตการ์เดน (บทพูดภารกิจ),1329126
1329127,Pack up the HQ Command Truck and deploy it to the courtyard in Baron-sur-Odon.,รวบรวม HQ รถบังคับการ และนำไปไว้ที่ลานบ้านใน Baron-sur-Odon,แคมเปญก็อง+มาร์เก็ตการ์เดน (บทพูดภารกิจ),1329127
1329128,Capture Territory and deploy Command Trucks to establish a base on the near side of the river.,ยึดอาณาเขตและจัดวางรถบังคับการเพื่อสร้างฐานทัพที่ฝั่งใกล้แม่น้ำ,แคมเปญก็อง+มาร์เก็ตการ์เดน (บทพูดภารกิจ),1329128
1329140,Tourmauville Cleared,ตูร์เมาวิลล์ เคลียร์แล้ว,แคมเปญก็อง+มาร์เก็ตการ์เดน (บทพูดภารกิจ),1329140
1329141,Baron Cleared,บารอนเคลียร์แล้ว,แคมเปญก็อง+มาร์เก็ตการ์เดน (บทพูดภารกิจ),1329141
1329142,Hill 112 Captured,ฮิลล์ 112 ถูกจับแล้ว,แคมเปญก็อง+มาร์เก็ตการ์เดน (บทพูดภารกิจ),1329142
1329144,Bridgehead Established,ก่อตั้งบริดจ์เฮด,แคมเปญก็อง+มาร์เก็ตการ์เดน (บทพูดภารกิจ),1329144
1329145,Command Truck Redeployed,รถบังคับการถูกส่งกำลังรบใหม่,แคมเปญก็อง+มาร์เก็ตการ์เดน (บทพูดภารกิจ),1329145
1329160,Order Artillery or the A.V.R.E. to destroy this blockade,สั่งการปืนใหญ่หรือ A.V.R.E. เพื่อทำลายการปิดล้อมนี้,แคมเปญก็อง+มาร์เก็ตการ์เดน (บทพูดภารกิจ),1329160
1329161,Order the A.V.R.E. to destroy the hedgerow,สั่งการ A.V.R.E. เพื่อทำลายพุ่มไม้,แคมเปญก็อง+มาร์เก็ตการ์เดน (บทพูดภารกิจ),1329161
1329162,Order Sappers to repair the bridge,สั่งให้ช่างซ่อมสะพาน,แคมเปญก็อง+มาร์เก็ตการ์เดน (บทพูดภารกิจ),1329162
1329163,Call in an HQ Command Truck,เรียกรถบรรทุกบัญชาการกองบัญชาการเข้ามา,แคมเปญก็อง+มาร์เก็ตการ์เดน (บทพูดภารกิจ),1329163
1329164,Call in a Field Support Truck,เรียกรถสนับสนุนภาคสนามเข้ามา,แคมเปญก็อง+มาร์เก็ตการ์เดน (บทพูดภารกิจ),1329164
1329165,Sappers can repair this bridge,แซปเปอร์สามารถซ่อมแซมสะพานนี้ได้,แคมเปญก็อง+มาร์เก็ตการ์เดน (บทพูดภารกิจ),1329165
1329167,Order Lieutenant to follow the Infantry,สั่งให้ร้อยโทติดตามทหารราบ,แคมเปญก็อง+มาร์เก็ตการ์เดน (บทพูดภารกิจ),1329167
1329168,Click to Maintain Command Range,คลิกเพื่อรักษาระยะการสั่งการ,แคมเปญก็อง+มาร์เก็ตการ์เดน (บทพูดภารกิจ),1329168
1329169,Deploy the HQ Command Truck,วางกำลังรถบรรทุกบัญชาการกองบัญชาการ,แคมเปญก็อง+มาร์เก็ตการ์เดน (บทพูดภารกิจ),1329169
1329170,This bridge is about to blow,สะพานนี้กำลังจะพังแล้ว,แคมเปญก็อง+มาร์เก็ตการ์เดน (บทพูดภารกิจ),1329170
1329180,Churchill A.V.R.E. has arrived,เชอร์ชิล A.V.R.E. มาถึงแล้ว,แคมเปญก็อง+มาร์เก็ตการ์เดน (บทพูดภารกิจ),1329180
1329181,Stuart Tank has arrived,รถถังสจวร์ตมาถึงแล้ว,แคมเปญก็อง+มาร์เก็ตการ์เดน (บทพูดภารกิจ),1329181
1329182,Cromwells have arrived,ครอมเวลล์มาแล้ว,แคมเปญก็อง+มาร์เก็ตการ์เดน (บทพูดภารกิจ),1329182
1329183,Armour Command Truck available,มีรถเกราะสั่งการ,แคมเปญก็อง+มาร์เก็ตการ์เดน (บทพูดภารกิจ),1329183
1329184,Walking Barrage ready,การระดมยิงม่านกระสุนเคลื่อนที่ พร้อมแล้ว,แคมเปญก็อง+มาร์เก็ตการ์เดน (บทพูดภารกิจ),1329184
1329201,Clear all enemies from this area,กำจัดศัตรูทั้งหมดออกจากบริเวณนี้,แคมเปญก็อง+มาร์เก็ตการ์เดน (บทพูดภารกิจ),1329201
1329202,Form up here for the Walking Barrage,รวมตัวกันที่นี่สำหรับ ระดมยิงม่านกระสุนเคลื่อนที่,แคมเปญก็อง+มาร์เก็ตการ์เดน (บทพูดภารกิจ),1329202
1329203,Call in the HQ Command Truck to this position,เรียกกองบัญชาการรถบรรทุกมาที่ตำแหน่งนี้,แคมเปญก็อง+มาร์เก็ตการ์เดน (บทพูดภารกิจ),1329203
1329204,Call in the Field Support Truck to this position,เรียกรถสนับสนุนภาคสนามมาที่ตำแหน่งนี้,แคมเปญก็อง+มาร์เก็ตการ์เดน (บทพูดภารกิจ),1329204
1329206,Baron-sur-Odon,บารอน-ซูร์-โอดอน,แคมเปญก็อง+มาร์เก็ตการ์เดน (บทพูดภารกิจ),1329206
1329207,Tourmauville,ตูร์เมาวิลล์,แคมเปญก็อง+มาร์เก็ตการ์เดน (บทพูดภารกิจ),1329207
1329208,Repair this bridge,ซ่อมแซมสะพานแห่งนี้,แคมเปญก็อง+มาร์เก็ตการ์เดน (บทพูดภารกิจ),1329208
1329209,Select this Field Support Truck,เลือกรถสนับสนุนภาคสนามนี้,แคมเปญก็อง+มาร์เก็ตการ์เดน (บทพูดภารกิจ),1329209
1329210,Clear all enemies from this village,กำจัดศัตรูทั้งหมดออกจากหมู่บ้านนี้,แคมเปญก็อง+มาร์เก็ตการ์เดน (บทพูดภารกิจ),1329210
1330500,"Alright Commandos, let's move!",เอาล่ะ หน่วยคอมมานโด ลุยเลย!,แคมเปญก็อง+มาร์เก็ตการ์เดน (บทพูดภารกิจ),1330500
1330501,"Keep your eyes peeled, gents!",จับตาดูให้ดีสุภาพบุรุษ!,แคมเปญก็อง+มาร์เก็ตการ์เดน (บทพูดภารกิจ),1330501
1330502,Did you hear something? Shit!! The Brits are coming! ,คุณได้ยินอะไรบางอย่างไหม? ฉิบหาย!! ชาวอังกฤษกำลังมา!,แคมเปญก็อง+มาร์เก็ตการ์เดน (บทพูดภารกิจ),1330502
1330503,Alarm!!,เตือน!!,แคมเปญก็อง+มาร์เก็ตการ์เดน (บทพูดภารกิจ),1330503
1330504,Don't let them through men!! Hold your ground!,อย่าปล่อยให้พวกมันผ่านไปได้ทุกคน!! ยึดพื้นที่ไว้!,แคมเปญก็อง+มาร์เก็ตการ์เดน (บทพูดภารกิจ),1330504
1330505,"Schultz, what are you doing out there? Get back here at once!",ชูลทซ์ แกกำลังทำอะไรอยู่ตรงนั้น? กลับมานี่เดี๋ยวนี้!,แคมเปญก็อง+มาร์เก็ตการ์เดน (บทพูดภารกิจ),1330505
1330510,"Ready grenades, lads.",เตรียมระเบิดไว้นะหนุ่มๆ,แคมเปญก็อง+มาร์เก็ตการ์เดน (บทพูดภารกิจ),1330510
1330511,Flank that emplacement and use grenades.,ขนาบข้างตำแหน่งนั้นและใช้ระเบิดมือ,แคมเปญก็อง+มาร์เก็ตการ์เดน (บทพูดภารกิจ),1330511
1330512,"Call in more troops from the glider, mate.",เรียกกองทหารจากเครื่องร่อนมาเพิ่มนะเพื่อน,แคมเปญก็อง+มาร์เก็ตการ์เดน (บทพูดภารกิจ),1330512
1330513,Listen up! Reinforcements are available from the glider!,ฟังนะ! มีกำลังเสริมจากเครื่องร่อน!,แคมเปญก็อง+มาร์เก็ตการ์เดน (บทพูดภารกิจ),1330513
1330520,"For the fatherland, comrades!",เพื่อปิตุภูมิพันธมิตร!,แคมเปญก็อง+มาร์เก็ตการ์เดน (บทพูดภารกิจ),1330520
1330521,"Die, you Brit bastards!",ตายซะไอ้พวกบริท!,แคมเปญก็อง+มาร์เก็ตการ์เดน (บทพูดภารกิจ),1330521
1330522,I think we have company!,ฉันคิดว่าเรามีกองร้อย!,แคมเปญก็อง+มาร์เก็ตการ์เดน (บทพูดภารกิจ),1330522
1330530,They keep coming!,พวกมันมาเรื่อยๆ!,แคมเปญก็อง+มาร์เก็ตการ์เดน (บทพูดภารกิจ),1330530
1330531,Keep them back!,ให้พวกเขากลับมา!,แคมเปญก็อง+มาร์เก็ตการ์เดน (บทพูดภารกิจ),1330531
1330532,These are some sneaky bastards.,พวกนี้มันไอ้พวกส่อเสียด,แคมเปญก็อง+มาร์เก็ตการ์เดน (บทพูดภารกิจ),1330532
1330540,"""O"" group, gather round.","กลุ่ม ""โอ"" รวมตัวกัน",แคมเปญก็อง+มาร์เก็ตการ์เดน (บทพูดภารกิจ),1330540
1330541,Take a knee and listen up.,คุกเข่าแล้วฟัง,แคมเปญก็อง+มาร์เก็ตการ์เดน (บทพูดภารกิจ),1330541
1330542,Situation is as follows…,สถานการณ์มีดังนี้…,แคมเปญก็อง+มาร์เก็ตการ์เดน (บทพูดภารกิจ),1330542
1330550,1st British Commando support is landing as we speak.,การสนับสนุนหน่วยคอมมานโดอังกฤษครั้งที่ 1 กำลังลงจอดในขณะที่เราพูด,แคมเปญก็อง+มาร์เก็ตการ์เดน (บทพูดภารกิจ),1330550|1331101
1330551,The RCR is waiting outside Carpiquet for our signal before moving in....,RCR รอสัญญาณด้านนอก Carpiquet ก่อนเข้า....,แคมเปญก็อง+มาร์เก็ตการ์เดน (บทพูดภารกิจ),1330551
1330552,... and the Royal Scots on Hill 112 are providing artillery fire on the airfield during our assault. That should keep most Jerries in their bunkers.,... และ Royal Scots on Hill 112 กำลังทำการยิงปูพรมปืนใหญ่ในสนามบินระหว่างการโจมตีของเรา นั่นควรทำให้เจอร์รีส์ส่วนใหญ่อยู่ในบังเกอร์,แคมเปญก็อง+มาร์เก็ตการ์เดน (บทพูดภารกิจ),1330552
1330553,French Resistance intel indicates these targets as weaknesses in the German defenses. ,หน่วยสืบราชการลับของฝ่ายต่อต้านฝรั่งเศสระบุว่าเป้าหมายเหล่านี้เป็นจุดอ่อนในการป้องกันของเยอรมัน,แคมเปญก็อง+มาร์เก็ตการ์เดน (บทพูดภารกิจ),1330553
1330554,These targets must be eliminated if we are to cripple the 12th SS Panzer Division defending the Airfield.,เป้าหมายเหล่านี้จะต้องถูกกำจัด หากเราต้องการทำลายกองยานเกราะ SS ที่ 12 ที่กำลังปกป้องสนามบิน,แคมเปญก็อง+มาร์เก็ตการ์เดน (บทพูดภารกิจ),1330554
1330555,"If the commandos are ineffective, our morning assault of the Airfield will be at a loss. ",หากหน่วยคอมมานโดไม่ได้ผล การโจมตีสนามบินในตอนเช้าของเราจะสูญเสียไป,แคมเปญก็อง+มาร์เก็ตการ์เดน (บทพูดภารกิจ),1330555|1331111
1330556,"1st Commandos' initial objective is to neutralize the Garrison HQ located, here.",วัตถุประสงค์เบื้องต้นของหน่วยคอมมานโดที่ 1 คือการต่อต้านกองบัญชาการเข้าประจำการในอาคารที่ตั้งอยู่ที่นี่,แคมเปญก็อง+มาร์เก็ตการ์เดน (บทพูดภารกิจ),1330556
1330557,Time is of the utmost essence!,เวลาเป็นสิ่งที่สำคัญที่สุด!,แคมเปญก็อง+มาร์เก็ตการ์เดน (บทพูดภารกิจ),1330557
1330558,"If their intel is right, the 12th SS has set up Command Posts at these locations.",หากสติปัญญาของตนถูกต้อง SS ที่ 12 ก็ได้ตั้งศูนย์บัญชาการไว้ที่ตำแหน่งเหล่านี้,แคมเปญก็อง+มาร์เก็ตการ์เดน (บทพูดภารกิจ),1330558|1331106
1330560,Target 1 is the Garrison HQ.,เป้าหมายที่ 1 คือกองบัญชาการเข้าประจำการในอาคาร,แคมเปญก็อง+มาร์เก็ตการ์เดน (บทพูดภารกิจ),1330560
1330561,Use Grenades and Smoke to cover our forward advance.,ใช้ระเบิดมือและม่านควันเพื่อคุ้มกันการรุกคืบไปข้างหน้าของเรา,แคมเปญก็อง+มาร์เก็ตการ์เดน (บทพูดภารกิจ),1330561
1330562,"He who dares, wins, lads. Get to it!",ใครกล้าก็ชนะนะหนุ่มๆ ได้รับมัน!,แคมเปญก็อง+มาร์เก็ตการ์เดน (บทพูดภารกิจ),1330562
1330563,Time for execution! I want that target eliminated. ,ถึงเวลาประหารชีวิต! ฉันอยากให้เป้าหมายนั้นหายไป,แคมเปญก็อง+มาร์เก็ตการ์เดน (บทพูดภารกิจ),1330563
1330570,"Confirmed, Target 1 eliminated.",ยืนยันแล้ว ทำลายเป้าหมายที่ 1 เรียบร้อย,แคมเปญก็อง+มาร์เก็ตการ์เดน (บทพูดภารกิจ),1330570
1330571,"Well done, 1st Commandos.",ทำได้ดีมากหน่วยคอมมานโดที่ 1,แคมเปญก็อง+มาร์เก็ตการ์เดน (บทพูดภารกิจ),1330571
1330572,Reorg and advance to our next target.,จัดระเบียบใหม่และก้าวไปสู่เป้าหมายต่อไปของเรา,แคมเปญก็อง+มาร์เก็ตการ์เดน (บทพูดภารกิจ),1330572
1330573,Stay away from the Hun's forward position and move in towards Carpiquet.,อยู่ห่างจากตำแหน่งข้างหน้าของ Hun และเคลื่อนเข้าหา Carpiquet,แคมเปญก็อง+มาร์เก็ตการ์เดน (บทพูดภารกิจ),1330573
1330574,Heavy Glider support is now available.,รองรับ Heavy Glider แล้ว,แคมเปญก็อง+มาร์เก็ตการ์เดน (บทพูดภารกิจ),1330574
1330575,Landing Zones have been marked.,โซนลงจอดได้รับการทำเครื่องหมายแล้ว,แคมเปญก็อง+มาร์เก็ตการ์เดน (บทพูดภารกิจ),1330575
1330590,Target eliminated.,กำจัดเป้าหมายแล้ว,แคมเปญก็อง+มาร์เก็ตการ์เดน (บทพูดภารกิจ),1330590
1330591,Reorganizing and waiting. Out.,จัดระเบียบใหม่และรอ ออก.,แคมเปญก็อง+มาร์เก็ตการ์เดน (บทพูดภารกิจ),1330591
1330610,"They must be British Commandos! Quick, get reinforcements!  Schnell! Schnell!!",พวกเขาต้องเป็นหน่วยคอมมานโดของอังกฤษ! เร็วเข้าเสริมกำลัง! ชเนล! ชเนล!!,แคมเปญก็อง+มาร์เก็ตการ์เดน (บทพูดภารกิจ),1330610
1330611,Where are they coming from?,พวกเขามาจากไหน?,แคมเปญก็อง+มาร์เก็ตการ์เดน (บทพูดภารกิจ),1330611
1330612,"Shit, they are everywhere!",ให้ตายเถอะ พวกมันอยู่ทุกที่!,แคมเปญก็อง+มาร์เก็ตการ์เดน (บทพูดภารกิจ),1330612
1330620,"Target 1 is down, I say again, Target 1 is down.",เป้าหมาย 1 ล่ม ฉันพูดอีกครั้ง เป้าหมาย 1 ล่ม,แคมเปญก็อง+มาร์เก็ตการ์เดน (บทพูดภารกิจ),1330620
1330621,"You hear that, lads?  That's the sound of sweet victory!",น้องๆ ได้ยินมั้ย? นั่นคือเสียงแห่งชัยชนะอันหอมหวาน!,แคมเปญก็อง+มาร์เก็ตการ์เดน (บทพูดภารกิจ),1330621
1330622,"For King and country, ya' Hun bastards.",เพื่อกษัตริย์และประเทศชาติ ไอ้ฮุน ไอ้สารเลว,แคมเปญก็อง+มาร์เก็ตการ์เดน (บทพูดภารกิจ),1330622
1330630,Shite! Don't let them get away!,เหี้ย! อย่าปล่อยให้พวกเขาหนีไป!,แคมเปญก็อง+มาร์เก็ตการ์เดน (บทพูดภารกิจ),1330630
1330631,Drop those bandits!,ปล่อยพวกโจรพวกนั้น!,แคมเปญก็อง+มาร์เก็ตการ์เดน (บทพูดภารกิจ),1330631
1330632,We cannot let them escape!,เราไม่สามารถปล่อยให้พวกเขาหนีไปได้!,แคมเปญก็อง+มาร์เก็ตการ์เดน (บทพูดภารกิจ),1330632
1330640,Target eliminated!,หมดเป้าแล้ว!,แคมเปญก็อง+มาร์เก็ตการ์เดน (บทพูดภารกิจ),1330640
1330641,"She's the last one, gents!",เธอคือคนสุดท้ายสุภาพบุรุษ!,แคมเปญก็อง+มาร์เก็ตการ์เดน (บทพูดภารกิจ),1330641
1330642,"Right lads, that was the Jolly part, time to move in.",เอาล่ะเพื่อน จบช่วงสนุกแล้ว ถึงเวลาเคลื่อนเข้า,แคมเปญก็อง+มาร์เก็ตการ์เดน (บทพูดภารกิจ),1330642
1330650,"So much for staying in the dark, lads!",มากสำหรับการอยู่ในความมืดนะหนุ่มๆ!,แคมเปญก็อง+มาร์เก็ตการ์เดน (บทพูดภารกิจ),1330650
1330651,Get back to friendly lines right fuckin' quick. ,กลับไปสู่แนวกระชับมิตรอย่างรวดเร็ว,แคมเปญก็อง+มาร์เก็ตการ์เดน (บทพูดภารกิจ),1330651
1330652,Bloody Huns didn't see us coming.,Bloody Huns ไม่เห็นพวกเรามา,แคมเปญก็อง+มาร์เก็ตการ์เดน (บทพูดภารกิจ),1330652
1330660,Glider Landing Zones have been marked,มีการทำเครื่องหมายโซนลงจอดเครื่องร่อนแล้ว,แคมเปญก็อง+มาร์เก็ตการ์เดน (บทพูดภารกิจ),1330660
1330661,"Deploy Tetrarch Tanks on the double, gents!",ส่งรถถัง Tetrarch ลงมาด่วนเลย สุภาพบุรุษทั้งหลาย!,แคมเปญก็อง+มาร์เก็ตการ์เดน (บทพูดภารกิจ),1330661
1330670,We can still call in more Gliders.,เรายังสามารถเรียกเครื่องร่อนเพิ่มเติมได้,แคมเปญก็อง+มาร์เก็ตการ์เดน (บทพูดภารกิจ),1330670
1330671,"Hurry, before we lose momentum!",รีบก่อนที่เราจะสูญเสียโมเมนตัม!,แคมเปญก็อง+มาร์เก็ตการ์เดน (บทพูดภารกิจ),1330671
1330672,Dawn is rapidly approaching!,รุ่งอรุณใกล้เข้ามาอย่างรวดเร็ว!,แคมเปญก็อง+มาร์เก็ตการ์เดน (บทพูดภารกิจ),1330672
1330690,Number 1 Commando reports all targets destroyed.,หน่วยคอมมานโดหมายเลข 1 รายงานเป้าหมายทั้งหมดที่ถูกทำลาย,แคมเปญก็อง+มาร์เก็ตการ์เดน (บทพูดภารกิจ),1330690
1330691,"Cutting, get me a Sit-Rep.",คัตติ้ง รายงานสถานการณ์ ให้ฉันที,แคมเปญก็อง+มาร์เก็ตการ์เดน (บทพูดภารกิจ),1330691
1330700,"Major Blackmore, 1st Commando reports all targets have been neutralized.",พันตรีแบล็คมอร์ หน่วยคอมมานโดที่ 1 รายงานว่าทำลายเป้าหมายทั้งหมดแล้ว,แคมเปญก็อง+มาร์เก็ตการ์เดน (บทพูดภารกิจ),1330700
1330701,"Remaining units are now linking up with the Royal Canadian Rifles, here.",หน่วยที่เหลือกำลังเข้าสมทบกับกรมทหารปืนเล็กยาวแคนาดา ที่นี่,แคมเปญก็อง+มาร์เก็ตการ์เดน (บทพูดภารกิจ),1330701
1330702,3rd Battalion is clear to proceed.,กองพันที่ 3 มีความชัดเจนในการดำเนินการต่อ,แคมเปญก็อง+มาร์เก็ตการ์เดน (บทพูดภารกิจ),1330702
1330703,"Excellent, the 12th SS has collapsed to this location.",เยี่ยมมาก SS ที่ 12 ถล่มลงมายังตำแหน่งนี้แล้ว,แคมเปญก็อง+มาร์เก็ตการ์เดน (บทพูดภารกิจ),1330703
1330704,"Lt. Seville, have RCR move into position and capture these strategic objectives before sunrise.",ร้อยโทเซบียา ให้ RCR เคลื่อนเข้าสู่ตำแหน่งและยึดวัตถุประสงค์เชิงกลยุทธ์เหล่านี้ก่อนพระอาทิตย์ขึ้น,แคมเปญก็อง+มาร์เก็ตการ์เดน (บทพูดภารกิจ),1330704
1330705,"I expect great things from you, Lieutenant, and the RCR.",ฉันคาดหวังสิ่งดีๆ จากคุณ ผู้หมวด และ RCR,แคมเปญก็อง+มาร์เก็ตการ์เดน (บทพูดภารกิจ),1330705
1330710,We need to establish a defensive line.,เราจำเป็นต้องสร้างแนวรับ,แคมเปญก็อง+มาร์เก็ตการ์เดน (บทพูดภารกิจ),1330710
1330711,Set up some hasty defenses and kill zones.,ตั้งค่าการป้องกันที่เร่งรีบและโซนสังหาร,แคมเปญก็อง+มาร์เก็ตการ์เดน (บทพูดภารกิจ),1330711
1330712,Have the Battalion establish a defensive line.,ให้กองพันตั้งแนวป้องกัน,แคมเปญก็อง+มาร์เก็ตการ์เดน (บทพูดภารกิจ),1330712
1330720,Go time gents. H-hour is at dawn. We need all the objectives captured.,ไปเถอะสุภาพบุรุษทั้งหลาย H-hour คือตอนรุ่งสาง เราต้องการเป้าหมายทั้งหมดที่ถูกยึดไว้,แคมเปญก็อง+มาร์เก็ตการ์เดน (บทพูดภารกิจ),1330720
1330721,HQ Command Truck is in position and awaiting orders. ,HQ รถบังคับการ อยู่ในตำแหน่งและรอคำสั่ง,แคมเปญก็อง+มาร์เก็ตการ์เดน (บทพูดภารกิจ),1330721
1330722,Have the Infantry move into position.,ให้ทหารราบเคลื่อนเข้าประจำที่,แคมเปญก็อง+มาร์เก็ตการ์เดน (บทพูดภารกิจ),1330722
1330723,"Capture the points and watch for defensive positions. Jerry might be slow, but he ain't stupid. The Airbase is on high alert!",ยึดจุดและเฝ้าดูตำแหน่งการป้องกัน เจอร์รี่อาจจะช้าแต่เขาไม่โง่ ฐานทัพอากาศเฝ้าระวังขั้นสูง!,แคมเปญก็อง+มาร์เก็ตการ์เดน (บทพูดภารกิจ),1330723
1330724,Armored support is mustered near Carpiquet. Keep the road clear or they'll never make the front line. ,กองสนับสนุนหุ้มเกราะถูกรวบรวมไว้ใกล้เมืองการ์ปิเกต์ รักษาถนนให้โล่ง ไม่เช่นนั้นพวกเขาจะไม่มีวันเป็นแนวหน้า,แคมเปญก็อง+มาร์เก็ตการ์เดน (บทพูดภารกิจ),1330724
1330730,"Go! Go! Give her, boys!",ไป! ไป! ให้เธอนะหนุ่มๆ!,แคมเปญก็อง+มาร์เก็ตการ์เดน (บทพูดภารกิจ),1330730
1330731,Establish a defensive line!,สร้างแนวป้องกัน!,แคมเปญก็อง+มาร์เก็ตการ์เดน (บทพูดภารกิจ),1330731
1330732,"MacDonald, you heard your orders, establish a defensive line!",แมคโดนัลด์ส คุณได้ยินคำสั่งของคุณแล้ว สร้างแนวป้องกัน!,แคมเปญก็อง+มาร์เก็ตการ์เดน (บทพูดภารกิจ),1330732
1330740,"Coming up quick, sir!",นายมาเร็วเข้า!,แคมเปญก็อง+มาร์เก็ตการ์เดน (บทพูดภารกิจ),1330740
1330741,"Keep her coming, boys!",ให้เธอมานะเด็กๆ!,แคมเปญก็อง+มาร์เก็ตการ์เดน (บทพูดภารกิจ),1330741
1330742,God damn Huns don't even know what's coming!,ให้ตายเถอะ พวกฮั่นไม่รู้ด้วยซ้ำว่าจะเกิดอะไรขึ้น!,แคมเปญก็อง+มาร์เก็ตการ์เดน (บทพูดภารกิจ),1330742
1330743,"Doing her now, sir. ",กำลังทำเธออยู่ครับท่าน,แคมเปญก็อง+มาร์เก็ตการ์เดน (บทพูดภารกิจ),1330743
1330744,This place is thick with Jerry!,ที่นี่หนาแน่นไปด้วยเจอร์รี่!,แคมเปญก็อง+มาร์เก็ตการ์เดน (บทพูดภารกิจ),1330744
1330750,MG42 to the front... Find cover!,MG42 ไปหน้า...หาที่กำบัง!,แคมเปญก็อง+มาร์เก็ตการ์เดน (บทพูดภารกิจ),1330750
1330751,"Chambers, ready the Smoke Grenades and buy us some time.",Chambers เตรียมระเบิดควันและซื้อเวลาให้เรา,แคมเปญก็อง+มาร์เก็ตการ์เดน (บทพูดภารกิจ),1330751
1330752,"Bloody hell, get into cover or pop smoke grenades!",นรกแตก เข้าไปในที่กำบังหรือระเบิดควัน!,แคมเปญก็อง+มาร์เก็ตการ์เดน (บทพูดภารกิจ),1330752
1330760,Canadian's! Head for the 88!,ชาวแคนาดา! มุ่งหน้าสู่ 88!,แคมเปญก็อง+มาร์เก็ตการ์เดน (บทพูดภารกิจ),1330760
1330761,"Quickly, lads! Those cowards are getting away! After them!",เร็วเข้านะเด็กๆ! พวกขี้ขลาดเหล่านั้นกำลังจะหนีไปแล้ว! ตามพวกเขา!,แคมเปญก็อง+มาร์เก็ตการ์เดน (บทพูดภารกิจ),1330761
1330770,"Excellent job, men! Jerry tried to save his ass!",ทำได้ดีมาก ทหาร! เจอร์รี่พยายามช่วยชีวิตเขาไว้!,แคมเปญก็อง+มาร์เก็ตการ์เดน (บทพูดภารกิจ),1330770
1330771,Do 'em all in! Tabarnac de chrisse!,ทำทุกอย่างเลย! ทาบาร์นัก เดอ คริสส์!,แคมเปญก็อง+มาร์เก็ตการ์เดน (บทพูดภารกิจ),1330771
1330775,Ceasefire. The Frontline is ours!,การหยุดยิง แนวหน้าเป็นของเรา!,แคมเปญก็อง+มาร์เก็ตการ์เดน (บทพูดภารกิจ),1330775
1330776,"Stand down 3rd Battalion, Jerry's pulling out!",พักรบได้ กองพันที่ 3 เจอร์รี่ถอนตัวแล้ว!,แคมเปญก็อง+มาร์เก็ตการ์เดน (บทพูดภารกิจ),1330776
1330780,"Our time is up! Good work, troops!",เวลาของเราหมดลงแล้ว! ทำได้ดีมาก เหล่าทหาร!,แคมเปญก็อง+มาร์เก็ตการ์เดน (บทพูดภารกิจ),1330780
1330781,We're gonna have to make do with what we have.,เราจะต้องชดใช้สิ่งที่เรามี,แคมเปญก็อง+มาร์เก็ตการ์เดน (บทพูดภารกิจ),1330781
1330790,Message over! Message over! RCR requests immediate support! Do you read?,ส่งข้อความไป! ส่งข้อความไป! RCR ขอการสนับสนุนทันที! คุณอ่าน?,แคมเปญก็อง+มาร์เก็ตการ์เดน (บทพูดภารกิจ),1330790
1330800,Chrisse de calisse du tabernac cave!,ถ้ำ Chrisse de calisse du tabernac!,แคมเปญก็อง+มาร์เก็ตการ์เดน (บทพูดภารกิจ),1330800
1330801,"Let's give 'em one for Canada, boys!",มอบอันหนึ่งให้กับแคนาดากันเถอะหนุ่มๆ!,แคมเปญก็อง+มาร์เก็ตการ์เดน (บทพูดภารกิจ),1330801
1330802,"Let's show the Brits whistle heads what we're made of, boys!",มาแสดงให้นกหวีดของอังกฤษเห็นว่าเราเกิดมาเพื่ออะไร หนุ่มๆ!,แคมเปญก็อง+มาร์เก็ตการ์เดน (บทพูดภารกิจ),1330802
1330803,"The RCR will show 'em, eh?",RCR จะแสดง 'em ใช่มั้ย?,แคมเปญก็อง+มาร์เก็ตการ์เดน (บทพูดภารกิจ),1330803
1330810,"Eat that, you fucking Jerry cocksuckers!",กินนั่นซะ ไอ้พวกเหี้ยเจอร์รี่ไอ้เหี้ย!,แคมเปญก็อง+มาร์เก็ตการ์เดน (บทพูดภารกิจ),1330810
1330811,"Yeah mother fucker!!! Die, you fucking bastards!",ใช่แล้วแม่เจ้า!!! ให้ตายเถอะไอ้สารเลว!,แคมเปญก็อง+มาร์เก็ตการ์เดน (บทพูดภารกิจ),1330811
1330812,That one's for the old lady back home!,อันนั้นสำหรับหญิงชราที่บ้าน!,แคมเปญก็อง+มาร์เก็ตการ์เดน (บทพูดภารกิจ),1330812
1330820,"Wilhelm, I think something's out by the barricade.",วิลเฮล์ม ฉันคิดว่ามีบางอย่างอยู่นอกเครื่องกีดขวาง,แคมเปญก็อง+มาร์เก็ตการ์เดน (บทพูดภารกิจ),1330820
1330821,Are you sure you didn't have too much cider? Let's go take a look.,คุณแน่ใจหรือว่าคุณไม่มีไซเดอร์มากเกินไป? ไปดูกันเลย,แคมเปญก็อง+มาร์เก็ตการ์เดน (บทพูดภารกิจ),1330821
1330830,We're on approach from the north. We have Carpiquet in view.,เรากำลังเข้าใกล้จากทางเหนือ เรามีคาร์ปิเกต์ไว้ให้ดู,แคมเปญก็อง+มาร์เก็ตการ์เดน (บทพูดภารกิจ),1330830
1330840,"Carpiquet is ours! Add another for Canada, boys!",กักปิเกต์ เป็นของเราแล้ว! เพิ่มอีกอันสำหรับแคนาดานะหนุ่มๆ!,แคมเปญก็อง+มาร์เก็ตการ์เดน (บทพูดภารกิจ),1330840
1330841,"Excellent job, RCR, let's keep up the momentum! ",เยี่ยมมาก RCR ติดตามโมเมนตัมต่อไป!,แคมเปญก็อง+มาร์เก็ตการ์เดน (บทพูดภารกิจ),1330841
1330842,Ah hell. Darwin is down and he isn't moving!,อ่า นรก ดาร์วินล้มลงและเขาไม่เคลื่อนไหว!,แคมเปญก็อง+มาร์เก็ตการ์เดน (บทพูดภารกิจ),1330842
1330851,"This is not your war, Canadian filth!",นี่ไม่ใช่สงครามของคุณ ขยะแคนาดา!,แคมเปญก็อง+มาร์เก็ตการ์เดน (บทพูดภารกิจ),1330851
1330852,Return to your North American pastures!,กลับสู่ทุ่งหญ้าในอเมริกาเหนือของคุณ!,แคมเปญก็อง+มาร์เก็ตการ์เดน (บทพูดภารกิจ),1330852
1330860,"Turn back 'round, INCOMING!",หันหลังกลับ 'เข้ามา!,แคมเปญก็อง+มาร์เก็ตการ์เดน (บทพูดภารกิจ),1330860
1330861,Check fire! We're walking into registered artillery!,หยุดยิง! เรากำลังเดินเข้าไปในแนวยิงปืนใหญ่ที่ข้าศึกเล็งพิกัดไว้แล้ว!,แคมเปญก็อง+มาร์เก็ตการ์เดน (บทพูดภารกิจ),1330861
1330862,Get the lads back from that arty screen!,พาเด็กๆ กลับมาจากจออาร์ตี้นั่น!,แคมเปญก็อง+มาร์เก็ตการ์เดน (บทพูดภารกิจ),1330862
1330870,"Canadian Rifles reporting for duty, where's the fight!",Canadian Rifles รายงานตัว การต่อสู้อยู่ที่ไหน!,แคมเปญก็อง+มาร์เก็ตการ์เดน (บทพูดภารกิจ),1330870
1330871,Our orders are to support the Commandos in their advance.,คำสั่งของเราคือการสนับสนุนหน่วยคอมมานโดล่วงหน้า,แคมเปญก็อง+มาร์เก็ตการ์เดน (บทพูดภารกิจ),1330871
1330880,Return to your mothers!,กลับไปหาแม่ของคุณ!,แคมเปญก็อง+มาร์เก็ตการ์เดน (บทพูดภารกิจ),1330880
1330881,"Runs, boys, run! Hahahaha!",วิ่งสิ วิ่งสิ! ฮ่าๆๆๆ!,แคมเปญก็อง+มาร์เก็ตการ์เดน (บทพูดภารกิจ),1330881
1330882,"Today you will meet your maker, Commonwealth slime!",วันนี้คุณจะได้พบกับผู้สร้างของคุณ Commonwealth slime!,แคมเปญก็อง+มาร์เก็ตการ์เดน (บทพูดภารกิจ),1330882
1330890,Get those fuckin' gliders on the marked LZs! ,เอาเครื่องร่อนไอ้พวกนั้นไปที่ LZ ที่ทำเครื่องหมายไว้สิ!,แคมเปญก็อง+มาร์เก็ตการ์เดน (บทพูดภารกิจ),1330890
1330891,Get your head out of your ass and bring those gliders in!,ออกไปจากตูดของคุณและนำเครื่องร่อนเหล่านั้นเข้ามา!,แคมเปญก็อง+มาร์เก็ตการ์เดน (บทพูดภารกิจ),1330891
1330892,"Click on the Commando Glider button, then Click and Drag on the designated landing zone!",คลิกที่ปุ่ม Commando Glider จากนั้นคลิกและลากบนโซนลงจอดที่กำหนด!,แคมเปญก็อง+มาร์เก็ตการ์เดน (บทพูดภารกิจ),1330892
1330900,Land the fuckin' Heavy Glider on the marked LZ!,ลงจอดเครื่องร่อนเฮฟวี่ไกลเดอร์บน LZ ที่ทำเครื่องหมายไว้!,แคมเปญก็อง+มาร์เก็ตการ์เดน (บทพูดภารกิจ),1330900
1330910,Get that fuckin' Light Armor on the ground!,เอาเกราะเบานั่นลงบนพื้นซะ!,แคมเปญก็อง+มาร์เก็ตการ์เดน (บทพูดภารกิจ),1330910
1330920,Heavy Glider LZ marked! Get that air dropped tank on the ground,ทำเครื่องหมายเขตลงจอดเครื่องร่อนหนักแล้ว! นำรถถังที่ร่อนลงมานั้นลงสู่พื้นเลย,แคมเปญก็อง+มาร์เก็ตการ์เดน (บทพูดภารกิจ),1330920
1331000,"We've got our work cut out for us, men.",เรามีงานของเราตัดออกสำหรับพวกเราทหาร,แคมเปญก็อง+มาร์เก็ตการ์เดน (บทพูดภารกิจ),1331000
1331100,"Keep on 'em, Keegan.",สู้ต่อไปนะ คีแกน,แคมเปญก็อง+มาร์เก็ตการ์เดน (บทพูดภารกิจ),1331100
1331102,The Canadians are waiting outside Carpiquet for our signal before moving in.,ชาวแคนาดากำลังรอสัญญาณจากเราด้านนอกคาร์ปิเกต์ ก่อนเคลื่อนเข้า,แคมเปญก็อง+มาร์เก็ตการ์เดน (บทพูดภารกิจ),1331102
1331103,The Royal Scott's on Hill 112 are providing artillery fire on the airfield during our assault. ,Royal Scott's on Hill 112 กำลังทำการยิงปูพรมปืนใหญ่ในสนามบินระหว่างการโจมตีของเรา,แคมเปญก็อง+มาร์เก็ตการ์เดน (บทพูดภารกิจ),1331103
1331104,That should keep most Jerries in their bunkers.,นั่นควรทำให้เจอร์รีส์ส่วนใหญ่อยู่ในบังเกอร์,แคมเปญก็อง+มาร์เก็ตการ์เดน (บทพูดภารกิจ),1331104
1331105,The French Resistance suggests elements of the 12th SS have moved in to defend the airfield.  ,การต่อต้านของฝรั่งเศสบ่งชี้ว่าองค์ประกอบของ SS ที่ 12 ได้เคลื่อนพลเข้ามาเพื่อปกป้องสนามบิน,แคมเปญก็อง+มาร์เก็ตการ์เดน (บทพูดภารกิจ),1331105
1331107,"Captain, have the Commandos move in and use demo charges to destroy the Command Posts and any other targets of opportunity.",ร้อยเอก ให้หน่วยคอมมานโดเคลื่อนพลเข้าไปและใช้ดินระเบิดทำลายล้างเพื่อทำลายกองบัญชาการและเป้าหมายตามโอกาสอื่นๆ,แคมเปญก็อง+มาร์เก็ตการ์เดน (บทพูดภารกิจ),1331107
1331108,Until all targets have been eliminated stay well back from the airfield.,จนกว่าเป้าหมายทั้งหมดจะถูกกำจัดให้อยู่ในสนามบินโดยสวัสดิภาพ,แคมเปญก็อง+มาร์เก็ตการ์เดน (บทพูดภารกิจ),1331108
1331109,"Once neutralized, the RCR will move in to secure our frontline.",เมื่อจัดการได้แล้ว RCR จะเคลื่อนเข้ามารักษาแนวหน้าของเรา,แคมเปญก็อง+มาร์เก็ตการ์เดน (บทพูดภารกิจ),1331109
1331110,"Strong, quick and silent, lads!",แข็งแกร่ง รวดเร็ว และเงียบนะหนุ่มๆ!,แคมเปญก็อง+มาร์เก็ตการ์เดน (บทพูดภารกิจ),1331110
1331112,Good luck...,ขอให้โชคดี...,แคมเปญก็อง+มาร์เก็ตการ์เดน (บทพูดภารกิจ),1331112
1331120,"Hand Jerry his fuckin' arse, lads!",ส่งก้นของเจอร์รี่มาให้ไอ้หนุ่มๆ สิ!,แคมเปญก็อง+มาร์เก็ตการ์เดน (บทพูดภารกิจ),1331120
1331130,"Number 1 Commando is serving it up, you sorry saps!",หน่วยคอมมานโดหมายเลข 1 กำลังเสิร์ฟ คุณขอโทษนะ!,แคมเปญก็อง+มาร์เก็ตการ์เดน (บทพูดภารกิจ),1331130
1331140,"Bend over and prepare to receive, you fuckin' tossers!",ก้มตัวลงและเตรียมตัวรับซะ ไอ้พวกโยนไอ้สารเลว!,แคมเปญก็อง+มาร์เก็ตการ์เดน (บทพูดภารกิจ),1331140
1331150,I'll take the whole lot of you!,ฉันจะเอาคุณทั้งหมด!,แคมเปญก็อง+มาร์เก็ตการ์เดน (บทพูดภารกิจ),1331150
1331160,"There she is, Target 1, the HQ structure.",นั่นสินะ เป้าหมาย 1 โครงสร้างกองบัญชาการ,แคมเปญก็อง+มาร์เก็ตการ์เดน (บทพูดภารกิจ),1331160
1331170,Prep' charges and light it up gents.,เตรียมชาร์จและจุดไฟให้สุภาพบุรุษ,แคมเปญก็อง+มาร์เก็ตการ์เดน (บทพูดภารกิจ),1331170
1331180,Any explosives will work. Just grenade the sorry lot.,วัตถุระเบิดใด ๆ ก็ตามจะทำงาน เพียงแค่ระเบิดมือขอโทษมาก,แคมเปญก็อง+มาร์เก็ตการ์เดน (บทพูดภารกิจ),1331180
1331200,"We've got our next target, lads. The Landing Zones are marked!",เราบรรลุเป้าหมายต่อไปแล้วเด็กๆ โซนลงจอดถูกทำเครื่องหมายแล้ว!,แคมเปญก็อง+มาร์เก็ตการ์เดน (บทพูดภารกิจ),1331200
1331210,Call in Gliders at the indicated map locations.,เรียกเครื่องร่อนตามตำแหน่งแผนที่ที่ระบุ,แคมเปญก็อง+มาร์เก็ตการ์เดน (บทพูดภารกิจ),1331210
1331220,"These targets must be eliminated before dawn, let's not cock this up.",เป้าหมายเหล่านี้จะต้องถูกกำจัดก่อนรุ่งสาง อย่าทำให้เรื่องนี้พังทลาย,แคมเปญก็อง+มาร์เก็ตการ์เดน (บทพูดภารกิจ),1331220
1331230,Target sighted.,มองเห็นเป้าหมายแล้ว,แคมเปญก็อง+มาร์เก็ตการ์เดน (บทพูดภารกิจ),1331230
1331240,"Get Demolition Charges on that target double quick, lads!",รีบวางดินระเบิดทำลายล้างที่เป้าหมายนั้นโดยด่วน พวกเรา!,แคมเปญก็อง+มาร์เก็ตการ์เดน (บทพูดภารกิจ),1331240
1331250,Keep an eye out for patrols!,จับตาดูหน่วยลาดตระเวน!,แคมเปญก็อง+มาร์เก็ตการ์เดน (บทพูดภารกิจ),1331250
1331260,"Get a message up the chain, Det Charges ready.",ส่งข้อความแจ้งตามสายบังคับบัญชา ดินระเบิดทำลายล้างพร้อมแล้ว,แคมเปญก็อง+มาร์เก็ตการ์เดน (บทพูดภารกิจ),1331260
1331270,"Listen up, chaps... Once we blow those charges the whole place will go to hell.",ฟังนะเพื่อน ๆ... เมื่อเราระเบิดประจุเหล่านั้น สถานที่ทั้งหมดจะตกนรก,แคมเปญก็อง+มาร์เก็ตการ์เดน (บทพูดภารกิจ),1331270
1331280,Fall back! Rendezous back in our area of control!,ถอยทัพ! กลับมาพบกันอีกครั้งในพื้นที่ควบคุมของเรา!,แคมเปญก็อง+มาร์เก็ตการ์เดน (บทพูดภารกิจ),1331280
1331290,Break contact! Head back to our LZ!,เลิกติดต่อ! มุ่งหน้ากลับไปที่ LZ ของเรา!,แคมเปญก็อง+มาร์เก็ตการ์เดน (บทพูดภารกิจ),1331290
1331300,"Targets have been updated, the Landing Zones are marked!",อัปเดตเป้าหมายแล้ว ทำเครื่องหมายโซนลงจอดแล้ว!,แคมเปญก็อง+มาร์เก็ตการ์เดน (บทพูดภารกิจ),1331300
1331310,Call in Gliders and drop 'em on those marked locations!,เรียก Gliders และวางพวกมันลงบนสถานที่ที่ทำเครื่องหมายไว้!,แคมเปญก็อง+มาร์เก็ตการ์เดน (บทพูดภารกิจ),1331310
1331320,Quickly men! We can't be caught out here in the daylight!,ทหารเร็วๆ! เราไม่สามารถถูกจับออกจากที่นี่ในเวลากลางวันได้!,แคมเปญก็อง+มาร์เก็ตการ์เดน (บทพูดภารกิจ),1331320
1331340,"That's our target, chaps.",นั่นคือเป้าหมายของเรานะเพื่อน ๆ,แคมเปญก็อง+มาร์เก็ตการ์เดน (บทพูดภารกิจ),1331340
1331350,"I want Det Charges on there, double quick!",วางดินระเบิดทำลายล้างตรงนั้น ด่วนที่สุด!,แคมเปญก็อง+มาร์เก็ตการ์เดน (บทพูดภารกิจ),1331350
1331360,"Keep it to a minimum, lads. Jerry's got patrols through the area.",ให้มันน้อยที่สุดนะเด็กๆ เจอร์รี่ได้ลาดตระเวนไปทั่วพื้นที่,แคมเปญก็อง+มาร์เก็ตการ์เดน (บทพูดภารกิจ),1331360
1331370,Get back to friendly lines while we still can.,กลับไปสู่แนวทางที่เป็นมิตรในขณะที่เรายังทำได้,แคมเปญก็อง+มาร์เก็ตการ์เดน (บทพูดภารกิจ),1331370
1331380,ALARM!,เตือน!,แคมเปญก็อง+มาร์เก็ตการ์เดน (บทพูดภารกิจ),1331380
1331390,We have enemies in the perimeter!,เรามีศัตรูอยู่รอบปริมณฑล!,แคมเปญก็อง+มาร์เก็ตการ์เดน (บทพูดภารกิจ),1331390
1331400,Mobilize the patrols!,ระดมกำลังหน่วยลาดตระเวน!,แคมเปญก็อง+มาร์เก็ตการ์เดน (บทพูดภารกิจ),1331400
1331410,"Arse and elbows, lads...",ก้นและข้อศอกนะหนุ่มๆ...,แคมเปญก็อง+มาร์เก็ตการ์เดน (บทพูดภารกิจ),1331410
1331420,German counter-attack mustering!,กองทัพเยอรมันระดมพล!,แคมเปญก็อง+มาร์เก็ตการ์เดน (บทพูดภารกิจ),1331420
1331430,"Back to friendly lines, 1st Commando!",กลับไปสู่แนวกระชับมิตร คอมมานโดที่ 1!,แคมเปญก็อง+มาร์เก็ตการ์เดน (บทพูดภารกิจ),1331430
1331440,"Looks like an escape route to me, eh!",ดูเหมือนเป็นทางหนีสำหรับฉันนะเอ๊ะ!,แคมเปญก็อง+มาร์เก็ตการ์เดน (บทพูดภารกิจ),1331440
1331450,"Let's blow open a new route! Get some grenades on it, gents!",มาระเบิดเปิดเส้นทางใหม่! รับระเบิดใส่มันสุภาพบุรุษ!,แคมเปญก็อง+มาร์เก็ตการ์เดน (บทพูดภารกิจ),1331450
1331460,"We got it, now let's move!",เราเข้าใจแล้ว ลุยเลย!,แคมเปญก็อง+มาร์เก็ตการ์เดน (บทพูดภารกิจ),1331460
1331461,"Right Commandos, we're bugging out until 3rd Battalion can link up with us.",ใช่คอมมานโด เรากำลังดำเนินการจนกว่ากองพันที่ 3 จะเชื่อมโยงกับเราได้,แคมเปญก็อง+มาร์เก็ตการ์เดน (บทพูดภารกิจ),1331461
1331462,Hope those 3rd Battalion chaps get here right quick in the morning.,หวังว่าเหล่ากองพันที่ 3 จะมาถึงที่นี่โดยเร็วในตอนเช้า,แคมเปญก็อง+มาร์เก็ตการ์เดน (บทพูดภารกิจ),1331462
1331463,"Commandos, that's it for us. We're holding tight until 3rd Battalion can relieve us in the morning.",หน่วยคอมมานโด นั่นมันสำหรับเรา เราจับกันไว้แน่นจนกว่ากองพันที่ 3 จะสามารถบรรเทาเราได้ในตอนเช้า,แคมเปญก็อง+มาร์เก็ตการ์เดน (บทพูดภารกิจ),1331463
1331464,"Right Commandos, we're bugging out.",เอาล่ะ คอมมานโด เรากำลังดำเนินการอยู่,แคมเปญก็อง+มาร์เก็ตการ์เดน (บทพูดภารกิจ),1331464
1331465,Into that building. We must hold out until 3rd Battalion can relieve us in the morning.,เข้าไปในอาคารนั้น เราต้องอดทนไว้จนกว่ากองพันที่ 3 จะสามารถบรรเทาเราได้ในตอนเช้า,แคมเปญก็อง+มาร์เก็ตการ์เดน (บทพูดภารกิจ),1331465
1331466,Move it. Garrison that building. We must hold until morning.,ไปเร็ว เข้าประจำการในอาคารนั้น เราต้องยันถึงเช้า,แคมเปญก็อง+มาร์เก็ตการ์เดน (บทพูดภารกิจ),1331466
1331470,Our final objective has been completed.,วัตถุประสงค์สุดท้ายของเราเสร็จสมบูรณ์แล้ว,แคมเปญก็อง+มาร์เก็ตการ์เดน (บทพูดภารกิจ),1331470
1331480,"Stand easy, lads, it's time for the Royal Canadian Rifles to earn their keep!",ตามสบายพวกเรา ถึงเวลาที่กรมทหารปืนเล็กยาวแคนาดา จะได้แสดงฝีมือแล้ว!,แคมเปญก็อง+มาร์เก็ตการ์เดน (บทพูดภารกิจ),1331480
1331490,Number 1 Commando will remain in the area for support.,หน่วยคอมมานโดหมายเลข 1 จะยังคงอยู่ในพื้นที่เพื่อรับการสนับสนุน,แคมเปญก็อง+มาร์เก็ตการ์เดน (บทพูดภารกิจ),1331490
1331500,Let's hope we have enough firepower to take it on...,หวังว่าเราจะมีพลังยิงเพียงพอที่จะโจมตี...,แคมเปญก็อง+มาร์เก็ตการ์เดน (บทพูดภารกิจ),1331500
1331510,"Jerry packs quite a bite, eh?!",เจอร์รี่ค่อนข้างกัดใช่มั้ยล่ะ!,แคมเปญก็อง+มาร์เก็ตการ์เดน (บทพูดภารกิจ),1331510
1331520,"Mangy German fucks, let's show 'em what real men are made of!",ไอ้พวกเยอรมันขี้เรื้อนเอ๊ย มาแสดงให้พวกมันเห็นกันหน่อยว่าลูกผู้ชายตัวจริงเขาสู้กันยังไง!,แคมเปญก็อง+มาร์เก็ตการ์เดน (บทพูดภารกิจ),1331520
1331530,Poor Jerry won't know what hit him!,เจอร์รี่ผู้น่าสงสารไม่รู้ว่าอะไรเข้าโจมตีเขา!,แคมเปญก็อง+มาร์เก็ตการ์เดน (บทพูดภารกิจ),1331530
1331540,Get over to the HQ and call up more Infantry sections or we're fucked!,ไปที่กองบัญชาการแล้วเรียกหมู่ทหารราบเพิ่ม ไม่งั้นเราจะเละเทะ!,แคมเปญก็อง+มาร์เก็ตการ์เดน (บทพูดภารกิจ),1331540
1331550,Reminds me of back home on the prairies.,ทำให้ฉันนึกถึงบ้านบนทุ่งหญ้าแพรรี,แคมเปญก็อง+มาร์เก็ตการ์เดน (บทพูดภารกิจ),1331550
1331560,"About time the sun came up, I was forgetting what it looked like.",พอพระอาทิตย์ขึ้นฉันก็ลืมไปแล้วว่ามันเป็นยังไง,แคมเปญก็อง+มาร์เก็ตการ์เดน (บทพูดภารกิจ),1331560
1331570,Another day... closer to home,อีกวัน...ใกล้บ้านแล้ว,แคมเปญก็อง+มาร์เก็ตการ์เดน (บทพูดภารกิจ),1331570
1331580,I can't wait to be back on the St. Lawrence.,ฉันแทบรอไม่ไหวที่จะกลับมาที่เซนต์ลอว์เรนซ์,แคมเปญก็อง+มาร์เก็ตการ์เดน (บทพูดภารกิจ),1331580
1331590,I wish Claire was here to see this with me.,ฉันอยากให้แคลร์มาที่นี่เพื่อดูสิ่งนี้กับฉัน,แคมเปญก็อง+มาร์เก็ตการ์เดน (บทพูดภารกิจ),1331590
1331600,Bon matin?!?,โบน มาติน?!?,แคมเปญก็อง+มาร์เก็ตการ์เดน (บทพูดภารกิจ),1331600
1331610,RCR has established a defensive line. All targets of opportunity have been neutralized.,RCR ได้จัดตั้งแนวป้องกันแล้ว เป้าหมายแห่งโอกาสทั้งหมดถูกทำลายแล้ว,แคมเปญก็อง+มาร์เก็ตการ์เดน (บทพูดภารกิจ),1331610
1331620,"Recce group Bravo, move up that hill and let's see what the Huns left us! ",Recce group Bravo ขยับขึ้นเนินนั้นแล้วมาดูกันว่าชาวฮั่นเหลืออะไรไว้บ้าง!,แคมเปญก็อง+มาร์เก็ตการ์เดน (บทพูดภารกิจ),1331620
1331630,"Caution, I hear something ahead...",ระวัง ฉันได้ยินเสียงบางอย่างข้างหน้า...,แคมเปญก็อง+มาร์เก็ตการ์เดน (บทพูดภารกิจ),1331630
1331700,Destroying that Command Post is of vital importance to the operation!,การทำลายฐานบัญชาการนั้นมีความสำคัญอย่างยิ่งต่อการปฏิบัติการ!,แคมเปญก็อง+มาร์เก็ตการ์เดน (บทพูดภารกิจ),1331700
1331710,HQ has given us the use of Tetrarchs to help achieve this.,กองบัญชาการได้อนุญาตให้เราใช้ Tetrarchs เพื่อช่วยให้บรรลุเป้าหมายนี้,แคมเปญก็อง+มาร์เก็ตการ์เดน (บทพูดภารกิจ),1331710
1331720,"We’ve highlighted a possible landing zone for them, note the marker on your map.",เราได้เน้นโซนลงจอดที่เป็นไปได้สำหรับพวกเขา โดยสังเกตเครื่องหมายบนแผนที่ของคุณ,แคมเปญก็อง+มาร์เก็ตการ์เดน (บทพูดภารกิจ),1331720
1331730,Use them wisely - they are well suited for taking out infantry holed up there.,ใช้มันอย่างชาญฉลาด - พวกมันเหมาะอย่างยิ่งสำหรับการนำทหารราบที่ซ่อนตัวอยู่ที่นั่น,แคมเปญก็อง+มาร์เก็ตการ์เดน (บทพูดภารกิจ),1331730
1332040,Deploy the Mobile Command Post to the area and begin offensive operations.,วางกำลังกองบัญชาการเคลื่อนที่ไปยังพื้นที่และเริ่มปฏิบัติการรุก,แคมเปญก็อง+มาร์เก็ตการ์เดน (บทพูดภารกิจ),1332040
1332060,"Once secured, we will launch our assault on the Airbase from this defensive line.",เมื่อปลอดภัยแล้ว เราจะเริ่มการโจมตีฐานทัพอากาศจากแนวป้องกันนี้,แคมเปญก็อง+มาร์เก็ตการ์เดน (บทพูดภารกิจ),1332060
1333000,"Keep it together gents, we just need hold off 'til dawn, 3rd Battalion arrival.",สู้ ๆ นะทุกคน เราแค่ต้องรอจนถึงรุ่งเช้า กองพันที่ 3 ก็มาถึง,แคมเปญก็อง+มาร์เก็ตการ์เดน (บทพูดภารกิจ),1333000
1333010,"Conserve ammo, and keep yourselves stitched up tight! We don't want to loose anyone!",อนุรักษ์กระสุนและเตรียมตัวให้แน่น! เราไม่อยากเสียใครไป!,แคมเปญก็อง+มาร์เก็ตการ์เดน (บทพูดภารกิจ),1333010
1333020,"Major Blackmore won't forget us, lads, like I said, Battalion will be here at dawn!",พันตรีแบล็คมอร์จะไม่ลืมพวกเรานะเด็กๆ อย่างที่ฉันบอก กองพันจะมาที่นี่ตอนรุ่งสาง!,แคมเปญก็อง+มาร์เก็ตการ์เดน (บทพูดภารกิจ),1333020
1333030,"Shite, I swear, It's game over man - and that's the gen-truth!",ฉันสาบานเลย เกมโอเวอร์แล้ว - และนั่นคือความจริง!,แคมเปญก็อง+มาร์เก็ตการ์เดน (บทพูดภารกิจ),1333030
1333040,Do you have sight of them? How many are there!,คุณมองเห็นพวกเขาบ้างไหม? มีกี่คน!,แคมเปญก็อง+มาร์เก็ตการ์เดน (บทพูดภารกิจ),1333040
1333050,"We're running low on ammo! Sarge, when's sunrise?",กระสุนเราใกล้หมดแล้ว! จ่าฝูง พระอาทิตย์ขึ้นเมื่อไหร่?,แคมเปญก็อง+มาร์เก็ตการ์เดน (บทพูดภารกิจ),1333050
1333060,"Panzers are fucking everywhere... What the hell, mates. Where's 3rd Battalion.",พวกแพนเซอร์มันอยู่ทุกหนทุกแห่ง... นี่มันอะไรกันเพื่อน กองพันที่ 3 อยู่ที่ไหน,แคมเปญก็อง+มาร์เก็ตการ์เดน (บทพูดภารกิจ),1333060
1333070,"For fucksake, how many are there?!",ให้ตายเถอะ พวกมันมีกันกี่คนวะ?!,แคมเปญก็อง+มาร์เก็ตการ์เดน (บทพูดภารกิจ),1333070
1333080,"I don't know how much longer we got, ammo's running low here!",ฉันไม่รู้ว่าเราเหลือเวลาอีกนานแค่ไหน กระสุนกำลังจะหมด!,แคมเปญก็อง+มาร์เก็ตการ์เดน (บทพูดภารกิจ),1333080
1339100,Destroy the Garrison,ทำลายเข้าประจำการในอาคาร,แคมเปญก็อง+มาร์เก็ตการ์เดน (บทพูดภารกิจ),1339100
1339101,Establish a Frontline,จัดตั้งแนวหน้า,แคมเปญก็อง+มาร์เก็ตการ์เดน (บทพูดภารกิจ),1339101
1339102,Secure Carpiquet,เข้ายึดและรักษาความปลอดภัยกักปิเกต์,แคมเปญก็อง+มาร์เก็ตการ์เดน (บทพูดภารกิจ),1339102
1339103,Destroy the Generators and Fuel Tanks,ทำลายเครื่องกำเนิดไฟฟ้าและถังเชื้อเพลิง,แคมเปญก็อง+มาร์เก็ตการ์เดน (บทพูดภารกิจ),1339103
1339104,Call in a Tetrarch Glider,เรียก Tetrarch Glider เข้ามา,แคมเปญก็อง+มาร์เก็ตการ์เดน (บทพูดภารกิจ),1339104
1339105,Destroy the Targets of Opportunity,ทำลายเป้าหมายแห่งโอกาส,แคมเปญก็อง+มาร์เก็ตการ์เดน (บทพูดภารกิจ),1339105
1339106,Clear the Landing Zone,เคลียร์ Landing Zone,แคมเปญก็อง+มาร์เก็ตการ์เดน (บทพูดภารกิจ),1339106
1339110,Order Commandos to plant Demolitions on the Garrison HQ to destroy it.,สั่งให้หน่วยคอมมานโดวางการทำลายล้างบนกองบัญชาการเข้าประจำการในอาคารเพื่อทำลายมัน,แคมเปญก็อง+มาร์เก็ตการ์เดน (บทพูดภารกิจ),1339110
1339111,Capture the Strategic Points to establish a frontline for the impending attack.,ยึดจุดยุทธศาสตร์เพื่อสร้างแนวหน้าสำหรับการโจมตีที่กำลังจะเกิดขึ้น,แคมเปญก็อง+มาร์เก็ตการ์เดน (บทพูดภารกิจ),1339111
1339112,Carpiquet is heavily defended by the Germans. Capture the Strategic Point to secure the town and open it to reinforcements.,Carpiquet ได้รับการปกป้องอย่างหนักจากชาวเยอรมัน ยึดจุดยุทธศาสตร์เพื่อรักษาความปลอดภัยเมืองและเปิดให้กำลังเสริม,แคมเปญก็อง+มาร์เก็ตการ์เดน (บทพูดภารกิจ),1339112
1339113,Order the Commandos to wire Generators and Fuel Tanks with Demolitions. Garrison Commandos in nearby buildings until they can be rescued. Commandos must survive.,สั่งให้หน่วยคอมมานโดวางสายชนวนที่เครื่องกำเนิดไฟฟ้าและถังเชื้อเพลิงพร้อมระบบระเบิด,แคมเปญก็อง+มาร์เก็ตการ์เดน (บทพูดภารกิจ),1339113
1339114,Call in a Glider to deploy a Tetrarch to assist with the assault.,เรียก Glider เข้ามาเพื่อจัดวาง Tetrarch เพื่อช่วยในการโจมตี,แคมเปญก็อง+มาร์เก็ตการ์เดน (บทพูดภารกิจ),1339114
1339115,Order the Commandos to take out the designated targets. Garrison Commandos in nearby buildings for retrieval tomorrow.,สั่งให้หน่วยคอมมานโดจัดการเป้าหมายที่กำหนด หน่วยคอมมานโดเข้าประจำการในอาคารเพื่อป้องกันการโจมตี,แคมเปญก็อง+มาร์เก็ตการ์เดน (บทพูดภารกิจ),1339115
1339116,An additional Garrison has been spotted. Order Commandos to wire it with Demolitions.,มีผู้พบเห็นกองทหารเพิ่มเติมแล้ว สั่งให้หน่วยคอมมานโดวางสายพร้อมกับการทำลายล้าง,แคมเปญก็อง+มาร์เก็ตการ์เดน (บทพูดภารกิจ),1339116
1339117,Clear the Landing Zone of hostile targets to make way for more glider drops.,เคลียร์เขตลงจอดของเป้าหมายข้าศึกเพื่อเปิดทางให้เครื่องร่อนลงเพิ่ม,แคมเปญก็อง+มาร์เก็ตการ์เดน (บทพูดภารกิจ),1339117
1339120,Headquarters Destroyed,กองบัญชาการถูกทำลาย,แคมเปญก็อง+มาร์เก็ตการ์เดน (บทพูดภารกิจ),1339120
1339121,Frontline Established,ก่อตั้งแนวหน้าแล้ว,แคมเปญก็อง+มาร์เก็ตการ์เดน (บทพูดภารกิจ),1339121
1339122,Carpiquet Captured,ยึดกักปิเกต์ สำเร็จ,แคมเปญก็อง+มาร์เก็ตการ์เดน (บทพูดภารกิจ),1339122
1339123,Generators and Fuel Tanks Destroyed,เครื่องกำเนิดไฟฟ้าและถังเชื้อเพลิงถูกทำลาย,แคมเปญก็อง+มาร์เก็ตการ์เดน (บทพูดภารกิจ),1339123
1339124,Tetrarch Deployed,Tetrarch ส่งกำลังรบแล้ว,แคมเปญก็อง+มาร์เก็ตการ์เดน (บทพูดภารกิจ),1339124
1339125,Targets of Opportunity Destroyed,เป้าหมายแห่งโอกาสถูกทำลาย,แคมเปญก็อง+มาร์เก็ตการ์เดน (บทพูดภารกิจ),1339125
1339126,Landing Zone Cleared,เคลียร์โซนลงจอดแล้ว,แคมเปญก็อง+มาร์เก็ตการ์เดน (บทพูดภารกิจ),1339126
1339130,Use Grenades,ใช้ระเบิดมือ,แคมเปญก็อง+มาร์เก็ตการ์เดน (บทพูดภารกิจ),1339130
1339131,Call in a Glider with a Tetrarch,เรียกเครื่องร่อนด้วย Tetrarch,แคมเปญก็อง+มาร์เก็ตการ์เดน (บทพูดภารกิจ),1339131
1339133,Land a Commando Glider Here,ลงจอดเครื่องร่อนคอมมานโดที่นี่,แคมเปญก็อง+มาร์เก็ตการ์เดน (บทพูดภารกิจ),1339133
1339136,Land a Glider with a Tetrarch Here,ลงเครื่องร่อนด้วย Tetrarch ที่นี่,แคมเปญก็อง+มาร์เก็ตการ์เดน (บทพูดภารกิจ),1339136
1339137,Destroy this Bunker,ทำลายบังเกอร์นี้,แคมเปญก็อง+มาร์เก็ตการ์เดน (บทพูดภารกิจ),1339137
1339138,Use Concealing Smoke,ใช้ควันพรางตัว,แคมเปญก็อง+มาร์เก็ตการ์เดน (บทพูดภารกิจ),1339138
1339140,Garrison building to hide Commandos,อาคารกองทหารเพื่อซ่อนหน่วยคอมมานโด,แคมเปญก็อง+มาร์เก็ตการ์เดน (บทพูดภารกิจ),1339140
1339141,Destroy the Fuel Tanks,ทำลายถังเชื้อเพลิง,แคมเปญก็อง+มาร์เก็ตการ์เดน (บทพูดภารกิจ),1339141
1339142,Destroy this Building,ทำลายอาคารนี้,แคมเปญก็อง+มาร์เก็ตการ์เดน (บทพูดภารกิจ),1339142
1339143,Deploy and reinforce Commandos here,เคลื่อนพลและเสริมกำลังหน่วยคอมมานโดที่นี่,แคมเปญก็อง+มาร์เก็ตการ์เดน (บทพูดภารกิจ),1339143
1339144,Pick up this Weapon,หยิบอาวุธนี้ขึ้นมา,แคมเปญก็อง+มาร์เก็ตการ์เดน (บทพูดภารกิจ),1339144|1349158
1339145,Pick up this Resource,รับทรัพยากรนี้,แคมเปญก็อง+มาร์เก็ตการ์เดน (บทพูดภารกิจ),1339145|1349159
1339150,Detonate the Demolition Charges,ระเบิดดินระเบิดรื้อถอน,แคมเปญก็อง+มาร์เก็ตการ์เดน (บทพูดภารกิจ),1339150
1339154,Capture Strategic Point to secure Carpiquet,ยึดจุดยุทธศาสตร์เพื่อรักษา Carpiquet,แคมเปญก็อง+มาร์เก็ตการ์เดน (บทพูดภารกิจ),1339154
1339156,Destroy the Headquarters,ทำลายกองบัญชาการ,แคมเปญก็อง+มาร์เก็ตการ์เดน (บทพูดภารกิจ),1339156
1339157,Capture this Point to establish the frontline,ยึดจุดนี้เพื่อสร้างแนวหน้า,แคมเปญก็อง+มาร์เก็ตการ์เดน (บทพูดภารกิจ),1339157
1339159,Destroy the Generators,ทำลายเครื่องกำเนิดไฟฟ้า,แคมเปญก็อง+มาร์เก็ตการ์เดน (บทพูดภารกิจ),1339159
1339160,The mission failed to establish a strong foothold in Carpiquet. The attack tomorrow is doomed.,ภารกิจล้มเหลวในการสร้างฐานที่มั่นใน Carpiquet การโจมตีในวันพรุ่งนี้ถึงวาระแล้ว,แคมเปญก็อง+มาร์เก็ตการ์เดน (บทพูดภารกิจ),1339160
1339161,"Dawn has arrived, prepare for the assault on the Airfield!",รุ่งอรุณมาถึงแล้ว เตรียมโจมตีสนามบิน!,แคมเปญก็อง+มาร์เก็ตการ์เดน (บทพูดภารกิจ),1339161
1339171,Demolitions planted!,รื้อถอนปลูก!,แคมเปญก็อง+มาร์เก็ตการ์เดน (บทพูดภารกิจ),1339171
1340500,"Bright and early to you, Major Blackmore. ",อรุณสวัสดิ์ครับ พันตรีแบล็คมอร์,แคมเปญก็อง+มาร์เก็ตการ์เดน (บทพูดภารกิจ),1340500
1340510,The RCR and 3rd Battalion achieved all their objectives last night but we're not out of the woods yet.,RCR และกองพันที่ 3 บรรลุวัตถุประสงค์ทั้งหมดเมื่อคืนนี้ แต่เราก็ยังไม่ออกจากป่า,แคมเปญก็อง+มาร์เก็ตการ์เดน (บทพูดภารกิจ),1340510
1340520,Damn Jerries.,ให้ตายเถอะเจอร์รี่ส์,แคมเปญก็อง+มาร์เก็ตการ์เดน (บทพูดภารกิจ),1340520
1340530,The Hitlerjugend SS Panzer Division is mobilizing a counterattack.,กองพลยานเกราะ SS ของ Hitlerjugend กำลังระดมกำลังตอบโต้,แคมเปญก็อง+มาร์เก็ตการ์เดน (บทพูดภารกิจ),1340530
1340540,Their aim will be to dislodge us from our current position and prevent 3rd Battalion from securing the airfield.,เป้าหมายของพวกเขาคือขับไล่เราออกจากตำแหน่งปัจจุบันและป้องกันไม่ให้กองพันที่ 3 ยึดสนามบินได้,แคมเปญก็อง+มาร์เก็ตการ์เดน (บทพูดภารกิจ),1340540
1340590,ETA in 5 minutes.,คาดว่าจะถึงในอีก 5 นาที,แคมเปญก็อง+มาร์เก็ตการ์เดน (บทพูดภารกิจ),1340590
1340650,"Have Sappers build defenses on the front line, here, here and here.",ให้พวกแซปเปอร์สร้างแนวป้องกันในแนวหน้า ที่นี่ ที่นี่ และที่นี่,แคมเปญก็อง+มาร์เก็ตการ์เดน (บทพูดภารกิจ),1340650
1340660,This will drive Jerry into our barrels.,นี่จะต้อนพวกเยอรมันเข้ามาติดหน้ากระบอกปืนเรา,แคมเปญก็อง+มาร์เก็ตการ์เดน (บทพูดภารกิจ),1340660
1340670,"Once the RCR has pushed back the 12th SS, securing the Airfield will be 3rd Battalion's objective. ",เมื่อ RCR ผลัก SS ที่ 12 กลับได้แล้ว การรักษาความปลอดภัยสนามบินจะเป็นเป้าหมายของกองพันที่ 3,แคมเปญก็อง+มาร์เก็ตการ์เดน (บทพูดภารกิจ),1340670
1340680,"12th SS Panzer Division is mobilizing a counterattack, prepare defenses!",กองพลยานเกราะ SS ที่ 12 กำลังระดมกำลังตอบโต้ เตรียมการป้องกัน!,แคมเปญก็อง+มาร์เก็ตการ์เดน (บทพูดภารกิจ),1340680
1340690,"I say again, 12th SS Panzer Division is mobilizing a counterattack, prepare defenses!",ขอบอกอีกครั้งว่า กองพลยานเกราะ SS ที่ 12 กำลังระดมกำลังตอบโต้ เตรียมการป้องกัน!,แคมเปญก็อง+มาร์เก็ตการ์เดน (บทพูดภารกิจ),1340690
1340700,"That's coming from the top, gents.",นั่นมาจากด้านบนสุภาพบุรุษ,แคมเปญก็อง+มาร์เก็ตการ์เดน (บทพูดภารกิจ),1340700
1340710,"You heard him men, move into defensive positions. ",คุณได้ยินเขาแล้ว เคลื่อนเข้าสู่ตำแหน่งป้องกัน,แคมเปญก็อง+มาร์เก็ตการ์เดน (บทพูดภารกิจ),1340710
1340720,I want AT and MG emplacements deployed in a jiffy. ,ฉันต้องการให้ตำแหน่ง AT และ MG ใช้งานได้ในระยะเวลาอันสั้น,แคมเปญก็อง+มาร์เก็ตการ์เดน (บทพูดภารกิจ),1340720
1340730,Get moving ladies! We need defensive positions A-SAP!,ย้ายผู้หญิง! เราต้องการตำแหน่งป้องกัน A-SAP!,แคมเปญก็อง+มาร์เก็ตการ์เดน (บทพูดภารกิจ),1340730
1340740,"Men of Canada, this is not your war! ",เหล่าบุรุษแห่งแคนาดา นี่ไม่ใช่สงครามของคุณ!,แคมเปญก็อง+มาร์เก็ตการ์เดน (บทพูดภารกิจ),1340740
1340750,Give up now and we will spare you.,ยอมแพ้ตอนนี้แล้วเราจะไว้ชีวิตคุณ,แคมเปญก็อง+มาร์เก็ตการ์เดน (บทพูดภารกิจ),1340750
1340760,Do not fight for your masters. Be free men of Canada.,อย่าต่อสู้เพื่อเจ้านายของคุณ เป็นคนอิสระของแคนาดา,แคมเปญก็อง+มาร์เก็ตการ์เดน (บทพูดภารกิจ),1340760
1340770,Why fight for your Imperial Masters. They do not remember your sacrifices at Vimy.,ทำไมต้องต่อสู้เพื่อ Imperial Masters ของคุณ พวกเขาจำการเสียสละของคุณที่ Vimy ไม่ได้,แคมเปญก็อง+มาร์เก็ตการ์เดน (บทพูดภารกิจ),1340770
1340780,Remember your homes. Your families.,จำบ้านของคุณ ครอบครัวของคุณ,แคมเปญก็อง+มาร์เก็ตการ์เดน (บทพูดภารกิจ),1340780
1340790,Who is your sweetheart with now?,แฟนของคุณอยู่กับใครตอนนี้?,แคมเปญก็อง+มาร์เก็ตการ์เดน (บทพูดภารกิจ),1340790
1340800,"You call yourselves common and your British masters treat you just as that, like common mutts inbred in the Americas.",คุณเรียกตัวเองว่าเป็นคนธรรมดาสามัญ และปรมาจารย์ชาวอังกฤษของคุณก็ปฏิบัติต่อคุณแบบนั้น เหมือนสุนัขพันธุ์ธรรมดาที่มีต้นกำเนิดในอเมริกา,แคมเปญก็อง+มาร์เก็ตการ์เดน (บทพูดภารกิจ),1340800
1340810,"Canadian Rifles, I give you one last offer, surrender and your lives will be spared. No blood need be shed this day.",แคนาเดียนไรเฟิลส์ ฉันขอมอบข้อเสนอครั้งสุดท้ายแก่คุณ ยอมจำนน แล้วชีวิตของคุณจะไว้ชีวิต วันนี้ไม่ต้องเสียเลือด,แคมเปญก็อง+มาร์เก็ตการ์เดน (บทพูดภารกิจ),1340810
1340820,Fools! Tremble in your petty defiance! The 12th SS has offered you life!,คนโง่! ตัวสั่นในการต่อต้านเล็กน้อยของคุณ! SS ที่ 12 ได้มอบชีวิตให้กับคุณ!,แคมเปญก็อง+มาร์เก็ตการ์เดน (บทพูดภารกิจ),1340820
1340830,Today you will come to know the storm of the 3rd Empire!,วันนี้จะมารู้จักพายุแห่งจักรวรรดิที่ 3 กัน!,แคมเปญก็อง+มาร์เก็ตการ์เดน (บทพูดภารกิจ),1340830
1340840,"That's the one the Major spoke of, he's a brat, but now he's working for Jerry! ",นั่นคือคนที่ท่านพันตรีพูดถึง เขาเป็นเด็กแสบ แต่ตอนนี้กำลังทำงานให้พวกเยอรมัน!,แคมเปญก็อง+มาร์เก็ตการ์เดน (บทพูดภารกิจ),1340840
1340850,"Come on men, let's show them what Commonwealth means!",เอาล่ะ มาแสดงให้พวกเขาเห็นว่าเครือจักรภพหมายถึงอะไร!,แคมเปญก็อง+มาร์เก็ตการ์เดน (บทพูดภารกิจ),1340850
1340860,Can't wait to get one of these rifles up poor Jerry's trap door! ,แทบจะรอไม่ไหวที่จะหยิบปืนไรเฟิลพวกนี้ขึ้นประตูกับดักของเจอร์รี่ผู้น่าสงสารแล้ว!,แคมเปญก็อง+มาร์เก็ตการ์เดน (บทพูดภารกิจ),1340860
1340870,"McMahon, do you hear this shit!",แมคมาฮอน คุณได้ยินเรื่องไร้สาระนี้ไหม!,แคมเปญก็อง+มาร์เก็ตการ์เดน (บทพูดภารกิจ),1340870
1340880,"Never, you fucking ass-backward bastards!",ไม่เคยเลย ไอ้สารเลวถอยหลัง!,แคมเปญก็อง+มาร์เก็ตการ์เดน (บทพูดภารกิจ),1340880
1340890,"My gun's getting cold listening to your going on, you damn Jerry!",ปืนของฉันเริ่มเย็นชาแล้ว เมื่อฟังสิ่งที่เกิดขึ้นของคุณ ไอ้เวร เจอร์รี่!,แคมเปญก็อง+มาร์เก็ตการ์เดน (บทพูดภารกิจ),1340890
1340900,"Alright boys, listen up. I want MGs to cover the frontline!",เอาล่ะ เด็กๆ ฟังไว้นะ ฉันอยากให้ MGs ปกป้องแนวหน้า!,แคมเปญก็อง+มาร์เก็ตการ์เดน (บทพูดภารกิจ),1340900
1340910,"Sort out the AT Gun emplacements. I want a maximum field of fire, lads!",จัดเรียงตำแหน่งปืน AT ฉันอยากได้สนามเพลิงที่สูงสุดนะหนุ่มๆ!,แคมเปญก็อง+มาร์เก็ตการ์เดน (บทพูดภารกิจ),1340910
1340920,"Corporal Macdonald, get to building me some Mortars and stop your waddling about!",สิบโทแมคโดนัลด์ สร้างครกให้ฉันหน่อย แล้วหยุดเดินเตาะแตะของคุณซะ!,แคมเปญก็อง+มาร์เก็ตการ์เดน (บทพูดภารกิจ),1340920
1340930,"Alright troops, look sharp, Jerry's coming for us!",เอาล่ะ กองทัพ ดูดีๆ เจอร์รี่กำลังมาหาพวกเราแล้ว!,แคมเปญก็อง+มาร์เก็ตการ์เดน (บทพูดภารกิจ),1340930
1340940,Counterattack in 5 minutes.,โต้กลับใน 5 นาที,แคมเปญก็อง+มาร์เก็ตการ์เดน (บทพูดภารกิจ),1340940
1340950,Counterattack in 3 minutes.,โต้กลับใน 3 นาที,แคมเปญก็อง+มาร์เก็ตการ์เดน (บทพูดภารกิจ),1340950
1340960,Counterattack in 2 minutes.,โต้กลับใน 2 นาที,แคมเปญก็อง+มาร์เก็ตการ์เดน (บทพูดภารกิจ),1340960
1340970,Counterattack in 60 seconds.,ตอบโต้ภายใน 60 วินาที,แคมเปญก็อง+มาร์เก็ตการ์เดน (บทพูดภารกิจ),1340970
1340980,"Alright boys, hold your ground. Give it to them.",เอาล่ะ เด็กๆ ยึดมั่นไว้ มอบให้พวกเขา.,แคมเปญก็อง+มาร์เก็ตการ์เดน (บทพูดภารกิจ),1340980
1340990,Contact!  Hold the line!,ปะทะข้าศึก! รักษาแนวรบไว้!,แคมเปญก็อง+มาร์เก็ตการ์เดน (บทพูดภารกิจ),1340990
1341000,"Make every shot count, troops!",ทำให้ทุกนัดมีค่า เหล่าทหาร!,แคมเปญก็อง+มาร์เก็ตการ์เดน (บทพูดภารกิจ),1341000
1341010,Rapid rate! Go on!,อัตราด่วน! ไปต่อ!,แคมเปญก็อง+มาร์เก็ตการ์เดน (บทพูดภารกิจ),1341010
1341020,Targets to your front! Go on!,เป้าหมายอยู่ตรงหน้าคุณ! ไปต่อ!,แคมเปญก็อง+มาร์เก็ตการ์เดน (บทพูดภารกิจ),1341020
1341030,"Good job, fellas.",ทำได้ดีมากเพื่อนๆ,แคมเปญก็อง+มาร์เก็ตการ์เดน (บทพูดภารกิจ),1341030
1341040,"Don't let your guard down, there's more German bullshit to come!",อย่าละเลยความระมัดระวัง ยังมีเรื่องไร้สาระเยอรมันอีกมากมายที่จะตามมา!,แคมเปญก็อง+มาร์เก็ตการ์เดน (บทพูดภารกิจ),1341040
1341050,Jesus Christ! That was a second wave... They're just throwing themselves at us!,พระเยซูคริสต์! นั่นเป็นคลื่นลูกที่สอง... พวกมันกำลังโจมตีเรา!,แคมเปญก็อง+มาร์เก็ตการ์เดน (บทพูดภารกิจ),1341050
1341060,Prepare for their next assault!,เตรียมพร้อมสำหรับการโจมตีครั้งต่อไป!,แคมเปญก็อง+มาร์เก็ตการ์เดน (บทพูดภารกิจ),1341060
1341070,Their morale's wavering! Just hang tight…,ขวัญกำลังใจของพวกเขาสั่นคลอน! แค่ยึดมั่นถือมั่น…,แคมเปญก็อง+มาร์เก็ตการ์เดน (บทพูดภารกิจ),1341070
1341080,"Excellent job, troops!  Stand Down.",ทำได้ดีมาก เหล่าทหาร! พักรบได้,แคมเปญก็อง+มาร์เก็ตการ์เดน (บทพูดภารกิจ),1341080
1341090,"Major Blackmore, RCR waiting out on further orders.",พันตรีแบล็คมอร์ กรมทหารปืนเล็กยาวแคนาดา กำลังรอรับคำสั่งเพิ่มเติม,แคมเปญก็อง+มาร์เก็ตการ์เดน (บทพูดภารกิจ),1341090
1341100,German forces are pulling back and establishing a secondary line of defense near the Airfield proper. ,กองทัพเยอรมันกำลังถอยทัพและสร้างแนวป้องกันรองใกล้กับสนามบิน,แคมเปญก็อง+มาร์เก็ตการ์เดน (บทพูดภารกิจ),1341100
1341110,Expect heavy resistance at the...,คาดว่าจะมีแนวต้านอย่างหนักที่...,แคมเปญก็อง+มาร์เก็ตการ์เดน (บทพูดภารกิจ),1341110
1341120,"... Hangars here, and just beyond them at the Control Tower.",... โรงเก็บเครื่องบินที่นี่ และเลยจากพวกเขาไปที่หอควบคุม,แคมเปญก็อง+มาร์เก็ตการ์เดน (บทพูดภารกิจ),1341120
1341130,"3rd Battalion, with medium Armored support, will move in, clear the Hangars and the Control Tower, and secure the Airfield.",กองพันที่ 3 พร้อมด้วยเกราะสนับสนุนขนาดกลาง จะเคลื่อนพลเข้าเคลียร์โรงเก็บเครื่องบินและหอควบคุม และรักษาสนามบิน,แคมเปญก็อง+มาร์เก็ตการ์เดน (บทพูดภารกิจ),1341130
1341140,"Alright RCR it's your turn, assemble sections with medium armor support and take that bloody Airfield!",เอาล่ะ RCR ถึงตาคุณแล้ว รวบรวมส่วนต่างๆ ด้วยเกราะรองรับขนาดกลาง และยึดสนามบินเฮงซวยนั่นนั้น!,แคมเปญก็อง+มาร์เก็ตการ์เดน (บทพูดภารกิจ),1341140
1341150,"Refer to your maps. At the specified grid locations, we have four primary targets. ",อ้างถึงแผนที่ของคุณ ที่ตำแหน่งกริดที่ระบุ เรามีเป้าหมายหลักสี่ประการ,แคมเปญก็อง+มาร์เก็ตการ์เดน (บทพูดภารกิจ),1341150
1341160,Grab 'em quick and send 'em home lads!,รีบคว้าพวกมันไปส่งพวกมันกลับบ้านเร็ว ๆ นี้!,แคมเปญก็อง+มาร์เก็ตการ์เดน (บทพูดภารกิจ),1341160
1341170,Ready yourselves! We are moving in. ,เตรียมตัวให้พร้อม! เรากำลังเคลื่อนเข้า,แคมเปญก็อง+มาร์เก็ตการ์เดน (บทพูดภารกิจ),1341170
1341180,In formation!!,ข้อมูล!!,แคมเปญก็อง+มาร์เก็ตการ์เดน (บทพูดภารกิจ),1341180
1341190,"Hear that boys, we got them on the run! Time for some RCR roulette!",ฟังนะเด็ก ๆ พวกเราพาพวกเขาหนีแล้ว! ถึงเวลาสำหรับรูเล็ต RCR แล้ว!,แคมเปญก็อง+มาร์เก็ตการ์เดน (บทพูดภารกิจ),1341190
1341200,"Jerry's pissing himself, didn't know Canadians packed such a punch!",เจอร์รี่กำลังฉี่รดตัวเอง ไม่รู้ว่าชาวแคนาดาหมัดหนักขนาดนี้!,แคมเปญก็อง+มาร์เก็ตการ์เดน (บทพูดภารกิจ),1341200
1341210,"Damn Huns, need to learn what is means to be Commonwealth Soldiers!",ไอ้ฮุน ต้องเรียนรู้ความหมายของการเป็นทหารเครือจักรภพ!,แคมเปญก็อง+มาร์เก็ตการ์เดน (บทพูดภารกิจ),1341210
1341220,Take that fucking Airfield for the King!,ยึดสนามบินนั่นเพื่อราชา!,แคมเปญก็อง+มาร์เก็ตการ์เดน (บทพูดภารกิจ),1341220
1341230,Tommies sighted!  Don't let those turrets fall into their hands!,ทอมมี่เห็นแล้ว! อย่าปล่อยให้ป้อมปราการเหล่านั้นตกอยู่ในมือพวกมัน!,แคมเปญก็อง+มาร์เก็ตการ์เดน (บทพูดภารกิจ),1341230
1341240,Turrets to the front. Knock them out!,ป้อมปืนอยู่ด้านหน้า เคาะพวกเขาออก!,แคมเปญก็อง+มาร์เก็ตการ์เดน (บทพูดภารกิจ),1341240
1341250,Goddamn I want those turrets out of commission. NOW!,ให้ตายเถอะ ฉันต้องการให้ป้อมปืนพวกนั้นใช้การไม่ได้ เดี๋ยวนี้!,แคมเปญก็อง+มาร์เก็ตการ์เดน (บทพูดภารกิจ),1341250
1341260,"Listen up, neutralize those turrets now.",ฟังนะ ต่อต้านป้อมปืนพวกนั้นเดี๋ยวนี้,แคมเปญก็อง+มาร์เก็ตการ์เดน (บทพูดภารกิจ),1341260
1341270,Good work! We've neutralized those turrets.,ทำได้ดีมาก! เราทำลายป้อมปืนเหล่านั้นแล้ว,แคมเปญก็อง+มาร์เก็ตการ์เดน (บทพูดภารกิจ),1341270
1341280,Those Jerries are holed up in those hangars.  Time to flush them out!,เจอร์รีส์พวกนั้นถูกซุกอยู่ในโรงเก็บเครื่องบิน ถึงเวลาที่จะกำจัดพวกมันออกไป!,แคมเปญก็อง+มาร์เก็ตการ์เดน (บทพูดภารกิจ),1341280
1341290,"Fuck, we're fucked! The Allies are here!",ให้ตายเถอะ เราแย่แล้ว! พันธมิตรมาแล้ว!,แคมเปญก็อง+มาร์เก็ตการ์เดน (บทพูดภารกิจ),1341290
1341300,More Jerries! Send them back to the holes they came from!,เจอรี่ส์อีกแล้ว! ส่งพวกเขากลับไปยังหลุมที่พวกเขามา!,แคมเปญก็อง+มาร์เก็ตการ์เดน (บทพูดภารกิจ),1341300
1341310,"Come on, step it up lads! There are still Axis soldiers in those hangars and we'd better take them out if we're to control this airfield.",เอาล่ะ ก้าวขึ้นมาเลยเด็กๆ! ยังมีทหารฝ่ายอักษะอยู่ในโรงเก็บเครื่องบินเหล่านั้น และเราควรจะเอาพวกมันออกไปดีกว่า ถ้าเราจะควบคุมสนามบินแห่งนี้,แคมเปญก็อง+มาร์เก็ตการ์เดน (บทพูดภารกิจ),1341310
1341320,"Get to it, men! Clear those hangars, now!",เข้าใจเลยทหาร! เคลียร์โรงเก็บเครื่องบินพวกนั้นเดี๋ยวนี้!,แคมเปญก็อง+มาร์เก็ตการ์เดน (บทพูดภารกิจ),1341320
1341330,RCR your orders are to clear the hanger.,RCR คำสั่งของคุณคือการกวาดล้างโรงเก็บเครื่องบิน,แคมเปญก็อง+มาร์เก็ตการ์เดน (บทพูดภารกิจ),1341330
1341340,"You lot, you keep your eyes peeled for pockets of Jerries.",คุณมาก คุณคอยจับตาดูกระเป๋าเจอร์รี่ส์,แคมเปญก็อง+มาร์เก็ตการ์เดน (บทพูดภารกิจ),1341340
1341350,"Excellent, the hangars are cleared.",เยี่ยมมาก โรงเก็บเครื่องบินเคลียร์หมดแล้ว,แคมเปญก็อง+มาร์เก็ตการ์เดน (บทพูดภารกิจ),1341350
1341360,That Control Tower is going to be a tough battle. I want fire superiority.,หอควบคุมนั่นจะเป็นสมรภูมิที่ยากลำบาก ฉันต้องการอำนาจการยิงที่เหนือกว่า,แคมเปญก็อง+มาร์เก็ตการ์เดน (บทพูดภารกิจ),1341360
1341370,Clear out those Jerries and I'll give you all a round of drinks!,เคลียร์เจอร์รีส์พวกนั้น แล้วฉันจะให้เครื่องดื่มคุณเต็มแก้ว!,แคมเปญก็อง+มาร์เก็ตการ์เดน (บทพูดภารกิจ),1341370
1341380,"Remember, form up in short quick bursts and watch your spacing. This is going to be a tight one!",จำไว้ว่า ก่อตัวเป็นจังหวะสั้นๆ สั้นๆ และดูระยะห่างของคุณ งานนี้ก็จะแน่นๆ หน่อย!,แคมเปญก็อง+มาร์เก็ตการ์เดน (บทพูดภารกิจ),1341380
1341390,The Control Tower is still occupied by the bloody Huns!,หอควบคุมยังถูกครอบครองโดยไอ้พวกฮุน!,แคมเปญก็อง+มาร์เก็ตการ์เดน (บทพูดภารกิจ),1341390
1341400,We should flush 'ol Jerry out as soon as fucking possible!,เราควรกำจัดเจอร์รี่ออกไปให้เร็วที่สุด!,แคมเปญก็อง+มาร์เก็ตการ์เดน (บทพูดภารกิจ),1341400
1341410,"Best believe it, that’s the Gen.",นั่นแหละข่าวกรองที่ต้องการ,แคมเปญก็อง+มาร์เก็ตการ์เดน (บทพูดภารกิจ),1341410
1341420,Lord love a duck! The control tower is ours!,พระเจ้ารักเป็ด! หอควบคุมเป็นของเรา!,แคมเปญก็อง+มาร์เก็ตการ์เดน (บทพูดภารกิจ),1341420
1341430,RCR reporting for duty.,RCR รายงานตัวเพื่อปฏิบัติหน้าที่,แคมเปญก็อง+มาร์เก็ตการ์เดน (บทพูดภารกิจ),1341430
1341440,"And it's about bloody time, lads!",และมันถึงเวลาเฮงซวยแล้ว หนุ่มๆ !,แคมเปญก็อง+มาร์เก็ตการ์เดน (บทพูดภารกิจ),1341440
1341450,Those planes need to stay permanently grounded!,เครื่องบินเหล่านั้นจำเป็นต้องจอดถาวร!,แคมเปญก็อง+มาร์เก็ตการ์เดน (บทพูดภารกิจ),1341450
1341460,"Superlative effort, you've earned yourself a medal!",ความพยายามขั้นสุดยอด คุณได้รับเหรียญรางวัลแล้ว!,แคมเปญก็อง+มาร์เก็ตการ์เดน (บทพูดภารกิจ),1341460
1341470,They're moving those planes out of the hangar!,พวกเขากำลังเคลื่อนย้ายเครื่องบินเหล่านั้นออกจากโรงเก็บเครื่องบิน!,แคมเปญก็อง+มาร์เก็ตการ์เดน (บทพูดภารกิจ),1341470
1341480,"Quickly, shoot them down before they can get into the air to attack us!",รีบยิงพวกมันให้หมดก่อนที่พวกมันจะขึ้นไปโจมตีเรา!,แคมเปญก็อง+มาร์เก็ตการ์เดน (บทพูดภารกิจ),1341480
1341490,Those planes won't be bothering us now…,เครื่องบินพวกนั้นจะไม่รบกวนเราแล้ว…,แคมเปญก็อง+มาร์เก็ตการ์เดน (บทพูดภารกิจ),1341490
1341500,Hold your ground!!! Mines!,ยึดพื้นที่ไว้!!! ทุ่นระเบิด!,แคมเปญก็อง+มาร์เก็ตการ์เดน (บทพูดภารกิจ),1341500
1341510,We hit a bloody mine field!,เราโดนสนามทุ่นระเบิด!!,แคมเปญก็อง+มาร์เก็ตการ์เดน (บทพูดภารกิจ),1341510
1341520,"Sappers, we need you on mine-clearing duty!",พวกแซปเปอร์ เราต้องการให้คุณทำหน้าที่เก็บกวาดทุ่นระเบิด!,แคมเปญก็อง+มาร์เก็ตการ์เดน (บทพูดภารกิจ),1341520
1341530,"Excellent work, men.",ทำได้ดีมาก ทหาร!,แคมเปญก็อง+มาร์เก็ตการ์เดน (บทพูดภารกิจ),1341530
1341540,1st Commandos have cleared the Control Tower!,หน่วยคอมมานโดที่ 1 ได้เคลียร์ Control Tower แล้ว!,แคมเปญก็อง+มาร์เก็ตการ์เดน (บทพูดภารกิจ),1341540
1341550,"With Carpiquet Airport under our control, Caen is as good as ours!",ด้วยสนามบิน Carpiquet ที่อยู่ภายใต้การควบคุมของเรา Caen ก็ดีพอ ๆ กับของเรา!,แคมเปญก็อง+มาร์เก็ตการ์เดน (บทพูดภารกิจ),1341550
1341560,"Bloody good job men, bloody good.",ทำได้ดีมากพวก ทำได้ดีจริง ๆ,แคมเปญก็อง+มาร์เก็ตการ์เดน (บทพูดภารกิจ),1341560
1341570,Those RCR boys sure know how to have a good time!,หนุ่มๆ RCR เหล่านั้นรู้วิธีการมีช่วงเวลาที่ดีอย่างแน่นอน!,แคมเปญก็อง+มาร์เก็ตการ์เดน (บทพูดภารกิจ),1341570
1341580,Get The Royal Scots on the radio. Tell them to stand by for orders...,รับ Royal Scots ทางวิทยุ บอกให้ยืนรอรับคำสั่ง...,แคมเปญก็อง+มาร์เก็ตการ์เดน (บทพูดภารกิจ),1341580
1349100,Establish Defensive Frontline,จัดตั้งแนวป้องกันแนวหน้า,แคมเปญก็อง+มาร์เก็ตการ์เดน (บทพูดภารกิจ),1349100
1349101,Defeat Axis Counter-Attack,เอาชนะ Axis Counter-Attack,แคมเปญก็อง+มาร์เก็ตการ์เดน (บทพูดภารกิจ),1349101
1349102,Secure the Airfield,รักษาความปลอดภัยสนามบิน,แคมเปญก็อง+มาร์เก็ตการ์เดน (บทพูดภารกิจ),1349102
1349103,Neutralize the Turrets,ทำลายป้อมปืน,แคมเปญก็อง+มาร์เก็ตการ์เดน (บทพูดภารกิจ),1349103
1349104,Rescue the Commandos,ช่วยเหลือหน่วยคอมมานโด,แคมเปญก็อง+มาร์เก็ตการ์เดน (บทพูดภารกิจ),1349104|1349156
1349105,Destroy all Aircraft,ทำลายเครื่องบินทั้งหมด,แคมเปญก็อง+มาร์เก็ตการ์เดน (บทพูดภารกิจ),1349105
1349106,Shoot Down the Aircraft,ยิงเครื่องบินตก,แคมเปญก็อง+มาร์เก็ตการ์เดน (บทพูดภารกิจ),1349106
1349110,The Germans are preparing to counter-attack. Build defensive emplacements to stop them.,ชาวเยอรมันกำลังเตรียมตอบโต้การโจมตี สร้างสถานที่ป้องกันเพื่อหยุดพวกเขา,แคมเปญก็อง+มาร์เก็ตการ์เดน (บทพูดภารกิจ),1349110
1349111,Stop the Axis counter-attack. Focus the defense around key enemy axis of advance.,หยุดการโจมตีตอบโต้ฝ่ายอักษะ มุ่งเน้นการป้องกันรอบแกนศัตรูที่สำคัญล่วงหน้า,แคมเปญก็อง+มาร์เก็ตการ์เดน (บทพูดภารกิจ),1349111
1349112,Use a mix of Armor and Infantry to clear out the Hangars and the Control Tower.,ใช้ยานเกราะและทหารราบผสมกันเพื่อเคลียร์โรงเก็บเครื่องบินและหอควบคุม,แคมเปญก็อง+มาร์เก็ตการ์เดน (บทพูดภารกิจ),1349112
1349113,Bodenturm Turrets guard the runway.  Silence or capture them to support the attack.,ป้อมปืน Bodenturm คุ้มกันรันเวย์ จัดการหรือยึดมันเพื่อสนับสนุนการโจมตี,แคมเปญก็อง+มาร์เก็ตการ์เดน (บทพูดภารกิจ),1349113
1349114,Retrieve the hidden Commandos holed up in the buildings from the previous night.,ดึงหน่วยคอมมานโดที่ซ่อนอยู่ในอาคารจากเมื่อคืนก่อน,แคมเปญก็อง+มาร์เก็ตการ์เดน (บทพูดภารกิจ),1349114
1349115,Destroy the Henschel Airplanes before they take off.,ทำลายเครื่องบิน Henschel ก่อนที่จะบินขึ้น,แคมเปญก็อง+มาร์เก็ตการ์เดน (บทพูดภารกิจ),1349115
1349116,Build Bofor Emplacements to shoot down the Henschel Airplanes.,สร้างฐานที่มั่น Bofor เพื่อยิงเครื่องบิน Henschel ตก,แคมเปญก็อง+มาร์เก็ตการ์เดน (บทพูดภารกิจ),1349116
1349120,Defenses Built,การป้องกันที่สร้างขึ้น,แคมเปญก็อง+มาร์เก็ตการ์เดน (บทพูดภารกิจ),1349120
1349121,Axis Counter-Attack Repelled,ฝ่ายอักษะตอบโต้การโจมตีถูกขับไล่,แคมเปญก็อง+มาร์เก็ตการ์เดน (บทพูดภารกิจ),1349121
1349122,Airfield Secured,การรักษาความปลอดภัยสนามบิน,แคมเปญก็อง+มาร์เก็ตการ์เดน (บทพูดภารกิจ),1349122
1349123,Turrets Neutralized,ทำลายป้อมปืนแล้ว,แคมเปญก็อง+มาร์เก็ตการ์เดน (บทพูดภารกิจ),1349123
1349124,Commandos Retrieved,หน่วยคอมมานโดถูกเรียกค้นแล้ว,แคมเปญก็อง+มาร์เก็ตการ์เดน (บทพูดภารกิจ),1349124
1349125,Aircraft Destroyed,เครื่องบินถูกทำลาย,แคมเปญก็อง+มาร์เก็ตการ์เดน (บทพูดภารกิจ),1349125
1349150,Build Defensive Emplacements,สร้างสถานที่ป้องกัน,แคมเปญก็อง+มาร์เก็ตการ์เดน (บทพูดภารกิจ),1349150
1349151,Neutralize this Turret,ทำลายป้อมปืนนี้,แคมเปญก็อง+มาร์เก็ตการ์เดน (บทพูดภารกิจ),1349151
1349152,Neutralize this Bunker,ทำลายบังเกอร์นี้,แคมเปญก็อง+มาร์เก็ตการ์เดน (บทพูดภารกิจ),1349152
1349153,Destroy this plane,ทำลายเครื่องบินลำนี้,แคมเปญก็อง+มาร์เก็ตการ์เดน (บทพูดภารกิจ),1349153
1349154,Clear this Hangar,เคลียร์โรงเก็บเครื่องบินนี้,แคมเปญก็อง+มาร์เก็ตการ์เดน (บทพูดภารกิจ),1349154
1349155,Secure the Control Tower,รักษาความปลอดภัยของหอควบคุม,แคมเปญก็อง+มาร์เก็ตการ์เดน (บทพูดภารกิจ),1349155
1349160,Carpiquet Airfield is still in Axis hands.,สนามบิน Carpiquet ยังอยู่ในมือของฝ่ายอักษะ,แคมเปญก็อง+มาร์เก็ตการ์เดน (บทพูดภารกิจ),1349160
1349161,Good work! Carpiquet Airfield secure.,ทำได้ดีมาก! สนามบินคาร์ปิเกต์ปลอดภัยแล้ว,แคมเปญก็อง+มาร์เก็ตการ์เดน (บทพูดภารกิจ),1349161
1349170,Commandos retrieved!,หน่วยคอมมานโดฟื้นแล้ว!,แคมเปญก็อง+มาร์เก็ตการ์เดน (บทพูดภารกิจ),1349170
1349171,Airplane taking off!,เครื่องบินขึ้นแล้ว!,แคมเปญก็อง+มาร์เก็ตการ์เดน (บทพูดภารกิจ),1349171
1349172,Enemy contact!,ศัตรูติดต่อ!,แคมเปญก็อง+มาร์เก็ตการ์เดน (บทพูดภารกิจ),1349172|1441380
1350500,"Bright and early to you, Major. ",สดใสและรวดเร็วสำหรับคุณพันตรี,แคมเปญก็อง+มาร์เก็ตการ์เดน (บทพูดภารกิจ),1350500
1350510,"Elements of the 1st and 12th SS Panzers, reinforced by the 16th Luftwaffe Field Division, have established defensive positions throughout Caen.",องค์ประกอบของกองยานเกราะ SS ที่ 1 และ 12 ซึ่งได้รับการเสริมกำลังโดยกองพลกองทัพที่ 16 ได้สร้างตำแหน่งการป้องกันทั่วก็อง,แคมเปญก็อง+มาร์เก็ตการ์เดน (บทพูดภารกิจ),1350510
1350530,Seems the bombing made Jerry dig in harder... Caen won't fall without a good fight.,ดูเหมือนเหตุระเบิดยิ่งทำให้เจอร์รี่ขุดหลุมตั้งรับหนักขึ้น... ก็องจะไม่ล้มลงง่าย ๆ หากไม่สู้กันสุดชีวิต,แคมเปญก็อง+มาร์เก็ตการ์เดน (บทพูดภารกิจ),1350530
1350540,3rd Battalion will advance into Caen and eliminate all Axis positions. ,กองพันที่ 3 จะรุกเข้าสู่ก็องและกำจัดตำแหน่งฝ่ายอักษะทั้งหมด,แคมเปญก็อง+มาร์เก็ตการ์เดน (บทพูดภารกิจ),1350540
1350541,"This will not be an easy fight, we will pay dearly for Caen.",นี่ไม่ใช่การต่อสู้ที่ง่าย เราจะจ่ายแพงเพื่อก็อง,แคมเปญก็อง+มาร์เก็ตการ์เดน (บทพูดภารกิจ),1350541
1350550,B-Coy will be supporting our advance on the left flank. Keep an eye on them.  ,บี-คอยจะสนับสนุนเกมรุกของเราทางปีกซ้าย จับตาดูพวกเขา,แคมเปญก็อง+มาร์เก็ตการ์เดน (บทพูดภารกิจ),1350550
1350560,Establish a base of operations in the ruins of the Chateau.,สร้างฐานปฏิบัติการในซากปรักหักพังของปราสาท,แคมเปญก็อง+มาร์เก็ตการ์เดน (บทพูดภารกิจ),1350560
1350570,We will launch our assault on Caen from here.,เราจะเริ่มการโจมตีก็องจากที่นี่,แคมเปญก็อง+มาร์เก็ตการ์เดน (บทพูดภารกิจ),1350570
1350600,"Right, Bailey get your men moving and secure the area! Move!",เอาล่ะ เบลีย์ พากำลังพลของคุณเคลื่อนพลและยึดพื้นที่ให้ปลอดภัย! ไปได้!,แคมเปญก็อง+มาร์เก็ตการ์เดน (บทพูดภารกิจ),1350600
1350610,Get in there quick and establish a foothold.,รีบเข้าไปตั้งหลัก,แคมเปญก็อง+มาร์เก็ตการ์เดน (บทพูดภารกิจ),1350610
1350620,Get the Canadians on those positions!,รับชาวแคนาดาในตำแหน่งเหล่านั้น!,แคมเปญก็อง+มาร์เก็ตการ์เดน (บทพูดภารกิจ),1350620
1350630,Mortars! On the bloody flanks! Get your sections over there!,ครก! ระดมยิงปีกข้างโว้ย! ส่งหน่วยของนายไปตรงนั้น!,แคมเปญก็อง+มาร์เก็ตการ์เดน (บทพูดภารกิจ),1350630
1350640,They've got us zeroed with mortars!  ,พวกมันยิงครกเล็งเป้าเราได้แล้ว!,แคมเปญก็อง+มาร์เก็ตการ์เดน (บทพูดภารกิจ),1350640
1350680,Corporal Degnan! Get your lads on that point!,สิบโทเดกแนน! พาลูก ๆ ของคุณไปสู่จุดนั้น!,แคมเปญก็อง+มาร์เก็ตการ์เดน (บทพูดภารกิจ),1350680
1350690,We need to take that bloody point!,เราจำเป็นต้องเอาจุดเฮงซวยนั้น!,แคมเปญก็อง+มาร์เก็ตการ์เดน (บทพูดภารกิจ),1350690
1350700,They have the area covered by mortars!  ,พวกมันใช้ครกคุมพื้นที่ยิงไว้!,แคมเปญก็อง+มาร์เก็ตการ์เดน (บทพูดภารกิจ),1350700
1350710,Elbows and arses! Secure those fuckin' positions!,ข้อศอกและตูด! รักษาตำแหน่งไอ้เวรพวกนั้นไว้!,แคมเปญก็อง+มาร์เก็ตการ์เดน (บทพูดภารกิจ),1350710
1350720,"Fuck sakes, Neville! Get on that bloody point!",โคตรเลวเลยเนวิลล์! เข้าจุดเดือดเลย!,แคมเปญก็อง+มาร์เก็ตการ์เดน (บทพูดภารกิจ),1350720
1350730,Chateau has been secured. Mobile command HQs on my position.,ชาโตว์ได้รับการรักษาความปลอดภัยแล้ว กองบัญชาการเคลื่อนที่ในตำแหน่งของฉัน,แคมเปญก็อง+มาร์เก็ตการ์เดน (บทพูดภารกิจ),1350730
1350740,"Right, good bloody work, 3rd Battalion.",เอาล่ะ ทำได้ดีมาก กองพันที่ 3,แคมเปญก็อง+มาร์เก็ตการ์เดน (บทพูดภารกิจ),1350740
1350750,reorg the troops. We need to keep the momentum if we want to capture the city.,จัดระเบียบกองทัพใหม่ เราจำเป็นต้องรักษาโมเมนตัมไว้หากเราต้องการยึดเมือง,แคมเปญก็อง+มาร์เก็ตการ์เดน (บทพูดภารกิจ),1350750
1350800,The shelling has really created a bloody mess for our lads.,การปลอกกระสุนสร้างความเลอะเทอะให้กับเด็ก ๆ ของเราจริงๆ,แคมเปญก็อง+มาร์เก็ตการ์เดน (บทพูดภารกิจ),1350800
1350801,Jerry's holed up in the rubble like rats.,เจอร์รี่ซุกตัวอยู่ในซากปรักหักพังเหมือนหนู,แคมเปญก็อง+มาร์เก็ตการ์เดน (บทพูดภารกิจ),1350801
1350810,"Recce reports show this whole area is riddled with Snipers, MGs, and concealed weapon teams creating a massive kill-zone.",รายงานของ Recce แสดงให้เห็นว่าพื้นที่ทั้งหมดนี้เต็มไปด้วยพลซุ่มยิง MG และทีมอาวุธที่ซ่อนเร้นซึ่งสร้างเขตสังหารขนาดมหึมา,แคมเปญก็อง+มาร์เก็ตการ์เดน (บทพูดภารกิจ),1350810
1350820,"Until we identify those Axis positions, proceeding into Caen may be a problem. ",จนกว่าเราจะระบุตำแหน่งฝ่ายอักษะเหล่านั้นได้ การเข้าสู่เมืองก็องอาจเป็นปัญหาได้,แคมเปญก็อง+มาร์เก็ตการ์เดน (บทพูดภารกิจ),1350820
1350830,Have the Battalion conduct a reconnaissance in force of the area.,ให้กองพันดำเนินการลาดตระเวนในพื้นที่,แคมเปญก็อง+มาร์เก็ตการ์เดน (บทพูดภารกิจ),1350830
1350841,Our objective is to neutralize the main defensive positions and secure these locations.,วัตถุประสงค์ของเราคือการต่อต้านตำแหน่งการป้องกันหลักและรักษาตำแหน่งเหล่านี้,แคมเปญก็อง+มาร์เก็ตการ์เดน (บทพูดภารกิจ),1350841
1350850,"Once secured, call in Fighter-Bombers to smash Jerry back into the stone age.",เมื่อปลอดภัยแล้ว ให้เรียกนักสู้-Bombers มาทุบ Jerry กลับไปสู่ยุคหิน,แคมเปญก็อง+มาร์เก็ตการ์เดน (บทพูดภารกิจ),1350850
1350860,"Until that defensive line is destroyed, we cannot risk the Royal Dragoon's tanks.",จนกว่าแนวป้องกันนั้นจะถูกทำลาย เราไม่สามารถเสี่ยงต่อรถถังของ Royal Dragoon ได้,แคมเปญก็อง+มาร์เก็ตการ์เดน (บทพูดภารกิจ),1350860
1350870,So much for a bloody good morning...,มากสำหรับอรุณสวัสดิ์ยามเช้า...,แคมเปญก็อง+มาร์เก็ตการ์เดน (บทพูดภารกิจ),1350870
1350900,We need to recce the area.,เราต้องปรับปรุงพื้นที่.,แคมเปญก็อง+มาร์เก็ตการ์เดน (บทพูดภารกิจ),1350900
1350910,Intel reports indicate light forces scattered throughout but they're dug in and ready to fight.,รายงานของ Intel ระบุว่ากองกำลังแสงกระจัดกระจายไปทั่ว แต่พวกมันถูกขุดเข้าไปและพร้อมที่จะต่อสู้,แคมเปญก็อง+มาร์เก็ตการ์เดน (บทพูดภารกิจ),1350910
1350920,Deploy Howitzers to cover the advance and provide fire support as needed.,วางกำลังปืนใหญ่วิถีโค้ง เพื่อยิงคุ้มกันการรุกคืบและยิงสนับสนุนตามความจำเป็น,แคมเปญก็อง+มาร์เก็ตการ์เดน (บทพูดภารกิจ),1350920
1350930,It's a fuckin' hornet's nest out here!,ข้างนอกนี่มันรังแตนชัดๆ!,แคมเปญก็อง+มาร์เก็ตการ์เดน (บทพูดภารกิจ),1350930
1350940,We need fuckin' infantry combat teams with armor!,เราต้องการทีมรบทหารราบที่มาพร้อมยานเกราะ!,แคมเปญก็อง+มาร์เก็ตการ์เดน (บทพูดภารกิจ),1350940
1350950,Watch the gaps between your teams or Jerry will take us apart!,ระวังช่องว่างระหว่างทีมของคุณ ไม่เช่นนั้นเจอร์รี่จะแยกเราออกจากกัน!,แคมเปญก็อง+มาร์เก็ตการ์เดน (บทพูดภารกิจ),1350950
1350960,Fire superiority! Pour it on them!,ครองอำนาจการยิง!,แคมเปญก็อง+มาร์เก็ตการ์เดน (บทพูดภารกิจ),1350960
1350970,Maintain flank and rear security!,รักษาความปลอดภัยด้านข้างและด้านหลัง!,แคมเปญก็อง+มาร์เก็ตการ์เดน (บทพูดภารกิจ),1350970
1350971,Sacramouille de vierge!,ซาครามูย เดอ เวียร์จ!,แคมเปญก็อง+มาร์เก็ตการ์เดน (บทพูดภารกิจ),1350971
1350980,Watch the side streets!,ระวังข้างถนน!,แคมเปญก็อง+มาร์เก็ตการ์เดน (บทพูดภารกิจ),1350980
1350990,Rear fuckin' security! Don't let them get around us!,การรักษาความปลอดภัยด้านหลังโคตร! อย่าปล่อยให้พวกมันมายุ่งกับเรา!,แคมเปญก็อง+มาร์เก็ตการ์เดน (บทพูดภารกิจ),1350990
1351000,Mother fucking Jerry assholes need to feel some pain!,แม่โคตรไอ้เจอร์รี่ต้องรู้สึกเจ็บปวดบ้าง!,แคมเปญก็อง+มาร์เก็ตการ์เดน (บทพูดภารกิจ),1351000
1351001,Fire and move! Fire and move!,ยิงแล้วเคลื่อน! ยิงแล้วเคลื่อน!,แคมเปญก็อง+มาร์เก็ตการ์เดน (บทพูดภารกิจ),1351001
1351010,Try to flank them!,พยายามขนาบข้างพวกเขา!,แคมเปญก็อง+มาร์เก็ตการ์เดน (บทพูดภารกิจ),1351010
1351020,Where are all these fuckin' Jerries comin' from!?,พวกเจอร์รี่พวกนี้มันมาจากไหนเนี่ย!?,แคมเปญก็อง+มาร์เก็ตการ์เดน (บทพูดภารกิจ),1351020
1351021,"Bloomin hell, mates!",นรกแตกเลยเพื่อน!,แคมเปญก็อง+มาร์เก็ตการ์เดน (บทพูดภารกิจ),1351021
1351030,"Corporal! Get your lads to swing 'round, mate!",สิบโท! พาหนุ่มๆ ของคุณมาแกว่งไปมาสิเพื่อน!,แคมเปญก็อง+มาร์เก็ตการ์เดน (บทพูดภารกิจ),1351030
1351040,Get the lads to concentrate their fire power!,ให้เด็ก ๆ รวบรวมพลังการยิงของพวกเขา!,แคมเปญก็อง+มาร์เก็ตการ์เดน (บทพูดภารกิจ),1351040
1351050,Contact. Get rounds down range!,ติดต่อ. รับรอบลงระยะ!,แคมเปญก็อง+มาร์เก็ตการ์เดน (บทพูดภารกิจ),1351050
1351060,Call in the bloody Stuarts! Get those fuckin' tankers off their arses!,เรียกสจวร์ตเวรนั่นมา! ไล่พลรถถังไอ้เวรออกไปจากก้นมันซะ!,แคมเปญก็อง+มาร์เก็ตการ์เดน (บทพูดภารกิจ),1351060
1351061,"Bring up the fuckin' Stuarts, mate!",นำ Stuarts ไอ้เวรนั่นขึ้นมาเพื่อน!,แคมเปญก็อง+มาร์เก็ตการ์เดน (บทพูดภารกิจ),1351061
1351062,Section! Targets to your front!,ส่วน! เป้าหมายอยู่ตรงหน้าคุณ!,แคมเปญก็อง+มาร์เก็ตการ์เดน (บทพูดภารกิจ),1351062
1351070,"Flank those bastards, lads! Let's fuckin' move!",ขนาบข้างไอ้สารเลวเหล่านั้น! ไปกันให้สุด!,แคมเปญก็อง+มาร์เก็ตการ์เดน (บทพูดภารกิจ),1351070
1351080,My lads have run into a built up defensive position! Looks like a bunker system!,ลูก ๆ ของฉันวิ่งเข้าสู่ตำแหน่งการป้องกันที่เพิ่มขึ้น! ดูเหมือนระบบบังเกอร์!,แคมเปญก็อง+มาร์เก็ตการ์เดน (บทพูดภารกิจ),1351080
1351090,We've got reinforced defensive positions! Get some fire support up here!,เรามีตำแหน่งการป้องกันที่แข็งแกร่งแล้ว! รับการสนับสนุนการยิงที่นี่!,แคมเปญก็อง+มาร์เก็ตการ์เดน (บทพูดภารกิจ),1351090
1351100,Corporal Degnan! Get a bloody fire mission down the line!,สิบโทเดกแนน! รับภารกิจยิงเฮงซวย!,แคมเปญก็อง+มาร์เก็ตการ์เดน (บทพูดภารกิจ),1351100
1351110,"Panzers! Get AT up here, right bloody now!",แพนเซอร์! เอาปืนเอทีขึ้นมาตรงนี้ เดี๋ยวนี้เลยโว้ย!,แคมเปญก็อง+มาร์เก็ตการ์เดน (บทพูดภารกิจ),1351110
1351120,Close up and use those fuckin' PIATS!,เข้าใกล้แล้วใช้ PIATS ไอ้เวรนั่นซะ!,แคมเปญก็อง+มาร์เก็ตการ์เดน (บทพูดภารกิจ),1351120
1351121,Where the fuck is BAILEY!? We need bloody armor support!,เบลีย์มันไปมุดหัวอยู่ที่ไหนวะ!? เราต้องการยานเกราะสนับสนุนด่วนโว้ย!,แคมเปญก็อง+มาร์เก็ตการ์เดน (บทพูดภารกิจ),1351121
1351130,Flank the armor and hit 'em up the arse!,ขนาบข้างเกราะและโจมตีพวกมันเข้าที่ก้น!,แคมเปญก็อง+มาร์เก็ตการ์เดน (บทพูดภารกิจ),1351130
1351140,Those are Nebelwerfers! They've got us pegged lads!,นั่นก็คือเนเบลเวอร์เฟอร์! พวกมันจับพวกเราได้แล้วไอ้หนุ่ม!,แคมเปญก็อง+มาร์เก็ตการ์เดน (บทพูดภารกิจ),1351140
1351150,They're using Nebelwerfers! Find the launchers!,พวกเขากำลังใช้เนเบลเวอร์เฟอร์! ค้นหาตัวเรียกใช้งาน!,แคมเปญก็อง+มาร์เก็ตการ์เดน (บทพูดภารกิจ),1351150
1351160,Incoming rockets! They've got us zeroed!,จรวดเข้ามา! พวกเขาทำให้เราเป็นศูนย์!,แคมเปญก็อง+มาร์เก็ตการ์เดน (บทพูดภารกิจ),1351160
1351161,Rockets! Does anyone see their trails!?,จรวด! มีใครเห็นรอยของพวกเขาบ้าง!?,แคมเปญก็อง+มาร์เก็ตการ์เดน (บทพูดภารกิจ),1351161
1351162,Nebelwerfers! Can anyone follow the trails to get a LocRef' on 'em?!,เนเบลเวอร์เฟอร์! ใครสามารถติดตามเส้นทางเพื่อรับ LocRef' บน 'em ได้บ้าง!,แคมเปญก็อง+มาร์เก็ตการ์เดน (บทพูดภารกิจ),1351162
1351163,Incoming! Those are rockets! Find the launchers!,กำลังมา! นั่นมันจรวด! ค้นหาตัวเรียกใช้งาน!,แคมเปญก็อง+มาร์เก็ตการ์เดน (บทพูดภารกิจ),1351163
1351164,"Nebelwerfers destroyed, good bloody job!",เนเบลเวอร์เฟอร์ถูกทำลาย เยี่ยมมาก!,แคมเปญก็อง+มาร์เก็ตการ์เดน (บทพูดภารกิจ),1351164
1351170,Jerry's got the whole area zeroed in! Get out of here!,เจอร์รี่จับพื้นที่ทั้งหมดเป็นศูนย์! ออกไปจากที่นี่!,แคมเปญก็อง+มาร์เก็ตการ์เดน (บทพูดภารกิจ),1351170
1351180,Incoming rockets! Get out of the area!,จรวดเข้ามา! ออกจากพื้นที่!,แคมเปญก็อง+มาร์เก็ตการ์เดน (บทพูดภารกิจ),1351180
1351190,Incoming artillery! Move out! Go!,ปืนใหญ่เข้ามา! เคลื่อนพล! ไป!,แคมเปญก็อง+มาร์เก็ตการ์เดน (บทพูดภารกิจ),1351190
1351200,We need to locate the launchers!,เราจำเป็นต้องค้นหาตัวเรียกใช้งาน!,แคมเปญก็อง+มาร์เก็ตการ์เดน (บทพูดภารกิจ),1351200
1351210,Baker Company is taking heavy casualties! We need to provide them immediate support!,กองร้อย Baker ได้รับบาดเจ็บสาหัส! เราต้องให้การสนับสนุนพวกเขาทันที!,แคมเปญก็อง+มาร์เก็ตการ์เดน (บทพูดภารกิจ),1351210
1351220,We have to hold that flank! Get your lads over there!,เราต้องยึดปีกนั้นไว้! พาเด็ก ๆ ของคุณไปที่นั่น!,แคมเปญก็อง+มาร์เก็ตการ์เดน (บทพูดภารกิจ),1351220
1351230,Get our lads over there and help those poor sods out!,พาเด็ก ๆ ของเราไปที่นั่นและช่วยคนยากจนเหล่านั้นออกไป!,แคมเปญก็อง+มาร์เก็ตการ์เดน (บทพูดภารกิจ),1351230
1351240,"Covering fire on the flank! They're tryin' to swing 'round, mate!",ยิงคุ้มกันทางปีกไว้! พวกมันพยายามจะตีโอบเข้ามาพวกเรา!,แคมเปญก็อง+มาร์เก็ตการ์เดน (บทพูดภารกิจ),1351240
1351241,"Cuntybuggeryfucktoleybumshite! Kill those fuckers, lads!",บ้าบอมากแม่! ฆ่าไอ้เวรพวกนั้นซะพวก!,แคมเปญก็อง+มาร์เก็ตการ์เดน (บทพูดภารกิจ),1351241
1351250,We've lost 2 section! All bloody hell!,เราสูญเสียไป 2 ส่วน! นรกเฮงซวยทั้งหมด!,แคมเปญก็อง+มาร์เก็ตการ์เดน (บทพูดภารกิจ),1351250
1351260,"Grant Justin's fuckin'hit! He's fucked, mate!  ",แกรนท์ จัสติน โดนสุดๆ! เขาระยำเพื่อน!,แคมเปญก็อง+มาร์เก็ตการ์เดน (บทพูดภารกิจ),1351260
1351261,Where the bloody hell is 3rd Battalion?!,กองพันที่ 3 อยู่ไหนวะ?!,แคมเปญก็อง+มาร์เก็ตการ์เดน (บทพูดภารกิจ),1351261
1351262,Come on Boudica's Boys we need you!,มาเลย บูดิกา Boys เราต้องการคุณ!,แคมเปญก็อง+มาร์เก็ตการ์เดน (บทพูดภารกิจ),1351262
1351263,Get another message up the chain! We need the 3rd over here right bloody now!,ส่งข้อความขึ้นไปตามสายบังคับบัญชาอีก! เราต้องการกองพลที่ 3 มาตรงนี้ เดี๋ยวนี้!,แคมเปญก็อง+มาร์เก็ตการ์เดน (บทพูดภารกิจ),1351263
1351264,We've lost a fuckin' section there! ,เราสูญเสียส่วนที่เป็นบัดซบไปที่นั่น!,แคมเปญก็อง+มาร์เก็ตการ์เดน (บทพูดภารกิจ),1351264
1351265,There's a whole other fuckin company!,มีกองร้อยบ้าๆ อีกแห่งหนึ่ง!,แคมเปญก็อง+มาร์เก็ตการ์เดน (บทพูดภารกิจ),1351265
1351266,"Watch 'em there, wha?! They're tryin' to flank us!",ดูพวกมันสิ อะไรนะ?! พวกเขากำลังพยายามจะขนาบข้างเรา!,แคมเปญก็อง+มาร์เก็ตการ์เดน (บทพูดภารกิจ),1351266
1351267,We've lost the RSM!,เราสูญเสีย RSM!,แคมเปญก็อง+มาร์เก็ตการ์เดน (บทพูดภารกิจ),1351267
1351268,"Where's the OC, what? We need to get a message out to headquarters!",OC อยู่ที่ไหน อะไร? เราต้องส่งข้อความไปที่กองบัญชาการ!,แคมเปญก็อง+มาร์เก็ตการ์เดน (บทพูดภารกิจ),1351268
1351270,"We're on the way, lads! Hold on! ",เรากำลังไปแล้วนะหนุ่มๆ! เดี๋ยว!,แคมเปญก็อง+มาร์เก็ตการ์เดน (บทพูดภารกิจ),1351270
1351280,Fuckin' hell! We need to get over there!,โคตรนรก! เราต้องไปที่นั่น!,แคมเปญก็อง+มาร์เก็ตการ์เดน (บทพูดภารกิจ),1351280
1351281,Shite! Shite! They killed little Darwin!,เหี้ย! เหี้ย! พวกเขาฆ่าดาร์วินตัวน้อย!,แคมเปญก็อง+มาร์เก็ตการ์เดน (บทพูดภารกิจ),1351281
1352190,"Kill those blummin sheep shagging bastards, for Darwin lads!",ฆ่าไอ้พวกแกะจอมเจ้าเล่ห์นั่นซะ เพื่อพวกดาร์วิน!,แคมเปญก็อง+มาร์เก็ตการ์เดน (บทพูดภารกิจ),1352190
1352191,Creeping bloody Huns put up a good fight!,ไอ้ฮุนเวรคืบคลานเข้ามาแต่สู้ดี!,แคมเปญก็อง+มาร์เก็ตการ์เดน (บทพูดภารกิจ),1352191
1352192,Get the balance of the men! We need to get over there!,รับความสมดุลของทหาร! เราต้องไปที่นั่น!,แคมเปญก็อง+มาร์เก็ตการ์เดน (บทพูดภารกิจ),1352192
1352200,"Roger Boudica's Boys, thanks for the help.",ทหารของ รับทราบ บูดิกา ขอบคุณสำหรับความช่วยเหลือ,แคมเปญก็อง+มาร์เก็ตการ์เดน (บทพูดภารกิจ),1352200
1352210,"Intel suggested Jerry had pulled out, and we all know that was a load of shite!",Intel แนะนำให้ Jerry ถอนตัวออกไป และเราทุกคนก็รู้ดีว่ามันแย่มาก!,แคมเปญก็อง+มาร์เก็ตการ์เดน (บทพูดภารกิจ),1352210
1352220,We are now under 3rd Battalion command!,ตอนนี้เราอยู่ภายใต้การบังคับบัญชาของกองพันที่ 3 แล้ว!,แคมเปญก็อง+มาร์เก็ตการ์เดน (บทพูดภารกิจ),1352220
1352230,"Let's push those Jerry bastards right out of Caen, gents!",ไปผลักไอ้เวรเจอร์รี่ออกไปจากก็องกันเถอะสุภาพบุรุษ!,แคมเปญก็อง+มาร์เก็ตการ์เดน (บทพูดภารกิจ),1352230
1352240,That's what we're looking for! Take that position out.,นั่นคือสิ่งที่เรากำลังมองหา! เอาตำแหน่งนั้นออกไป,แคมเปญก็อง+มาร์เก็ตการ์เดน (บทพูดภารกิจ),1352240
1352250,"BAILEY, mark that position and neutralize it!",เบลีย์ ระบุพิกัดเป้าหมายนั้นแล้วจัดการทำลายมันซะ!,แคมเปญก็อง+มาร์เก็ตการ์เดน (บทพูดภารกิจ),1352250
1352260,"Move up, LTs mark those targets! Fighter bombers running CAP above your positions!",ขยับขึ้น LT ทำเครื่องหมายเป้าหมายเหล่านั้น! เครื่องบินทิ้งระเบิดที่ใช้ CAP เหนือตำแหน่งของคุณ!,แคมเปญก็อง+มาร์เก็ตการ์เดน (บทพูดภารกิจ),1352260
1352270,Understood. Fighter bombers on station and ready to hit the second position onced you've marked it.,เข้าใจแล้ว. เครื่องบินทิ้งระเบิดประจำการและพร้อมที่จะโจมตีตำแหน่งที่สองเมื่อคุณทำเครื่องหมายไว้แล้ว,แคมเปญก็อง+มาร์เก็ตการ์เดน (บทพูดภารกิจ),1352270
1352280,"Forward Air Control indicates pilots waiting for your smoke. Light up the next bunker, lad.",ระบบควบคุมอากาศข้างหน้าแจ้งว่านักบินรอควันของคุณอยู่ จุดควันทำเครื่องหมายบังเกอร์ถัดไปเลย หนุ่มน้อย,แคมเปญก็อง+มาร์เก็ตการ์เดน (บทพูดภารกิจ),1352280
1352290,Give me the LOCREP for those bunkers. Second wave of CAP is overhead and standing by.,ส่ง LOCREP สำหรับบังเกอร์เหล่านั้นมาให้ฉัน คลื่นลูกที่สองของ CAP อยู่เหนือศีรษะและยืนหยัด,แคมเปญก็อง+มาร์เก็ตการ์เดน (บทพูดภารกิจ),1352290
1352300,Get on those bloody targets. You've got fighters overhead burning fuel waiting to drop their payloads.,เข้าถึงเป้าหมายเฮงซวยเหล่านั้น คุณมีเครื่องบินรบที่เผาไหม้เชื้อเพลิงเหนือศีรษะเพื่อรอที่จะปล่อยน้ำหนักบรรทุกของพวกเขา,แคมเปญก็อง+มาร์เก็ตการ์เดน (บทพูดภารกิจ),1352300
1352310,My runners show one bunker left. Toss your smoke and get out of there.,นักวิ่งของฉันแสดงบังเกอร์เหลือหนึ่งบังเกอร์ โยนควันของคุณและออกไปจากที่นั่น,แคมเปญก็อง+มาร์เก็ตการ์เดน (บทพูดภารกิจ),1352310
1352320,Probe the line. We need to find those defensive positions.,ตรวจสอบสาย. เราจำเป็นต้องค้นหาตำแหน่งแนวรับเหล่านั้น,แคมเปญก็อง+มาร์เก็ตการ์เดน (บทพูดภารกิจ),1352320
1352330,"Send out your recce parties. As soon as you locate the line, we have air support on station.",ส่งฝ่ายรับของคุณออกไป ทันทีที่คุณพบเส้นทาง เรามีการสนับสนุนทางอากาศที่สถานี,แคมเปญก็อง+มาร์เก็ตการ์เดน (บทพูดภารกิจ),1352330
1352340,Push your lads deeper into Caen. Jerry's defensive lines must be getting close.,ผลักดันลูก ๆ ของคุณให้ลึกเข้าไปในเมืองก็อง แนวรับของเจอร์รี่ต้องใกล้เข้ามาแล้ว,แคมเปญก็อง+มาร์เก็ตการ์เดน (บทพูดภารกิจ),1352340
1352350,Those AA guns need to be destroyed before the fighters can drop down.,ปืน AA เหล่านั้นจะต้องถูกทำลายก่อนที่เครื่องบินรบจะตกลงมาได้,แคมเปญก็อง+มาร์เก็ตการ์เดน (บทพูดภารกิจ),1352350
1352360,Our fighters won't have a chance against that Anit-Air fire. Assemble the sections and neutralize those guns!,เครื่องบินรบของเราจะไม่มีโอกาสต่อสู้กับการยิงของ Anit-Air รวบรวมส่วนต่าง ๆ และต่อต้านปืนเหล่านั้น!,แคมเปญก็อง+มาร์เก็ตการ์เดน (บทพูดภารกิจ),1352360
1352370,They can easily be used against our planes. Take them out so we can take out those bunkers!,สามารถใช้กับเครื่องบินของเราได้อย่างง่ายดาย เอาพวกมันออกไป เราจะได้เอาบังเกอร์พวกนั้นออกไป!,แคมเปญก็อง+มาร์เก็ตการ์เดน (บทพูดภารกิจ),1352370
1352380,"Right bloody on Boudica's Boys! Stick it to 'em, you sorry fucks!",สุดยอดจริง ๆ กองร้อยบูดิกา! เอาให้มันจุก ๆ ไปเลย ไอ้เวร!,แคมเปญก็อง+มาร์เก็ตการ์เดน (บทพูดภารกิจ),1352380
1352390,Only the RAF flies like that! Bloody brilliant CRAB Air!,มีเพียง RAF เท่านั้นที่บินแบบนั้น! CRAB Air สุดเดือด!,แคมเปญก็อง+มาร์เก็ตการ์เดน (บทพูดภารกิจ),1352390
1352400,"Cracked it right open, gents! That's the gen.",นั่นแหละข้อมูลที่ต้องการ,แคมเปญก็อง+มาร์เก็ตการ์เดน (บทพูดภารกิจ),1352400
1352401,Keep it dropping! Jeery needs some love!,ให้มันลดลง! เจรี่ต้องการความรัก!,แคมเปญก็อง+มาร์เก็ตการ์เดน (บทพูดภารกิจ),1352401
1352402,"That's it! That's it! Keep it comin', you beautiful CRAB bastards!",แค่นั้นแหละ! แค่นั้นแหละ! ให้มันเข้ามาเลย เจ้า CRAB แสนสวย!,แคมเปญก็อง+มาร์เก็ตการ์เดน (บทพูดภารกิจ),1352402
1352410,"Fuckin' hell. Wouldn't want to be on the receiving' end of that, eh mate.",โคตรนรกเลย ไม่อยากเป็นฝ่ายรับหรอกเพื่อน,แคมเปญก็อง+มาร์เก็ตการ์เดน (บทพูดภารกิจ),1352410
1352420,Holy shite! I felt that in me ball sack!,ฉิบหายแล้ว! เสียววูบไปถึงไข่เลยโว้ย!!,แคมเปญก็อง+มาร์เก็ตการ์เดน (บทพูดภารกิจ),1352420
1352430,"Fuckin' hell! Adrian, get your hands off me! Brown hatter bastard!",โคตรนรก! เอเดรียน เอามือออกไปจากฉันนะ! ไอ้แฮทเทอร์สีน้ำตาล!,แคมเปญก็อง+มาร์เก็ตการ์เดน (บทพูดภารกิจ),1352430
1352440,"I'm showing all targets destroyed. Good bloody show, gents.",ฉันกำลังแสดงเป้าหมายทั้งหมดที่ถูกทำลาย การแสดงเฮงซวยที่ดีสุภาพบุรุษ,แคมเปญก็อง+มาร์เก็ตการ์เดน (บทพูดภารกิจ),1352440
1352450,Major all targets neutralized.  ,พันตรี เป้าหมายทั้งหมดถูกทำลายแล้ว,แคมเปญก็อง+มาร์เก็ตการ์เดน (บทพูดภารกิจ),1352450
1352460,The lads took a beatin' but they're in good spirits.,เด็กๆ ทะเลาะกันแต่ก็จิตใจดี,แคมเปญก็อง+มาร์เก็ตการ์เดน (บทพูดภารกิจ),1352460
1352470,They did a bloody good job of it. Pass it down the line.,พวกเขาทำได้ดีมาก ส่งต่อมันลงไป,แคมเปญก็อง+มาร์เก็ตการ์เดน (บทพูดภารกิจ),1352470
1352471,Let's tend to the wounded and reorg the troops.,มาดูแลผู้บาดเจ็บและจัดกำลังทหารใหม่กันเถอะ,แคมเปญก็อง+มาร์เก็ตการ์เดน (บทพูดภารกิจ),1352471
1352480,We've only just started the battle for Caen.,เราเพิ่งเริ่มต้นการต่อสู้เพื่อก็อง,แคมเปญก็อง+มาร์เก็ตการ์เดน (บทพูดภารกิจ),1352480
1352500,3rd Battalion our orders are to move into Caen and secure the strategic objectives.,กองพันที่ 3 คำสั่งของเราคือเคลื่อนเข้าสู่ก็องและยึดวัตถุประสงค์เชิงกลยุทธ์,แคมเปญก็อง+มาร์เก็ตการ์เดน (บทพูดภารกิจ),1352500
1352510,"Degnan, I want combat teams to move and secure the objectives on the double.",สิบโทเดกแนน ฉันต้องการให้ชุดรบเคลื่อนพลไปยึดเป้าหมายโดยด่วนที่สุด,แคมเปญก็อง+มาร์เก็ตการ์เดน (บทพูดภารกิจ),1352510
1352520,"3rd Battalion, those targets are our objectives. Capture and Hold them.",กองพันที่ 3 เป้าหมายเหล่านั้นคือวัตถุประสงค์ของเรา ยึดและตรึงไว้,แคมเปญก็อง+มาร์เก็ตการ์เดน (บทพูดภารกิจ),1352520
1352530,"Objective in range, Degnan capture that point and defend it.",เป้าหมายอยู่ในระยะแล้ว สิบโทเดกแนน ยึดจุดนั้นและตั้งแนวรับป้องกันไว้,แคมเปญก็อง+มาร์เก็ตการ์เดน (บทพูดภารกิจ),1352530
1352540,Objective in sight. Capture and defend it.,วัตถุประสงค์ในการมองเห็น จับและปกป้องมัน,แคมเปญก็อง+มาร์เก็ตการ์เดน (บทพูดภารกิจ),1352540
1352550,That's our mark. Secure that point and prepare for counter-attacks.,นั่นคือเครื่องหมายของเรา รักษาจุดนั้นให้มั่นและเตรียมพร้อมสำหรับการตอบโต้,แคมเปญก็อง+มาร์เก็ตการ์เดน (บทพูดภารกิจ),1352550
1352560,Counter Attack. Defend that objective.,ตอบโต้การโจมตี ปกป้องวัตถุประสงค์นั้น,แคมเปญก็อง+มาร์เก็ตการ์เดน (บทพูดภารกิจ),1352560
1352570,Contact! Enemies attacking our objective point.,ติดต่อ! ศัตรูโจมตีจุดเป้าหมายของเรา,แคมเปญก็อง+มาร์เก็ตการ์เดน (บทพูดภารกิจ),1352570
1352580,Incoming. Degnan watch the front and defend those Objectives.,ข้าศึกกำลังมา สิบโทเดกแนน ระวังแนวหน้าและป้องกันเป้าหมายเหล่านั้นไว้,แคมเปญก็อง+มาร์เก็ตการ์เดน (บทพูดภารกิจ),1352580
1352590,We're losing an objective.,เรากำลังสูญเสียเป้าหมาย,แคมเปญก็อง+มาร์เก็ตการ์เดน (บทพูดภารกิจ),1352590
1352600,"We've lost an objective, get it back.",เราสูญเสียเป้าหมายไป เอามันกลับมา,แคมเปญก็อง+มาร์เก็ตการ์เดน (บทพูดภารกิจ),1352600
1352610,Objective secure. Well done.,วัตถุประสงค์ที่ปลอดภัย ทำได้ดี.,แคมเปญก็อง+มาร์เก็ตการ์เดน (บทพูดภารกิจ),1352610
1352620,"Second Objective is secure, 3rd Battalion.",เป้าหมายที่สองปลอดภัย กองพันที่ 3,แคมเปญก็อง+มาร์เก็ตการ์เดน (บทพูดภารกิจ),1352620
1352630,All objectives secure!,วัตถุประสงค์ทั้งหมดปลอดภัย!,แคมเปญก็อง+มาร์เก็ตการ์เดน (บทพูดภารกิจ),1352630
1352640,"Fighter Command, you are free to begin your attack run.",Fighter Command คุณมีอิสระที่จะเริ่มการโจมตี,แคมเปญก็อง+มาร์เก็ตการ์เดน (บทพูดภารกิจ),1352640
1352650,"Fighters inbound, lads, that'll show em.",นักสู้เข้ามาแล้ว หนุ่มๆ นั่นจะแสดงให้พวกเขาเห็นแล้ว,แคมเปญก็อง+มาร์เก็ตการ์เดน (บทพูดภารกิจ),1352650
1359100,Clear Chateau Area,เคลียร์พื้นที่ปราสาท,แคมเปญก็อง+มาร์เก็ตการ์เดน (บทพูดภารกิจ),1359100
1359101,Capture and Defend the Victory Points,ยึดครองและปกป้องคะแนนชัยชนะ,แคมเปญก็อง+มาร์เก็ตการ์เดน (บทพูดภารกิจ),1359101
1359102,Rescue Remaining B-Coy Squads,ช่วยเหลือทีมบีคอยที่เหลืออยู่,แคมเปญก็อง+มาร์เก็ตการ์เดน (บทพูดภารกิจ),1359102
1359103,Chateau Area Secured,พื้นที่ปราสาทปลอดภัย,แคมเปญก็อง+มาร์เก็ตการ์เดน (บทพูดภารกิจ),1359103
1359104,B-Coy Rescued,บีคอยช่วยเหลือแล้ว,แคมเปญก็อง+มาร์เก็ตการ์เดน (บทพูดภารกิจ),1359104
1359105,Defensive Positions Destroyed,ตำแหน่งการป้องกันถูกทำลาย,แคมเปญก็อง+มาร์เก็ตการ์เดน (บทพูดภารกิจ),1359105
1359106,Destroy the Nebelwerfers,ทำลายพวกเนเบลเวอร์เฟอร์,แคมเปญก็อง+มาร์เก็ตการ์เดน (บทพูดภารกิจ),1359106
1359110,Rout the German troops and capture the Strategic Point in the Chateau ruins.,เอาชนะกองทหารเยอรมันและยึดจุดยุทธศาสตร์ในซากปรักหักพังของปราสาท,แคมเปญก็อง+มาร์เก็ตการ์เดน (บทพูดภารกิจ),1359110
1359111,Capture and hold all of the Victory Points. Then call in a Bombing Run on the German Bunkers defending Caen.,จับและยึด Victory Points ทั้งหมดไว้ จากนั้นเรียกการโจมตีด้วยระเบิดบนบังเกอร์เยอรมันที่ปกป้องก็อง,แคมเปญก็อง+มาร์เก็ตการ์เดน (บทพูดภารกิจ),1359111
1359112,Defeat the Axis infantry suppressing B-Coy before they run out of reinforcements.,เอาชนะทหารราบฝ่ายอักษะที่ยิงกดดันตรึงพื้นที่ B-Coy ก่อนที่กำลังเสริมจะหมด,แคมเปญก็อง+มาร์เก็ตการ์เดน (บทพูดภารกิจ),1359112
1359113,Destroy all of the Nebelwerfers along the German defensive line.,ทำลาย Nebelwerfers ทั้งหมดตามแนวป้องกันของเยอรมัน,แคมเปญก็อง+มาร์เก็ตการ์เดน (บทพูดภารกิจ),1359113
1359120,Kill the HMG,ฆ่า HMG,แคมเปญก็อง+มาร์เก็ตการ์เดน (บทพูดภารกิจ),1359120
1359123,Call in the Bombers,เรียก Bombers เข้ามา,แคมเปญก็อง+มาร์เก็ตการ์เดน (บทพูดภารกิจ),1359123
1359124,Defend this Victory Point,ปกป้องคะแนนชัยชนะนี้,แคมเปญก็อง+มาร์เก็ตการ์เดน (บทพูดภารกิจ),1359124
1359125,Rescue B-Coy,กู้ภัยบี-คอย,แคมเปญก็อง+มาร์เก็ตการ์เดน (บทพูดภารกิจ),1359125
1359126,Use Overwatch Artillery to defend this point,ใช้ โอเวอร์วอช Artillery เพื่อปกป้องจุดนี้,แคมเปญก็อง+มาร์เก็ตการ์เดน (บทพูดภารกิจ),1359126
1359130,Armor Command Truck has arrived,รถหุ้มเกราะมาถึงแล้ว,แคมเปญก็อง+มาร์เก็ตการ์เดน (บทพูดภารกิจ),1359130|1389162
1359131,HQ Command Truck has arrived,กองบัญชาการรถบรรทุกมาถึงแล้ว,แคมเปญก็อง+มาร์เก็ตการ์เดน (บทพูดภารกิจ),1359131
1359132,Losing Victory Point!,เสียแต้มชัยชนะ!,แคมเปญก็อง+มาร์เก็ตการ์เดน (บทพูดภารกิจ),1359132
1359133,Victory Point recaptured!,วิคตอรี่พอยต์ทวงคืน!,แคมเปญก็อง+มาร์เก็ตการ์เดน (บทพูดภารกิจ),1359133
1360100,Steady up.,มั่นคงขึ้น.,แคมเปญก็อง+มาร์เก็ตการ์เดน (บทพูดภารกิจ),1360100
1360120,Hold... hold... hold...,ถือ...ถือ...ถือ...,แคมเปญก็อง+มาร์เก็ตการ์เดน (บทพูดภารกิจ),1360120
1360130,NOW!,ตอนนี้!,แคมเปญก็อง+มาร์เก็ตการ์เดน (บทพูดภารกิจ),1360130
1360140,Get us out of here!,พาเราออกไปจากที่นี่!,แคมเปญก็อง+มาร์เก็ตการ์เดน (บทพูดภารกิจ),1360140
1360150,I can't get it in gear!,เข้าเกียร์ไม่ได้!,แคมเปญก็อง+มาร์เก็ตการ์เดน (บทพูดภารกิจ),1360150
1360160,"The transmission's fucked, mate!",การส่งสัญญาณมันแย่เพื่อน!,แคมเปญก็อง+มาร์เก็ตการ์เดน (บทพูดภารกิจ),1360160
1360170,Bail! Bail!,สละรถ! สละรถ!,แคมเปญก็อง+มาร์เก็ตการ์เดน (บทพูดภารกิจ),1360170
1360180,AMBUSH!,ซุ่มโจมตี!,แคมเปญก็อง+มาร์เก็ตการ์เดน (บทพูดภารกิจ),1360180
1360190,Fallback!,ถอยทัพ!,แคมเปญก็อง+มาร์เก็ตการ์เดน (บทพูดภารกิจ),1360190
1360200,Move! Move!,เคลื่อนไหว! เคลื่อนไหว!,แคมเปญก็อง+มาร์เก็ตการ์เดน (บทพูดภารกิจ),1360200|1443100
1360500,B-Coy has been ambushed!,บีคอยโดนซุ่มโจมตี!,แคมเปญก็อง+มาร์เก็ตการ์เดน (บทพูดภารกิจ),1360500
1360510,"Caen is not clear, I say again, Caen is not clear!",ก็องไม่ชัด ขอบอกอีกที ก็องไม่ชัด!,แคมเปญก็อง+มาร์เก็ตการ์เดน (บทพูดภารกิจ),1360510
1360520,"Encountering heavy resistance, over!",เจอแนวต้านหนักหน่วง จบ!,แคมเปญก็อง+มาร์เก็ตการ์เดน (บทพูดภารกิจ),1360520
1360530,Jerry's using a delaying action to hold us back. Clear them out!,เจอร์รี่ใช้การกระทำล่าช้าเพื่อรั้งเราไว้ เคลียร์พวกมันซะ!,แคมเปญก็อง+มาร์เก็ตการ์เดน (บทพูดภารกิจ),1360530
1360540,"Good job, lads.",ทำได้ดีนะเด็กๆ,แคมเปญก็อง+มาร์เก็ตการ์เดน (บทพูดภารกิจ),1360540
1360550,Grab some ground and sort yourselves out.,คว้าพื้นและแยกตัวเองออก,แคมเปญก็อง+มาร์เก็ตการ์เดน (บทพูดภารกิจ),1360550
1360560,Good old Bailey has gone back to the CP to get instructions.,เบลีย์ผู้เก่งกาจกลับไปที่กองบัญชาการเพื่อรับคำสั่ง,แคมเปญก็อง+มาร์เก็ตการ์เดน (บทพูดภารกิจ),1360560
1360570,I suspect Blackmore will give 'm another shite-load of work for us.,ฉันเดาว่าพันตรีแบล็คมอร์คงจะมีงานหนักมาโยนให้พวกเราอีกแน่,แคมเปญก็อง+มาร์เก็ตการ์เดน (บทพูดภารกิจ),1360570
1360580,Major. Jerry has not completely pulled out of Caen as first reported.,พันตรีครับ พวกเยอรมันยังไม่ได้ถอนกำลังออกจากเมืองก็องทั้งหมดตามที่รายงานไว้ตอนแรก,แคมเปญก็อง+มาร์เก็ตการ์เดน (บทพูดภารกิจ),1360580
1360581,Elements of the 25th Panzer Division have established a rear guard action to delay our advance.,องค์ประกอบของกองพลยานเกราะที่ 25 ได้จัดตั้งกองป้องกันด้านหลังเพื่อชะลอการรุกของเรา,แคมเปญก็อง+มาร์เก็ตการ์เดน (บทพูดภารกิจ),1360581
1360582,"Resistance will be fierce, we can expect infantry with MG and AT support in this area.",การต่อต้านจะดุเดือด เราคาดว่าทหารราบจะได้รับการสนับสนุน MG และ AT ในพื้นที่นี้,แคมเปญก็อง+มาร์เก็ตการ์เดน (บทพูดภารกิจ),1360582
1360583,"However, the narrow streets and rubble means we'll need to advance carefully.",อย่างไรก็ตาม ถนนแคบๆ และซากปรักหักพังหมายความว่าเราจะต้องรุกคืบอย่างระมัดระวัง,แคมเปญก็อง+มาร์เก็ตการ์เดน (บทพูดภารกิจ),1360583
1360584,We can expect minefields and obstacles to funnel our Armor into kill zones.,เราคาดหวังได้ว่าเขตที่วางทุ่นระเบิดและสิ่งกีดขวางจะทำให้ยานเกราะของเราเข้าสู่โซนสังหาร,แคมเปญก็อง+มาร์เก็ตการ์เดน (บทพูดภารกิจ),1360584
1360585,Jerry's not going to give up Caen easily.,เจอร์รี่จะไม่ยอมแพ้ก็องง่ายๆ,แคมเปญก็อง+มาร์เก็ตการ์เดน (บทพูดภารกิจ),1360585
1360586,"We have Churchills available to us, so get them to the front right away.",เรามีเชอร์ชิลล์พร้อมสำหรับเรา ดังนั้นพาพวกมันไปด้านหน้าทันที,แคมเปญก็อง+มาร์เก็ตการ์เดน (บทพูดภารกิจ),1360586
1360620,"3rd Battalion's orders are to move in, clear any remaining forces and secure the following objectives.",คำสั่งของกองพันที่ 3 คือให้เคลื่อนเข้าไป เคลียร์กองกำลังที่เหลืออยู่ และรักษาวัตถุประสงค์ต่อไปนี้,แคมเปญก็อง+มาร์เก็ตการ์เดน (บทพูดภารกิจ),1360620
1360630,Have our Armor sweep in and clear those forces out.,ให้เกราะของเรากวาดเข้าไปและกำจัดกองกำลังเหล่านั้นออกไป,แคมเปญก็อง+มาร์เก็ตการ์เดน (บทพูดภารกิจ),1360630
1360640,I want the Armor protected by infantry and make sure they have Sappers to deal with any minefields.,ฉันต้องการให้ทหารราบปกป้องยานเกราะ และให้แน่ใจว่าพวกเขามีทหารช่างสนามเพื่อจัดการกับทุ่นระเบิด,แคมเปญก็อง+มาร์เก็ตการ์เดน (บทพูดภารกิจ),1360640
1360641,"If Jerry wants to fight for Caen, we'll bury them in the rubble. ",ถ้าเจอร์รี่ต้องการต่อสู้เพื่อก็อง เราจะฝังพวกเขาไว้ในซากปรักหักพัง,แคมเปญก็อง+มาร์เก็ตการ์เดน (บทพูดภารกิจ),1360641
1360690,Corporal Degnan.,สิบโทเดกแนน,แคมเปญก็อง+มาร์เก็ตการ์เดน (บทพูดภารกิจ),1360690
1360700,Set up an O-Group and pass on the following.,ตั้งค่า O-Group และส่งต่อสิ่งต่อไปนี้,แคมเปญก็อง+มาร์เก็ตการ์เดน (บทพูดภารกิจ),1360700
1360710,Combat teams of Sappers and Rifle sections are needed for clearing action.,จำเป็นต้องมีทีมต่อสู้ของแผนกทหารช่างสนามและปืนไรเฟิลเพื่อเคลียร์ปฏิบัติการ,แคมเปญก็อง+มาร์เก็ตการ์เดน (บทพูดภารกิจ),1360710
1360720,Armor will be in support.,เกราะจะสนับสนุน,แคมเปญก็อง+มาร์เก็ตการ์เดน (บทพูดภารกิจ),1360720
1360730,We can be sure Jerry knows we're coming so expect mines and AT emplacements. ,เราแน่ใจได้เลยว่าเจอร์รี่รู้ว่าเรากำลังมา ดังนั้นคาดหวังกับทุ่นระเบิดและที่ตั้ง AT ได้เลย,แคมเปญก็อง+มาร์เก็ตการ์เดน (บทพูดภารกิจ),1360730
1360740,Have the Infantry Command Post deploy Sappers.,ให้กองบัญชาการทหารราบวางกำลังทหารช่างสนาม,แคมเปญก็อง+มาร์เก็ตการ์เดน (บทพูดภารกิจ),1360740
1360760,Clear?,ชัดเจน?,แคมเปญก็อง+มาร์เก็ตการ์เดน (บทพูดภารกิจ),1360760
1360770,Couldn't be clearer.,ไม่สามารถชัดเจนกว่านี้ได้,แคมเปญก็อง+มาร์เก็ตการ์เดน (บทพูดภารกิจ),1360770
1360771,"Right, you sorry lot.",ใช่คุณขอโทษมาก,แคมเปญก็อง+มาร์เก็ตการ์เดน (บทพูดภารกิจ),1360771
1360772,We've got house keeping to take care of.,เรามีแม่บ้านคอยดูแล,แคมเปญก็อง+มาร์เก็ตการ์เดน (บทพูดภารกิจ),1360772
1360773,Jerry's dug himself in and doesn't want to leave.,เจอร์รี่ขุดสนามเพลาะตั้งรับและไม่ยอมไปไหน,แคมเปญก็อง+มาร์เก็ตการ์เดน (บทพูดภารกิจ),1360773
1360774,He's also peppered the area with mines and other nasties.,เขายังกระจายทุ่นระเบิดและสิ่งน่ารังเกียจอื่นๆ ไปทั่วพื้นที่ด้วย,แคมเปญก็อง+มาร์เก็ตการ์เดน (บทพูดภารกิจ),1360774
1360775,"So, if you don't want to get your arse blown off, make sure you keep our Sapper mates alive.",ดังนั้น ถ้าคุณไม่อยากทำให้ก้นคุณพัง กย่าลืมรักษาเพื่อนแซปเปอร์ของเราเอาไว้,แคมเปญก็อง+มาร์เก็ตการ์เดน (บทพูดภารกิจ),1360775
1360776,We have 3rd Battalion armor to support us but in these tight streets we need to provide them security against Anti Tank teams.,เรามียานเกราะของกองพันที่ 3 คอยสนับสนุนเรา แต่ในถนนคับคั่งเหล่านี้ เราจำเป็นต้องรักษาความปลอดภัยให้กับพวกเขาจากทีมต่อต้านรถถัง,แคมเปญก็อง+มาร์เก็ตการ์เดน (บทพูดภารกิจ),1360776
1360777,"To top it all off, there are snipers out there trying to send you home - feet first.",ยิ่งไปกว่านั้น ยังมีพลซุ่มยิงที่พยายามจะส่งคุณกลับบ้านก่อน,แคมเปญก็อง+มาร์เก็ตการ์เดน (บทพูดภารกิจ),1360777
1360778,Keep your wits about you and don't fuck this up.,รักษาสติปัญญาของคุณเกี่ยวกับคุณและอย่าทำสิ่งนี้ขึ้น,แคมเปญก็อง+มาร์เก็ตการ์เดน (บทพูดภารกิจ),1360778
1360890,Minefield!,ทุ่นระเบิด!,แคมเปญก็อง+มาร์เก็ตการ์เดน (บทพูดภารกิจ),1360890
1360900,Get some bloody Sappers up here!,เอาพวกแซปเปอร์ขึ้นมาตรงนี้เร็วโว้ย!,แคมเปญก็อง+มาร์เก็ตการ์เดน (บทพูดภารกิจ),1360900
1360910,Where are those Sappers!,พวกแซปเปอร์พวกนั้นอยู่ที่ไหน!,แคมเปญก็อง+มาร์เก็ตการ์เดน (บทพูดภารกิจ),1360910
1360920,Let's make sure the Sappers are equipped to deal with mines.,เรามาดูกันว่า แซปเปอร์ พร้อมที่จะจัดการกับทุ่นระเบิดแล้ว,แคมเปญก็อง+มาร์เก็ตการ์เดน (บทพูดภารกิจ),1360920
1360930,Get those bloody mines cleared!  ,เคลียร์ทุ่นระเบิดเฮงซวยเหล่านั้นให้หมด!,แคมเปญก็อง+มาร์เก็ตการ์เดน (บทพูดภารกิจ),1360930
1360931,Mines. Get those Churchills outfitted with mine ploughs.,ทุ่นระเบิด เตรียมเชอร์ชิลล์พวกนั้นด้วยคันไถของฉัน,แคมเปญก็อง+มาร์เก็ตการ์เดน (บทพูดภารกิจ),1360931
1360932,"Get minesweepers on those Churchills, NOW!",รับเครื่องกวาดทุ่นระเบิดกับ Churchills เหล่านั้นทันที!,แคมเปญก็อง+มาร์เก็ตการ์เดน (บทพูดภารกิจ),1360932
1360933,I want those Churchills on mineclearing duty!,ฉันอยากให้เชอร์ชิลล์พวกนั้นทำหน้าที่เคลียร์ทุ่นระเบิด!,แคมเปญก็อง+มาร์เก็ตการ์เดน (บทพูดภารกิจ),1360933
1360934,Ambush. Sniper.,ซุ่มโจมตี สไนเปอร์,แคมเปญก็อง+มาร์เก็ตการ์เดน (บทพูดภารกิจ),1360934
1360935,Sniper in hiding!,มือปืนซ่อนตัว!,แคมเปญก็อง+มาร์เก็ตการ์เดน (บทพูดภารกิจ),1360935
1360936,"Contact, sniper!",ติดต่อสไนเปอร์!,แคมเปญก็อง+มาร์เก็ตการ์เดน (บทพูดภารกิจ),1360936
1360937,Pak 38! ,ปาก 38!,แคมเปญก็อง+มาร์เก็ตการ์เดน (บทพูดภารกิจ),1360937
1360938,"Ambush, PaK 38!",ซุ่มโจมตี PaK38!,แคมเปญก็อง+มาร์เก็ตการ์เดน (บทพูดภารกิจ),1360938
1360939,"Shite, AT ambush!",แย่แล้ว ซุ่มโจมตี!,แคมเปญก็อง+มาร์เก็ตการ์เดน (บทพูดภารกิจ),1360939
1360940,There comin' out of the fuckin' rubble!,มี comin' ออกมาจากเศษซากไอ้บ้า!,แคมเปญก็อง+มาร์เก็ตการ์เดน (บทพูดภารกิจ),1360940
1360941,"Watch the rubble, mate!",ดูเศษหินเพื่อน!,แคมเปญก็อง+มาร์เก็ตการ์เดน (บทพูดภารกิจ),1360941
1360942,Their in the bloody ruins!,พวกเขาอยู่ในซากปรักหักพังอันเฮงซวย!,แคมเปญก็อง+มาร์เก็ตการ์เดน (บทพูดภารกิจ),1360942
1360943,Don't chase 'em! They're tryin' to lure you out!,อย่าไล่ตามพวกมัน! พวกเขากำลังพยายามล่อคุณออกไป!,แคมเปญก็อง+มาร์เก็ตการ์เดน (บทพูดภารกิจ),1360943
1360944,They're coming out of the ground!,พวกเขากำลังออกมาจากพื้นดิน!,แคมเปญก็อง+มาร์เก็ตการ์เดน (บทพูดภารกิจ),1360944
1360945,Go wide on the corners! Go wide on the fuckin' corners!,ก้าวให้กว้างเข้ามุม! ไปให้สุดมุม!,แคมเปญก็อง+มาร์เก็ตการ์เดน (บทพูดภารกิจ),1360945
1360946,"Someone watch our six! They killed Darwin, bastards!",มีคนดูหกของเรา! พวกเขาฆ่าดาร์วิน ไอ้สารเลว!,แคมเปญก็อง+มาร์เก็ตการ์เดน (บทพูดภารกิจ),1360946
1360947,God Damn! We're in a kill-zone!,พระเจ้าประณาม! เราอยู่ในโซนสังหาร!,แคมเปญก็อง+มาร์เก็ตการ์เดน (บทพูดภารกิจ),1360947
1361030,Sitting idle is giving Jerry time to dig in.,การนั่งเฉยๆ เป็นการให้เวลาเจอร์รี่ได้ขุดสนามเพาะตั้งรับ,แคมเปญก็อง+มาร์เก็ตการ์เดน (บทพูดภารกิจ),1361030
1361040,What the bloomin' hell are we sitting around for? Jerry's just going to dig in harder.,เรากำลังนั่งอยู่เฉยๆ เพื่ออะไรกันนะ? เจอร์รี่จะขุดให้หนักขึ้น,แคมเปญก็อง+มาร์เก็ตการ์เดน (บทพูดภารกิจ),1361040
1361050,"The longer we gaggle-fuck, mate, the more time Jerry's got to fuckin' regroup.",ยิ่งเราทะเลาะกันนานเท่าไรเพื่อน เจอร์รี่ก็ยิ่งมีเวลาจัดกลุ่มใหม่มากขึ้นเท่านั้น,แคมเปญก็อง+มาร์เก็ตการ์เดน (บทพูดภารกิจ),1361050
1361060,Get a Quick Reaction Force over to that fuckin' point and retake it!,รับพลังปฏิกิริยาด่วนไปที่จุดไอ้เวรนั่นแล้วยึดมันคืน!,แคมเปญก็อง+มาร์เก็ตการ์เดน (บทพูดภารกิจ),1361060
1361061,Muster a QRF and get over to that point! Jerry's takin' over.,รวบรวม QRF และข้ามไปยังจุดนั้น! เจอร์รี่เข้าเรื่องแล้ว,แคมเปญก็อง+มาร์เก็ตการ์เดน (บทพูดภารกิจ),1361061
1361062,For fuck sakes! Jerry's penetrating our area of responsibility!  Get over there and deal with it.,เพื่อเห็นแก่บัดซบ! เจอร์รี่กำลังรุกล้ำพื้นที่รับผิดชอบของเรา! ออกไปจัดการกับมันซะ,แคมเปญก็อง+มาร์เก็ตการ์เดน (บทพูดภารกิจ),1361062
1361070,Jerry's mustered a counter-attack! Get the troops over there!,เจอร์รี่ส์ ระดมโต้กลับ! ยกทัพไปตรงนั้น!,แคมเปญก็อง+มาร์เก็ตการ์เดน (บทพูดภารกิจ),1361070
1361080,We've got a German assault team makin' a push into our lines!  Rally a QRF team and take them out!,เรามีทีมโจมตีของเยอรมันที่กำลังบุกเข้ามาในแนวของเรา! รวมทีม QRF และกำจัดพวกเขาออกไป!,แคมเปญก็อง+มาร์เก็ตการ์เดน (บทพูดภารกิจ),1361080
1361090,Germans are counterattacking! Rally the troops and block their advance!,เยอรมันโต้กลับ! รวบรวมกองกำลังและสกัดกั้นการรุกคืบของพวกเขา!,แคมเปญก็อง+มาร์เก็ตการ์เดน (บทพูดภารกิจ),1361090
1361091,We're losing the Cathedral! If they get that high ground we're fucked!,เรากำลังสูญเสียมหาวิหาร! ถ้าพวกเขาอยู่บนที่สูงขนาดนั้น เราก็จะแย่แล้ว!,แคมเปญก็อง+มาร์เก็ตการ์เดน (บทพูดภารกิจ),1361091
1361092,We've got German forces moving on the courtyard! Rally the troops!,เรามีกองกำลังเยอรมันเคลื่อนทัพไปที่ลานบ้านแล้ว! รวมพล!,แคมเปญก็อง+มาร์เก็ตการ์เดน (บทพูดภารกิจ),1361092
1361093,Enemy units are moving on the crossroads!,หน่วยศัตรูกำลังเคลื่อนตัวบนทางแยก!,แคมเปญก็อง+มาร์เก็ตการ์เดน (บทพูดภารกิจ),1361093
1361094,Jerry's moving on the fuckin' island!,เจอร์รี่กำลังจะย้ายไปอยู่เกาะเฮงซวย!,แคมเปญก็อง+มาร์เก็ตการ์เดน (บทพูดภารกิจ),1361094
1361100,That's what happens when you leave things to the British. Get over there and throw Jerry out!,นั่นคือสิ่งที่จะเกิดขึ้นเมื่อคุณปล่อยให้เรื่องต่างๆ เป็นหน้าที่ของอังกฤษ ไปที่นั่นแล้วโยนเจอร์รี่ออกไป!,แคมเปญก็อง+มาร์เก็ตการ์เดน (บทพูดภารกิจ),1361100
1361110,Rally those bo-hunks from the prairies and kick Jerry's ass out of that point! Get on it!,รวบรวมเหล่านักล่าจากทุ่งหญ้าแพรรีและเตะตูดของเจอร์รี่ออกไปจากจุดนั้น! รับมัน!,แคมเปญก็อง+มาร์เก็ตการ์เดน (บทพูดภารกิจ),1361110
1361120,Those snaggle-toothed fuckin' Brits let another sector fall into Jerry's hands. Let's go sort it out.,พวกอังกฤษฟันเหยินนั่นปล่อยให้อีกเซกเตอร์ตกไปอยู่ในมือของพวกเยอรมัน ไปจัดการชิงคืนกันเถอะ,แคมเปญก็อง+มาร์เก็ตการ์เดน (บทพูดภารกิจ),1361120
1361130,"We got to be Johnny-on-the-spot with clearing out those German assholes. Let's get on it, troops.",เราต้องเป็นจอห์นนี่ที่ตรงจุดและกำจัดพวกเยอรมันพวกนี้ให้หมด เอาล่ะ ลุยเลย เหล่าทัพ,แคมเปญก็อง+มาร์เก็ตการ์เดน (บทพูดภารกิจ),1361130
1361140,Fellow Norsemen! The Germans are your brothers. Our history and future is intertwined.,พันธมิตรนอร์ส! ชาวเยอรมันเป็นพี่น้องของคุณ ประวัติศาสตร์และอนาคตของเราเกี่ยวพันกัน,แคมเปญก็อง+มาร์เก็ตการ์เดน (บทพูดภารกิจ),1361140
1361150,You have been fighting and dying for people who care nothing for you.,คุณต่อสู้และตายเพื่อคนที่ไม่สนใจคุณ,แคมเปญก็อง+มาร์เก็ตการ์เดน (บทพูดภารกิจ),1361150
1361160,"While you throw your lives away, these cowards are back in London, sleeping in your homes, eating your food and going to the theater with your sweethearts.",ในขณะที่พวกนายทิ้งชีวิตอยู่ที่นี่ พวกขี้ขลาดกลับไปนอนในบ้าน กินอาหาร และพาคนรักไปโรงละครในลอนดอน,แคมเปญก็อง+มาร์เก็ตการ์เดน (บทพูดภารกิจ),1361160
1361170,Do not do the dirty work for aristocrats that hide in the country side.,อย่าทำงานสกปรกให้กับขุนนางที่ซ่อนตัวอยู่ในชนบท,แคมเปญก็อง+มาร์เก็ตการ์เดน (บทพูดภารกิจ),1361170
1361180,"Are their fathers, brothers, sons dying on foreign soil!?",พ่อ พี่น้อง ลูกๆ ของพวกเขากำลังจะตายในต่างแดนเหรอ!?,แคมเปญก็อง+มาร์เก็ตการ์เดน (บทพูดภารกิจ),1361180
1361181,They grow richer with every drop of blood you spill!,พวกเขาร่ำรวยยิ่งขึ้นด้วยเลือดทุกหยดที่คุณหลั่งไหล!,แคมเปญก็อง+มาร์เก็ตการ์เดน (บทพูดภารกิจ),1361181
1361182,Do what you know is right.  ,ทำสิ่งที่คุณรู้ว่าถูกต้อง,แคมเปญก็อง+มาร์เก็ตการ์เดน (บทพูดภารกิจ),1361182
1361183,Put down your arms and return to your homes.,วางแขนลงแล้วกลับบ้านของคุณ,แคมเปญก็อง+มาร์เก็ตการ์เดน (บทพูดภารกิจ),1361183
1361184,Get a load of that fuckin' cock sucker on the loud speaker!,ดูดไอ้จ้อนนั่นให้เต็มลำโพงเลย!,แคมเปญก็อง+มาร์เก็ตการ์เดน (บทพูดภารกิจ),1361184
1361185,I guess he's talkin' to the snaggle-toothed Brits!,ฉันเดาว่าเขากำลังคุยกับคนอังกฤษที่มีปัญหาฟันซี่!,แคมเปญก็อง+มาร์เก็ตการ์เดน (บทพูดภารกิจ),1361185
1361186,Hey Tommy boys. Get your fuckin' partner there to shut his cake hole will ya?,เฮ้ หนุ่มๆ ทอมมี่ พาคู่หูของคุณไปที่นั่นเพื่อปิดรูเค้กของเขาใช่ไหม?,แคมเปญก็อง+มาร์เก็ตการ์เดน (บทพูดภารกิจ),1361186
1361187,"Get fucked, you inbred colonials!",ไปให้พ้นเลย เจ้าพวกอาณานิคมโดยกำเนิด!,แคมเปญก็อง+มาร์เก็ตการ์เดน (บทพูดภารกิจ),1361187
1361188,That fuckin' wanker aint one of us!,ไอ้เวรนั่นไม่ใช่พวกเราหรอก!,แคมเปญก็อง+มาร์เก็ตการ์เดน (บทพูดภารกิจ),1361188
1361189,That's exactly what they want. For us to start on one another you dumb fuckin' tosser.,นั่นคือสิ่งที่พวกเขาต้องการ เพื่อให้เราเริ่มต้นกันใหม่ ไอ้คนโง่เขลา,แคมเปญก็อง+มาร์เก็ตการ์เดน (บทพูดภารกิจ),1361189
1361190,AVRE on deck... Get that Heavy Tank into action!,AVRE บนสำรับ... นำรถถังหนักนั้นไปปฏิบัติจริง!,แคมเปญก็อง+มาร์เก็ตการ์เดน (บทพูดภารกิจ),1361190
1361200,C Coy reinforcements on the line! Get them into action!,กำลังเสริมซีอายอยู่แถวนี้! ให้พวกเขาลงมือปฏิบัติ!,แคมเปญก็อง+มาร์เก็ตการ์เดน (บทพูดภารกิจ),1361200
1361210,Another combat group from Charlie has arrived!,กลุ่มต่อสู้อีกกลุ่มจากชาร์ลีมาแล้ว!,แคมเปญก็อง+มาร์เก็ตการ์เดน (บทพูดภารกิจ),1361210
1361220,We've got more boots on the ground from C-Coy! Link up with 'em!,เรามีรองเท้าภาคสนามเพิ่มเติมจากซี-คอย! เชื่อมโยงกับ 'em!,แคมเปญก็อง+มาร์เก็ตการ์เดน (บทพูดภารกิจ),1361220
1361230,Keep your heads on a swivel lads. We've got snipers everywhere.,เงยหน้าขึ้นมองนะเด็กๆ เรามีพลซุ่มยิงทุกที่,แคมเปญก็อง+มาร์เก็ตการ์เดน (บทพูดภารกิจ),1361230
1361240,"The boys from Charlie have linked up with us. Good job, lads!",เด็กๆ จากชาร์ลีเชื่อมโยงกับเราแล้ว ทำได้ดีมากหนุ่มๆ!,แคมเปญก็อง+มาร์เก็ตการ์เดน (บทพูดภารกิจ),1361240
1361241,We need to take those bridges intact!,เราจำเป็นต้องยึดสะพานเหล่านั้นให้อยู่ในสภาพสมบูรณ์!,แคมเปญก็อง+มาร์เก็ตการ์เดน (บทพูดภารกิจ),1361241
1361242,Quickly lads! Let's make for the other side!,เร็วเข้าเพื่อน! ไปอีกฝั่งกัน!,แคมเปญก็อง+มาร์เก็ตการ์เดน (บทพูดภารกิจ),1361242
1361243,"Let's square away that bridge, lads!",เรามาแยกสะพานนั้นกันเถอะหนุ่มๆ!,แคมเปญก็อง+มาร์เก็ตการ์เดน (บทพูดภารกิจ),1361243
1361280,"Heads up, lads! Put those geese down. They've got the bridge wired!",ระวังนะเด็กๆ! วางห่านเหล่านั้นลง พวกมันวางสายสะพานแล้ว!,แคมเปญก็อง+มาร์เก็ตการ์เดน (บทพูดภารกิจ),1361280
1361290,Fuckin' mongrels wired the bridge.  ,ไอ้พวกมองโกลกำลังต่อสะพาน,แคมเปญก็อง+มาร์เก็ตการ์เดน (บทพูดภารกิจ),1361290
1361300,"We've located some charges wired to the bridges, sir.",เราพบค่าใช้จ่ายบางส่วนที่เชื่อมต่อกับสะพานแล้วครับท่าน,แคมเปญก็อง+มาร์เก็ตการ์เดน (บทพูดภารกิจ),1361300
1361630,Bastards knocked the bridge out!,ไอ้สารเลวทุบสะพานออก!,แคมเปญก็อง+มาร์เก็ตการ์เดน (บทพูดภารกิจ),1361630
1361640,Get me a Sapper group on that bridge! We need to get across!,พากลุ่มทหารช่างสนามบนสะพานนั่นมาให้ฉันหน่อย! เราต้องข้ามไป!,แคมเปญก็อง+มาร์เก็ตการ์เดน (บทพูดภารกิจ),1361640
1361650,Better repair the bridge or find a new way!,ซ่อมสะพานดีกว่าหรือหาทางใหม่!,แคมเปญก็อง+มาร์เก็ตการ์เดน (บทพูดภารกิจ),1361650
1361660,I need Sappers front and center on those repairs!,ฉันต้องการช่างซ่อมที่อยู่ตรงหน้าและเป็นศูนย์กลาง!,แคมเปญก็อง+มาร์เก็ตการ์เดน (บทพูดภารกิจ),1361660
1361700,"The Cathedral and surrounding street is secured, sir.",มหาวิหารและถนนโดยรอบปลอดภัยครับ,แคมเปญก็อง+มาร์เก็ตการ์เดน (บทพูดภารกิจ),1361700
1361710,"Keep up the intensity, lads.",เข้มข้นกันต่อไปนะเด็กๆ,แคมเปญก็อง+มาร์เก็ตการ์เดน (บทพูดภารกิจ),1361710
1361720,Crossroads secure.,ทางแยกปลอดภัย,แคมเปญก็อง+มาร์เก็ตการ์เดน (บทพูดภารกิจ),1361720
1361721,Proceeding to next objective.,ดำเนินไปสู่เป้าหมายต่อไป,แคมเปญก็อง+มาร์เก็ตการ์เดน (บทพูดภารกิจ),1361721
1361722,"Sigs, send this out - courtyard secured.",ซิกส์ ส่งสิ่งนี้ออกไป - มีลานปลอดภัย,แคมเปญก็อง+มาร์เก็ตการ์เดน (บทพูดภารกิจ),1361722
1361730,"All right troops, the Canadian Artillery is needed elsewhere.",เอาล่ะ กองทหาร ปืนใหญ่ของแคนาดา เป็นสิ่งจำเป็นที่อื่น,แคมเปญก็อง+มาร์เก็ตการ์เดน (บทพูดภารกิจ),1361730
1361740,I don't want any lip from you assholes.,ฉันไม่ต้องการริมฝีปากจากคุณไอ้สารเลว,แคมเปญก็อง+มาร์เก็ตการ์เดน (บทพูดภารกิจ),1361740
1361741,Good Hunting.,การล่าสัตว์ที่ดี,แคมเปญก็อง+มาร์เก็ตการ์เดน (บทพูดภารกิจ),1361741
1361750,Moving on next objective.,มุ่งสู่เป้าหมายต่อไป,แคมเปญก็อง+มาร์เก็ตการ์เดน (บทพูดภารกิจ),1361750
1361760,Let Battalion know the island is secure.,ให้กองพันรู้ว่าเกาะนี้ปลอดภัยแล้ว,แคมเปญก็อง+มาร์เก็ตการ์เดน (บทพูดภารกิจ),1361760
1361770,Advancing on the next objective.,ก้าวไปสู่เป้าหมายต่อไป,แคมเปญก็อง+มาร์เก็ตการ์เดน (บทพูดภารกิจ),1361770
1361780,"Sigs, get this message up the line - All Sectors Secure. Caen is in Allied Hands!",หน่วยสื่อสาร แจ้งข้อความนี้ตามสายบังคับบัญชา — ทุกเซกเตอร์ปลอดภัยแล้ว เมืองก็องอยู่ในมือของฝ่ายสัมพันธมิตรแล้ว!,แคมเปญก็อง+มาร์เก็ตการ์เดน (บทพูดภารกิจ),1361780
1361790,"Understood. Capt. Cutting, have the Battalion stand down.",รับทราบ ร้อยเอกคัตติ้ง สั่งให้ทั้งกองพันพักการรบได้,แคมเปญก็อง+มาร์เก็ตการ์เดน (บทพูดภารกิจ),1361790
1361800,Make sure they take care of our wounded lads.,ให้แน่ใจว่าพวกเขาจะดูแลเด็กที่ได้รับบาดเจ็บของเรา,แคมเปญก็อง+มาร์เก็ตการ์เดน (บทพูดภารกิจ),1361800
1361810,And give me list of names for battlefield commendations.,และขอรายชื่อผู้ยกย่องสมรภูมิด้วย,แคมเปญก็อง+มาร์เก็ตการ์เดน (บทพูดภารกิจ),1361810
1361820,Caen is ours!,ก็องเป็นของเรา!,แคมเปญก็อง+มาร์เก็ตการ์เดน (บทพูดภารกิจ),1361820
1361830,Watch for shooters in the high ground!,ระวังมือปืนในที่สูง!,แคมเปญก็อง+มาร์เก็ตการ์เดน (บทพูดภารกิจ),1361830
1361840,"Use the structure for cover, mate!",ใช้โครงสร้างบังนะเพื่อน!,แคมเปญก็อง+มาร์เก็ตการ์เดน (บทพูดภารกิจ),1361840
1361850,Looks like Westminster Abbey!,ดูเหมือนเวสต์มินสเตอร์แอบบีย์!,แคมเปญก็อง+มาร์เก็ตการ์เดน (บทพูดภารกิจ),1361850
1361860,"It's the Edinburgh, eh Sandy!",มันคือเอดินบะระ เอ๊ะ แซนดี้!,แคมเปญก็อง+มาร์เก็ตการ์เดน (บทพูดภารกิจ),1361860
1361870,Just like street fightin' back in Glasgow!,เหมือนการต่อสู้บนท้องถนนในกลาสโกว์!,แคมเปญก็อง+มาร์เก็ตการ์เดน (บทพูดภารกิจ),1361870
1361880,Someone clear out that fuckin' bell tower!,ใครก็ได้ช่วยเคลียร์หอระฆังนั่นที!,แคมเปญก็อง+มาร์เก็ตการ์เดน (บทพูดภารกิจ),1361880
1361890,Sniper!,สไนเปอร์!,แคมเปญก็อง+มาร์เก็ตการ์เดน (บทพูดภารกิจ),1361890
1361900,Watch out for that Panzer!,ระวังยานเกราะนั่น!,แคมเปญก็อง+มาร์เก็ตการ์เดน (บทพูดภารกิจ),1361900
1361910,Watch out for that mine!,ระวังทุ่นระเบิดนั่น!,แคมเปญก็อง+มาร์เก็ตการ์เดน (บทพูดภารกิจ),1361910
1361920,"Duck, MG!!!!!!!",ดั๊ก เอ็มจี!!!!!!!,แคมเปญก็อง+มาร์เก็ตการ์เดน (บทพูดภารกิจ),1361920
1361930,"Oh fucking hell, they got Degnan!",ฉิบหายแล้ว พวกมันยิงโดนสิบโทเดกแนน!,แคมเปญก็อง+มาร์เก็ตการ์เดน (บทพูดภารกิจ),1361930
1361940,We need a medic double-quick! Medic!,เราต้องการแพทย์สนามด่วนที่สุด! เสนารักษ์!,แคมเปญก็อง+มาร์เก็ตการ์เดน (บทพูดภารกิจ),1361940
1361950,"Degnan's down! Right fucked, mate!",สิบโทเดกแนนล้มลงไปแล้ว! โดนยิงเข้าเต็มๆ เพื่อน!,แคมเปญก็อง+มาร์เก็ตการ์เดน (บทพูดภารกิจ),1361950
1361960,"Shite! Degnan's fucked, mate!",ฉิบหายแล้ว! สิบโทเดกแนนโดนยิงยับเลยพวก!,แคมเปญก็อง+มาร์เก็ตการ์เดน (บทพูดภารกิจ),1361960
1361970,Jerry took Degnan out!,พวกเยอรมันจัดการสิบโทเดกแนนไปแล้ว!,แคมเปญก็อง+มาร์เก็ตการ์เดน (บทพูดภารกิจ),1361970
1361980,"No worries, lads, we'll get our payback!",ไม่ต้องกังวลนะหนุ่มๆ เราจะได้เงินคืน!,แคมเปญก็อง+มาร์เก็ตการ์เดน (บทพูดภารกิจ),1361980
1362000,Panzers! Degnan get some AT support and hold the line.,รถถังข้าศึกมาแล้ว! สิบโทเดกแนน ขอกำลังต่อสู้รถถังมาสนับสนุนแล้วตรึงแนวรบไว้!,แคมเปญก็อง+มาร์เก็ตการ์เดน (บทพูดภารกิจ),1362000
1362010,"Jerry armor, where's our AT support.",เจอร์รี่อาร์เมอร์ ฝ่าย AT ของเราสนับสนุนอยู่ไหน,แคมเปญก็อง+มาร์เก็ตการ์เดน (บทพูดภารกิจ),1362010
1362020,"Targets of opportunity, destroy those Supply Trucks.",เป้าหมายแห่งโอกาส ทำลาย Supply Trucks เหล่านั้น,แคมเปญก็อง+มาร์เก็ตการ์เดน (บทพูดภารกิจ),1362020
1362030,"Supply trucks spotted, stop them before they escape.",พบรถบรรทุกขนเสบียง หยุดก่อนหลบหนี,แคมเปญก็อง+มาร์เก็ตการ์เดน (บทพูดภารกิจ),1362030
1362040,"Opel Trucks to the front, destroy them.",รถบรรทุก Opel อยู่ข้างหน้า ทำลายพวกมัน,แคมเปญก็อง+มาร์เก็ตการ์เดน (บทพูดภารกิจ),1362040
1362050,Supply truck destroyed.,รถบรรทุกสินค้าถูกทำลาย,แคมเปญก็อง+มาร์เก็ตการ์เดน (บทพูดภารกิจ),1362050
1362060,Opel truck destroyed.,รถบรรทุกโอเปิ้ลถูกทำลาย,แคมเปญก็อง+มาร์เก็ตการ์เดน (บทพูดภารกิจ),1362060
1362070,"Tally ho, truck destroyed.",แทลลี่โฮ รถบรรทุกถูกทำลาย,แคมเปญก็อง+มาร์เก็ตการ์เดน (บทพูดภารกิจ),1362070
1369100,Clear Caen of Enemy Forces,เคลียร์กองทหารศัตรูก็อง,แคมเปญก็อง+มาร์เก็ตการ์เดน (บทพูดภารกิจ),1369100
1369101,Destroy the Supply Trucks and Depot,ทำลายรถบรรทุกส่งของและอู่ซ่อมรถ,แคมเปญก็อง+มาร์เก็ตการ์เดน (บทพูดภารกิจ),1369101
1369104,Silence German Propaganda,ปิดเสียงโฆษณาชวนเชื่อของเยอรมัน,แคมเปญก็อง+มาร์เก็ตการ์เดน (บทพูดภารกิจ),1369104
1369107,Retake the Island,ยึดเกาะคืน,แคมเปญก็อง+มาร์เก็ตการ์เดน (บทพูดภารกิจ),1369107
1369108,Destroy Hummel Artillery Battery,ทำลายคลังปืนใหญ่ฮัมเมล,แคมเปญก็อง+มาร์เก็ตการ์เดน (บทพูดภารกิจ),1369108
1369110,Capture all of the Strategic Points in the indicated Territory Sectors. ,ยึดจุดยุทธศาสตร์ทั้งหมดในส่วนอาณาเขตที่ระบุ,แคมเปญก็อง+มาร์เก็ตการ์เดน (บทพูดภารกิจ),1369110
1369111,Stop all of the Supply Trucks before they escape and destroy the supply depot.,หยุดรถบรรทุกเสบียงทั้งหมดก่อนที่พวกเขาจะหลบหนีและทำลายคลังเสบียง,แคมเปญก็อง+มาร์เก็ตการ์เดน (บทพูดภารกิจ),1369111
1369114,"To silence the German Propaganda, kill the Axis Officer or destroy the Speakers.",เพื่อปิดเสียงการโฆษณาชวนเชื่อของเยอรมัน สังหารนายทหารสัญญาบัตรฝ่ายอักษะ หรือทำลายผู้พูด,แคมเปญก็อง+มาร์เก็ตการ์เดน (บทพูดภารกิจ),1369114
1369116,Drive back the Axis counterattack and prevent them from taking the island.,ขับกลับฝ่ายอักษะตอบโต้และป้องกันไม่ให้พวกเขายึดเกาะ,แคมเปญก็อง+มาร์เก็ตการ์เดน (บทพูดภารกิจ),1369116
1369117,The Axis counterattack has taken the island. Recapture the island's Strategic Point.,ฝ่ายอักษะตอบโต้ได้เข้ายึดเกาะแล้ว ยึดจุดยุทธศาสตร์ของเกาะกลับคืนมา,แคมเปญก็อง+มาร์เก็ตการ์เดน (บทพูดภารกิจ),1369117
1369118,Destroy the Hummel Self-Propelled Artillery Gun.,ทำลายปืนใหญ่อัตตาจร Hummel,แคมเปญก็อง+มาร์เก็ตการ์เดน (บทพูดภารกิจ),1369118
1369120,Demolitions Detected!,ตรวจพบการรื้อถอน!,แคมเปญก็อง+มาร์เก็ตการ์เดน (บทพูดภารกิจ),1369120
1369121,Capture the Cathedral Strategic Point,ยึดจุดยุทธศาสตร์ของมหาวิหาร,แคมเปญก็อง+มาร์เก็ตการ์เดน (บทพูดภารกิจ),1369121
1369122,Capture the Crossroads Strategic Point,ยึดจุดยุทธศาสตร์ทางแยก,แคมเปญก็อง+มาร์เก็ตการ์เดน (บทพูดภารกิจ),1369122
1369123,Capture the Courtyard Strategic Point,ยึดจุดยุทธศาสตร์ลานกว้าง,แคมเปญก็อง+มาร์เก็ตการ์เดน (บทพูดภารกิจ),1369123
1369124,Capture the Island Strategic Point,ยึดจุดยุทธศาสตร์เกาะ,แคมเปญก็อง+มาร์เก็ตการ์เดน (บทพูดภารกิจ),1369124
1369125,Destroy Axis Forces,ทำลายกองกำลังฝ่ายอักษะ,แคมเปญก็อง+มาร์เก็ตการ์เดน (บทพูดภารกิจ),1369125
1369126,Destroy Supply Depot,ทำลายคลังพัสดุ,แคมเปญก็อง+มาร์เก็ตการ์เดน (บทพูดภารกิจ),1369126
1369161,Minefield Casualties!,ทุ่นระเบิดบาดเจ็บล้มตาย!,แคมเปญก็อง+มาร์เก็ตการ์เดน (บทพูดภารกิจ),1369161
1369162,One Truck Escaped,รถบรรทุกคันหนึ่งหลบหนี,แคมเปญก็อง+มาร์เก็ตการ์เดน (บทพูดภารกิจ),1369162
1369163,%1NUMBER% Trucks Escaped,%1NUMBER% รถบรรทุกหลบหนี,แคมเปญก็อง+มาร์เก็ตการ์เดน (บทพูดภารกิจ),1369163
1369165,Bridge Destroyed!,สะพานพัง!,แคมเปญก็อง+มาร์เก็ตการ์เดน (บทพูดภารกิจ),1369165|1389168
1369166,Booby Traps!,กับดัก!,แคมเปญก็อง+มาร์เก็ตการ์เดน (บทพูดภารกิจ),1369166|7360010
1369170,Enemy Forces in Caen Cleared,กองกำลังศัตรูในก็องเคลียร์แล้ว,แคมเปญก็อง+มาร์เก็ตการ์เดน (บทพูดภารกิจ),1369170
1369171,Supply Evacuation Stopped,การอพยพอุปทานหยุดลง,แคมเปญก็อง+มาร์เก็ตการ์เดน (บทพูดภารกิจ),1369171
1369174,German Propaganda Silenced,โฆษณาชวนเชื่อของเยอรมันเงียบลง,แคมเปญก็อง+มาร์เก็ตการ์เดน (บทพูดภารกิจ),1369174
1369175,Counterattack Repelled,การตอบโต้ถูกขับไล่,แคมเปญก็อง+มาร์เก็ตการ์เดน (บทพูดภารกิจ),1369175
1369176,Hummel Artillery Destroyed,ปืนใหญ่ฮัมเมลถูกทำลาย,แคมเปญก็อง+มาร์เก็ตการ์เดน (บทพูดภารกิจ),1369176
1369210,Sector Captured,ยึดเซกเตอร์สำเร็จแล้ว,แคมเปญก็อง+มาร์เก็ตการ์เดน (บทพูดภารกิจ),1369210
1370500,"Major, Caen is in 3rd Battalion's hands.",พันตรีครับ เมืองก็องอยู่ในมือของกองพันที่ 3 แล้ว,แคมเปญก็อง+มาร์เก็ตการ์เดน (บทพูดภารกิจ),1370500
1370501,Charlie and Baker company are organizing defenses along our flanks.,กองร้อย Charlieและเบเกอร์กำลังจัดแนวป้องกันตามแนวสีข้างของเรา,แคมเปญก็อง+มาร์เก็ตการ์เดน (บทพูดภารกิจ),1370501
1370502,"No major contacts have been reported south of Caen, either.",ไม่มีรายงานการติดต่อที่สำคัญทางตอนใต้ของก็องเช่นกัน,แคมเปญก็อง+มาร์เก็ตการ์เดน (บทพูดภารกิจ),1370502
1370503,Have the commanders establish a defensive front and await further orders.,ให้ผู้บังคับบัญชาจัดแนวป้องกันและรอคำสั่งเพิ่มเติม,แคมเปญก็อง+มาร์เก็ตการ์เดน (บทพูดภารกิจ),1370503
1370504,Division reports we can expect the weather to worsen before morning.,กองรายงานเราคาดว่าสภาพอากาศจะแย่ลงก่อนเช้า,แคมเปญก็อง+มาร์เก็ตการ์เดน (บทพูดภารกิจ),1370504
1370510,Deploy the HQ and Command Posts near the Cathedral and fortify all the major roads leading into Caen.,วางกำลังกองบัญชาการและฐานบัญชาการใกล้กับมหาวิหาร และเสริมกำลังให้กับถนนสายหลักทุกสายที่มุ่งสู่ก็อง,แคมเปญก็อง+มาร์เก็ตการ์เดน (บทพูดภารกิจ),1370510
1370520,"With this rain, we'll be hard pressed to spot a counterattack before it's too late.",ด้วยฝนนี้ เราคงยากลำบากที่จะมองเห็นการโจมตีโต้กลับก่อนที่จะสายเกินไป,แคมเปญก็อง+มาร์เก็ตการ์เดน (บทพูดภารกิจ),1370520
1370530,Right. The Major wants the Battalion to shake out and reorg before pulling out in the morning.,รับทราบ ท่านพันตรีต้องการให้กองพันจัดกระบวนทัพและปรับกำลังพลใหม่ก่อนถอนตัวในตอนเช้า,แคมเปญก็อง+มาร์เก็ตการ์เดน (บทพูดภารกิจ),1370530
1370540,Get the Command Posts into position and establish a defensive perimeter around the Cathedral.,วางตำแหน่งบัญชาการและสร้างแนวป้องกันรอบอาสนวิหาร,แคมเปญก็อง+มาร์เก็ตการ์เดน (บทพูดภารกิจ),1370540
1370550,"Rain or shine, we've got a job to do.",ฝนจะตกเราก็มีงานต้องทำ,แคมเปญก็อง+มาร์เก็ตการ์เดน (บทพูดภารกิจ),1370550
1370560,Leave it to the officers to have us waiting around in the fucking rain.,ปล่อยให้นายทหารสัญญาบัตรให้เรารอท่ามกลางสายฝน,แคมเปญก็อง+มาร์เก็ตการ์เดน (บทพูดภารกิจ),1370560
1370570,Shut your gob.,ปิดปากของคุณซะ,แคมเปญก็อง+มาร์เก็ตการ์เดน (บทพูดภารกิจ),1370570
1370580,Blackmore's never done anything to cock us over.,พันตรีแบล็คมอร์ไม่เคยทำอะไรให้พวกเราเสียเปรียบเลย,แคมเปญก็อง+มาร์เก็ตการ์เดน (บทพูดภารกิจ),1370580
1370590,He's got a plan.,เขามีแผน,แคมเปญก็อง+มาร์เก็ตการ์เดน (บทพูดภารกิจ),1370590
1370600,"We just have to hold tight, that's all.",เราแค่ต้องจับให้แน่นก็แค่นั้น,แคมเปญก็อง+มาร์เก็ตการ์เดน (บทพูดภารกิจ),1370600
1370610,Tell that to Degnan as his grave fills with water.,ไปบอกเรื่องนั้นกับสิบโทเดกแนนตอนที่หลุมศพของเขาถูกน้ำท่วมขังเถอะ,แคมเปญก็อง+มาร์เก็ตการ์เดน (บทพูดภารกิจ),1370610
1370620,"All my fuckin' kit's wet. You got an extra pair of socks, mate?",อุปกรณ์บ้าๆ ของฉันเปียกหมดเลย คุณมีถุงเท้าเพิ่มอีกคู่ไหมเพื่อน?,แคมเปญก็อง+มาร์เก็ตการ์เดน (บทพูดภารกิจ),1370620
1370630,Fuckin' me. This cold's getting' right to the bone.,โคตรฉันเลย หนาวนี้หนาวถึงกระดูกเลย,แคมเปญก็อง+มาร์เก็ตการ์เดน (บทพูดภารกิจ),1370630
1370640,Some fuckin' wanker stole my umbrella.,ไอ้เวรไอ้เวรนั่นขโมยร่มของฉันไป,แคมเปญก็อง+มาร์เก็ตการ์เดน (บทพูดภารกิจ),1370640
1370650,"Oy, I think them Canadian's have rain gear. They're never complaining' about shite.",เฮ้ ฉันคิดว่าชาวแคนาดามีอุปกรณ์กันฝน พวกเขาไม่เคยบ่นเกี่ยวกับเรื่องไร้สาระเลย,แคมเปญก็อง+มาร์เก็ตการ์เดน (บทพูดภารกิจ),1370650
1370660,"Steady up, lads. It's just a bit of rain.",มั่นคงขึ้นนะเด็กๆ ฝนก็ตกนิดหน่อย..,แคมเปญก็อง+มาร์เก็ตการ์เดน (บทพูดภารกิจ),1370660
1370670,Mother nature's taken a piss of us lads. Literally.,ธรรมชาติของแม่ทำให้พวกเราโกรธมาก อย่างแท้จริง.,แคมเปญก็อง+มาร์เก็ตการ์เดน (บทพูดภารกิจ),1370670
1370680,I betcha Gladstone's kilt is soak right through to his arse!,ฉันพนันได้เลยว่ากระโปรงสั้นของ Gladstone เปียกไปถึงก้นของเขาเลย!,แคมเปญก็อง+มาร์เก็ตการ์เดน (บทพูดภารกิจ),1370680
1370690,Reminds me of my walk-about back in the highlands.,ทำให้ฉันนึกถึงการเดินเล่นบนที่สูง,แคมเปญก็อง+มาร์เก็ตการ์เดน (บทพูดภารกิจ),1370690
1370700,"This rain cut's right to the bone, eh' Keegan?",ฝนนี้บาดถึงกระดูกเลยเหรอ คีแกน?,แคมเปญก็อง+มาร์เก็ตการ์เดน (บทพูดภารกิจ),1370700
1370710,"Soldier on, you fuckin' wanker. It's only a wee Scottish mist.",ทหารเอ๋ย ไอ้เวรเอ๊ย มันเป็นเพียงหมอกสกตเล็กน้อย,แคมเปญก็อง+มาร์เก็ตการ์เดน (บทพูดภารกิจ),1370710
1370720,"This ain't rain! Rain cuts through your skin and peels the meat off your bones. Now that's real rain, you puffer.",นี่ไม่ใช่ฝน! ฝนตกผ่าผิวหนังและลอกเนื้อออกจากกระดูก ตอนนี้ฝนตกหนักมากเจ้าปลาปักเป้า,แคมเปญก็อง+มาร์เก็ตการ์เดน (บทพูดภารกิจ),1370720
1370730,Quit being such a wee little school girl.  Look at them Canadians... not a fuckin' word about the rain.,เลิกเป็นเด็กนักเรียนตัวเล็ก ๆ แบบนี้ได้แล้ว ดูพวกเขาสิ ชาวแคนาดา... ไม่ใช่คำพูดบ้าๆ เกี่ยวกับฝนเลย,แคมเปญก็อง+มาร์เก็ตการ์เดน (บทพูดภารกิจ),1370730
1370740,"Just like fuckin' rainy Vancouver, eh' troops?",เช่นเดียวกับแวนคูเวอร์ที่ฝนตกหนัก เอ๊ะ กองกำลังเหรอ?,แคมเปญก็อง+มาร์เก็ตการ์เดน (บทพูดภารกิจ),1370740
1370750,At least Smithy won't fuckin' smell so bad!,อย่างน้อยโรงตีเหล็กก็คงไม่มีกลิ่นเหม็นขนาดนี้!,แคมเปญก็อง+มาร์เก็ตการ์เดน (บทพูดภารกิจ),1370750
1370760,Look at what I stole from one of the Brits! A fuckin' umbrella!,ดูสิ่งที่ฉันขโมยมาจากชาวอังกฤษคนหนึ่งสิ! ร่มเหี้ย!,แคมเปญก็อง+มาร์เก็ตการ์เดน (บทพูดภารกิจ),1370760
1370770,"No wonder you're wet. Use your shelter half as a cover, you dumb fuck.",ไม่น่าแปลกใจที่คุณเปียก ใช้ที่กำบังของคุณครึ่งหนึ่งเป็นกำบัง ไอ้โง่เอ๊ย,แคมเปญก็อง+มาร์เก็ตการ์เดน (บทพูดภารกิจ),1370770
1370780,I betcha Jerry's sitting' cozy in some dry fuckin' bunker eating wieners and sauerkraut!,ฉันพนันได้เลยว่าเจอร์รี่กำลังนั่งสบายในบังเกอร์แห้ง ๆ กินไส้กรอกกับกะหล่ำปลีดอง!,แคมเปญก็อง+มาร์เก็ตการ์เดน (บทพูดภารกิจ),1370780
1370790,"Use your ground sheet to keep your kit dry, boys.",ใช้ผ้าปูพื้นเพื่อให้ชุดของคุณแห้งนะหนุ่มๆ,แคมเปญก็อง+มาร์เก็ตการ์เดน (บทพูดภารกิจ),1370790
1370800,Stand To! Germans on the line!,เตรียมพร้อมรบ! ชาวเยอรมันประชิดแนวแล้ว!,แคมเปญก็อง+มาร์เก็ตการ์เดน (บทพูดภารกิจ),1370800
1370810,Cover off on your posts! Jerry's tryin' to push in!,ประจำตำแหน่งที่กำบังของพวกนายไว้! พวกเยอรมันกำลังพยายามบุกเข้ามา!,แคมเปญก็อง+มาร์เก็ตการ์เดน (บทพูดภารกิจ),1370810
1370820,Man your posts! They've mustered a counterattack!,ทหารโพสต์ของคุณ! พวกเขาระดมกำลังตอบโต้!,แคมเปญก็อง+มาร์เก็ตการ์เดน (บทพูดภารกิจ),1370820
1370830,"Major, we have a sizeable counterattack on our hands.",ผู้พัน เรามีการโต้กลับในมือเรามาก,แคมเปญก็อง+มาร์เก็ตการ์เดน (บทพูดภารกิจ),1370830
1370840,SS Panzers supported by infantry should be expected from these directions.,SS Panzers ที่ได้รับการสนับสนุนจากทหารราบควรคาดหวังจากทิศทางเหล่านี้,แคมเปญก็อง+มาร์เก็ตการ์เดน (บทพูดภารกิจ),1370840
1370850,"The main body will most likely approach from here, however we can expect flanking attacks from all these directions.",ตัวหลักน่าจะเข้ามาจากที่นี่มากที่สุด อย่างไรก็ตาม เราสามารถคาดหวังการโจมตีขนาบข้างจากทุกทิศทางเหล่านี้ได้,แคมเปญก็อง+มาร์เก็ตการ์เดน (บทพูดภารกิจ),1370850
1370860,We need to hold onto Caen at all costs.  ,เราต้องยึดเมืองก็องไว้ทุกวิถีทาง,แคมเปญก็อง+มาร์เก็ตการ์เดน (บทพูดภารกิจ),1370860
1370870,"Order 3rd Battalion to hold these points, no matter what.",สั่งให้กองพันที่ 3 ยึดจุดเหล่านี้ไว้ ไม่ว่าจะยังไงก็ตาม,แคมเปญก็อง+มาร์เก็ตการ์เดน (บทพูดภารกิจ),1370870
1370880,Have platoon level commanders establish defensive lines around the ground they control.,ให้ผู้บังคับหมวดหมวดสร้างแนวป้องกันรอบพื้นที่ที่พวกเขาควบคุม,แคมเปญก็อง+มาร์เก็ตการ์เดน (บทพูดภารกิจ),1370880
1370890,Make sure they have quick reaction forces ready to respond to areas needing support.,ตรวจสอบให้แน่ใจว่าพวกเขามีกองกำลังตอบโต้ที่รวดเร็วพร้อมที่จะตอบสนองต่อพื้นที่ที่ต้องการการสนับสนุน,แคมเปญก็อง+มาร์เก็ตการ์เดน (บทพูดภารกิจ),1370890
1370900,We need only hold out until morning. Godspeed.,เราต้องอดทนไว้จนถึงเช้าเท่านั้น ขอให้โชคดี.,แคมเปญก็อง+มาร์เก็ตการ์เดน (บทพูดภารกิจ),1370900
1370910,Get this out at section level. Make sure they know it's coming directly from me.,เผยแพร่สิ่งนี้ในระดับส่วน ให้แน่ใจว่าพวกเขารู้ว่ามันมาจากฉันโดยตรง,แคมเปญก็อง+มาร์เก็ตการ์เดน (บทพูดภารกิจ),1370910
1370920,Defend Caen... At all costs.,ปกป้องก็อง... ทุกวิถีทาง,แคมเปญก็อง+มาร์เก็ตการ์เดน (บทพูดภารกิจ),1370920
1370930,Show the Huns what you're made of.,แสดงให้ชาวฮั่นเห็นว่าคุณทำมาจากอะไร,แคมเปญก็อง+มาร์เก็ตการ์เดน (บทพูดภารกิจ),1370930
1370940,"Our motto is ""Doubt not"" for good reason.","คำขวัญของเราคือ ""อย่าสงสัย"" ด้วยเหตุผลที่ดี",แคมเปญก็อง+มาร์เก็ตการ์เดน (บทพูดภารกิจ),1370940
1370950,Let's hand Jerry his ass.,มาส่งตูดของเขาให้เจอร์รี่กันเถอะ,แคมเปญก็อง+มาร์เก็ตการ์เดน (บทพูดภารกิจ),1370950
1370960,"We've got movement. Steady up, lads.",เรามีการเคลื่อนไหว มั่นคงขึ้นนะเด็กๆ,แคมเปญก็อง+มาร์เก็ตการ์เดน (บทพูดภารกิจ),1370960
1370970,Stand to. We've got Jerry on the move.,เตรียมพร้อมรบ เจอร์รี่กำลังเคลื่อนพล,แคมเปญก็อง+มาร์เก็ตการ์เดน (บทพูดภารกิจ),1370970
1370980,Contact! Enemy Infantry! Platoon level assault!,ติดต่อ! ทหารราบศัตรู! การโจมตีระดับหมวด!,แคมเปญก็อง+มาร์เก็ตการ์เดน (บทพูดภารกิจ),1370980
1370990,Get me some MG emplacements!,หาตำแหน่ง MG ให้ฉันหน่อยสิ!,แคมเปญก็อง+มาร์เก็ตการ์เดน (บทพูดภารกิจ),1370990
1371000,"Pour it on, gents! Let 'em have it!",เทมันลงไปสุภาพบุรุษ! ปล่อยให้พวกเขามีมัน!,แคมเปญก็อง+มาร์เก็ตการ์เดน (บทพูดภารกิจ),1371000
1371010,"Soft skinned vehicles! Tear 'em up, gents!",ยานพาหนะผิวนุ่ม! ฉีกมันเลยสุภาพบุรุษ!,แคมเปญก็อง+มาร์เก็ตการ์เดน (บทพูดภารกิจ),1371010
1371020,Break out the AT and rip 'em open!,ทำลาย AT และฉีกพวกมันออก!,แคมเปญก็อง+มาร์เก็ตการ์เดน (บทพูดภารกิจ),1371020
1371030,"Recce vehicles! Let 'em have it, gents!",ยานพาหนะ Recce! สุภาพบุรุษทั้งหลาย!,แคมเปญก็อง+มาร์เก็ตการ์เดน (บทพูดภารกิจ),1371030
1371040,Panzers!  ,แพนเซอร์!,แคมเปญก็อง+มาร์เก็ตการ์เดน (บทพูดภารกิจ),1371040
1371050,German Armor!  ,เกราะเยอรมัน!,แคมเปญก็อง+มาร์เก็ตการ์เดน (บทพูดภารกิจ),1371050
1371060,Contact! Panzers!,ติดต่อ! แพนเซอร์!,แคมเปญก็อง+มาร์เก็ตการ์เดน (บทพูดภารกิจ),1371060
1371070,We've got a Tiger tank over here!,เรามีรถถัง Tiger อยู่ตรงนี้!,แคมเปญก็อง+มาร์เก็ตการ์เดน (บทพูดภารกิจ),1371070
1371080,Streuth! They've got Tigers!,สเตรท! พวกเขามีเสือ!,แคมเปญก็อง+มาร์เก็ตการ์เดน (บทพูดภารกิจ),1371080
1371090,Tigers! Jerry's got a troop of Tiger tanks!,ไทเกอร์! เจอร์รี่มีกองทหารรถถังไทเกอร์มาด้วย!,แคมเปญก็อง+มาร์เก็ตการ์เดน (บทพูดภารกิจ),1371090
1371110,"Find some cover, gents!",หาที่กำบังหน่อยพวกสุภาพบุรุษ!,แคมเปญก็อง+มาร์เก็ตการ์เดน (บทพูดภารกิจ),1371110
1371120,That's German artillery! Find cover!,นั่นคือปืนใหญ่เยอรมัน! หาที่กำบัง!,แคมเปญก็อง+มาร์เก็ตการ์เดน (บทพูดภารกิจ),1371120
1371130,Fuckin' hell! There's too many of 'em!,โคตรนรก! มีพวกมันมากเกินไป!,แคมเปญก็อง+มาร์เก็ตการ์เดน (บทพูดภารกิจ),1371130
1371140,"Mother loving bastards, they killed poor Darwin!",ไอ้พวกสารเลวบัดซบ พวกเขาฆ่าดาร์วินผู้น่าสงสาร!,แคมเปญก็อง+มาร์เก็ตการ์เดน (บทพูดภารกิจ),1371140
1371150,Where the fuck are all these Jerry's coming' from!?,พวกเจอร์รี่พวกนี้มาจากไหนเนี่ย!?,แคมเปญก็อง+มาร์เก็ตการ์เดน (บทพูดภารกิจ),1371150
1371160,We've got to pull back!,เราต้องถอยทัพ!,แคมเปญก็อง+มาร์เก็ตการ์เดน (บทพูดภารกิจ),1371160
1371170,"Steady, mate! Just keep bloody firing!",ใจเย็น ๆ เพื่อน! ยิงต่อไปสิวะ!,แคมเปญก็อง+มาร์เก็ตการ์เดน (บทพูดภารกิจ),1371170
1371180,Covering fire! I need covering fire over here!,ยิงคุ้มกัน! ฉันต้องการการยิงคุ้มกันตรงนี้!,แคมเปญก็อง+มาร์เก็ตการ์เดน (บทพูดภารกิจ),1371180
1371190,Someone go for help!,มีคนไปขอความช่วยเหลือ!,แคมเปญก็อง+มาร์เก็ตการ์เดน (บทพูดภารกิจ),1371190
1371200,Hold your ground! Do not fall back!,ยึดพื้นที่ไว้! อย่าถอย!,แคมเปญก็อง+มาร์เก็ตการ์เดน (บทพูดภารกิจ),1371200
1371210,"Stand fast, men! Don't let them through!",ยืนให้เร็วนะพวกทหาร! อย่าปล่อยให้พวกเขาผ่าน!,แคมเปญก็อง+มาร์เก็ตการ์เดน (บทพูดภารกิจ),1371210
1371220,Get fire on those assholes! Come on! Let 'em have it!,ระดมยิงใส่พวกมันเลย! เร็วเข้า! จัดการพวกมัน!,แคมเปญก็อง+มาร์เก็ตการ์เดน (บทพูดภารกิจ),1371220
1371230,There's too many of 'em!,มีพวกมันมากเกินไป!,แคมเปญก็อง+มาร์เก็ตการ์เดน (บทพูดภารกิจ),1371230
1371240,We're gonna get over run!,เราจะวิ่งหนีไปแล้ว!,แคมเปญก็อง+มาร์เก็ตการ์เดน (บทพูดภารกิจ),1371240
1371250,Where the fuck is our support!?,ไหนล่ะกำลังใจของเรา!?,แคมเปญก็อง+มาร์เก็ตการ์เดน (บทพูดภารกิจ),1371250
1371260,"Enemy movement near the Crossroads, defend it!",การเคลื่อนไหวของศัตรูใกล้ทางแยก ปกป้องมัน!,แคมเปญก็อง+มาร์เก็ตการ์เดน (บทพูดภารกิจ),1371260
1371270,The Jerries are attacking the Crossroads.,พวกเจอร์รีส์กำลังโจมตีทางแยก,แคมเปญก็อง+มาร์เก็ตการ์เดน (บทพูดภารกิจ),1371270
1371280,Crossroads under attack!,ทางแยกถูกโจมตี!,แคมเปญก็อง+มาร์เก็ตการ์เดน (บทพูดภารกิจ),1371280
1371290,"Enemy contact near the courtyard, defend it.",การติดต่อกับศัตรูใกล้ลานบ้าน ปกป้องมัน,แคมเปญก็อง+มาร์เก็ตการ์เดน (บทพูดภารกิจ),1371290
1371300,"3rd Battalion, we're losing contact with the Courtyard.",กองพันที่ 3 เรากำลังสูญเสียการติดต่อกับคอร์ทยาร์ด,แคมเปญก็อง+มาร์เก็ตการ์เดน (บทพูดภารกิจ),1371300
1371310,Move in and repel the counterattack at the Courtyard.,เคลื่อนเข้าไปและขับไล่การตอบโต้ที่ลานบ้าน,แคมเปญก็อง+มาร์เก็ตการ์เดน (บทพูดภารกิจ),1371310
1371320,"The Cathedral is under attack, request support.",มหาวิหารถูกโจมตี ขอการสนับสนุน,แคมเปญก็อง+มาร์เก็ตการ์เดน (บทพูดภารกิจ),1371320
1371330,Contacts sighted near the Cathedral!,ผู้ติดต่อมองเห็นใกล้มหาวิหาร!,แคมเปญก็อง+มาร์เก็ตการ์เดน (บทพูดภารกิจ),1371330
1371340,We're losing the Cathedral.,เรากำลังสูญเสียมหาวิหาร,แคมเปญก็อง+มาร์เก็ตการ์เดน (บทพูดภารกิจ),1371340
1371350,"3rd Battalion's losing an objective, hold the line!",กองพันที่ 3 เสียเป้าหมาย ยึดสายไว้!,แคมเปญก็อง+มาร์เก็ตการ์เดน (บทพูดภารกิจ),1371350
1371360,"Enemy attack, we're losing ground 3rd Battalion!",ศัตรูโจมตี เรากำลังสูญเสียกองพันที่ 3 บนพื้น!,แคมเปญก็อง+มาร์เก็ตการ์เดน (บทพูดภารกิจ),1371360
1371370,"Hold the line, 3rd Battalion, recapture that point.",ยึดแนว กองพันที่ 3 ยึดจุดนั้นคืน,แคมเปญก็อง+มาร์เก็ตการ์เดน (บทพูดภารกิจ),1371370
1371380,Tiger tank! No fuck! It's a King Tiger! Get fire on 'em!,รถถังไทเกอร์! ไม่ใช่ บัดซบเอ๊ย! มันคือคิงไทเกอร์! ระดมยิงใส่มันเลย!,แคมเปญก็อง+มาร์เก็ตการ์เดน (บทพูดภารกิจ),1371380
1371390,Holy shit! We've got a King Tiger over here!,ฉิบหายแล้ว! เรามีรถถังคิงไทเกอร์อยู่ตรงนี้!,แคมเปญก็อง+มาร์เก็ตการ์เดน (บทพูดภารกิจ),1371390
1371400,"King Tiger! Hit 'em with everything you got, troops!",รถถังคิงไทเกอร์! โจมตีพวกมันด้วยทุกสิ่งที่คุณมี กองทัพ!,แคมเปญก็อง+มาร์เก็ตการ์เดน (บทพูดภารกิจ),1371400
1371410,"The balance of the Panzer division is on its way. Cover off on their axis of approach and cut them down, lads!",ความสมดุลของแผนก Panzer กำลังมาถึง ปิดแกนการเข้าใกล้ของพวกมันและฟันพวกมันให้หมดนะหนุ่มๆ!,แคมเปญก็อง+มาร์เก็ตการ์เดน (บทพูดภารกิจ),1371410
1371420,Here comes the main assault! Wait until they're in your kill-zones!,การโจมตีหลักมาแล้ว! รอจนกว่าพวกเขาจะอยู่ในโซนสังหารของคุณ!,แคมเปญก็อง+มาร์เก็ตการ์เดน (บทพูดภารกิจ),1371420
1371430,They're headed toward our HQ!,พวกเขากำลังมุ่งหน้าไปยังกองบัญชาการของเรา!,แคมเปญก็อง+มาร์เก็ตการ์เดน (บทพูดภารกิจ),1371430
1371440,Get a QRF back on the HQ! They're going for Blackmore!,ส่งหน่วยตอบโต้เร็ว กลับไปที่กองบัญชาการ! พวกมันกำลังมุ่งหน้าไปหาพันตรีแบล็คมอร์!,แคมเปญก็อง+มาร์เก็ตการ์เดน (บทพูดภารกิจ),1371440
1371450,"Sigs, message for Battalion. Situation resolved. The city is fuckin' ours!",ซิกส์ ข้อความถึงกองพัน สถานการณ์ได้รับการแก้ไขแล้ว เมืองนี้เป็นของเรา!,แคมเปญก็อง+มาร์เก็ตการ์เดน (บทพูดภารกิจ),1371450
1371460,"That's how ya fuckin' do it troops! Caen is ours, boys!",นั่นเป็นวิธีที่พวกแกทำแบบนั้นนะทหาร! ก็องเป็นของเรานะเด็กๆ!,แคมเปญก็อง+มาร์เก็ตการ์เดน (บทพูดภารกิจ),1371460
1371470,"Pass the word. All clear. Get Ammo-Cas reports up the chain, have NCOs set up pickets and forced rest for their troops. Move. ",ส่งข่าวต่อไป พื้นที่เคลียร์แล้ว ส่งรายงาน Ammo-Cas ขึ้นไปตามสายบังคับบัญชา ให้เหล่า NCO จัดด่านเฝ้าระวังและบังคับให้กองทหารพักผ่อน เคลื่อนพล!,แคมเปญก็อง+มาร์เก็ตการ์เดน (บทพูดภารกิจ),1371470
1379100,Locate Enemy Forces,ค้นหากองกำลังศัตรู,แคมเปญก็อง+มาร์เก็ตการ์เดน (บทพูดภารกิจ),1379100
1379101,Defend Caen,ปกป้องก็อง,แคมเปญก็อง+มาร์เก็ตการ์เดน (บทพูดภารกิจ),1379101
1379103,Eliminate the King Tiger,กำจัดรถถังคิงไทเกอร์,แคมเปญก็อง+มาร์เก็ตการ์เดน (บทพูดภารกิจ),1379103
1379110,Search the area to determine the strength of the Axis forces.,ค้นหาพื้นที่เพื่อกำหนดความแข็งแกร่งของกองกำลังฝ่ายอักษะ,แคมเปญก็อง+มาร์เก็ตการ์เดน (บทพูดภารกิจ),1379110
1379111,"Maintain control of at least one of the key Strategic Points in the Cathedral, Crossroads or Courtyard.",รักษาการควบคุมจุดยุทธศาสตร์สำคัญอย่างน้อยหนึ่งจุดในอาสนวิหาร ทางแยก หรือลานภายใน,แคมเปญก็อง+มาร์เก็ตการ์เดน (บทพูดภารกิจ),1379111
1379112,Destroy the incoming Tiger. Prevent it from attacking the HQ Command Truck.,ทำลายไทเกอร์ที่กำลังเข้ามา อย่าให้มันโจมตีรถบังคับการกองบัญชาการ ได้,แคมเปญก็อง+มาร์เก็ตการ์เดน (บทพูดภารกิจ),1379112
1379113,Encircle the King Tiger then concentrate Anti Tank fire on flanks and rear.,ล้อม King Tiger จากนั้นตั้งสมาธิยิงต่อต้านรถถังที่สีข้างและด้านหลัง,แคมเปญก็อง+มาร์เก็ตการ์เดน (บทพูดภารกิจ),1379113
1379120,Defend the Cathedral,ปกป้องมหาวิหาร,แคมเปญก็อง+มาร์เก็ตการ์เดน (บทพูดภารกิจ),1379120
1379121,Defend the Crossroads,ปกป้องทางแยก,แคมเปญก็อง+มาร์เก็ตการ์เดน (บทพูดภารกิจ),1379121|9404620
1379122,Defend the Courtyard,ปกป้องคอร์ทยาร์ด,แคมเปญก็อง+มาร์เก็ตการ์เดน (บทพูดภารกิจ),1379122
1379123,Deploy Command Truck and defenses in this area,วางกำลังรถบรรทุกควบคุมและป้องกันในพื้นที่นี้,แคมเปญก็อง+มาร์เก็ตการ์เดน (บทพูดภารกิจ),1379123
1379124,Recapture the Cathedral Strategic Point,ยึดจุดยุทธศาสตร์มหาวิหารกลับคืนมา,แคมเปญก็อง+มาร์เก็ตการ์เดน (บทพูดภารกิจ),1379124
1379125,Recapture the Crossroads Strategic Point,ยึดจุดยุทธศาสตร์ทางแยกกลับคืนมา,แคมเปญก็อง+มาร์เก็ตการ์เดน (บทพูดภารกิจ),1379125
1379126,Recapture the Courtyard Strategic Point,ยึดจุดยุทธศาสตร์ลานกว้างกลับคืนมา,แคมเปญก็อง+มาร์เก็ตการ์เดน (บทพูดภารกิจ),1379126
1379130,Cathedral Under Attack!,มหาวิหารถูกโจมตี!,แคมเปญก็อง+มาร์เก็ตการ์เดน (บทพูดภารกิจ),1379130
1379131,Crossroads Under Attack!,ทางแยกถูกโจมตี!,แคมเปญก็อง+มาร์เก็ตการ์เดน (บทพูดภารกิจ),1379131
1379132,Courtyard Under Attack!,ลานภายในถูกโจมตี!,แคมเปญก็อง+มาร์เก็ตการ์เดน (บทพูดภารกิจ),1379132
1379133,King Tiger Sighted!,รถถังคิงไทเกอร์มองเห็นแล้ว!,แคมเปญก็อง+มาร์เก็ตการ์เดน (บทพูดภารกิจ),1379133
1379134,King Tiger Attacking!,รถถังคิงไทเกอร์บุก!,แคมเปญก็อง+มาร์เก็ตการ์เดน (บทพูดภารกิจ),1379134
1379135,Tiger Attacking!,ไทเกอร์บุก!,แคมเปญก็อง+มาร์เก็ตการ์เดน (บทพูดภารกิจ),1379135
1379136,Incoming Axis Tanks!,รถถังฝ่ายอักษะที่กำลังเข้ามา!,แคมเปญก็อง+มาร์เก็ตการ์เดน (บทพูดภารกิจ),1379136
1379138,Hummel Firing!,ฮุมเมล ยิงแล้ว!,แคมเปญก็อง+มาร์เก็ตการ์เดน (บทพูดภารกิจ),1379138
1379140,Caen Defended,ก็องได้รับการปกป้อง,แคมเปญก็อง+มาร์เก็ตการ์เดน (บทพูดภารกิจ),1379140
1379141,Tiger Destroyed,รถถังไทเกอร์ถูกทำลายแล้ว,แคมเปญก็อง+มาร์เก็ตการ์เดน (บทพูดภารกิจ),1379141
1379142,King Tiger Eliminated,รถถังคิงไทเกอร์ถูกกำจัด,แคมเปญก็อง+มาร์เก็ตการ์เดน (บทพูดภารกิจ),1379142
1380200,"Captain Wallace, sir, we've got some heavy troubles.  ",กัปตันวอลเลซครับ เราประสบปัญหาหนักมาก,แคมเปญก็อง+มาร์เก็ตการ์เดน (บทพูดภารกิจ),1380200
1380201,I can't get anything up the chain.,ฉันส่งอะไรขึ้นไปตามสายบังคับบัญชาไม่ได้,แคมเปญก็อง+มาร์เก็ตการ์เดน (บทพูดภารกิจ),1380201
1380203,"Ahh shite, get a hold of yourself, lad.  ",อ่า ไอ้สารเลว จับตัวเองไว้นะหนุ่มน้อย,แคมเปญก็อง+มาร์เก็ตการ์เดน (บทพูดภารกิจ),1380203
1380204,"Every moment you waste worrying, good men die. ",ทุกครั้งที่คุณเสียความกังวล คนดีก็ตาย,แคมเปญก็อง+มาร์เก็ตการ์เดน (บทพูดภารกิจ),1380204
1380210,Radio artillery and tell them to target the grid location ahead of our current position.,ปืนใหญ่วิทยุและบอกให้กำหนดเป้าหมายตำแหน่งกริดข้างหน้าตำแหน่งปัจจุบันของเรา,แคมเปญก็อง+มาร์เก็ตการ์เดน (บทพูดภารกิจ),1380210
1380211,Have Arty blast this goddamn good-for-nothing Hill!,ให้ Arty ระเบิด Hill ไร้ประโยชน์นี้ซะ!,แคมเปญก็อง+มาร์เก็ตการ์เดน (บทพูดภารกิจ),1380211
1380220,"For Christ's sake, call that artillery in NOW!",เพื่อประโยชน์ของพระคริสต์ เรียกปืนใหญ่นั้นมาเดี๋ยวนี้!,แคมเปญก็อง+มาร์เก็ตการ์เดน (บทพูดภารกิจ),1380220
1380221,We need some bloody Arty support ASAP!,เราต้องการการสนับสนุนจาก Arty อย่างเฮงซวยโดยเร็วที่สุด!,แคมเปญก็อง+มาร์เก็ตการ์เดน (บทพูดภารกิจ),1380221
1380222,"Alright Corporal, level yourself and listen closely!",เอาล่ะสิบโท เพิ่มระดับตัวเองและตั้งใจฟังให้ดี!,แคมเปญก็อง+มาร์เก็ตการ์เดน (บทพูดภารกิจ),1380222
1380230,"Stand down, stand down.",พักรบได้ พักรบได้,แคมเปญก็อง+มาร์เก็ตการ์เดน (บทพูดภารกิจ),1380230
1380231,I knew we'd be easy bloody targets on this forsaken Hill.,ฉันรู้ว่าเราคงเป็นเป้าหมายเฮงซวยได้ง่ายๆ บนเนินเขาที่ถูกละทิ้งแห่งนี้,แคมเปญก็อง+มาร์เก็ตการ์เดน (บทพูดภารกิจ),1380231
1380232,"We got no bloody luck, sir, the radio to HQ's gone dead and forward observers are reporting Jerry Panzers in-bound.",เราโชคไม่ดีครับ วิทยุที่ส่งไปยังกองบัญชาการเสียชีวิตแล้ว และผู้สังเกตการณ์ข้างหน้า รายงานว่าเจอร์รี แพนเซอร์กำลังมุ่งหน้าไป,แคมเปญก็อง+มาร์เก็ตการ์เดน (บทพูดภารกิจ),1380232
1380233,I want a defensive perimeter around this Hill.,ฉันต้องการขอบเขตการป้องกันรอบเนินเขานี้,แคมเปญก็อง+มาร์เก็ตการ์เดน (บทพูดภารกิจ),1380233
1380234,Establish defenses around the Hill and the bridges.,สร้างแนวป้องกันรอบเนินเขาและสะพาน,แคมเปญก็อง+มาร์เก็ตการ์เดน (บทพูดภารกิจ),1380234
1380235,"Again... RSE, defensive maneuvers, secure perimeter around the Hill and the bridges... we have Panzers incoming!",อีกครั้ง... RSE การซ้อมรบป้องกัน รักษาความปลอดภัยรอบเนินเขาและสะพาน... เรามี Panzers เข้ามาแล้ว!,แคมเปญก็อง+มาร์เก็ตการ์เดน (บทพูดภารกิจ),1380235
1380240,"CPL Dillingham, get 3rd Battalion HQ on the horn A-SAP, we need  all the support we can get before those Panzers throw themselves at us again.",สิบโทดิลลิงแฮม ติดต่อกองบัญชาการกองพันที่ 3 ทางวิทยุด่วน เราต้องการกำลังสนับสนุนทั้งหมดที่มี ก่อนที่แพนเซอร์จะบุกเข้าหาเราอีกรอบ,แคมเปญก็อง+มาร์เก็ตการ์เดน (บทพูดภารกิจ),1380240
1380241,Do we still have radio uplink to RSE platoons in the area?,เรายังติดต่อวิทยุกับหมวด RSE ในพื้นที่ได้อยู่ไหม?,แคมเปญก็อง+มาร์เก็ตการ์เดน (บทพูดภารกิจ),1380241
1380242,"Aye, that we do Captain Wallis.",ใช่ครับ เราทำแน่ ร้อยเอกวอลลิส,แคมเปญก็อง+มาร์เก็ตการ์เดน (บทพูดภารกิจ),1380242
1380243,Order all remaining units to battle stations and hold the Hill until we hear from the Major.,สั่งหน่วยที่เหลือทั้งหมดไปยังสถานีรบและยึดเนินเขาไว้จนกว่าเราจะได้ยินจากผู้พัน,แคมเปญก็อง+มาร์เก็ตการ์เดน (บทพูดภารกิจ),1380243
1380244,"Relocate the HQs to a safer location, here...",ย้ายกองบัญชาการไปยังสถานที่ที่ปลอดภัยกว่านี้ ที่นี่...,แคมเปญก็อง+มาร์เก็ตการ์เดน (บทพูดภารกิจ),1380244
1380245,GREASE MARKER on the location of the HQs on the Hill and PIP of the HQ in Position.,GREASE MARKER บนตำแหน่งของกองบัญชาการบนเนินเขาและ PIP ของกองบัญชาการในตำแหน่ง,แคมเปญก็อง+มาร์เก็ตการ์เดน (บทพูดภารกิจ),1380245
1380246,And establish defenses around the Hill and the bridges. 3rd Battalion will need those bridges clear to reach us. ,และสร้างแนวป้องกันรอบเนินเขาและสะพาน กองพันที่ 3 จะต้องเคลียร์สะพานเหล่านั้นเพื่อมาหาเรา,แคมเปญก็อง+มาร์เก็ตการ์เดน (บทพูดภารกิจ),1380246
1380247,Contact me immediately if you re-establish a connection to Battalion HQ. ,ติดต่อฉันทันทีหากคุณสร้างการเชื่อมต่อกับกองบัญชาการกองพันอีกครั้ง,แคมเปญก็อง+มาร์เก็ตการ์เดน (บทพูดภารกิจ),1380247
1380248,"Until then, hold this Hill.",ถึงเวลานั้นให้ยึดเนินเขานี้ไว้,แคมเปญก็อง+มาร์เก็ตการ์เดน (บทพูดภารกิจ),1380248
1380250,"Men, we have orders. Hold this hill until the Donkey Wallopers arrive.",พวกนาย เรามีคำสั่งนะ ยึดเนินเขานี้ไว้จนกว่า Donkey Wallopers จะมาถึง,แคมเปญก็อง+มาร์เก็ตการ์เดน (บทพูดภารกิจ),1380250
1380251,"Sappers, I want AT guns covering the hill.",แซปเปอร์ ฉันอยากให้ปืนเอทีครอบคลุมเนินเขา,แคมเปญก็อง+มาร์เก็ตการ์เดน (บทพูดภารกิจ),1380251
1380252,"Williams, have your sections dig Slit Trenches and cover them with MGs.",วิลเลียมส์ ให้หน่วยของคุณขุดสนามเพลาะ แล้วเอาเอ็มจีคอยคุ้มกันไว้,แคมเปญก็อง+มาร์เก็ตการ์เดน (บทพูดภารกิจ),1380252
1380253,"Keep that bloody hill supplied, we need HQ support to the top!",เก็บเนินเขาเฮงซวยไว้ต่อไป เราต้องการการสนับสนุนจากกองบัญชาการจนถึงจุดสูงสุด!,แคมเปญก็อง+มาร์เก็ตการ์เดน (บทพูดภารกิจ),1380253
1380254,"Armor HQ on map. Get service battalion to set that thing up double quick, lads!",กองบัญชาการยานเกราะปรากฏบนแผนที่แล้ว ให้กองพันส่งกำลังบำรุงติดตั้งมันโดยด่วน ไอ้หนุ่ม!,แคมเปญก็อง+มาร์เก็ตการ์เดน (บทพูดภารกิจ),1380254
1380255,Move all HQ Trucks and the Command Posts away from the villages and to the Hill. We need to keep them in sight and away from Jerry!,ย้ายรถบรรทุกกองบัญชาการและฐานบัญชาการทั้งหมดออกจากหมู่บ้านและไปที่เนินเขา เราต้องให้พวกเขาอยู่ในสายตาและอยู่ห่างจากเจอร์รี่!,แคมเปญก็อง+มาร์เก็ตการ์เดน (บทพูดภารกิจ),1380255
1380256,"Contact! The first wave has arrived, gents.",ติดต่อ! คลื่นลูกแรกมาแล้วท่านสุภาพบุรุษ,แคมเปญก็อง+มาร์เก็ตการ์เดน (บทพูดภารกิจ),1380256
1380257,"Listen up, watch your arcs and open fire.",ฟังให้ดี คุมมุมยิงของพวกนายแล้วเปิดฉากยิงได้!,แคมเปญก็อง+มาร์เก็ตการ์เดน (บทพูดภารกิจ),1380257
1380258,Let's show those HUN tarts what it means to be a Scotsman.,มาแสดงทาร์ต HUN เหล่านั้นว่าการเป็นชาวสกอตหมายความว่าอย่างไร,แคมเปญก็อง+มาร์เก็ตการ์เดน (บทพูดภารกิจ),1380258
1380310,Enemy elements are approaching the hill!,องค์ประกอบของศัตรูกำลังเข้าใกล้เนินเขา!,แคมเปญก็อง+มาร์เก็ตการ์เดน (บทพูดภารกิจ),1380310
1380311,"The Germans are closing in, hold your line and for Christ-sakes keep our control points!",ชาวเยอรมันกำลังเข้ามาใกล้ รักษาแถวของคุณและเพื่อเห็นแก่พระคริสต์ รักษาจุดควบคุมของเราไว้!,แคมเปญก็อง+มาร์เก็ตการ์เดน (บทพูดภารกิจ),1380311
1380312,We've lost another Sector - push the Jerries back off that damn hill!,เราเสียเซกเตอร์อื่นไปแล้ว - ผลักพวกเจอร์รีส์ถอยออกไปจากเนินเขาเวรนั่น!,แคมเปญก็อง+มาร์เก็ตการ์เดน (บทพูดภารกิจ),1380312
1380313,Ready... Enemy contacts in-bound to the hill,พร้อม...ศัตรูติดต่อเข้า-มุ่งหน้าขึ้นเนิน,แคมเปญก็อง+มาร์เก็ตการ์เดน (บทพูดภารกิจ),1380313
1380314,Jerry's back! Get to his location before we lose more territory.,เจอร์รี่กลับมาแล้ว! ไปยังตำแหน่งของเขา ก่อนที่เราจะสูญเสียดินแดนไปมากกว่านี้,แคมเปญก็อง+มาร์เก็ตการ์เดน (บทพูดภารกิจ),1380314
1380315,The enemy is trying to cut us off. ,ศัตรูกำลังพยายามตัดเราออก,แคมเปญก็อง+มาร์เก็ตการ์เดน (บทพูดภารกิจ),1380315
1380330,"Brace yourselves, boys, looks like Jerry might be on the run.",เตรียมตัวให้พร้อมนะหนุ่มๆ ดูเหมือนเจอร์รี่อาจจะกำลังวิ่งหนี,แคมเปญก็อง+มาร์เก็ตการ์เดน (บทพูดภารกิจ),1380330
1380331,"Keep their tails covered in tracers, lads!",เก็บหางของพวกเขาไว้ด้วยร่องรอยนะหนุ่มๆ!,แคมเปญก็อง+มาร์เก็ตการ์เดน (บทพูดภารกิจ),1380331
1380332,"Only a few enemy elements remain. We're almost there, keep on 'em!",เหลือองค์ประกอบศัตรูเพียงไม่กี่อย่างเท่านั้น เราเกือบจะถึงจุดนั้นแล้ว สู้ต่อไป!,แคมเปญก็อง+มาร์เก็ตการ์เดน (บทพูดภารกิจ),1380332
1380340,"There we go lads, Jerry's retreating in full force now!",เอาล่ะ เจอร์รี่ถอยทัพเต็มกำลังแล้ว!,แคมเปญก็อง+มาร์เก็ตการ์เดน (บทพูดภารกิจ),1380340
1380341,"Excellent, I had my doubts, but we blummin' did it! ",เยี่ยมมาก ฉันมีข้อสงสัย แต่เราทำมันพัง!,แคมเปญก็อง+มาร์เก็ตการ์เดน (บทพูดภารกิจ),1380341
1380342,Bra-fucking-vo Royal Scots!,Bra-fucking-vo Royal Scots!,แคมเปญก็อง+มาร์เก็ตการ์เดน (บทพูดภารกิจ),1380342
1380350,"RSE, we've lost the fucking hill! Recapture it A-SAP!",RSE เราสูญเสียเนินเขาบ้าไปแล้ว! เรียกคืนมัน A-SAP!,แคมเปญก็อง+มาร์เก็ตการ์เดน (บทพูดภารกิจ),1380350
1380351,"Oh, Mother of Christ, we've lost Hill 112! I say again, we've lost Hill 112. Recapture it, or it's our heads, lads!",โอ้ พระมารดาของพระคริสต์ เราสูญเสียฮิลล์ 112 ไปแล้ว! ฉันพูดอีกครั้งว่าเราเสีย Hill 112 ไป เอาคืนมา หรือไม่ก็หัวเราเอง!,แคมเปญก็อง+มาร์เก็ตการ์เดน (บทพูดภารกิจ),1380351
1380360,"RSE, all forces to the Hill now, we need to take her back!",RSE กองกำลังทั้งหมดไปที่เนินเขาแล้ว เราต้องพาเธอกลับ!,แคมเปญก็อง+มาร์เก็ตการ์เดน (บทพูดภารกิจ),1380360
1380361,"Come on lads, capture that Victory Point!",เอาล่ะ ยึด Victory Point นั้นให้ได้!,แคมเปญก็อง+มาร์เก็ตการ์เดน (บทพูดภารกิจ),1380361
1380362,"Alright, listen up, pull your thumb out and get to taking that point back or the mission is lost!!",เอาล่ะ ฟังให้ดี ดึงนิ้วโป้งออกแล้วเอาจุดนั้นกลับคืน ไม่งั้นภารกิจจะแพ้!!,แคมเปญก็อง+มาร์เก็ตการ์เดน (บทพูดภารกิจ),1380362
1380370,The Hill's recaptured. Let's try to hold onto it this time!,เดอะฮิลล์ถูกยึดคืนแล้ว คราวนี้เรามาลองจับมันดูกัน!,แคมเปญก็อง+มาร์เก็ตการ์เดน (บทพูดภารกิจ),1380370
1380380,"That's it, Jerry's got us cooked. ",แค่นั้นแหละ เจอร์รี่ทำให้เราทำอาหารเสร็จ,แคมเปญก็อง+มาร์เก็ตการ์เดน (บทพูดภารกิจ),1380380
1380381,There's no hope of holding out any longer!,ไม่มีความหวังที่จะทนอีกต่อไป!,แคมเปญก็อง+มาร์เก็ตการ์เดน (บทพูดภารกิจ),1380381
1380382,Once we gave the Hill back to the bloody Huns. ,ครั้งหนึ่งเราเคยคืนเนินเขาให้ไอ้ฮุนพวกนั้น,แคมเปญก็อง+มาร์เก็ตการ์เดน (บทพูดภารกิจ),1380382
1380400,Watch the Left Flank!,จับตาปีกซ้าย!,แคมเปญก็อง+มาร์เก็ตการ์เดน (บทพูดภารกิจ),1380400
1380410,Left Flank is under attack!,ปีกซ้ายถูกโจมตี!,แคมเปญก็อง+มาร์เก็ตการ์เดน (บทพูดภารกิจ),1380410
1380420,Our fucking Left Flank is being hit... They need support. ,ปีกซ้ายของเรากำลังถูกโจมตี... พวกเขาต้องการการสนับสนุน,แคมเปญก็อง+มาร์เก็ตการ์เดน (บทพูดภารกิจ),1380420
1380430,Get some troops over to the left flank.,ยกทัพไปทางปีกซ้าย,แคมเปญก็อง+มาร์เก็ตการ์เดน (บทพูดภารกิจ),1380430
1380440,"Dillingham, we have Contact. Right Flank. Range 200.",ดิลลิงแฮม เรามีข้อมูลติดต่อ ปีกขวา. ระยะ 200.,แคมเปญก็อง+มาร์เก็ตการ์เดน (บทพูดภารกิจ),1380440
1380450,Our Right Flank is under attack!,ปีกขวาของเราถูกโจมตี!,แคมเปญก็อง+มาร์เก็ตการ์เดน (บทพูดภารกิจ),1380450
1380460,Our Right flank is taking fire! They need support gents.,ปีกขวาของเรากำลังถูกยิง! พวกเขาต้องการการสนับสนุน สุภาพบุรุษทั้งหลาย,แคมเปญก็อง+มาร์เก็ตการ์เดน (บทพูดภารกิจ),1380460
1380470,Get some troops over to the Right flank.,จัดทัพบางส่วนไปทางปีกขวา,แคมเปญก็อง+มาร์เก็ตการ์เดน (บทพูดภารกิจ),1380470
1380480,"They're attacking our front lines. Corporal Macmahon, stop picking your bum and get moving!",พวกเขากำลังโจมตีแนวหน้าของเรา สิบโทแมคมาฮอน หยุดหยิบก้นแล้วขยับตัวซะ!,แคมเปญก็อง+มาร์เก็ตการ์เดน (บทพูดภารกิจ),1380480
1380490,"Targets to the front, lads!",มุ่งหน้าไปข้างหน้านะหนุ่มๆ!,แคมเปญก็อง+มาร์เก็ตการ์เดน (บทพูดภารกิจ),1380490
1380500,Our front is being hit! Hold the hill!,ข้างหน้าเรากำลังโดน! ยึดเนินเขา!,แคมเปญก็อง+มาร์เก็ตการ์เดน (บทพูดภารกิจ),1380500
1380510,Get some troops over to the Front.,จัดทัพบางส่วนไปแนวหน้า,แคมเปญก็อง+มาร์เก็ตการ์เดน (บทพูดภารกิจ),1380510
1380520,"Aye, Jerry, that one's for Scotland!",ใช่แล้ว เจอร์รี่ นั่นเพื่อสกอตแลนด์!,แคมเปญก็อง+มาร์เก็ตการ์เดน (บทพูดภารกิจ),1380520
1380530,Take 'em and tear 'em lads!,เอาพวกมันไปฉีกพวกมันซะไอ้หนุ่ม!,แคมเปญก็อง+มาร์เก็ตการ์เดน (บทพูดภารกิจ),1380530
1380540,Away an bile yer' hyde ya numpty Jerries!,ไปน้ำดี yer' hyde ya numpty Jerries!,แคมเปญก็อง+มาร์เก็ตการ์เดน (บทพูดภารกิจ),1380540
1380550,Damn Huns looking' awfy peely-wally if you ask me!,ไอ้ฮั่นดูเจ้าเล่ห์จนน่ากลัวนะถ้าคุณถามฉัน!,แคมเปญก็อง+มาร์เก็ตการ์เดน (บทพูดภารกิจ),1380550
1380560,Cuntybuggerybumshite!,บ้าบอ!,แคมเปญก็อง+มาร์เก็ตการ์เดน (บทพูดภารกิจ),1380560
1380570,"Dry your eyes Jerry, this is our bloody hill!",เช็ดตาให้แห้ง เจอร์รี่ นี่คือเนินเขาเฮงซวยของเรา!,แคมเปญก็อง+มาร์เก็ตการ์เดน (บทพูดภารกิจ),1380570
1380580,Fucking German knobdobbers everywhere!,โคตรคนบ้าบิ่นชาวเยอรมันทุกที่!,แคมเปญก็อง+มาร์เก็ตการ์เดน (บทพูดภารกิจ),1380580
1380590,If we don't get some support soon well all be dead!,หากเราไม่ได้รับการสนับสนุนเร็วๆ นี้ ทุกคนก็ตายไปซะ!,แคมเปญก็อง+มาร์เก็ตการ์เดน (บทพูดภารกิจ),1380590
1380600,"Cuntybuggerybumshite, they'll killed Keegan!",คันตี้บัคเกอรี่บัมไชท์ พวกเขาจะฆ่าคีแกน!,แคมเปญก็อง+มาร์เก็ตการ์เดน (บทพูดภารกิจ),1380600
1380610,Jammy bastards. ,ไอ้แจมมี่.,แคมเปญก็อง+มาร์เก็ตการ์เดน (บทพูดภารกิจ),1380610
1380620,Stop muckin' about and kill some Jerry!,หยุดพูดจาไร้สาระแล้วฆ่าเจอร์รี่ซะ!,แคมเปญก็อง+มาร์เก็ตการ์เดน (บทพูดภารกิจ),1380620
1380630,Medic! I need a fucking medic!,แพทย์! ฉันต้องการเสนารักษ์เดี๋ยวนี้!,แคมเปญก็อง+มาร์เก็ตการ์เดน (บทพูดภารกิจ),1380630
1380640,"I know your jeeked, men, just hold out!",ฉันรู้ว่าพวกแกขี้อิจฉา อดทนหน่อยนะ!,แคมเปญก็อง+มาร์เก็ตการ์เดน (บทพูดภารกิจ),1380640
1380650,Fucking Huns are coming back for more!,บัดซบ Huns กำลังกลับมามากขึ้น!,แคมเปญก็อง+มาร์เก็ตการ์เดน (บทพูดภารกิจ),1380650
1380660,Hold the mother-loving Hill and kill those sorry fucks!,ยึดเนินเขาที่รักของแม่ไว้และฆ่าไอ้สารเลวพวกนั้น!,แคมเปญก็อง+มาร์เก็ตการ์เดน (บทพูดภารกิจ),1380660
1380670,"Aye, Captain Wallis, we'll hold out!",รับทราบครับ ร้อยเอกวอลลิส เราจะยันไว้!,แคมเปญก็อง+มาร์เก็ตการ์เดน (บทพูดภารกิจ),1380670
1380680,"Kill them totty tarts, we will!",ฆ่าพวกมันซะ เราจะฆ่ามัน!,แคมเปญก็อง+มาร์เก็ตการ์เดน (บทพูดภารกิจ),1380680
1380690,"Keep it coming, Jerry, I'll be busting out all your wallies!",สู้ๆ ต่อไป เจอร์รี่ ฉันจะกำจัดพวกวอลลี่ของคุณให้หมด!,แคมเปญก็อง+มาร์เก็ตการ์เดน (บทพูดภารกิจ),1380690
1380700,"Jesus Christ, the fucking Jerries are trying to cut us off at the Odon!",พระเยซูคริสต์ พวกเจอร์รีส์กำลังพยายามตัดเราที่โอดอน!,แคมเปญก็อง+มาร์เก็ตการ์เดน (บทพูดภารกิจ),1380700
1380710,"Get to Tourmauville and hold that bridge, lads!",ไปที่ ตูร์โมวิลล์ และยึดสะพานนั้นไว้นะหนุ่มๆ!,แคมเปญก็อง+มาร์เก็ตการ์เดน (บทพูดภารกิจ),1380710
1380720,We're not getting any reinforcements in without it!,เราจะไม่ได้รับการเสริมกำลังใดๆ หากไม่มีมัน!,แคมเปญก็อง+มาร์เก็ตการ์เดน (บทพูดภารกิจ),1380720
1380730,"Shite, Jerry's advancing on Baron!",แย่จัง เจอร์รี่รุกบารอนแล้ว!,แคมเปญก็อง+มาร์เก็ตการ์เดน (บทพูดภารกิจ),1380730
1380740,Secure the bloody bridge at all costs!,ยึดสะพานเฮงซวยให้ได้ไม่ว่าจะด้วยวิธีใดก็ตาม!,แคมเปญก็อง+มาร์เก็ตการ์เดน (บทพูดภารกิจ),1380740
1380750,"Don't let that bridge fall into enemy hands or we're fucked, lads!",อย่าปล่อยให้สะพานนั้นตกไปอยู่ในมือของศัตรู ไม่งั้นพวกเราจะพังนะหนุ่มๆ!,แคมเปญก็อง+มาร์เก็ตการ์เดน (บทพูดภารกิจ),1380750
1380760,The Tourmauville bridge has been lost!,สะพาน ตูร์โมวิลล์ สูญหาย!,แคมเปญก็อง+มาร์เก็ตการ์เดน (บทพูดภารกิจ),1380760
1380770,The Baron bridge is out of our control!,สะพานบารอนอยู่นอกเหนือการควบคุมของเรา!,แคมเปญก็อง+มาร์เก็ตการ์เดน (บทพูดภารกิจ),1380770
1380780,"Fucksakes, the road through Tourmauville is no longer secure!",Fucksakes ถนนผ่าน ตูร์โมวิลล์ ไม่ปลอดภัยอีกต่อไป!,แคมเปญก็อง+มาร์เก็ตการ์เดน (บทพูดภารกิจ),1380780
1380790,The road through Baron is no longer secure!,ถนนที่ผ่านบารอนไม่ปลอดภัยอีกต่อไป!,แคมเปญก็อง+มาร์เก็ตการ์เดน (บทพูดภารกิจ),1380790
1380800,"Both routes are closed! Sort it out double quick, lads!",เส้นทางทั้งสองถูกปิดแล้ว! รีบเคลียร์เส้นทางโดยด่วน!,แคมเปญก็อง+มาร์เก็ตการ์เดน (บทพูดภารกิจ),1380800
1380810,"Bravo lads, the road through Tourmauville is open again!",น้องๆ ไชโย ถนนผ่าน ตูร์โมวิลล์ เปิดอีกครั้ง!,แคมเปญก็อง+มาร์เก็ตการ์เดน (บทพูดภารกิจ),1380810
1380820,"Thank God, the road through Baron is ours again!",ขอบคุณพระเจ้า ถนนที่ผ่านบารอนเป็นของเราอีกครั้ง!,แคมเปญก็อง+มาร์เก็ตการ์เดน (บทพูดภารกิจ),1380820
1380830,Captain Wallis! I've got HQ! Fucking hell!,ร้อยเอกวอลลิสครับ! ผมติดต่อกองบัญชาการได้แล้ว! ให้ตายสิ!,แคมเปญก็อง+มาร์เก็ตการ์เดน (บทพูดภารกิจ),1380830
1380840,"I've managed to raise Battalion sigs, message from Major Blackmore's coming in, sir!",ฉันจัดการระดมพลกองพันได้แล้ว ข้อความจากพันตรีแบล็คมอร์กำลังเข้ามาครับ!,แคมเปญก็อง+มาร์เก็ตการ์เดน (บทพูดภารกิจ),1380840
1380850,"RSE, this is Major Blackmore, Heavy Armor support is in-bound! We got your back now, boys!",ทหารช่างสกอตหลวง นี่คือพันตรีแบล็คมอร์ กำลังยานเกราะหนักสนับสนุนกำลังมุ่งหน้าไปแล้ว! พวกเรามาช่วยคุ้มกันหลังให้พวกนายแล้ว!,แคมเปญก็อง+มาร์เก็ตการ์เดน (บทพูดภารกิจ),1380850
1380860,Maintain control of the Odon at all costs!,รักษาการควบคุม Odon ไว้ทุกวิถีทาง!,แคมเปญก็อง+มาร์เก็ตการ์เดน (บทพูดภารกิจ),1380860
1380870,"We'll be there soon, tell the men to hold tight, Captain Wallis!",พวกเราจะไปถึงในไม่ช้า บอกทุกคนให้อดทนตรึงกำลังไว้ ร้อยเอกวอลลิส!,แคมเปญก็อง+มาร์เก็ตการ์เดน (บทพูดภารกิจ),1380870
1380880,"Those bridges are our lifelines, men!",สะพานเหล่านั้นคือสายใยของเรานะพวกทหาร!,แคมเปญก็อง+มาร์เก็ตการ์เดน (บทพูดภารกิจ),1380880
1380890,"God's good grace is bringing us some support, just hold those bridges!",พระคุณอันดีของพระเจ้านำการสนับสนุนมาให้เรา เพียงแค่ยึดสะพานเหล่านั้นไว้!,แคมเปญก็อง+มาร์เก็ตการ์เดน (บทพูดภารกิจ),1380890
1380900,"The rest of Boudica's Boy's will be here in no time, make sure the bridges are secure!",ส่วนที่เหลือของ บูดิกา Boy's จะมาที่นี่เร็วๆ นี้ ตรวจสอบให้แน่ใจว่าสะพานปลอดภัย!,แคมเปญก็อง+มาร์เก็ตการ์เดน (บทพูดภารกิจ),1380900
1380910,"Corporal Dillingham, God love you, you deserve a commendation! Brilliant fucking job, man!",สิบโทดิลลิงแฮม พระเจ้ารักคุณ คุณสมควรได้รับการยกย่อง! งานโคตรเยี่ยมเลยเพื่อน!,แคมเปญก็อง+มาร์เก็ตการ์เดน (บทพูดภารกิจ),1380910
1380920,"Hey, you sorry lot! Did you miss us!",เฮ้คุณขอโทษมาก! คิดถึงเรามั้ย!,แคมเปญก็อง+มาร์เก็ตการ์เดน (บทพูดภารกิจ),1380920
1380930,Here come the heavies!!!,มาแล้วของหนัก!!!,แคมเปญก็อง+มาร์เก็ตการ์เดน (บทพูดภารกิจ),1380930
1380940,"I never thought your ugly mug could look so good, Degnan! It's about bloody fucking time...",ฉันไม่เคยคิดเลยว่าหน้าตาอัปลักษณ์ของนายจะดูดีขนาดนี้ สิบโทเดกแนน! ในที่สุดก็มาถึงเสียที...,แคมเปญก็อง+มาร์เก็ตการ์เดน (บทพูดภารกิจ),1380940
1380950,"Boudica's Boys here, 3rd Battalion Heavy Armor support is inbound and approaching from Baron.",กองกำลังบูดิกาอยู่ที่นี่ กองหนุนเกราะหนักของกองพันที่ 3 กำลังเข้ามาและเข้าใกล้จากบารอน,แคมเปญก็อง+มาร์เก็ตการ์เดน (บทพูดภารกิจ),1380950
1380960,"RSE, Boudica's Boys here... Heavy Armor is inbound and approaching from Tourmauville.","RSE, บูดิกา Boys ที่นี่... Heavy Armor กำลังเข้ามาและเข้าใกล้จาก ตูร์โมวิลล์",แคมเปญก็อง+มาร์เก็ตการ์เดน (บทพูดภารกิจ),1380960
1380970,"Royal Scots, you need to keep those bridges open!",รอยัลสกตส์ คุณต้องเปิดสะพานพวกนั้นไว้!,แคมเปญก็อง+มาร์เก็ตการ์เดน (บทพูดภารกิจ),1380970
1380980,"Don't worry, lads, we'll be there soon.",ไม่ต้องกังวลนะเด็กๆ เราจะไปถึงที่นั่นเร็วๆ นี้,แคมเปญก็อง+มาร์เก็ตการ์เดน (บทพูดภารกิจ),1380980
1389100,Hold Hill 112,โฮลด์ฮิลล์ 112,แคมเปญก็อง+มาร์เก็ตการ์เดน (บทพูดภารกิจ),1389100
1389101,Recapture Hill 112,รีแคปเจอร์ฮิลล์ 112,แคมเปญก็อง+มาร์เก็ตการ์เดน (บทพูดภารกิจ),1389101
1389102,Hill 112 Held,ฮิลล์ 112 จัดขึ้น,แคมเปญก็อง+มาร์เก็ตการ์เดน (บทพูดภารกิจ),1389102
1389103,Defend the Bridges over the River Odon,ปกป้องสะพานข้ามแม่น้ำโอดอน,แคมเปญก็อง+มาร์เก็ตการ์เดน (บทพูดภารกิจ),1389103
1389105,Bridges Defended,สะพานได้รับการปกป้อง,แคมเปญก็อง+มาร์เก็ตการ์เดน (บทพูดภารกิจ),1389105
1389110,Prevent the enemy from capturing the Victory Point on top of Hill 112.,ป้องกันไม่ให้ศัตรูยึด Victory Point บนยอดเขา 112,แคมเปญก็อง+มาร์เก็ตการ์เดน (บทพูดภารกิจ),1389110
1389111,Recapture the Victory Point on top of Hill 112.,ยึดคะแนนชัยชนะบนยอดเขา 112 กลับคืนมา,แคมเปญก็อง+มาร์เก็ตการ์เดน (บทพูดภารกิจ),1389111
1389112,"Stop the enemy from closing both routes across the river. A route is closed if the bridge is destroyed, or the enemy captures an adjacent Territory.",หยุดศัตรูไม่ให้ปิดทั้งสองเส้นทางข้ามแม่น้ำ เส้นทางจะถูกปิดหากสะพานถูกทำลาย หรือศัตรูยึดครองอาณาเขตที่อยู่ติดกัน,แคมเปญก็อง+มาร์เก็ตการ์เดน (บทพูดภารกิจ),1389112
1389120,25 Pounder Howitzer Gun,ปืนใหญ่วิถีโค้งฮาวอิตเซอร์ 25 ปอนด์,แคมเปญก็อง+มาร์เก็ตการ์เดน (บทพูดภารกิจ),1389120
1389121,Move the Command Truck to the top of the hill,เคลื่อนรถบังคับการขึ้นไปบนยอดเขา,แคมเปญก็อง+มาร์เก็ตการ์เดน (บทพูดภารกิจ),1389121
1389122,Capture Strategic Point to open route to Baron-sur-Odon,ยึดจุดยุทธศาสตร์เพื่อเปิดเส้นทางสู่ Baron-sur-Odon,แคมเปญก็อง+มาร์เก็ตการ์เดน (บทพูดภารกิจ),1389122
1389123,Capture Strategic Point to open route to Tourmauville,ยึดจุดยุทธศาสตร์เพื่อเปิดเส้นทางสู่ ตูร์โมวิลล์,แคมเปญก็อง+มาร์เก็ตการ์เดน (บทพูดภารกิจ),1389123
1389124,Repair bridge to open route to Baron-sur-Odon,ซ่อมแซมสะพานเปิดเส้นทางสู่บารอน-ซูร์-โอดอน,แคมเปญก็อง+มาร์เก็ตการ์เดน (บทพูดภารกิจ),1389124
1389125,Repair bridge to open route to Tourmauville,ซ่อมแซมสะพานเพื่อเปิดเส้นทางสู่ ตูร์โมวิลล์,แคมเปญก็อง+มาร์เก็ตการ์เดน (บทพูดภารกิจ),1389125
1389126,Use Mortar Bunker to defend Hill 112,ใช้ Mortar Bunker เพื่อปกป้อง Hill 112,แคมเปญก็อง+มาร์เก็ตการ์เดน (บทพูดภารกิจ),1389126
1389160,Artillery Ready!,ปืนใหญ่พร้อม!,แคมเปญก็อง+มาร์เก็ตการ์เดน (บทพูดภารกิจ),1389160
1389161,Redeploy the Command Truck,ส่งกำลังรบ รถบังคับการ อีกครั้ง,แคมเปญก็อง+มาร์เก็ตการ์เดน (บทพูดภารกิจ),1389161
1389163,Smoke spotted!,พบควัน!,แคมเปญก็อง+มาร์เก็ตการ์เดน (บทพูดภารกิจ),1389163
1389164,Tourmauville breached!,ตูร์เมาวิลล์ หลุด!,แคมเปญก็อง+มาร์เก็ตการ์เดน (บทพูดภารกิจ),1389164
1389165,Baron-sur-Odon breached!,บารอน-ซูร์-โอดอน ฝ่าฝืน!,แคมเปญก็อง+มาร์เก็ตการ์เดน (บทพูดภารกิจ),1389165
1389166,Tourmauville route closed!,ปิดเส้นทาง ตูร์โมวิลล์!,แคมเปญก็อง+มาร์เก็ตการ์เดน (บทพูดภารกิจ),1389166
1389167,Baron-sur-Odon route closed!,ปิดเส้นทางบารอน-ซูร์-โอดอน!,แคมเปญก็อง+มาร์เก็ตการ์เดน (บทพูดภารกิจ),1389167
1389169,Losing Hill 112!,แพ้ฮิลล์ 112!,แคมเปญก็อง+มาร์เก็ตการ์เดน (บทพูดภารกิจ),1389169
1389170,Hill 112 recaptured!,ฮิลล์ 112 ทวงคืน!,แคมเปญก็อง+มาร์เก็ตการ์เดน (บทพูดภารกิจ),1389170
1389171,Tourmauville route open!,เส้นทาง ตูร์โมวิลล์ เปิดแล้ว!,แคมเปญก็อง+มาร์เก็ตการ์เดน (บทพูดภารกิจ),1389171
1389172,Baron-sur-Odon route open!,เส้นทางบารอน-ซูร์-โอดอน เปิดแล้ว!,แคมเปญก็อง+มาร์เก็ตการ์เดน (บทพูดภารกิจ),1389172
1390500,Contact! Jerry blummin contact!,ติดต่อ! เจอร์รี่ บลัมมิน ติดต่อ!,แคมเปญก็อง+มาร์เก็ตการ์เดน (บทพูดภารกิจ),1390500
1390510,Get those Command trucks set up ASAP 3rd Battalion!,นำรถบังคับการมาตั้งกองพันที่ 3 โดยเร็วที่สุด!,แคมเปญก็อง+มาร์เก็ตการ์เดน (บทพูดภารกิจ),1390510
1390520,I'm going back for orders!,ฉันจะกลับมารับคำสั่ง!,แคมเปญก็อง+มาร์เก็ตการ์เดน (บทพูดภารกิจ),1390520
1390530,"Sir, forward security has run into lead elements of the 1st SS Panzer Division.",ท่านครับ การรักษาความปลอดภัยส่วนหน้าได้เข้ามามีส่วนนำของกองพลยานเกราะ SS ที่ 1 แล้ว,แคมเปญก็อง+มาร์เก็ตการ์เดน (บทพูดภารกิจ),1390530
1390540,"They've set up a hasty defense here, at the rail station.",พวกเขาได้ตั้งการป้องกันอย่างเร่งด่วนที่นี่ ที่สถานีรถไฟ,แคมเปญก็อง+มาร์เก็ตการ์เดน (บทพูดภารกิจ),1390540
1390550,"There are two small hamlets, SOLIERS and FOURS, en route to Bourguebus.",มีหมู่บ้านเล็กๆ สองแห่ง ระหว่างทางไป Bourguebus คือ SOLIERS และ FOURS,แคมเปญก็อง+มาร์เก็ตการ์เดน (บทพูดภารกิจ),1390550
1390560,We can expect all approaches to be heavily defended.,เราคาดหวังได้ว่าทุกแนวทางจะได้รับการปกป้องอย่างแน่นหนา,แคมเปญก็อง+มาร์เก็ตการ์เดน (บทพูดภารกิจ),1390560
1390570,We need to establish a foothold and secure those hamlets.,เราจำเป็นต้องตั้งหลักและรักษาหมู่บ้านเหล่านั้น,แคมเปญก็อง+มาร์เก็ตการ์เดน (บทพูดภารกิจ),1390570
1390580,"From there, we can engage the Panzers in the open, where we can use our numbers to smash the 1st SS.",จากที่นั่น เราสามารถโจมตียานแพนเซอร์ในที่โล่ง ซึ่งเราสามารถใช้ตัวเลขของเราเพื่อทำลาย SS ลำดับที่ 1 ได้,แคมเปญก็อง+มาร์เก็ตการ์เดน (บทพูดภารกิจ),1390580
1390600,The loss of Caen left Jerry a bit upset.,การสูญเสียก็องทำให้เจอร์รี่อารมณ์เสียเล็กน้อย,แคมเปญก็อง+มาร์เก็ตการ์เดน (บทพูดภารกิจ),1390600
1390610,The 1st SS will be throwing all they can at us. ,SS ที่ 1 จะทุ่มสุดความสามารถใส่เรา,แคมเปญก็อง+มาร์เก็ตการ์เดน (บทพูดภารกิจ),1390610
1390620,All this open ground will make us sitting ducks.,พื้นที่เปิดโล่งทั้งหมดนี้จะทำให้เรานั่งเป็ด,แคมเปญก็อง+มาร์เก็ตการ์เดน (บทพูดภารกิจ),1390620
1390630,Make sure our tanks watch this tree line.,ตรวจสอบให้แน่ใจว่ารถถังของเราเฝ้าดูแนวต้นไม้นี้,แคมเปญก็อง+มาร์เก็ตการ์เดน (บทพูดภารกิจ),1390630
1390640,"If there are any 88s in there, it will turn this whole stretch of road into a kill zone.",ถ้ามีปืนใหญ่ 88 มม. อยู่ในนั้น มันจะทำให้ถนนเส้นนี้กลายเป็นเขตสังหาร,แคมเปญก็อง+มาร์เก็ตการ์เดน (บทพูดภารกิจ),1390640
1390650,"Once the Panzers have been neutralized, have 3rd Battalion secure Bourguebus.",เมื่อจัดการแพนเซอร์ได้แล้ว ให้กองพันที่ 3 ยึดบูร์กบัส,แคมเปญก็อง+มาร์เก็ตการ์เดน (บทพูดภารกิจ),1390650
1390660,"It has all come down to this, Godspeed Capt. Cutting.",ทุกอย่างขึ้นอยู่กับศึกนี้แล้ว ขอให้โชคดี ร้อยเอกคัตติ้ง,แคมเปญก็อง+มาร์เก็ตการ์เดน (บทพูดภารกิจ),1390660
1390670,Up the line boys! Advance to contact. Get an HQ set up near the Railway station.,ขึ้นแถวนะเด็กๆ! ติดต่อล่วงหน้า. ตั้งกองบัญชาการใกล้สถานีรถไฟ,แคมเปญก็อง+มาร์เก็ตการ์เดน (บทพูดภารกิจ),1390670
1390680,"A frontal assault may be the only choice, but look for flanking opportunities.",การจู่โจมทางด้านหน้าอาจเป็นทางเลือกเดียว แต่ให้มองหาโอกาสที่ขนาบข้าง,แคมเปญก็อง+มาร์เก็ตการ์เดน (บทพูดภารกิจ),1390680
1390690,"Once we have the town of Soliers, sit tight and build emplacements.",เมื่อเราได้เมืองโซลิเยร์แล้ว ก็นั่งให้แน่นและสร้างที่มั่น,แคมเปญก็อง+มาร์เก็ตการ์เดน (บทพูดภารกิจ),1390690
1390700,Get your arse in gear lads. We need Arty on that position double quick!,เร่งมือเข้าพวกเรา เราต้องการปืนใหญ่ยิงถล่มตำแหน่งนั้นโดยด่วน!,แคมเปญก็อง+มาร์เก็ตการ์เดน (บทพูดภารกิจ),1390700
1390710,"Shite, you Sappers, get me some blummin' Arty Support now!",ให้ตายเถอะ พวก แซปเปอร์ ช่วยหา Arty Support ให้ฉันหน่อยสิ!,แคมเปญก็อง+มาร์เก็ตการ์เดน (บทพูดภารกิจ),1390710
1390720,Lay off the punch and give me some Arty you tarts!,เลิกชกแล้วส่ง Arty มาให้หน่อยสิ!,แคมเปญก็อง+มาร์เก็ตการ์เดน (บทพูดภารกิจ),1390720
1390730,Come one Boudica let's give 'em a good wellie!,มาหนึ่ง บูดิกา มามอบสุขภาพดีให้พวกเขากันเถอะ!,แคมเปญก็อง+มาร์เก็ตการ์เดน (บทพูดภารกิจ),1390730
1390740,We've come for your heads Jerry!,เรามาเพื่อหัวของคุณเจอร์รี่!,แคมเปญก็อง+มาร์เก็ตการ์เดน (บทพูดภารกิจ),1390740
1390750,"You hear that gents, damn Huns are crying!",คุณได้ยินไหมว่าสุภาพบุรุษฮั่นกำลังร้องไห้!,แคมเปญก็อง+มาร์เก็ตการ์เดน (บทพูดภารกิจ),1390750
1390760,"Christsakes, give 'em fuckers some good loving 3rd Battalion!",Christsakes มอบกองพันที่ 3 ที่น่ารักให้กับพวกมันหน่อยสิ!,แคมเปญก็อง+มาร์เก็ตการ์เดน (บทพูดภารกิจ),1390760
1390770,"Nooo! They killed poor Darwin, you lousey brown hatter bastards!",ไม่นะ! พวกเขาฆ่าดาร์วินผู้น่าสงสาร ไอ้พวกแฮตเตอร์สีน้ำตาลเจ้าเล่ห์!,แคมเปญก็อง+มาร์เก็ตการ์เดน (บทพูดภารกิจ),1390770
1390780,"Hun cunts, this one's for Degnan!",ไอ้พวกเยอรมันสารเลว นัดนี้เพื่อสิบโทเดกแนน!,แคมเปญก็อง+มาร์เก็ตการ์เดน (บทพูดภารกิจ),1390780
1390790,"Bravo 3rd Battalion, good job!",ไชโย กองพันที่ 3 ทำได้ดีมาก!,แคมเปญก็อง+มาร์เก็ตการ์เดน (บทพูดภารกิจ),1390790
1390800,Reinforce our ranks before moving in any further!,เสริมอันดับของเราก่อนที่จะก้าวต่อไป!,แคมเปญก็อง+มาร์เก็ตการ์เดน (บทพูดภารกิจ),1390800
1390810,"Watch for counterattacks, Jerry's hot on the trigger today!",จับตาการโต้กลับ เจอร์รี่ ลั่นไกวันนี้!,แคมเปญก็อง+มาร์เก็ตการ์เดน (บทพูดภารกิจ),1390810
1390820,Reporting Armor contacts with the 1st SS!,รายงานการปะทะยานเกราะกับหน่วยเอสเอสที่ 1!,แคมเปญก็อง+มาร์เก็ตการ์เดน (บทพูดภารกิจ),1390820
1390830,3rd Battalion eliminate those panzers on the double!,กองพันที่ 3 กวาดล้างยานเกราะพันเซอร์พวกนั้นโดยด่วน!,แคมเปญก็อง+มาร์เก็ตการ์เดน (บทพูดภารกิจ),1390830
1390840,Advance the Armor! Sappers and Infantry I want defenses sighted along the panzer's axis of advance.,เลื่อนเกราะ! ทหารราบและทหารราบ ฉันต้องการให้การป้องกันถูกมองเห็นตามแนวแกนของยานเกราะที่รุกคืบ,แคมเปญก็อง+มาร์เก็ตการ์เดน (บทพูดภารกิจ),1390840
1390850,Sappers we need AT emplacements covering the roads.,พวกแซปเปอร์ เราต้องการที่ตั้งของ AT ที่ครอบคลุมถนน,แคมเปญก็อง+มาร์เก็ตการ์เดน (บทพูดภารกิจ),1390850
1390860,Armor contacts. 3rd Battalion engage.,หน้าสัมผัสเกราะ กองพันที่ 3 เข้าปะทะ,แคมเปญก็อง+มาร์เก็ตการ์เดน (บทพูดภารกิจ),1390860
1390870,"Cover those flanks, do not let the Panzers out-maneouver us.",คุ้มกันปีกข้างไว้ อย่าให้แพนเซอร์พลิกแพลงเราได้,แคมเปญก็อง+มาร์เก็ตการ์เดน (บทพูดภารกิจ),1390870
1390880,Deploy the stuarts to harrass the panzers.,ส่งกำลังรบสจ๊วตเพื่อก่อกวนแพนเซอร์,แคมเปญก็อง+มาร์เก็ตการ์เดน (บทพูดภารกิจ),1390880
1390890,Christ! Where did those Heavy Panzers come from?,คริสต์! Heavy Panzers เหล่านั้นมาจากไหน?,แคมเปญก็อง+มาร์เก็ตการ์เดน (บทพูดภารกิจ),1390890
1390900,"Cromwells engage at will! I say again, engage at will!",ครอมเวลล์มีส่วนร่วมตามต้องการ! ฉันพูดอีกครั้งมีส่วนร่วมตามต้องการ!,แคมเปญก็อง+มาร์เก็ตการ์เดน (บทพูดภารกิจ),1390900
1390910,"Move the Fireflies outside of the Heavy Panzer's range, and keep them there!",เคลื่อนย้ายรถถังไฟร์ฟลาย ให้อยู่นอกระยะยิงของรถถังหนักแพนเซอร์ และตรึงระยะไว้อย่างนั้น!,แคมเปญก็อง+มาร์เก็ตการ์เดน (บทพูดภารกิจ),1390910
1390920,"Send in the Churchills to draw their fire, then flank them with the Fireflies.",ขนาบข้างพวกมันด้วยรถถังไฟร์ฟลาย,แคมเปญก็อง+มาร์เก็ตการ์เดน (บทพูดภารกิจ),1390920
1390930,"Sweet 'effin Christ, get a load of that monster!",ที่รัก 'เอฟฟิน คริสร์ รับมอนสเตอร์ตัวนั้นไปเต็มเลย!,แคมเปญก็อง+มาร์เก็ตการ์เดน (บทพูดภารกิจ),1390930
1390940,And we thought those Panzer Tigers were monsters!,และเราคิดว่า Panzer Tigers นั้นเป็นสัตว์ประหลาด!,แคมเปญก็อง+มาร์เก็ตการ์เดน (บทพูดภารกิจ),1390940
1390950,"We need some bloody support, this Panzer Armor is cutting right through us!",เราต้องการกำลังสนับสนุนด่วน ยานเกราะแพนเซอร์ของพวกมันกำลังบดขยี้แนวรบของเรา!,แคมเปญก็อง+มาร์เก็ตการ์เดน (บทพูดภารกิจ),1390950
1390960,"Oh, here we go again. Find the Tanks, men, or the Tanks will find us!",โอ้ เอาอีกแล้วนะ ค้นหารถถัง คน หรือรถถังจะตามหาเรา!,แคมเปญก็อง+มาร์เก็ตการ์เดน (บทพูดภารกิจ),1390960
1390970,Shhhh!!! I think I hear something coming!,จุ๊ๆ!!! ฉันคิดว่าฉันได้ยินอะไรบางอย่างกำลังมา!,แคมเปญก็อง+มาร์เก็ตการ์เดน (บทพูดภารกิจ),1390970
1390980,There's Jerry now!,ตอนนี้เจอรี่แล้ว!,แคมเปญก็อง+มาร์เก็ตการ์เดน (บทพูดภารกิจ),1390980
1390990,"88s sighted... Pull back the Armor, we need to clear that hill!",ตรวจพบปืนใหญ่ 88 มม.... ดึงยานเกราะกลับ เราต้องเคลียร์เนินเขานั้นให้ได้!,แคมเปญก็อง+มาร์เก็ตการ์เดน (บทพูดภารกิจ),1390990
1391000,I want Infantry and Artillery to clear that damned hill.,ฉันต้องการให้ทหารราบและปืนใหญ่ เคลียร์เนินเขาเวรนั่น,แคมเปญก็อง+มาร์เก็ตการ์เดน (บทพูดภารกิจ),1391000
1391010,"The longer those 88s are firing, the longer our Armor is in the soup.",ยิ่งปืนใหญ่ 88 มม. ยิงนานเท่าไร เกราะของเราก็จะอยู่ในซุปนานขึ้นเท่านั้น,แคมเปญก็อง+มาร์เก็ตการ์เดน (บทพูดภารกิจ),1391010
1391020,Have the Self-Propelled Arty Guns support that attack.,ให้ปืนอัตตาจรอัตตาจรสนับสนุนการโจมตีนั้น,แคมเปญก็อง+มาร์เก็ตการ์เดน (บทพูดภารกิจ),1391020
1391030,Right. RCR get Infantry on that Hill!,ขวา. RCR รับทหารราบบนเนินเขานั้น!,แคมเปญก็อง+มาร์เก็ตการ์เดน (บทพูดภารกิจ),1391030
1391040,Load up some Bren Carries and get up that fucking hill!,โหลด Bren Carries ขึ้นมาแล้วขึ้นไปบนเนินเขานั่น!,แคมเปญก็อง+มาร์เก็ตการ์เดน (บทพูดภารกิจ),1391040
1391050,"Make sure to stay out off fire, you won't last long against those 88s!",อย่าลืมหลบแนวยิง ไม่งั้นคุณจะสู้กับปืนใหญ่ 88 มม. ได้ไม่นาน!,แคมเปญก็อง+มาร์เก็ตการ์เดน (บทพูดภารกิจ),1391050
1391060,Royal Canadian Artillery ready and standing by.,กองทหารปืนใหญ่ของแคนาดาพร้อมและเตรียมพร้อม,แคมเปญก็อง+มาร์เก็ตการ์เดน (บทพูดภารกิจ),1391060
1391070,RCR Artillery Support available.,มีการสนับสนุนปืนใหญ่ RCR,แคมเปญก็อง+มาร์เก็ตการ์เดน (บทพูดภารกิจ),1391070
1391080,Move up the infantry with Priest Self-Propelled gun support!,เคลื่อนพลทหารราบด้วยการสนับสนุนปืน Priest Self-Propelled!,แคมเปญก็อง+มาร์เก็ตการ์เดน (บทพูดภารกิจ),1391080
1391090,Let's sniff us up some Panzer Armor gents!,มาดมกลิ่นของเหล่าสุภาพบุรุษ Panzer Armor กันเถอะ!,แคมเปญก็อง+มาร์เก็ตการ์เดน (บทพูดภารกิจ),1391090
1391100,"No guts no glory, let's find some SS Armor!",ไม่กล้าที่จะรุ่งโรจน์ ไปหา SS Armor กันเถอะ!,แคมเปญก็อง+มาร์เก็ตการ์เดน (บทพูดภารกิจ),1391100
1391110,Look I think we got one in sight now!,ดูสิ ฉันคิดว่าเราเจออันหนึ่งแล้ว!,แคมเปญก็อง+มาร์เก็ตการ์เดน (บทพูดภารกิจ),1391110
1391120,"Here Panzer, Panzer, we won't bite too hard!",นี่ Panzer Panzer เราจะไม่กัดแรงเกินไป!,แคมเปญก็อง+มาร์เก็ตการ์เดน (บทพูดภารกิจ),1391120
1391130,I think I smell them dirty bastards floating over that way!,ฉันคิดว่าฉันได้กลิ่นไอ้สารเลวพวกนั้นลอยมาทางนั้น!,แคมเปญก็อง+มาร์เก็ตการ์เดน (บทพูดภารกิจ),1391130
1391140,Jerry Armor sighted!,เจอรี่ อาร์เมอร์ มองเห็นแล้ว!,แคมเปญก็อง+มาร์เก็ตการ์เดน (บทพูดภารกิจ),1391140
1391150,Those bloody Panzer tanks are huge!,รถถังแพนเซอร์พวกนั้นนั้นใหญ่มาก!,แคมเปญก็อง+มาร์เก็ตการ์เดน (บทพูดภารกิจ),1391150
1391160,We need some Arty support!,เราต้องการการสนับสนุนจากอาร์ตี้!,แคมเปญก็อง+มาร์เก็ตการ์เดน (บทพูดภารกิจ),1391160
1391170,Fuckers will just roll over us!,ไอ้เวรจะกลิ้งทับเรา!,แคมเปญก็อง+มาร์เก็ตการ์เดน (บทพูดภารกิจ),1391170
1391180,Where's that Arty support?,การสนับสนุนของ Arty อยู่ที่ไหน?,แคมเปญก็อง+มาร์เก็ตการ์เดน (บทพูดภารกิจ),1391180
1391190,"Don't give them an inch, 3rd Battalion! ",อย่าให้พวกมันเหลือแม้แต่นิ้วเดียว กองพันที่ 3!,แคมเปญก็อง+มาร์เก็ตการ์เดน (บทพูดภารกิจ),1391190
1391200,Looks like we got some Jerry Cookers gents! Let's give 'em hell!,ดูเหมือนว่าเราจะมีสุภาพบุรุษ Jerry Cookers บ้างแล้ว! ปล่อยให้พวกเขาลงนรกกันเถอะ!,แคมเปญก็อง+มาร์เก็ตการ์เดน (บทพูดภารกิจ),1391200
1391210,3rd Battalion. The 1st SS is on the run.,กองพันที่ 3. SS ที่ 1 กำลังหลบหนี,แคมเปญก็อง+มาร์เก็ตการ์เดน (บทพูดภารกิจ),1391210
1391220,Pursue those Hell Hounds into their graves!,ติดตาม Hell Hounds เหล่านั้นเข้าไปในหลุมศพของพวกเขา!,แคมเปญก็อง+มาร์เก็ตการ์เดน (บทพูดภารกิจ),1391220
1391230,Bourguebus MUST be SECURED. AT ALL COSTS!,Bourguebus จะต้องได้รับการรักษาความปลอดภัย ค่าใช้จ่ายทั้งหมด!,แคมเปญก็อง+มาร์เก็ตการ์เดน (บทพูดภารกิจ),1391230
1391240,"You heard the Major, soldier on 3rd Battalion!",คุณได้ยินเสียงผู้พัน ทหารจากกองพันที่ 3!,แคมเปญก็อง+มาร์เก็ตการ์เดน (บทพูดภารกิจ),1391240
1391250,Keep moving Boudica's Boys. Secure Bourguebus and chase those Panzer bastards!,เดินหน้าต่อไป บูดิกา Boys รักษาความปลอดภัย Bourguebus และไล่ล่าไอ้พวกยานเกราะ!,แคมเปญก็อง+มาร์เก็ตการ์เดน (บทพูดภารกิจ),1391250
1391260,For Caen... For the King... For the Commonwealth!,เพื่อก็อง... เพื่อกษัตริย์... เพื่อเครือจักรภพ!,แคมเปญก็อง+มาร์เก็ตการ์เดน (บทพูดภารกิจ),1391260
1391270,"Aye mates, fuck 'em backwards to hell!",ใช่แล้วเพื่อน พวกมันถอยทัพไปลงนรกซะ!,แคมเปญก็อง+มาร์เก็ตการ์เดน (บทพูดภารกิจ),1391270
1391280,Die you honking Germans!,ตายซะเถอะ บีบแตรชาวเยอรมัน!,แคมเปญก็อง+มาร์เก็ตการ์เดน (บทพูดภารกิจ),1391280
1391290,We've almost got it lads!,เราเกือบไปแล้วนะเด็กๆ!,แคมเปญก็อง+มาร์เก็ตการ์เดน (บทพูดภารกิจ),1391290
1391300,YAAA! Boudica's Boys! Chase those bastards back to Berlin!,เย้! หนุ่มๆ ของ บูดิกา! ไล่ไอ้สารเลวเหล่านั้นกลับเบอร์ลิน!,แคมเปญก็อง+มาร์เก็ตการ์เดน (บทพูดภารกิจ),1391300
1391310,Caen is ours now Jerry! Go back to your hole!,ก็องเป็นของเราแล้ว เจอร์รี่! กลับไปที่หลุมของคุณ!,แคมเปญก็อง+มาร์เก็ตการ์เดน (บทพูดภารกิจ),1391310
1391320,"Soon enough we'll be to Paris, right behind you sorry lot!",อีกไม่นานเราก็จะถึงปารีส อยู่ข้างหลังคุณแล้ว ขอโทษด้วย!,แคมเปญก็อง+มาร์เก็ตการ์เดน (บทพูดภารกิจ),1391320
1391330,"Aye, that's the gen of it Jonsey!",ใช่แล้ว นั่นคือรุ่นพี่ของมัน จอนซีย์!,แคมเปญก็อง+มาร์เก็ตการ์เดน (บทพูดภารกิจ),1391330
1391340,Yaaa!,เย้!,แคมเปญก็อง+มาร์เก็ตการ์เดน (บทพูดภารกิจ),1391340
1391350,"France is for free men, you German bastards!",ฝรั่งเศสเป็นของฟรีนะไอ้สารเลวชาวเยอรมัน!,แคมเปญก็อง+มาร์เก็ตการ์เดน (บทพูดภารกิจ),1391350
1391360,Yahoooo!!!,ยะฮู้!!!,แคมเปญก็อง+มาร์เก็ตการ์เดน (บทพูดภารกิจ),1391360
1391370,"Stand Down 3rd Battalion, I say again, stand down. The Panzers have been routed. Brilliant job, gents!",พักรบได้กองพันที่ 3 ขอย้ำ พักรบได้ แพนเซอร์แตกพ่ายไปแล้ว งานที่ยอดเยี่ยมสุภาพบุรุษ,แคมเปญก็อง+มาร์เก็ตการ์เดน (บทพูดภารกิจ),1391370
1391380,Tell the Major we've finished our day's work!,บอกผู้พันว่าเราทำงานประจำวันเสร็จแล้ว!,แคมเปญก็อง+มาร์เก็ตการ์เดน (บทพูดภารกิจ),1391380
1391390,"Major Blackmore, we're in the clear. The 1st SS Panzer division is retreating, Bourguebus is ours!",พันตรีแบล็คมอร์ครับ ปลอดภัยแล้ว กองพลยานเกราะเอ็สเอ็สที่ 1 กำลังถอยร่น เมืองบูร์เกบัส เป็นของเราแล้ว!,แคมเปญก็อง+มาร์เก็ตการ์เดน (บทพูดภารกิจ),1391390
1391400,"Excellent, Captain Cutting! 2nd Battalion is taking over operations from here. We're being pulled off the line.",ยอดเยี่ยมมาก ร้อยเอกคัตติ้ง! กองพันที่ 2 กำลังเข้ารับช่วงปฏิบัติการต่อจากตรงนี้ เรากำลังได้รับการสับเปลี่ยนกำลังออกจากแนวรบ,แคมเปญก็อง+มาร์เก็ตการ์เดน (บทพูดภารกิจ),1391400
1391410,Yet another Panzer division retreating in our wake!,กองยานเกราะอีกกองหนึ่งถอยทัพตามการปลุกของเรา!,แคมเปญก็อง+มาร์เก็ตการ์เดน (บทพูดภารกิจ),1391410
1391420,"Tell the men to stand down, and get ready for some R&R!",บอกให้พวกทหารพักรบได้ และเตรียมพร้อมสำหรับ R&R!,แคมเปญก็อง+มาร์เก็ตการ์เดน (บทพูดภารกิจ),1391420
1391430,"Message incoming for you, Major!",ข้อความเข้ามาถึงคุณผู้พัน!,แคมเปญก็อง+มาร์เก็ตการ์เดน (บทพูดภารกิจ),1391430
1391440,"Patch it over the loudspeaker, Captain Cutting.",กระจายเสียงผ่านลำโพงเลย ร้อยเอกคัตติ้ง,แคมเปญก็อง+มาร์เก็ตการ์เดน (บทพูดภารกิจ),1391440
1391450,"Bravo, Major, the 3rd Battalion struggled for success but now Caen is ours. Intel informs me Caen is completely secure and Operation Goodwood is quite the success.",ไชโย ผู้พัน กองพันที่ 3 ต่อสู้เพื่อความสำเร็จ แต่ตอนนี้ก็องเป็นของเราแล้ว Intel แจ้งฉันว่า Caen ปลอดภัยอย่างสมบูรณ์ และ Operation Goodwood ก็ค่อนข้างประสบความสำเร็จ,แคมเปญก็อง+มาร์เก็ตการ์เดน (บทพูดภารกิจ),1391450
1391460,"We have only begun, Major!",เราเพิ่งเริ่มต้นเท่านั้น ผู้พัน!,แคมเปญก็อง+มาร์เก็ตการ์เดน (บทพูดภารกิจ),1391460
1400200,Clear Soliers & Fours,เคลียร์โซลิเออร์สและโฟร์ส,แคมเปญก็อง+มาร์เก็ตการ์เดน (บทพูดภารกิจ),1400200
1400201,Defeat the German defenses around the train depot in Soliers and the church in the town of Fours.,เอาชนะแนวป้องกันของเยอรมันรอบๆ สถานีรถไฟใน Soliers และโบสถ์ในเมือง Fours,แคมเปญก็อง+มาร์เก็ตการ์เดน (บทพูดภารกิจ),1400201
1400202,Villages Cleared,หมู่บ้านเคลียร์แล้ว,แคมเปญก็อง+มาร์เก็ตการ์เดน (บทพูดภารกิจ),1400202
1400203,Neutralize this Garrison,ทำลายกองทหารที่ประจำการในอาคารนี้,แคมเปญก็อง+มาร์เก็ตการ์เดน (บทพูดภารกิจ),1400203
1400205,Destroy the 88 Flak Gun,ทำลาย 88 Flak Gun,แคมเปญก็อง+มาร์เก็ตการ์เดน (บทพูดภารกิจ),1400205
1400206,Destroy the Pak 38,ทำลายปาก 38,แคมเปญก็อง+มาร์เก็ตการ์เดน (บทพูดภารกิจ),1400206
1400207,Repair the Bridge,ซ่อมแซมสะพาน,แคมเปญก็อง+มาร์เก็ตการ์เดน (บทพูดภารกิจ),1400207
1400208,Destroy the Jagdpanther,ทำลาย Jagdpanther,แคมเปญก็อง+มาร์เก็ตการ์เดน (บทพูดภารกิจ),1400208
1400209,Build Artillery Emplacement here,สร้างฐานปืนใหญ่ที่นี่,แคมเปญก็อง+มาร์เก็ตการ์เดน (บทพูดภารกิจ),1400209
1400210,Build Anti Tank Emplacement,สร้างตำแหน่งต่อต้านรถถัง,แคมเปญก็อง+มาร์เก็ตการ์เดน (บทพูดภารกิจ),1400210
1400211,Build Slit Trench,สร้างสนามเพลาะ,แคมเปญก็อง+มาร์เก็ตการ์เดน (บทพูดภารกิจ),1400211
1400212,Build Landmines here,สร้างทุ่นระเบิดที่นี่,แคมเปญก็อง+มาร์เก็ตการ์เดน (บทพูดภารกิจ),1400212
1400220,Neutralize the 88s Flak Battery on the Ridge  ,ปรับสมดุลแบตเตอรี่ Flak 88 บนสันเขา,แคมเปญก็อง+มาร์เก็ตการ์เดน (บทพูดภารกิจ),1400220
1400221,The ridge near Bourguébus is defended by Flak 88 Guns. Assault the ridge and destroy them.,สันเขาใกล้ Bourguébus ได้รับการปกป้องโดย Flak 88 Guns โจมตีสันเขาและทำลายพวกมัน,แคมเปญก็อง+มาร์เก็ตการ์เดน (บทพูดภารกิจ),1400221
1400222,Neutralize the Flak 88,ทำลายปืน Flak 88,แคมเปญก็อง+มาร์เก็ตการ์เดน (บทพูดภารกิจ),1400222
1400223,Ridge Neutralized,ยึดสันเขาแล้ว,แคมเปญก็อง+มาร์เก็ตการ์เดน (บทพูดภารกิจ),1400223
1400240,Clear Bourguébus,เคลียร์ Bourguébus,แคมเปญก็อง+มาร์เก็ตการ์เดน (บทพูดภารกิจ),1400240|1400243
1400241,Clear the Panzers defending Bourguébus and capture the Victory Point to secure the town.,เคลียร์ Panzers ที่ปกป้อง Bourguébus และยึด Victory Point เพื่อรักษาความปลอดภัยของเมือง,แคมเปญก็อง+มาร์เก็ตการ์เดน (บทพูดภารกิจ),1400241
1400242,Bourguébus Cleared,Bourguébusเคลียร์แล้ว,แคมเปญก็อง+มาร์เก็ตการ์เดน (บทพูดภารกิจ),1400242
1400300,Neutralize Panzer Formations,ต่อต้านการก่อตัวของยานเกราะ,แคมเปญก็อง+มาร์เก็ตการ์เดน (บทพูดภารกิจ),1400300
1400310,Inflict numerous casualties on the 1st SS Panzer Division.,ทำให้มีผู้เสียชีวิตจำนวนมากในกองพลยานเกราะ SS ที่ 1,แคมเปญก็อง+มาร์เก็ตการ์เดน (บทพูดภารกิจ),1400310
1400320,Panzer Formation Neutralized,จัดการขบวนยานเกราะแล้ว,แคมเปญก็อง+มาร์เก็ตการ์เดน (บทพูดภารกิจ),1400320
1400340,3rd Battlion's orders are to limit armored losses for Operation Goodwood.,คำสั่งของกองพันที่ 3 คือจำกัดการสูญเสียเกราะสำหรับปฏิบัติการกู๊ดวูด,แคมเปญก็อง+มาร์เก็ตการ์เดน (บทพูดภารกิจ),1400340
1400350,Tank Casualties Minimized,ลดการสูญเสียรถถังได้แล้ว,แคมเปญก็อง+มาร์เก็ตการ์เดน (บทพูดภารกิจ),1400350
1400380,Churchills granted,เชอร์ชิลล์ได้รับ,แคมเปญก็อง+มาร์เก็ตการ์เดน (บทพูดภารกิจ),1400380
1400390,Artillery Range Boost granted,ได้รับบูสต์ระยะปืนใหญ่แล้ว,แคมเปญก็อง+มาร์เก็ตการ์เดน (บทพูดภารกิจ),1400390
1400400,Hull Down granted,ได้รับการฮัลล์ดาวน์แล้ว,แคมเปญก็อง+มาร์เก็ตการ์เดน (บทพูดภารกิจ),1400400
1400410,Jagdpanther spotted!,Jagdpanther พบแล้ว!,แคมเปญก็อง+มาร์เก็ตการ์เดน (บทพูดภารกิจ),1400410
1400411,Tigers incoming!,เสือมา!,แคมเปญก็อง+มาร์เก็ตการ์เดน (บทพูดภารกิจ),1400411
1410500,"Kampfgruppe, listen up! Man the AA guns and shoot down all enemy craft! ",คัมฟ์กรุปเป้ ฟังนะ! ควบคุมปืน AA และยิงยานศัตรูทั้งหมดให้ตก!,แคมเปญก็อง+มาร์เก็ตการ์เดน (บทพูดภารกิจ),1410500
1410520,Verdammt! Why isn't that gun manned!? Get Panzer Grenadiers on that position right away!,เวอร์ดัมท์! ทำไมไม่ถือปืนล่ะ!? รับ แพนเซอร์เกรนาเดียร์ ในตำแหน่งนั้นทันที!,แคมเปญก็อง+มาร์เก็ตการ์เดน (บทพูดภารกิจ),1410520
1410530,Get over to the HQ! There's an AA Battery that needs to be manned!,ไปที่กองบัญชาการ! มีแบตเตอรี่ AA ที่ต้องมีการจัดการ!,แคมเปญก็อง+มาร์เก็ตการ์เดน (บทพูดภารกิจ),1410530
1410540,A squad has formed up at the Headquarters building! Take charge of them and capture that AA position!,ทีมได้รวมตัวกันที่อาคารกองบัญชาการ! ควบคุมพวกเขาและยึดตำแหน่ง AA นั้นไว้!,แคมเปญก็อง+มาร์เก็ตการ์เดน (บทพูดภารกิจ),1410540
1410600,Crew the AA gun! Provide covering fire!,เข้าประจำปืนต่อสู้อากาศยาน! ยิงคุ้มกัน!,แคมเปญก็อง+มาร์เก็ตการ์เดน (บทพูดภารกิจ),1410600
1410610,Man the AA gun! Hit the Tommies with it!,ไอ้ปืน AA! ตี Tommies ด้วยมัน!,แคมเปญก็อง+มาร์เก็ตการ์เดน (บทพูดภารกิจ),1410610
1410620,Cut them down! Use the AA gun!,ตัดพวกมันลง! ใช้ปืน AA!,แคมเปญก็อง+มาร์เก็ตการ์เดน (บทพูดภารกิจ),1410620
1410630,I knew it was a mistake to register with the military.,ฉันรู้ว่ามันเป็นความผิดพลาดที่จะลงทะเบียนกับกองทัพ,แคมเปญก็อง+มาร์เก็ตการ์เดน (บทพูดภารกิจ),1410630
1410640,These boys and old men don't know what to do!,ชายชราและชายชราเหล่านี้ไม่รู้ว่าจะทำอย่างไร!,แคมเปญก็อง+มาร์เก็ตการ์เดน (บทพูดภารกิจ),1410640
1410650,Da hast du dich aber anscheißen lassen!,ใช่แล้ว!,แคมเปญก็อง+มาร์เก็ตการ์เดน (บทพูดภารกิจ),1410650
1410670,Abschaum! This is no exercise!,แอบชอุม! นี่ไม่ใช่การออกกำลังกาย!,แคมเปญก็อง+มาร์เก็ตการ์เดน (บทพูดภารกิจ),1410670
1410680,It's not a drill! Du scheißt' mich an! Move! Move!,มันไม่ใช่การเจาะ! Du scheißt' mich an! เคลื่อนไหว! เคลื่อนไหว!,แคมเปญก็อง+มาร์เก็ตการ์เดน (บทพูดภารกิจ),1410680
1410700,Anti Aircraft batteries manned! Fill the skies with tracers!,แบตเตอรี่ต่อต้านอากาศยานบรรจุอยู่! เติมท้องฟ้าด้วยร่องรอย!,แคมเปญก็อง+มาร์เก็ตการ์เดน (บทพูดภารกิจ),1410700
1410705,Aircraft incoming! Fire at will!,เครื่องบินมา! ยิงอิสระ!!,แคมเปญก็อง+มาร์เก็ตการ์เดน (บทพูดภารกิจ),1410705
1410711,Hundeschiss! They're dropping on top of our positions!,ฮันเดสชิส! พวกมันกำลังตกลงมาอยู่เหนือตำแหน่งของเรา!,แคมเปญก็อง+มาร์เก็ตการ์เดน (บทพูดภารกิจ),1410711
1410712,This is suicide! Der Teufel wird los sein!,นี่คือการฆ่าตัวตาย! แดร์ ทอยเฟล วิด ลอส เซน!,แคมเปญก็อง+มาร์เก็ตการ์เดน (บทพูดภารกิจ),1410712
1410713,They just keep coming! Stay ready to jump on them!,พวกมันบุกมาไม่หยุด! เตรียมพร้อมเข้าจู่โจมไว้!,แคมเปญก็อง+มาร์เก็ตการ์เดน (บทพูดภารกิจ),1410713
1410720,Radar Stations report incoming Airborne formations. We need more troops. Get to HQ and deploy reinforcements.,สถานีเรดาร์รายงานการก่อตัวของอากาศที่กำลังเข้ามา เราต้องการทหารเพิ่ม ไปที่กองบัญชาการและจัดกำลังเสริม,แคมเปญก็อง+มาร์เก็ตการ์เดน (บทพูดภารกิจ),1410720
1411200,Flak AA Gun crew killed! Man that gun!,ลูกเรือ Flak AA Gun เสียชีวิตแล้ว! ไอ้ปืนนั่น!,แคมเปญก็อง+มาร์เก็ตการ์เดน (บทพูดภารกิจ),1411200
1411201,AA Gun crew killed! Man that gun! Move it!,ลูกเรือ AA Gun เสียชีวิตแล้ว! ไอ้ปืนนั่น! ย้ายมัน!,แคมเปญก็อง+มาร์เก็ตการ์เดน (บทพูดภารกิจ),1411201
1411300,We lost another gun crew! Get some Panzer Grenadiers over there and take it over!,เราสูญเสียลูกเรือปืนไปอีกคน! นำ แพนเซอร์เกรนาเดียร์ ไปที่นั่นแล้วยึดครอง!,แคมเปญก็อง+มาร์เก็ตการ์เดน (บทพูดภารกิจ),1411300
1411320,Another AA gun is out! Replace the crew! Stop daydreaming and move!,ปืน AA ออกมาอีกแล้ว! แทนที่ลูกเรือ! หยุดฝันกลางวันแล้วก้าวต่อไป!,แคมเปญก็อง+มาร์เก็ตการ์เดน (บทพูดภารกิจ),1411320
1411340,"AA gun is out, repeat AA gun is out. We need to get some men over there to replace the crew!",ปืน AA หมด ย้ำว่าปืน AA หมด เราต้องหาคนไปที่นั่นแทนลูกเรือ!,แคมเปญก็อง+มาร์เก็ตการ์เดน (บทพูดภารกิจ),1411340
1411400,"All enemy gliders have been neutralized! Excellent work, Kampfgruppe Lehr!",เครื่องร่อนของศัตรูทั้งหมดถูกทำลายแล้ว! ทำได้ดีมาก คัมฟ์กรุปเป้ Lehr!,แคมเปญก็อง+มาร์เก็ตการ์เดน (บทพูดภารกิจ),1411400
1412340,I wonder if there will be more of them?,ฉันสงสัยว่าจะมีมากขึ้นหรือไม่?,แคมเปญก็อง+มาร์เก็ตการ์เดน (บทพูดภารกิจ),1412340
1413000,Make ready all defensive positions!,เตรียมตั้งรับทุกตำแหน่ง!,แคมเปญก็อง+มาร์เก็ตการ์เดน (บทพูดภารกิจ),1413000
1413010,The Tommies are dropping in force! Be ready to respond along the line!,Tommies ตกต่ำลง! เตรียมตอบรับตามสาย!,แคมเปญก็อง+มาร์เก็ตการ์เดน (บทพูดภารกิจ),1413010
1413020,"Deploy security screens to intercept any of their assault teams, and defend all Flugabwehrwaffe AA positions!!",วางฉากรักษาความปลอดภัยเพื่อสกัดกั้นทีมจู่โจม และปกป้องตำแหน่ง AA ของ Flugabwehrwaffe ทั้งหมด!!,แคมเปญก็อง+มาร์เก็ตการ์เดน (บทพูดภารกิจ),1413020
1413030,Der Teufel wird los sein! Flugabwehrwaffe AA position requesting support!,แดร์ ทอยเฟล วิด ลอส เซน! ตำแหน่ง Flugabwehrwaffe AA ขอการสนับสนุน!,แคมเปญก็อง+มาร์เก็ตการ์เดน (บทพูดภารกิจ),1413030
1413040,AA Flugabwehrwaffe Gun under attack! Am Arsch lecken! Get support over there!,AA Flugabwehrwaffe Gun โดนโจมตี! อาร์ช เลคเคน! รับการสนับสนุนตรงนั้น!,แคมเปญก็อง+มาร์เก็ตการ์เดน (บทพูดภารกิจ),1413040
1413050,"Mutterficker! AA Battery taking heavy fire, need support!",ไอ้ชาติหมาเอ๊ย! ฐานปืน ปตอ. กำลังถูกยิงถล่มอย่างหนัก ต้องการกำลังเสริม!,แคมเปญก็อง+มาร์เก็ตการ์เดน (บทพูดภารกิจ),1413050
1413060,Stühle scheiße! Airborne! Use cover to move!,ชตูห์เลอ ไชเซ่! ทางอากาศ! ใช้ที่กำบังเพื่อเคลื่อนย้าย!,แคมเปญก็อง+มาร์เก็ตการ์เดน (บทพูดภารกิจ),1413060
1413070,Du gehirnloses Stück Primatenscheisse! Fighter escorts! Take cover! Take cover!,Du gehirnloses Stück Primatenscheisse! นักบินคุ้มกัน! หลบเร็ว! หลบเร็ว!,แคมเปญก็อง+มาร์เก็ตการ์เดน (บทพูดภารกิจ),1413070
1413080,Fick! Fick! Rocket fire! Spread out! Spread out!,บัดซบ! บัดซบ! จรวดโจมตี! กระจายกำลังออกไป! กระจายกำลัง!,แคมเปญก็อง+มาร์เก็ตการ์เดน (บทพูดภารกิจ),1413080
1413090,Yaa!!! Direct hit! That tin can made for a good Tommy cooker!,เย้!!! ตีตรง! กระป๋องนั้นสามารถนำไปใช้เป็นหม้อหุงทอมมี่ที่ดีได้!,แคมเปญก็อง+มาร์เก็ตการ์เดน (บทพูดภารกิจ),1413090
1413095,Geh fick deine mutter drecksau! Fick that was loud!,เยี่ยมเลย พูดพึมพำไปเลย! ฟิคมันดัง!,แคมเปญก็อง+มาร์เก็ตการ์เดน (บทพูดภารกิจ),1413095
1413100,Recapture the Flak AA emplacement! Crew the weapon! Don't waste time!,ยึดตำแหน่ง Flak AA กลับคืนมา! เตรียมอาวุธ! ไม่ต้องเสียเวลา!,แคมเปญก็อง+มาร์เก็ตการ์เดน (บทพูดภารกิจ),1413100
1413120,Tommy commandos have overrun one of our AA gun positions. Retake it and crew the weapon!,หน่วยคอมมานโดทอมมี่ได้บุกรุกตำแหน่งปืน AA ของเราไปแล้ว ยึดมันคืนแล้วติดอาวุธ!,แคมเปญก็อง+มาร์เก็ตการ์เดน (บทพูดภารกิจ),1413120
1413140,Anti Air defenses are being overwhelmed. Provide a security screen and make sure they are manned!,แนวป้องกันอากาศยานกำลังรับไม่ไหว จัดกำลังคุ้มกันและตรวจให้แน่ใจว่ามีพลประจำครบ!,แคมเปญก็อง+มาร์เก็ตการ์เดน (บทพูดภารกิจ),1413140
1413160,The AA emplacements need support! Provide security pickets and make sure to keep those guns firing!,ตำแหน่ง AA ต้องการการสนับสนุน! จัดให้มีรั้วรักษาความปลอดภัยและให้แน่ใจว่าปืนเหล่านั้นยิงได้!,แคมเปญก็อง+มาร์เก็ตการ์เดน (บทพูดภารกิจ),1413160
1413170,Scheiße! We've lost the gun!,ไชเซ่! ปืนเราหาย!,แคมเปญก็อง+มาร์เก็ตการ์เดน (บทพูดภารกิจ),1413170
1413180,British Scheißkerle are overwhelming us! Maintain the guns!,British Scheißkerle ล้นหลามพวกเรา! รักษาปืน!,แคมเปญก็อง+มาร์เก็ตการ์เดน (บทพูดภารกิจ),1413180
1413190,"We can't let the gun sit idle, get moving!",เราไม่สามารถปล่อยให้ปืนนิ่งเฉยได้ เคลื่อนที่ได้เลย!,แคมเปญก็อง+มาร์เก็ตการ์เดน (บทพูดภารกิจ),1413190
1413200,"Well done, Kampfgruppe Lehr! The perimeter is secure and Wolfheze reports minimal damage. Wait for orders.",ทำได้ดีมาก คัมฟ์กรุปเป้ เลห์! ขอบเขตปลอดภัยแล้ว และวูล์ฟเฮซรายงานความเสียหายเพียงเล็กน้อย รอรับคำสั่งได้เลย,แคมเปญก็อง+มาร์เก็ตการ์เดน (บทพูดภารกิจ),1413200
1413220,"Good job, Helmut, I told you, you aren't as sorry as you look! Eselsarsch!",เยี่ยมมาก เฮลมุท ฉันบอกคุณแล้ว คุณไม่เสียใจอย่างที่เห็น! เอเซลซาร์ช!,แคมเปญก็อง+มาร์เก็ตการ์เดน (บทพูดภารกิจ),1413220
1413230,"Training in the field, that's the way to do it!",ซ้อมภาคสนามก็ทำแบบนั้น!,แคมเปญก็อง+มาร์เก็ตการ์เดน (บทพูดภารกิจ),1413230
1413300,"Verdammt! Too little, too late. Wolfheze is lost! We have to pull back, the fight here is over.","เวอร์ดัมท์! น้อยเกินไป, สายเกินไป. วูล์ฟเฮซ แพ้แล้ว! เราต้องถอยทัพ การต่อสู้ที่นี่จบลงแล้ว",แคมเปญก็อง+มาร์เก็ตการ์เดน (บทพูดภารกิจ),1413300
1413320,We have three confirmed enemy Glider sightings. Form up and assault their positions!,เรามีการพบเห็นเครื่องร่อนของศัตรูที่ได้รับการยืนยันแล้วสามครั้ง จัดตั้งและโจมตีตำแหน่งของพวกเขา!,แคมเปญก็อง+มาร์เก็ตการ์เดน (บทพูดภารกิจ),1413320
1413330,"The British will be guarding their Gliders fiercely, destroy them before we are overwhelmed!",ชาวอังกฤษจะปกป้องเครื่องร่อนของพวกเขาอย่างดุเดือด ทำลายพวกมันก่อนที่เราจะจม!,แคมเปญก็อง+มาร์เก็ตการ์เดน (บทพูดภารกิจ),1413330
1413340,Enemy Glider is in our sights! Destroy it before they receive  additional commando reinforcements!,Enemy Glider อยู่ในสายตาของเรา! ทำลายมันก่อนที่พวกเขาจะได้รับกำลังเสริมคอมมานโดเพิ่มเติม!,แคมเปญก็อง+มาร์เก็ตการ์เดน (บทพูดภารกิจ),1413340
1413350,The Gliders will be heavily defended! British commandos will not give up easily!,พวกเครื่องร่อนจะได้รับการปกป้องอย่างแน่นหนา! หน่วยคอมมานโดอังกฤษจะไม่ยอมแพ้ง่ายๆ!,แคมเปญก็อง+มาร์เก็ตการ์เดน (บทพูดภารกิจ),1413350
1413360,Glider destroyed! Moving to the next target location.,เครื่องร่อนถูกทำลาย! เคลื่อนตัวไปยังสถานที่เป้าหมายต่อไป,แคมเปญก็อง+มาร์เก็ตการ์เดน (บทพูดภารกิจ),1413360
1413370,Only one Glider remains operational! Assemble and neutralize the enemy target!,เครื่องร่อนเพียงเครื่องเดียวเท่านั้นที่ยังคงใช้งานได้! รวบรวมและต่อต้านเป้าหมายของศัตรู!,แคมเปญก็อง+มาร์เก็ตการ์เดน (บทพูดภารกิจ),1413370
1413380,"That's it! Excellent job, mein Kampfgruppen!",แค่นั้นแหละ! เยี่ยมมาก คัมฟ์กรุปเป้ของข้า!,แคมเปญก็อง+มาร์เก็ตการ์เดน (บทพูดภารกิจ),1413380
1413390,"Hauptmann Berger, Gliders are neutralized.",เฮาพท์มันน์ เบอร์เกอร์ เครื่องร่อนถูกทำลายแล้ว,แคมเปญก็อง+มาร์เก็ตการ์เดน (บทพูดภารกิจ),1413390
1414000,Incoming message from forward sector.,ข้อความขาเข้าจากภาคส่งต่อ,แคมเปญก็อง+มาร์เก็ตการ์เดน (บทพูดภารกิจ),1414000
1414010,"Incoming British Jeeps, heading west of our current location, and should hit the edge of Wolfheze.",รถจี๊ปของอังกฤษที่กำลังเข้ามา มุ่งหน้าไปทางตะวันตกของที่ตั้งปัจจุบันของเรา และน่าจะถึงขอบวูล์ฟเฮซ,แคมเปญก็อง+มาร์เก็ตการ์เดน (บทพูดภารกิจ),1414010
1414020,Kampfrguppe! This area is secure. Move to the next target before the jeeps flank our position! Don't let them pass you!,คัมฟร์กุปเป้! บริเวณนี้มีความปลอดภัย เคลื่อนที่ไปยังเป้าหมายถัดไปก่อนที่รถจี๊ปจะเข้ามาขนาบข้างตำแหน่งของเรา! อย่าปล่อยให้พวกเขาผ่านคุณ!,แคมเปญก็อง+มาร์เก็ตการ์เดน (บทพูดภารกิจ),1414020
1414030,Attenion all troops! Assemble into combat groups and move onto the target location.,กองทหารทุกท่านโปรดทราบ! รวมตัวเป็นกลุ่มต่อสู้และเคลื่อนไปยังสถานที่เป้าหมาย,แคมเปญก็อง+มาร์เก็ตการ์เดน (บทพูดภารกิจ),1414030
1414050,"Hauptmann Berger, the Jeeps are changing paths again! They're heading to the opposite edge of the village, east of our current position.",เฮาพท์มันน์ Berger พวก Jeeps กำลังเปลี่ยนเส้นทางอีกครั้ง! พวกเขากำลังมุ่งหน้าไปยังขอบตรงข้ามของหมู่บ้าน ทางตะวันออกของตำแหน่งปัจจุบันของเรา,แคมเปญก็อง+มาร์เก็ตการ์เดน (บทพูดภารกิจ),1414050
1414060,You know the drill - form up and move out!,รู้ขั้นตอนกันดีอยู่แล้ว รวมแถวแล้วเคลื่อนพล!,แคมเปญก็อง+มาร์เก็ตการ์เดน (บทพูดภารกิจ),1414060
1414070,Stragglers will get an immediate posthumous award. Move your boots to the new target!,ผู้พลัดหลงจะได้รับรางวัลมรณกรรมทันที ย้ายรองเท้าของคุณไปยังเป้าหมายใหม่!,แคมเปญก็อง+มาร์เก็ตการ์เดน (บทพูดภารกิจ),1414070
1415020,We have to prevent any of the enemy forces from breaking through our lines.,เราต้องป้องกันไม่ให้กองกำลังศัตรูใด ๆ บุกรุกแนวของเรา,แคมเปญก็อง+มาร์เก็ตการ์เดน (บทพูดภารกิจ),1415020
1415040,Jeep movement spotted!,พบความเคลื่อนไหวรถจี๊ป!,แคมเปญก็อง+มาร์เก็ตการ์เดน (บทพูดภารกิจ),1415040
1415100,Forward elements report enemy jeeps headed down the road! They're going to try and break through at the rail station!,องค์ประกอบข้างหน้ารายงานว่ามีรถจี๊ปของศัตรูมุ่งหน้าไปตามถนน! พวกเขากำลังพยายามบุกทะลุสถานีรถไฟ!,แคมเปญก็อง+มาร์เก็ตการ์เดน (บทพูดภารกิจ),1415100
1415150,Fick Dich Tommy Arschlochen! Kill those mutterfickeren jeeps!,ฟิค ดิช ทอมมี่ อาร์ชโลเชน! ฆ่ารถจี๊ปคนโง่พวกนั้นซะ!,แคมเปญก็อง+มาร์เก็ตการ์เดน (บทพูดภารกิจ),1415150
1415160,"Hurensohn, I was enjoying myself before you arrived!",Hurensohn ฉันมีความสุขมากก่อนที่คุณจะมาถึง!,แคมเปญก็อง+มาร์เก็ตการ์เดน (บทพูดภารกิจ),1415160
1415170,"Setz deinen Arsch in Bewegung (Get your ass in gear)! Don't let those Jeeps through, men!",ขยับก้นเร็วเข้า!! อย่าปล่อยให้รถจี๊ปพวกนั้นผ่านนะพวก!,แคมเปญก็อง+มาร์เก็ตการ์เดน (บทพูดภารกิจ),1415170
1415200,"Verdamnt! Enemy forces made it through, but we did our best, and that is all anyone can ask. ",สาบาน! กองกำลังของศัตรูผ่านไปได้ แต่เราพยายามอย่างเต็มที่ และนั่นคือสิ่งที่ใครๆ ก็ถามได้,แคมเปญก็อง+มาร์เก็ตการ์เดน (บทพูดภารกิจ),1415200
1415210,If they get to the Rhine we could have problems. Radio ahead and make sure Division Command in Arnhem is aware.,หากพวกเขาไปถึงแม่น้ำไรน์ เรากาจประสบปัญหาได้ วิทยุไปข้างหน้าและให้แน่ใจว่ากองบัญชาการกองพลในอาร์เนมทราบแล้ว,แคมเปญก็อง+มาร์เก็ตการ์เดน (บทพูดภารกิจ),1415210
1415220,"Well done, all of the enemy Jeeps have been stopped!",ทำได้ดีมาก รถจี๊ปของศัตรูทั้งหมดหยุดได้แล้ว!,แคมเปญก็อง+มาร์เก็ตการ์เดน (บทพูดภารกิจ),1415220
1415225,Radio the Division Command Center in Arnhem to mobilize in case of other Airborne attacks.,วิทยุศูนย์บัญชาการกองพลในเมือง Arnhem เพื่อระดมพลในกรณีที่มีการโจมตีทางอากาศอื่นๆ,แคมเปญก็อง+มาร์เก็ตการ์เดน (บทพูดภารกิจ),1415225
1415300,"Bockmist, you needed to stop those Jeeps! If they get to the Rhine we could have problems. Radio ahead and make sure the Division Command in Arnhem is aware. Verdammt!",Bockmist คุณต้องหยุดรถจี๊ปพวกนั้น! หากพวกเขาไปถึงแม่น้ำไรน์ เรากาจประสบปัญหาได้ วิทยุไปข้างหน้าและตรวจสอบให้แน่ใจว่ากองบัญชาการกองพลในอาร์เนมทราบแล้ว เวอร์ดัมท์!,แคมเปญก็อง+มาร์เก็ตการ์เดน (บทพูดภารกิจ),1415300
1415410,"We have lost contact with the Feldmarschall's HQ in Arnhem and with the other Division's commanders. Seems the Yanks and the Brits targeted our communications first, as on D-Day.   ",เราขาดการติดต่อกับกองบัญชาการของ Feldmarschall ใน Arnhem และกับผู้บัญชาการของ Division อื่นๆ ดูเหมือนว่าพวกแยงค์และชาวอังกฤษมุ่งเป้าไปที่การสื่อสารของเราก่อน เหมือนกับในวันดีเดย์,แคมเปญก็อง+มาร์เก็ตการ์เดน (บทพูดภารกิจ),1415410
1415425,Formations of Fighter-Bombers and transports are inbound and wreaking havoc on our Kampfgruppe.,การก่อตัวของเครื่องบินทิ้งระเบิดและการขนส่งกำลังเข้ามาและสร้างความหายนะให้กับ คัมฟ์กรุปเป้ ของเรา,แคมเปญก็อง+มาร์เก็ตการ์เดน (บทพูดภารกิจ),1415425
1415430,"Until we re-establish contact, Kampfgruppe Lehr will defend Wolfheze.",จนกว่าเราจะสร้างการติดต่ออีกครั้ง คัมฟ์กรุปเป้ Lehr จะปกป้อง Wolfheze,แคมเปญก็อง+มาร์เก็ตการ์เดน (บทพูดภารกิจ),1415430
1415450,Have the Panzer Grenadiers man the Anti Aircraft guns at these positions.,ให้ แพนเซอร์เกรนาเดียร์ ควบคุมปืนต่อต้านอากาศยานในตำแหน่งเหล่านี้,แคมเปญก็อง+มาร์เก็ตการ์เดน (บทพูดภารกิจ),1415450
1415470,I've taken the initiative to recall light vehicles from the 113th Regiment to defend against the commandos.,ฉันได้ริเริ่มที่จะเรียกคืนยานพาหนะขนาดเล็กจากกรมทหารที่ 113 เพื่อป้องกันหน่วยคอมมานโด,แคมเปญก็อง+มาร์เก็ตการ์เดน (บทพูดภารกิจ),1415470
1415480,We must alert Division Command and Majorgeneral Voss. This is no simple attack if the enemy is dropping paratroopers in broad daylight. ,เราต้องแจ้งเตือนผู้บัญชาการกองพลและพลตรีวอสส์ นี่ไม่ใช่การโจมตีง่ายๆ หากศัตรูทิ้งพลร่มในเวลากลางวันแสกๆ,แคมเปญก็อง+มาร์เก็ตการ์เดน (บทพูดภารกิจ),1415480
1415490,Stay strong and I'll see you on the other side.,เข้มแข็งไว้นะ แล้วเจอกันใหม่ตอนหน้านะ,แคมเปญก็อง+มาร์เก็ตการ์เดน (บทพูดภารกิจ),1415490
1416005,Reinforcements have arrived! Deploy them along our defensive lines!,กำลังเสริมมาแล้ว! วางกำลังพวกมันตามแนวป้องกันของเรา!,แคมเปญก็อง+มาร์เก็ตการ์เดน (บทพูดภารกิจ),1416005
1416010,222 Armored Car is in support!,222 รถหุ้มเกราะสนับสนุนแล้ว!,แคมเปญก็อง+มาร์เก็ตการ์เดน (บทพูดภารกิจ),1416010
1416015,"She packs a 20mm Kwk 30 L55 Auto Cannon, and a 7.92mm Machine Gun! Strong enough against Infantry and Light Vehicles. ",มันติดตั้งปืนใหญ่อัตโนมัติ 20 มม. Kwk 30 L55 และปืนกล 7.92 มม.! แกร่งพอจะจัดการทหารราบและยานพาหนะเบา,แคมเปญก็อง+มาร์เก็ตการ์เดน (บทพูดภารกิจ),1416015
1416020,"The 222 is an excellent light Armored reconnaissance vehicle, perfect for flanking MG and Anti Tank teams.",222 เป็นยานพาหนะลาดตระเวนหุ้มเกราะเบาที่ยอดเยี่ยม สมบูรณ์แบบสำหรับทีม MG และต่อต้านรถถังขนาบข้าง,แคมเปญก็อง+มาร์เก็ตการ์เดน (บทพูดภารกิจ),1416020
1416025,250-7 Mortar Halftrack in support!,250-7 Mortar รถสายพานกึ่งล้อยาง สนับสนุน!,แคมเปญก็อง+มาร์เก็ตการ์เดน (บทพูดภารกิจ),1416025
1416030,The modified SD-Panzerwagen 250 she houses a 81mm Mortar.,SD-Panzerwagen 250 ที่ดัดแปลงติดตั้งครก 81 มม.,แคมเปญก็อง+มาร์เก็ตการ์เดน (บทพูดภารกิจ),1416030
1416035,"The Mortar Halftrack is excellent for taking out enemy infantry be it in cover, open field or inside buildings.",Mortar รถสายพานกึ่งล้อยาง นั้นยอดเยี่ยมในการกำจัดทหารราบของศัตรู ไม่ว่าจะเป็นที่กำบัง ทุ่งโล่ง หรือภายในอาคาร,แคมเปญก็อง+มาร์เก็ตการ์เดน (บทพูดภารกิจ),1416035
1416100,We should be able to rock them all the way to Arnhem with mortar.,เราน่าจะยิงครกไล่พวกมันไปถึงอาร์เนมได้เลย,แคมเปญก็อง+มาร์เก็ตการ์เดน (บทพูดภารกิจ),1416100
1416110,Mortars sure comes in handy when clearing areas for ground assaults. ,ครกมีประโยชน์มากแน่นอนเมื่อต้องเคลียร์พื้นที่เพื่อเตรียมบุกภาคพื้นดิน,แคมเปญก็อง+มาร์เก็ตการ์เดน (บทพูดภารกิจ),1416110
1416120,That Halftrack's a beaut! She's saved my ass more than a few times in Normandy!,รถสายพานกึ่งล้อยาง นั้นสวยงามมาก! เธอช่วยฉันไว้มากกว่าสองสามครั้งในนอร์มังดี!,แคมเปญก็อง+มาร์เก็ตการ์เดน (บทพูดภารกิจ),1416120
1416200,"222. Rear mounted engine with 90 horsepower, road speed 80 km/h, maximum range of 300 km... Now that's a car!",222. เครื่องยนต์ติดหลัง 90 แรงม้า ความเร็วบนถนน 80 กม./ชม. ระยะสูงสุด 300 กม.... นี่มันรถนะ!,แคมเปญก็อง+มาร์เก็ตการ์เดน (บทพูดภารกิจ),1416200
1416210,"Front and sides are made of 8mm steel skirts, top, rear and bottom our of 5mm plates. Kesselhof sure knew what he was doing!",ด้านหน้าและด้านข้างทำจากสเกิร์ตเหล็ก 8 มม. ด้านบน ด้านหลังและด้านล่างเป็นแผ่นขนาด 5 มม. Kesselhof แน่ใจว่าเขากำลังทำอะไรอยู่!,แคมเปญก็อง+มาร์เก็ตการ์เดน (บทพูดภารกิจ),1416210
1416300,Have you ever seen anything like this?,คุณเคยเห็นอะไรแบบนี้บ้างไหม?,แคมเปญก็อง+มาร์เก็ตการ์เดน (บทพูดภารกิจ),1416300
1416310,Amazing is what it is. Truly! ,ที่น่าทึ่งคือสิ่งที่มันเป็น อย่างแท้จริง!,แคมเปญก็อง+มาร์เก็ตการ์เดน (บทพูดภารกิจ),1416310
1416320,Let's hope they came alone or Der Teufel wird los sein (all hell will break loose)!,หวังว่าพวกเขาจะมาคนเดียวหรือ Der Teufel wird los sein (นรกทั้งหมดจะแตกสลาย)!,แคมเปญก็อง+มาร์เก็ตการ์เดน (บทพูดภารกิจ),1416320
1416400,All Kampfgruppe Lehr stations report an apparent halt in enemy activity.,สถานี คัมฟ์กรุปเป้ Lehr ทั้งหมดรายงานว่ามีการหยุดกิจกรรมของศัตรูอย่างเห็นได้ชัด,แคมเปญก็อง+มาร์เก็ตการ์เดน (บทพูดภารกิจ),1416400
1416401,Additional gliders were sighted landing heavy equipment nearby. ,มีผู้พบเห็นเครื่องร่อนเพิ่มเติมลงจอดอุปกรณ์หนักในบริเวณใกล้เคียง,แคมเปญก็อง+มาร์เก็ตการ์เดน (บทพูดภารกิจ),1416401
1416403,"The Tommies are either digging in, or preparing for offensive operations, Hauptmann.",พวกทอมมี่กำลังขุดสนามเพาะตั้งรับ หรือเตรียมปฏิบัติการรุก เฮาพท์มันน์,แคมเปญก็อง+มาร์เก็ตการ์เดน (บทพูดภารกิจ),1416403
1416410,The commandos are likely to try to make a push for Wolfheze.,หน่วยคอมมานโดมีแนวโน้มที่จะพยายามผลักดันวูล์ฟเฮซ,แคมเปญก็อง+มาร์เก็ตการ์เดน (บทพูดภารกิจ),1416410
1416411,Securing the railyard would give them a base from which to attack Arnhem.,การรักษาความปลอดภัยบริเวณราวรถไฟจะเป็นฐานสำหรับโจมตีอาร์เนม,แคมเปญก็อง+มาร์เก็ตการ์เดน (บทพูดภารกิจ),1416411
1416420,Have the Kampfgruppe set up defenses at these critical locations along the railroad.,ให้กลุ่ม คัมฟ์กรุปเป้ วางแนวป้องกัน ณ สถานที่สำคัญริมทางรถไฟเหล่านี้,แคมเปญก็อง+มาร์เก็ตการ์เดน (บทพูดภารกิจ),1416420
1416430,"Brother, make sure you man the 88s and target any enemy vehicles you see!",พี่ชาย ตรวจสอบให้แน่ใจว่าคุณเป็นผู้ดูแลปืนใหญ่ 88 มม. และกำหนดเป้าหมายยานพาหนะศัตรูที่คุณเห็น!,แคมเปญก็อง+มาร์เก็ตการ์เดน (บทพูดภารกิจ),1416430
1416440,Equip the Panzer Grenadiers with Panzerschrecks for additional firepower.,ติดตั้ง แพนเซอร์เกรนาเดียร์ ด้วย Panzerschrecks เพื่อเพิ่มพลังการยิง,แคมเปญก็อง+มาร์เก็ตการ์เดน (บทพูดภารกิจ),1416440
1416450,Prevent any and all British forces from moving past Wolfheze. ,ป้องกันไม่ให้กองกำลังอังกฤษเคลื่อนผ่าน Wolfheze,แคมเปญก็อง+มาร์เก็ตการ์เดน (บทพูดภารกิจ),1416450
1417000,"Didn't see us coming, eh Jerry!",ไม่เห็นเรามาเหรอ เจอรี่!,แคมเปญก็อง+มาร์เก็ตการ์เดน (บทพูดภารกิจ),1417000
1417010,"Chuck one up for the Major, Hun wankers!",โยนหนึ่งอันให้พันตรี ฮุน wankers!,แคมเปญก็อง+มาร์เก็ตการ์เดน (บทพูดภารกิจ),1417010
1417020,"Wankers, I'll give you a bloody present!",ไอ้พวกเวร ฉันจะให้ของขวัญสมน้ำหน้า!,แคมเปญก็อง+มาร์เก็ตการ์เดน (บทพูดภารกิจ),1417020
1417030,"Thanks CRAB Air, time to play, Jerry!",ขอบคุณ CRAB Air ได้เวลาเล่นแล้ว เจอร์รี่!,แคมเปญก็อง+มาร์เก็ตการ์เดน (บทพูดภารกิจ),1417030
1417040,"Stay on top of them, gents!",อยู่เหนือพวกเขาสุภาพบุรุษ!,แคมเปญก็อง+มาร์เก็ตการ์เดน (บทพูดภารกิจ),1417040
1417050,"Get up on them, gents!",สุภาพบุรุษทั้งหลาย!,แคมเปญก็อง+มาร์เก็ตการ์เดน (บทพูดภารกิจ),1417050
1417060,Flank those Panzers!,ขนาบข้าง Panzers เหล่านั้น!,แคมเปญก็อง+มาร์เก็ตการ์เดน (บทพูดภารกิจ),1417060
1417070,Here... Jerry... Jerry!,นี่... เจอร์รี่... เจอร์รี่!,แคมเปญก็อง+มาร์เก็ตการ์เดน (บทพูดภารกิจ),1417070
1417080,"Drop you weapons Jerry, the war's over!",วางอาวุธของคุณเจอร์รี่ สงครามจบลงแล้ว!,แคมเปญก็อง+มาร์เก็ตการ์เดน (บทพูดภารกิจ),1417080
1417090,Berlin's missing you bastards and we're here to send you home!,เบอร์ลินคิดถึงคุณนะไอ้สารเลว และเรามาที่นี่เพื่อส่งคุณกลับบ้าน!,แคมเปญก็อง+มาร์เก็ตการ์เดน (บทพูดภารกิจ),1417090
1417100,Bloody Hun cunts.,ไอ้ฮุนชาติหมา!,แคมเปญก็อง+มาร์เก็ตการ์เดน (บทพูดภารกิจ),1417100
1417110,When are you Germans gonna learn!,เมื่อไหร่พวกเยอรมันจะเรียน!,แคมเปญก็อง+มาร์เก็ตการ์เดน (บทพูดภารกิจ),1417110
1417120,Give up Jerry! There's no bloody hope for you!,ยอมแพ้เจอร์รี่! ไม่มีความหวังอันเฮงซวยสำหรับคุณ!,แคมเปญก็อง+มาร์เก็ตการ์เดน (บทพูดภารกิจ),1417120
1417130,"Come on, you fat knackers!",เอาล่ะ พวกนักเลงอ้วน!,แคมเปญก็อง+มาร์เก็ตการ์เดน (บทพูดภารกิจ),1417130
1417140,"Move on that point, men!",ก้าวไปสู่จุดนั้นทหาร!,แคมเปญก็อง+มาร์เก็ตการ์เดน (บทพูดภารกิจ),1417140
1417150,"Yahooo! Die, you fucking hun wankers!",ยาฮู! ตายซะไอ้พวกเวรนั่น!,แคมเปญก็อง+มาร์เก็ตการ์เดน (บทพูดภารกิจ),1417150
1417160,"Gotta send these German bastards back to Berlin tits-up, gents!",ต้องส่งไอ้พวกเยอรมันพวกนี้กลับไปเบอร์ลินซะพวกทหาร!,แคมเปญก็อง+มาร์เก็ตการ์เดน (บทพูดภารกิจ),1417160
1417170,Protect the Glider HQ!,ปกป้องกองบัญชาการเครื่องร่อน!,แคมเปญก็อง+มาร์เก็ตการ์เดน (บทพูดภารกิจ),1417170
1417180,"Don't let 'em take out HQ, lads! We need that bloody glider intact!",อย่าปล่อยให้มันทำลาย HQ ได้นะ! เราจำเป็นต้องใช้เครื่องร่อนเวรนั่น!,แคมเปญก็อง+มาร์เก็ตการ์เดน (บทพูดภารกิจ),1417180
1417190,"Don't even think about it, you Panzer fuck!",อย่าแม้แต่จะคิดนะ ไอ้แพนเซอร์ ไอ้เวร!,แคมเปญก็อง+มาร์เก็ตการ์เดน (บทพูดภารกิจ),1417190
1417200,"Ready to be buggered backwards, Jerry?",พร้อมโดนถล่มให้เละหรือยังวะ เจ้าเยอรมัน?,แคมเปญก็อง+มาร์เก็ตการ์เดน (บทพูดภารกิจ),1417200
1417210,"Shite, pour it on them lads! Fire Superiority!",สาดกระสุนใส่พวกมันเลยพวกเรา! ครองอำนาจการยิงไว้!,แคมเปญก็อง+มาร์เก็ตการ์เดน (บทพูดภารกิจ),1417210
1417220,Gonna send you German bastards home tits-up!,จะส่งไอ้เยอรมันบ้าๆนั่นกลับบ้านซะ!,แคมเปญก็อง+มาร์เก็ตการ์เดน (บทพูดภารกิจ),1417220
1417230,To the rail station men!,ถึงทหารสถานีรถไฟ!,แคมเปญก็อง+มาร์เก็ตการ์เดน (บทพูดภารกิจ),1417230
1417240,"Shut it down! No more trains for you, Jerry!",ปิดมันลง! ไม่มีรถไฟให้คุณแล้ว เจอร์รี่!,แคมเปญก็อง+มาร์เก็ตการ์เดน (บทพูดภารกิจ),1417240
1417250,"The station's ours, you sorry lot!",สถานีเป็นของเรา คุณเสียใจมาก!,แคมเปญก็อง+มาร์เก็ตการ์เดน (บทพูดภารกิจ),1417250
1417260,Bloomin hell! You fucking Jerries just won't give up! ,บลูมิ้นนรก! ไอ้เจอร์รี่สโคตรจะไม่ยอมยอมแพ้!,แคมเปญก็อง+มาร์เก็ตการ์เดน (บทพูดภารกิจ),1417260
1417270,"We need to take that bloody station, lads!",เราต้องยึดจุดเฮงซวยนั่นนะหนุ่มๆ!,แคมเปญก็อง+มาร์เก็ตการ์เดน (บทพูดภารกิจ),1417270
1417280,We almost got it gents! Just a little further!,เราเกือบจะเข้าใจแล้วสุภาพบุรุษ! อีกเพียงเล็กน้อยเท่านั้น!,แคมเปญก็อง+มาร์เก็ตการ์เดน (บทพูดภารกิจ),1417280
1417290,"Drop your weapons, Jerry, this here's a lost cause!",วางอาวุธของคุณลง เจอร์รี่ ที่นี่ไม่มีหวังแล้ว!,แคมเปญก็อง+มาร์เก็ตการ์เดน (บทพูดภารกิจ),1417290
1417300,"Wankers, you tarts need to learn a good lesson!",Wankers คุณ tarts ต้องเรียนรู้การฝึกรบที่ดี!,แคมเปญก็อง+มาร์เก็ตการ์เดน (บทพูดภารกิจ),1417300
1417310,"Yahoo! We coming for you pansy Panzer, show us your fucking leader!",ยาฮู! เรากำลังตามหาแพนซี่แพนเซอร์ แสดงให้เราเห็นผู้นำโคตรๆ ของคุณสิ!,แคมเปญก็อง+มาร์เก็ตการ์เดน (บทพูดภารกิจ),1417310
1417320,"Eat some lead, Jerry!",กินตะกั่วซะ เจอร์รี่!,แคมเปญก็อง+มาร์เก็ตการ์เดน (บทพูดภารกิจ),1417320
1417330,What you can't handle us? We're here to save some Cloggie arse!,อะไรที่คุณรับมือเราไม่ได้? เรามาเพื่อช่วย Cloggie ก้น!,แคมเปญก็อง+มาร์เก็ตการ์เดน (บทพูดภารกิจ),1417330
1417340,"Move, move, move! Get up the line, men!",ย้ายย้ายย้าย! ลุกขึ้นมาเถอะพวกทหาร!,แคมเปญก็อง+มาร์เก็ตการ์เดน (บทพูดภารกิจ),1417340
1417350,You fucks sure could use a lesson in defending!,คุณคงใช้การฝึกรบในการป้องกันได้อย่างแน่นอน!,แคมเปญก็อง+มาร์เก็ตการ์เดน (บทพูดภารกิจ),1417350
1417360,"Come on, mates! We're almost there! Let's get to that Bridge!",มาเลยเพื่อน! เราเกือบจะถึงแล้ว! ไปที่สะพานนั้นกันเถอะ!,แคมเปญก็อง+มาร์เก็ตการ์เดน (บทพูดภารกิจ),1417360
1417370,Poor Jerry! We'll be in Arnhem in no time!,เจอร์รี่ผู้น่าสงสาร! เราจะถึงอาร์เนมเร็วๆ นี้!,แคมเปญก็อง+มาร์เก็ตการ์เดน (บทพูดภารกิจ),1417370
1417380,See you Jerry fucks in Berlin! Bloody wankers!,แล้วเจอกันนะเจอร์รี่ที่เบอร์ลิน! ไอ้พวกเวรเดือด!,แคมเปญก็อง+มาร์เก็ตการ์เดน (บทพูดภารกิจ),1417380
1417390,"Get on it lads, they don't know up from down!",ลุยเลยพวกมันไม่รู้บนลงล่าง!,แคมเปญก็อง+มาร์เก็ตการ์เดน (บทพูดภารกิจ),1417390
1417400,Stupid fucking Jerry just let us run past him!,เจอร์รี่ไอ้โง่ ปล่อยให้เราวิ่งผ่านเขาไปเถอะ!,แคมเปญก็อง+มาร์เก็ตการ์เดน (บทพูดภารกิจ),1417400
1417410,"Take the bridge men, the Rhine will be ours!",พาคนข้ามสะพานไป แม่น้ำไรน์จะเป็นของเรา!,แคมเปญก็อง+มาร์เก็ตการ์เดน (บทพูดภารกิจ),1417410
1418000,Panzer Elite Grenadiers are in support!,พลเกรนาเดียร์ยานเกราะชั้นยอดสนับสนุนแล้ว!,แคมเปญก็อง+มาร์เก็ตการ์เดน (บทพูดภารกิจ),1418000
1418010,They are effective at blitzing both infantry and light armored units. ,พวกมันมีประสิทธิภาพในการจู่โจมทั้งหมู่ทหารราบและหน่วยหุ้มเกราะเบา,แคมเปญก็อง+มาร์เก็ตการ์เดน (บทพูดภารกิจ),1418010
1418020,"Care for them like you would a friend, they are the backbone of our Kampfgruppe!",ดูแลพวกเขาเหมือนที่คุณดูแลเพื่อน พวกเขาคือกระดูกสันหลังของ คัมฟ์กรุปเป้ ของเรา!,แคมเปญก็อง+มาร์เก็ตการ์เดน (บทพูดภารกิจ),1418020
1418030,251 Munitions Halftrack is in support!,251 Munitions รถสายพานกึ่งล้อยาง สนับสนุนแล้ว!,แคมเปญก็อง+มาร์เก็ตการ์เดน (บทพูดภารกิจ),1418030
1418040,"The 251 is modified armored standard personnel carrier, equipped to rapidly recharge muntions for infantry and Armored units. ",251 ได้รับการดัดแปลงให้เป็นพาหนะบุคลากรมาตรฐานหุ้มเกราะ ซึ่งติดตั้งเพื่อชาร์จอาวุธยุทโธปกรณ์อย่างรวดเร็วให้กับหมู่ทหารราบและหน่วยหุ้มเกราะ,แคมเปญก็อง+มาร์เก็ตการ์เดน (บทพูดภารกิจ),1418040
1418050,250-10 Anti Tank Halftrack in support!,สนับสนุน 250-10 Anti Tank รถสายพานกึ่งล้อยาง!,แคมเปญก็อง+มาร์เก็ตการ์เดน (บทพูดภารกิจ),1418050
1418060,This Halftrack is loaded with a 37 mm Pak 35-36. ,รถสายพานกึ่งล้อยาง นี้บรรจุด้วย Pak 35-36 ขนาด 37 มม.,แคมเปญก็อง+มาร์เก็ตการ์เดน (บทพูดภารกิจ),1418060
1418070,"The 250-10 Anti Tank Halftrack perfect for immobilizing enemy Armor, but is also surprisingly effective vs. infantry and support weapon squads.",250-10 Anti Tank รถสายพานกึ่งล้อยาง สมบูรณ์แบบสำหรับการตรึงเกราะของศัตรู แต่ยังมีประสิทธิภาพอย่างน่าประหลาดใจเมื่อเทียบกับทหารราบและหน่วยอาวุธสนับสนุน,แคมเปญก็อง+มาร์เก็ตการ์เดน (บทพูดภารกิจ),1418070
1418110,250 Halftrack is in support!,250 รถสายพานกึ่งล้อยาง สนับสนุนแล้ว!,แคมเปญก็อง+มาร์เก็ตการ์เดน (บทพูดภารกิจ),1418110
1418120,She has 4 road wheel axles and room for up to 8 soldiers.,เธอมีเพลาล้อ 4 ล้อและสามารถรองรับทหารได้ถึง 8 นาย,แคมเปญก็อง+มาร์เก็ตการ์เดน (บทพูดภารกิจ),1418120
1418130,Use the 250 Halftrack to transport and reinforce your troops while away from your HQ.,ใช้ 250 รถสายพานกึ่งล้อยาง เพื่อขนส่งและเสริมกำลังทหารของคุณขณะอยู่ห่างจากกองบัญชาการของคุณ,แคมเปญก็อง+มาร์เก็ตการ์เดน (บทพูดภารกิจ),1418130
1418140,250-V Vampire Halftrack in support!,สนับสนุน 250-V Vampire รถสายพานกึ่งล้อยาง แล้ว!,แคมเปญก็อง+มาร์เก็ตการ์เดน (บทพูดภารกิจ),1418140
1418150,This vehicle's powerful radios can eavesdrop on enemy signals and interdict supply. ,วิทยุอันทรงพลังของยานพาหนะนี้สามารถดักฟังสัญญาณของศัตรูและขัดขวางการส่งกำลังได้,แคมเปญก็อง+มาร์เก็ตการ์เดน (บทพูดภารกิจ),1418150
1418160,Use it to steal resources from enemy territories!,ใช้มันเพื่อขโมยทรัพยากรจากดินแดนศัตรู!,แคมเปญก็อง+มาร์เก็ตการ์เดน (บทพูดภารกิจ),1418160
1418170,221 Armored Car is in support!,221 รถหุ้มเกราะสนับสนุนแล้ว!,แคมเปญก็อง+มาร์เก็ตการ์เดน (บทพูดภารกิจ),1418170
1418180,"Armed with a single 7.92 mm 34 machine gun, she eats infantry; road speed of 80 km/h, now that's a car!",ด้วยปืนกล 7.92 มม. 34 หนึ่งกระบอก เธอกินทหารราบ ความเร็วบนถนน 80 กม./ชม. นี่มันรถชัดๆ!,แคมเปญก็อง+มาร์เก็ตการ์เดน (บทพูดภารกิจ),1418180
1418190,"The 221 is a wonderful light armored reconnaissance vehicle, great for rapid recon offensives!",221 เป็นยานพาหนะลาดตระเวนหุ้มเกราะเบาที่ยอดเยี่ยม เหมาะสำหรับการรุกลาดตระเวนอย่างรวดเร็ว!,แคมเปญก็อง+มาร์เก็ตการ์เดน (บทพูดภารกิจ),1418190
1418230,The 223 Armored Car is in support!,รถหุ้มเกราะ 223 สนับสนุนแล้ว!,แคมเปญก็อง+มาร์เก็ตการ์เดน (บทพูดภารกิจ),1418230
1418250,The 223 is excellent for penetrating enemy lines and securing territory!,223 นั้นยอดเยี่ยมในการเจาะแนวข้าศึกและรักษาดินแดน!,แคมเปญก็อง+มาร์เก็ตการ์เดน (บทพูดภารกิจ),1418250
1418260,"The Stubby, Panzerkampfwagen IV Armored Infantry Support Gun.",ปืนสนับสนุนทหารราบหุ้มเกราะ Panzerkampfwagen IV ของ Stubby,แคมเปญก็อง+มาร์เก็ตการ์เดน (บทพูดภารกิจ),1418260
1418270,"Built on a Panzer IV F chassis, she carries a short-barreled 75mm low velocity gun used with high-explosive shells for infantry and fortifications! ",สร้างขึ้นบนตัวถัง Panzer IV F เธอบรรทุกปืนความเร็วต่ำลำกล้องสั้น 75 มม. ใช้กับกระสุนระเบิดแรงสูงสำหรับทหารราบและป้อมปราการ!,แคมเปญก็อง+มาร์เก็ตการ์เดน (บทพูดภารกิจ),1418270
1418280,The Stubby is designed to provide direct infantry fire support in Urban areas but lacks serious Anti Tank firepower.,Stubby ได้รับการออกแบบมาเพื่อให้การยิงสนับสนุนโดยตรงของทหารราบในพื้นที่เขตเมือง แต่ไม่มีอำนาจการยิงต่อต้านรถถังที่รุนแรง,แคมเปญก็อง+มาร์เก็ตการ์เดน (บทพูดภารกิจ),1418280
1418290,The Hummel is now in support!,ตอนนี้ Hummel ได้รับการสนับสนุนแล้ว!,แคมเปญก็อง+มาร์เก็ตการ์เดน (บทพูดภารกิจ),1418290
1418300,"She's a Self-Propelled Artillery Gun, armed with a 150mm SFH 18 L-30 Howitzer, built on a combined Panzer III and Panzer IV chassis! ",เธอเป็นปืนใหญ่อัตตาจรติดอาวุธด้วยปืนใหญ่วิถีโค้ง SFH 18 L-30 ขนาด 150 มม. ที่สร้างบนตัวถัง Panzer III และ Panzer IV ที่รวมกัน!,แคมเปญก็อง+มาร์เก็ตการ์เดน (บทพูดภารกิจ),1418300
1418310,The Hummel is perfect for providing mobile artillery support!,Hummel นั้นสมบูรณ์แบบสำหรับการสนับสนุนปืนใหญ่เคลื่อนที่!,แคมเปญก็อง+มาร์เก็ตการ์เดน (บทพูดภารกิจ),1418310
1418350,Hetzer is now in support!,Hetzer อยู่ในการสนับสนุนแล้ว!,แคมเปญก็อง+มาร์เก็ตการ์เดน (บทพูดภารกิจ),1418350
1418360,The Hetzers' has a 75mm cannon and roof mounted remoted controlled MG42.,Hetzers' มีปืนใหญ่ 75 มม. และ MG42 แบบควบคุมระยะไกลติดหลังคา,แคมเปญก็อง+มาร์เก็ตการ์เดน (บทพูดภารกิจ),1418360
1418370,The Hetzer is a light tank hunter perfect for ambushing enemy tanks!,Hetzer เป็นนักล่ารถถังเบาที่สมบูรณ์แบบสำหรับการซุ่มโจมตีรถถังศัตรู!,แคมเปญก็อง+มาร์เก็ตการ์เดน (บทพูดภารกิจ),1418370
1418380,Jagdpanther is in support! ,Jagdpanther สนับสนุนแล้ว!,แคมเปญก็อง+มาร์เก็ตการ์เดน (บทพูดภารกิจ),1418380
1418390,Its 88 mm Pak 43 gun is a divine tank killer and has made many Panzer Aces since she was ordered in 1942! I should know!,ปืน 88 มม. Pak 43 ของมันคือนักฆ่ารถถังระดับเทพและได้สร้าง Panzer Ace มากมายนับตั้งแต่เธอถูกสั่งการในปี 1942! ฉันควรจะรู้!,แคมเปญก็อง+มาร์เก็ตการ์เดน (บทพูดภารกิจ),1418390
1418400,"We have them on loan from the German 654th Heavy Anti Tank Battalion, make good use of them!",เรามีพวกมันยืมมาจากกองพันต่อต้านรถถังหนักที่ 654 ของเยอรมัน ใช้งานพวกมันให้คุ้มค่า!,แคมเปญก็อง+มาร์เก็ตการ์เดน (บทพูดภารกิจ),1418400
1418410,Bergetiger is in support.,Bergetiger อยู่ในการสนับสนุน,แคมเปญก็อง+มาร์เก็ตการ์เดน (บทพูดภารกิจ),1418410
1418420,She is fitted with a winch capable of lifiting damaged tanks for repairs.,เธอติดตั้งเครื่องกว้านที่สามารถยกยกรถถังที่เสียหายเพื่อซ่อมแซมได้,แคมเปญก็อง+มาร์เก็ตการ์เดน (บทพูดภารกิจ),1418420
1418430,"Used wisely, the Bergetiger can recover destroyed tanks by salvaging the wreck!",ใช้อย่างชาญฉลาด Bergetiger สามารถกู้คืนรถถังที่ถูกทำลายโดยการกอบกู้ซากเรือ!,แคมเปญก็อง+มาร์เก็ตการ์เดน (บทพูดภารกิจ),1418430
1419101,Man the Anti-Aircraft Guns,เข้าประจำปืนต่อสู้อากาศยาน,แคมเปญก็อง+มาร์เก็ตการ์เดน (บทพูดภารกิจ),1419101
1419102,Ensure that any unoccupied Anti-Aircraft guns are captured and returning fire.,ตรวจสอบให้แน่ใจว่าปืนต่อต้านอากาศยานที่ว่างอยู่ถูกจับและทำการยิงกลับ,แคมเปญก็อง+มาร์เก็ตการ์เดน (บทพูดภารกิจ),1419102
1419103,Order Grenadiers to man this Flak 38,สั่งให้เกรนาเดียร์ควบคุมปืน Flak 38 นี้,แคมเปญก็อง+มาร์เก็ตการ์เดน (บทพูดภารกิจ),1419103
1419104,Incoming Aircraft!,เครื่องบินมา!,แคมเปญก็อง+มาร์เก็ตการ์เดน (บทพูดภารกิจ),1419104|1439301
1419105,Left-click to follow plane,คลิกซ้ายเพื่อติดตามเครื่องบิน,แคมเปญก็อง+มาร์เก็ตการ์เดน (บทพูดภารกิจ),1419105
1419106,Left-click to Select this Squad,คลิกซ้ายเพื่อเลือกทีมนี้,แคมเปญก็อง+มาร์เก็ตการ์เดน (บทพูดภารกิจ),1419106
1419107,Anti-Aircraft Guns Manned ,บรรจุปืนต่อต้านอากาศยาน,แคมเปญก็อง+มาร์เก็ตการ์เดน (บทพูดภารกิจ),1419107
1419109,Right-click to man the Flak 38,คลิกขวาเพื่อควบคุม Flak 38,แคมเปญก็อง+มาร์เก็ตการ์เดน (บทพูดภารกิจ),1419109
1419140,Defend the Anti-Aircraft Guns,ปกป้องปืนต่อต้านอากาศยาน,แคมเปญก็อง+มาร์เก็ตการ์เดน (บทพูดภารกิจ),1419140
1419141,Defend the Flakvierling 38mm AA and 88mm Flak 36 AT/AA Guns from the British paratroopers. Reoccupy the guns if unmanned.,ปกป้องปืน Flakvierling 38 มม. AA และ 88 มม. Flak 36 AT/AA จากพลร่มอังกฤษ ยึดปืนกลับคืนหากไม่มีคนควบคุม,แคมเปญก็อง+มาร์เก็ตการ์เดน (บทพูดภารกิจ),1419141
1419142,Man the Anti-Aircraft Gun,เข้าประจำปืนต่อสู้อากาศยาน,แคมเปญก็อง+มาร์เก็ตการ์เดน (บทพูดภารกิจ),1419142
1419143,Anti-Aircraft Gun crew killed,ลูกเรือปืนต่อต้านอากาศยานเสียชีวิต,แคมเปญก็อง+มาร์เก็ตการ์เดน (บทพูดภารกิจ),1419143
1419144,Anti-Aircraft Guns Defended,ปืนต่อต้านอากาศยานได้รับการปกป้อง,แคมเปญก็อง+มาร์เก็ตการ์เดน (บทพูดภารกิจ),1419144
1419145,Order squad to man the AA Gun,สั่งหน่วยเพื่อควบคุมปืน AA,แคมเปญก็อง+มาร์เก็ตการ์เดน (บทพูดภารกิจ),1419145
1419146,Right-click to man the AA Gun,คลิกขวาเพื่อควบคุมปืน AA,แคมเปญก็อง+มาร์เก็ตการ์เดน (บทพูดภารกิจ),1419146
1419160,Destroy the Gliders,ทำลายเครื่องร่อน,แคมเปญก็อง+มาร์เก็ตการ์เดน (บทพูดภารกิจ),1419160
1419161,The British are landing Gliders in the area. Assault and destroy the Gliders.,อังกฤษกำลังลงจอดเครื่องร่อนในพื้นที่นี้ โจมตีและทำลายเครื่องร่อน,แคมเปญก็อง+มาร์เก็ตการ์เดน (บทพูดภารกิจ),1419161
1419163,Gliders Destroyed,เครื่องร่อนถูกทำลาย,แคมเปญก็อง+มาร์เก็ตการ์เดน (บทพูดภารกิจ),1419163
1419164,Destroy the Glider,ทำลายเครื่องร่อน,แคมเปญก็อง+มาร์เก็ตการ์เดน (บทพูดภารกิจ),1419164
1419165,Glider Destroyed,เครื่องร่อนถูกทำลาย,แคมเปญก็อง+มาร์เก็ตการ์เดน (บทพูดภารกิจ),1419165
1419166,Glider Landing Zone,โซนลงเครื่องร่อน,แคมเปญก็อง+มาร์เก็ตการ์เดน (บทพูดภารกิจ),1419166
1419200,Destroy the Jeep Convoy,ทำลายขบวนรถจี๊ป,แคมเปญก็อง+มาร์เก็ตการ์เดน (บทพูดภารกิจ),1419200
1419201,Use the Anti-Aircraft Guns and Panzershrecks to destroy as many of the approaching Jeeps as possible.,ใช้ปืนต่อต้านอากาศยานและยานเกราะเพื่อทำลายรถจี๊ปที่เข้ามาใกล้ให้ได้มากที่สุดเท่าที่จะเป็นไปได้,แคมเปญก็อง+มาร์เก็ตการ์เดน (บทพูดภารกิจ),1419201
1419202,Defend this Position,ปกป้องตำแหน่งนี้,แคมเปญก็อง+มาร์เก็ตการ์เดน (บทพูดภารกิจ),1419202
1419203,%1Number% Jeeps Destroyed,%1Number% รถจี๊ปถูกทำลาย,แคมเปญก็อง+มาร์เก็ตการ์เดน (บทพูดภารกิจ),1419203
1419204,Jeep Convoy Destroyed,รถจี๊ปคอนวอยถูกทำลาย,แคมเปญก็อง+มาร์เก็ตการ์เดน (บทพูดภารกิจ),1419204
1419205,Use the Anti-Aircraft Guns and Panzershrecks to destroy at least %1NUMBER% Jeeps from the convoy.,ใช้ปืนต่อต้านอากาศยานและซากยานเกราะเพื่อทำลายรถจี๊ปอย่างน้อย %1NUMBER% จากขบวนรถ,แคมเปญก็อง+มาร์เก็ตการ์เดน (บทพูดภารกิจ),1419205
1419210,Destroy %1NUMBER% British Jeeps,ทำลาย %1NUMBER% รถจี๊ปอังกฤษ,แคมเปญก็อง+มาร์เก็ตการ์เดน (บทพูดภารกิจ),1419210
1419400,Neutralize All the Jeeps,ทำลายรถจี๊ปทั้งหมด,แคมเปญก็อง+มาร์เก็ตการ์เดน (บทพูดภารกิจ),1419400
1419401,Ensure that no Jeeps breach the defensive line. Destroy all of them.,ตรวจสอบให้แน่ใจว่าไม่มีรถจี๊ปฝ่าฝืนแนวป้องกัน ทำลายพวกเขาทั้งหมด,แคมเปญก็อง+มาร์เก็ตการ์เดน (บทพูดภารกิจ),1419401
1419402,Jeep Threat Neutralized,จัดการภัยคุกคามจากรถจี๊ปแล้ว,แคมเปญก็อง+มาร์เก็ตการ์เดน (บทพูดภารกิจ),1419402
1419501,Pick up Light Machine Gun,หยิบปืนกลเบา,แคมเปญก็อง+มาร์เก็ตการ์เดน (บทพูดภารกิจ),1419501
1419502,Pick up Panzershreck,หยิบ Panzershreck ขึ้นมา,แคมเปญก็อง+มาร์เก็ตการ์เดน (บทพูดภารกิจ),1419502
1419503,Click to Deploy Panzer Grenadiers,คลิกเพื่อส่งกำลังรบ แพนเซอร์เกรนาเดียร์,แคมเปญก็อง+มาร์เก็ตการ์เดน (บทพูดภารกิจ),1419503
1419504,Repair with Panzer Grenadiers,ซ่อมแซมด้วย แพนเซอร์เกรนาเดียร์,แคมเปญก็อง+มาร์เก็ตการ์เดน (บทพูดภารกิจ),1419504
1419505,Select Mortar Halftrack,เลือกรถสายพานกึ่งล้อยางปืนครก,แคมเปญก็อง+มาร์เก็ตการ์เดน (บทพูดภารกิจ),1419505
1419506,Mortar Building to Destroy Garrisoned Commandos,สร้างอาคารครกเพื่อทำลายหน่วยคอมมานโดที่ประจำการในอาคาร,แคมเปญก็อง+มาร์เก็ตการ์เดน (บทพูดภารกิจ),1419506
1419507,Pick up Weapon,หยิบอาวุธขึ้นมา,แคมเปญก็อง+มาร์เก็ตการ์เดน (บทพูดภารกิจ),1419507
1419509,Incendiary Barrage,เพลิงไหม้การยิงปูพรม,แคมเปญก็อง+มาร์เก็ตการ์เดน (บทพูดภารกิจ),1419509
1419510,Increase Defensive Capability,เพิ่มความสามารถในการป้องกัน,แคมเปญก็อง+มาร์เก็ตการ์เดน (บทพูดภารกิจ),1419510
1419511,Increase Offensive Capability,เพิ่มความสามารถในการรุก,แคมเปญก็อง+มาร์เก็ตการ์เดน (บทพูดภารกิจ),1419511
1419512,Choose Veterancy Bonus,เลือกโบนัสการเกษียณอายุ,แคมเปญก็อง+มาร์เก็ตการ์เดน (บทพูดภารกิจ),1419512
1419513,Reinforcements have arrived! ,กำลังเสริมมาแล้ว!,แคมเปญก็อง+มาร์เก็ตการ์เดน (บทพูดภารกิจ),1419513
1419514,Armored Car Reinforcement,การเสริมกำลังรถหุ้มเกราะ,แคมเปญก็อง+มาร์เก็ตการ์เดน (บทพูดภารกิจ),1419514
1419515,Mortar Halftrack Reinforcement,เสริมกำลังรถสายพานกึ่งล้อยางปืนครก,แคมเปญก็อง+มาร์เก็ตการ์เดน (บทพูดภารกิจ),1419515
1419516,Left-click to go to Reinforcements,คลิกซ้ายเพื่อไปที่กำลังเสริม,แคมเปญก็อง+มาร์เก็ตการ์เดน (บทพูดภารกิจ),1419516
1419517,Set up Panzer Grenadiers here,ตั้ง แพนเซอร์เกรนาเดียร์ ที่นี่,แคมเปญก็อง+มาร์เก็ตการ์เดน (บทพูดภารกิจ),1419517
1419518,Set up Armored Car here,ติดตั้งรถหุ้มเกราะที่นี่,แคมเปญก็อง+มาร์เก็ตการ์เดน (บทพูดภารกิจ),1419518
1419520,Escaped Jeeps: %1Number%,รถจี๊ปที่หลบหนี: %1Number%,แคมเปญก็อง+มาร์เก็ตการ์เดน (บทพูดภารกิจ),1419520
1419521,One Jeep escaped from Wolfheze.,รถจี๊ปคันหนึ่งหลบหนีจาก Wolfheze,แคมเปญก็อง+มาร์เก็ตการ์เดน (บทพูดภารกิจ),1419521
1419522,Planes Shot Down: %1Number%,เครื่องบินถูกยิงตก: %1Number%,แคมเปญก็อง+มาร์เก็ตการ์เดน (บทพูดภารกิจ),1419522
1419550,Left-click to Select Headquarters,คลิกซ้ายเพื่อเลือกกองบัญชาการ,แคมเปญก็อง+มาร์เก็ตการ์เดน (บทพูดภารกิจ),1419550
1419551,Right-click to pick up LMG,คลิกขวาเพื่อรับ LMG,แคมเปญก็อง+มาร์เก็ตการ์เดน (บทพูดภารกิจ),1419551
1419552,Right-click to pick up Panzershreck,คลิกขวาเพื่อหยิบ Panzershreck,แคมเปญก็อง+มาร์เก็ตการ์เดน (บทพูดภารกิจ),1419552
1419554,Right-click to Repair with Panzer Grenadiers,คลิกขวาเพื่อซ่อมแซมด้วย แพนเซอร์เกรนาเดียร์,แคมเปญก็อง+มาร์เก็ตการ์เดน (บทพูดภารกิจ),1419554
1419557,Right-click to pick up Weapon,คลิกขวาเพื่อรับอาวุธ,แคมเปญก็อง+มาร์เก็ตการ์เดน (บทพูดภารกิจ),1419557
1419559,Click to order an Incendiary Barrage,คลิกเพื่อสั่งระดมยิงกระสุนเพลิง,แคมเปญก็อง+มาร์เก็ตการ์เดน (บทพูดภารกิจ),1419559
1419560,Click to increase defensive capability,คลิกเพื่อเพิ่มความสามารถในการป้องกัน,แคมเปญก็อง+มาร์เก็ตการ์เดน (บทพูดภารกิจ),1419560
1419561,Click to increase offensive capability,คลิกเพื่อเพิ่มความสามารถในการรุก,แคมเปญก็อง+มาร์เก็ตการ์เดน (บทพูดภารกิจ),1419561
1419566,Reinforcements arrive here,กำลังเสริมมาถึงที่นี่,แคมเปญก็อง+มาร์เก็ตการ์เดน (บทพูดภารกิจ),1419566
1420500,"Wolfheze is secure, Brother!",วูล์ฟเฮซปลอดภัยแล้วพี่ชาย!,แคมเปญก็อง+มาร์เก็ตการ์เดน (บทพูดภารกิจ),1420500
1420501,"It is safe to expect the enemy to secure their drop zones and prepare defenses. The longer we take, the more time they have to dig in.",แน่นอนว่าศัตรูจะรักษาเขตทิ้งร่มและเตรียมแนวป้องกัน ยิ่งเราใช้เวลานานเท่าไหร่ พวกมันก็ยิ่งมีเวลาขุดหลุมตั้งรับมากขึ้น,แคมเปญก็อง+มาร์เก็ตการ์เดน (บทพูดภารกิจ),1420501
1420505,"We still do not have contact with Division and Majorgeneral Voss, which means we're on our own.",เรายังไม่มีการติดต่อกับดิวิชั่นและพันตรีวอสส์ ซึ่งหมายความว่าเราอยู่ด้วยตัวเราเอง,แคมเปญก็อง+มาร์เก็ตการ์เดน (บทพูดภารกิจ),1420505
1420508,Assemble the Kampfgruppe and begin offensive operations at once.,รวมกลุ่ม คัมฟ์กรุปเป้ และเริ่มปฏิบัติการรุกทันที,แคมเปญก็อง+มาร์เก็ตการ์เดน (บทพูดภารกิจ),1420508
1420509,"Until we have orders otherwise, our task will be to dislodge the invaders from Wolfheze.  ",จนกว่าเราจะมีคำสั่งเป็นอย่างอื่น หน้าที่ของเราคือขับไล่ผู้รุกรานออกจาก Wolfheze,แคมเปญก็อง+มาร์เก็ตการ์เดน (บทพูดภารกิจ),1420509
1420510,Have the Kampfgruppe move in and neutralize the enemy Drop Zones before they have time to get comfortable!,ให้ คัมฟ์กรุปเป้ เคลื่อนตัวเข้ามาและต่อต้าน Drop Zones ของศัตรูก่อนที่พวกเขาจะมีเวลาทำความคุ้นเคย!,แคมเปญก็อง+มาร์เก็ตการ์เดน (บทพูดภารกิจ),1420510
1420515,"In preparation for an assault, requisition reinforcements from the HQ and Kompanie Command, here.",เพื่อเตรียมการโจมตี ขอกำลังเสริมจาก กองบัญชาการ และกองบัญชาการกอมปานี ที่นี่,แคมเปญก็อง+มาร์เก็ตการ์เดน (บทพูดภารกิจ),1420515
1420516,"That's all Aldrich, I'm counting on you.",นั่นคือทั้งหมดที่ Aldrich ฉันไว้วางใจคุณ,แคมเปญก็อง+มาร์เก็ตการ์เดน (บทพูดภารกิจ),1420516
1420520,"Fucking hell, Captain, we got some more Jerries here!",ให้ตายเถอะ กัปตัน เรามีเจอรี่ส์เพิ่มอีกแล้ว!,แคมเปญก็อง+มาร์เก็ตการ์เดน (บทพูดภารกิจ),1420520
1420521,"Take your medicine like a good boy, Jerry!",ทานยาซะเหมือนเด็กดี เจอร์รี่!,แคมเปญก็อง+มาร์เก็ตการ์เดน (บทพูดภารกิจ),1420521
1420522,"A spoonful of sugar, eh!",น้ำตาลหนึ่งช้อนเอ๊ะ!,แคมเปญก็อง+มาร์เก็ตการ์เดน (บทพูดภารกิจ),1420522
1420523,"Go back to hell, you buggery bastards!",กลับไปลงนรกซะ ไอ้สารเลว!,แคมเปญก็อง+มาร์เก็ตการ์เดน (บทพูดภารกิจ),1420523
1420524,"Think this hurts? You fuckers should see Munich, eh lads! Hahaha!",คิดว่าเจ็บมั้ย? พวกมึงควรได้เจอมิวนิคนะเพื่อน! ฮ่าๆๆ!,แคมเปญก็อง+มาร์เก็ตการ์เดน (บทพูดภารกิจ),1420524
1420525,"Die, you Hun brown hatters!",ตายซะ ไอ้พวกเกลียดชังฮุนสีน้ำตาล!,แคมเปญก็อง+มาร์เก็ตการ์เดน (บทพูดภารกิจ),1420525
1420526,"Move up, men, away from the drop zones!",เคลื่อนพลให้ห่างจากเขตทิ้งร่ม!,แคมเปญก็อง+มาร์เก็ตการ์เดน (บทพูดภารกิจ),1420526
1420527,"Keep a solid line, boys! Jerry's pushing back hard!",ตั้งสติไว้นะเด็กๆ! เจอร์รี่รุกหนัก!,แคมเปญก็อง+มาร์เก็ตการ์เดน (บทพูดภารกิจ),1420527
1420528,"This ain't nothing yet, just wait till 30th Corp arrives!",นี่ยังไม่มีอะไร แค่รอจนกว่า 30th Corp จะมาถึง!,แคมเปญก็อง+มาร์เก็ตการ์เดน (บทพูดภารกิจ),1420528
1420529,"Keep moving forward to Arnhem, men!",มุ่งหน้าสู่ Arnhem ต่อไปนะพวกทหาร!,แคมเปญก็อง+มาร์เก็ตการ์เดน (บทพูดภารกิจ),1420529
1420531,Protect the drop zones!,ปกป้องเขตทิ้งร่ม!,แคมเปญก็อง+มาร์เก็ตการ์เดน (บทพูดภารกิจ),1420531|1420543
1420532,"We're here for your Major Gerneral, Hun!",เรามาที่นี่เพื่อนายพลของคุณ ฮุน!,แคมเปญก็อง+มาร์เก็ตการ์เดน (บทพูดภารกิจ),1420532
1420533,"Give up, and I got the first round, Jerry!",ยอมแพ้แล้วได้รอบแรกเจอรี่!,แคมเปญก็อง+มาร์เก็ตการ์เดน (บทพูดภารกิจ),1420533
1420534,"Fucking hell, mates, that one looks like Matthew! I swear it!",ให้ตายเถอะเพื่อน ไอ้นั่นหน้าเหมือนแมทธิวเลย! ฉันสาบาน!,แคมเปญก็อง+มาร์เก็ตการ์เดน (บทพูดภารกิจ),1420534
1420535,WE need to take that bridge!,เราจำเป็นต้องยึดสะพานนั่น!,แคมเปญก็อง+มาร์เก็ตการ์เดน (บทพูดภารกิจ),1420535
1420536,"To Arnhem, men!",ถึง Arnhem พวกทหาร!,แคมเปญก็อง+มาร์เก็ตการ์เดน (บทพูดภารกิจ),1420536
1420537,Protect the drop zones! We are lost without them!,ปกป้องเขตทิ้งร่มไว้! ถ้าเสียมันไป เราจบกัน!,แคมเปญก็อง+มาร์เก็ตการ์เดน (บทพูดภารกิจ),1420537
1420538,"Die, you bastards!",ให้ตายเถอะไอ้สารเลว!,แคมเปญก็อง+มาร์เก็ตการ์เดน (บทพูดภารกิจ),1420538
1420539,"Drop the routine already, Jerry!",เลิกทำกิจวัตรประจำวันได้แล้ว เจอร์รี่!,แคมเปญก็อง+มาร์เก็ตการ์เดน (บทพูดภารกิจ),1420539
1420540,"Did you see that one, I'd swear it was Stephen!",คุณเห็นอันนั้นไหม ฉันสาบานได้เลยว่าเป็นสตีเฟน!,แคมเปญก็อง+มาร์เก็ตการ์เดน (บทพูดภารกิจ),1420540
1420541,"All hell's broke loose on you, Jerry!",นรกแตกแน่คุณ เจอร์รี่!,แคมเปญก็อง+มาร์เก็ตการ์เดน (บทพูดภารกิจ),1420541
1420542,We need to keep a firm frontline!,เราจำเป็นต้องรักษาแนวหน้าให้มั่นคง!,แคมเปญก็อง+มาร์เก็ตการ์เดน (บทพูดภารกิจ),1420542
1420544,"Think again, Jerry!",คิดใหม่อีกครั้งเจอร์รี่!,แคมเปญก็อง+มาร์เก็ตการ์เดน (บทพูดภารกิจ),1420544
1420545,I'll teach you Germans to mess with the Cloggies!,ฉันจะสอนพวกเยอรมันให้แกยุ่งกับพวกคลกกี้!,แคมเปญก็อง+มาร์เก็ตการ์เดน (บทพูดภารกิจ),1420545
1420546,"Coming for some more are you, Jerry?",มาเพิ่มอีกแล้วเหรอเจอร์รี่?,แคมเปญก็อง+มาร์เก็ตการ์เดน (บทพูดภารกิจ),1420546
1420550,Protect HQ!,ปกป้องกองบัญชาการ!,แคมเปญก็อง+มาร์เก็ตการ์เดน (บทพูดภารกิจ),1420550|1420567
1420551,"We need that bloody glider, lads!",เราต้องการเครื่องร่อนเวรนั่นนะหนุ่มๆ!,แคมเปญก็อง+มาร์เก็ตการ์เดน (บทพูดภารกิจ),1420551
1420552,"Panzer fucks sighted, Captain!",แพนเซอร์เห็นแล้ว กัปตัน!,แคมเปญก็อง+มาร์เก็ตการ์เดน (บทพูดภารกิจ),1420552
1420553,"Rip 'em apart, lads!",แยกพวกมันออกจากกัน หนุ่มๆ!,แคมเปญก็อง+มาร์เก็ตการ์เดน (บทพูดภารกิจ),1420553
1420554,"Stay away from my glider, Hun!",อยู่ห่างจากเครื่องร่อนของฉันนะ ฮุน!,แคมเปญก็อง+มาร์เก็ตการ์เดน (บทพูดภารกิจ),1420554
1420555,"For fucksakes protect the god damn gliders, mates!",สำหรับไอ้เวรนั่น ปกป้องเครื่องร่อนไอ้พระเจ้าเถอะเพื่อน!,แคมเปญก็อง+มาร์เก็ตการ์เดน (บทพูดภารกิจ),1420555
1420560,Fuck mates! Jerry's here!,ไอ้เพื่อน! เจอร์รี่มาแล้ว!,แคมเปญก็อง+มาร์เก็ตการ์เดน (บทพูดภารกิจ),1420560
1420561,"Eat some of my girth, Jerry!",โดนของหนัก ๆ ไปซะ เจอร์รี่!,แคมเปญก็อง+มาร์เก็ตการ์เดน (บทพูดภารกิจ),1420561
1420562,Protect Garrison HQ!,ปกป้องกองบัญชาการเข้าประจำการในอาคาร!,แคมเปญก็อง+มาร์เก็ตการ์เดน (บทพูดภารกิจ),1420562
1420563,Fire Superiority! ,ครองอำนาจการยิง!,แคมเปญก็อง+มาร์เก็ตการ์เดน (บทพูดภารกิจ),1420563
1420564,"Die, you Jerry bastards!",ให้ตายเถอะไอ้เวรเจอร์รี่!,แคมเปญก็อง+มาร์เก็ตการ์เดน (บทพูดภารกิจ),1420564
1420565,"Do 'em in, gents!",เข้ามาเลยสุภาพบุรุษ!,แคมเปญก็อง+มาร์เก็ตการ์เดน (บทพูดภารกิจ),1420565
1420566,"We'll see who rules this land, Jerry!",เรามาดูกันว่าใครปกครองดินแดนนี้ เจอร์รี่!,แคมเปญก็อง+มาร์เก็ตการ์เดน (บทพูดภารกิจ),1420566
1420568,This one's for the Dutchies!,อันนี้สำหรับ Dutchies!,แคมเปญก็อง+มาร์เก็ตการ์เดน (บทพูดภารกิจ),1420568
1420569,"We'll meet you in Berlin, Jerry!",เราจะไปพบคุณที่เบอร์ลิน เจอร์รี่!,แคมเปญก็อง+มาร์เก็ตการ์เดน (บทพูดภารกิจ),1420569
1420570,"Lousy bastards, need to learn some respect!",ไอ้สารเลว จำเป็นต้องเรียนรู้การให้เกียรติบ้าง!,แคมเปญก็อง+มาร์เก็ตการ์เดน (บทพูดภารกิจ),1420570
1420580,We're coming for you bastards!,เรากำลังไปหาคุณไอ้สารเลว!,แคมเปญก็อง+มาร์เก็ตการ์เดน (บทพูดภารกิจ),1420580
1420581,"Move, move, move!",ย้ายย้ายย้าย!,แคมเปญก็อง+มาร์เก็ตการ์เดน (บทพูดภารกิจ),1420581|1434030
1420582,Secure that supply drop!,รักษาอุปทานที่ลดลง!,แคมเปญก็อง+มาร์เก็ตการ์เดน (บทพูดภารกิจ),1420582
1420583,"Get on top of them, men!",ขึ้นไปข้างบนพวกทหาร!,แคมเปญก็อง+มาร์เก็ตการ์เดน (บทพูดภารกิจ),1420583
1420584,Shove your rifles straight up their arses if you have to!,ดันปืนของคุณขึ้นตรงลาถ้าคุณต้องการ!,แคมเปญก็อง+มาร์เก็ตการ์เดน (บทพูดภารกิจ),1420584
1420585,Defend our position!,ปกป้องตำแหน่งของเรา!,แคมเปญก็อง+มาร์เก็ตการ์เดน (บทพูดภารกิจ),1420585
1420586,"We're fucked, Germans are bloody everywhere!",เราแย่แล้ว เยอรมันดักอยู่ทุกมุม!,แคมเปญก็อง+มาร์เก็ตการ์เดน (บทพูดภารกิจ),1420586
1420587,Stay in formation!,อยู่ในรูปแบบ!,แคมเปญก็อง+มาร์เก็ตการ์เดน (บทพูดภารกิจ),1420587
1420588,Fuck! Kill those Huns!,เชี่ยเอ้ย! ฆ่าฮันพวกนั้นซะ!,แคมเปญก็อง+มาร์เก็ตการ์เดน (บทพูดภารกิจ),1420588
1420589,Maintain your position!,รักษาตำแหน่งของคุณ!,แคมเปญก็อง+มาร์เก็ตการ์เดน (บทพูดภารกิจ),1420589
1420600,"We hold everything south of Wolfheze, but the enemy paraforces are controlling the outlying area.",เรายึดทุกสิ่งไว้ทางใต้ของ Wolfheze แต่กองกำลังของศัตรูกำลังควบคุมพื้นที่ห่างไกล,แคมเปญก็อง+มาร์เก็ตการ์เดน (บทพูดภารกิจ),1420600
1420610,Assemble yourselves into combat groups and move to clear resistance in the Drop Zones.,รวมตัวเป็นกลุ่มต่อสู้และเคลื่อนตัวไปสู่การต่อต้านใน Drop Zones,แคมเปญก็อง+มาร์เก็ตการ์เดน (บทพูดภารกิจ),1420610
1420630,The drop zone has been cleared! Keep momentum and move out.,เคลียร์เขตทิ้งร่มแล้ว! รักษาความเร็วและเคลื่อนพลต่อ,แคมเปญก็อง+มาร์เก็ตการ์เดน (บทพูดภารกิจ),1420630
1420640,Mortars! Take cover! Move!,ครก! หลบเร็ว! เคลื่อนพล!,แคมเปญก็อง+มาร์เก็ตการ์เดน (บทพูดภารกิจ),1420640
1420650,Assemble a combat group! Find and destroy those mortars!,รวมกลุ่มต่อสู้! ค้นหาและทำลายครกเหล่านั้น!,แคมเปญก็อง+มาร์เก็ตการ์เดน (บทพูดภารกิจ),1420650
1420660,They've got PIATs! Keep the vehicles away from them!,พวกเขามี PIAT! เก็บยานพาหนะให้ห่างจากพวกเขา!,แคมเปญก็อง+มาร์เก็ตการ์เดน (บทพูดภารกิจ),1420660
1420670,Contact! Anti Tank gun. Alert all vehicles to stay clear! We'll have to destroy it!,ติดต่อ! ปืนต่อสู้รถถัง แจ้งเตือนรถทุกคันให้ชัดเจน! เราจะต้องทำลายมัน!,แคมเปญก็อง+มาร์เก็ตการ์เดน (บทพูดภารกิจ),1420670
1420680,"Do we know what's going on, yet? I hear they want Majorgeneral Voss!",เรารู้หรือยังว่าเกิดอะไรขึ้น? ฉันได้ยินว่าพวกมันต้องการตัวพลตรีฟอสส์!,แคมเปญก็อง+มาร์เก็ตการ์เดน (บทพูดภารกิจ),1420680
1420690,"With all these AT Guns, PIATs, Mortars, it sounds like they came ready for a fight!","ด้วย AT Guns, PIAT, Mortars ทั้งหมดนี้ ดูเหมือนว่าพวกมันพร้อมสำหรับการต่อสู้แล้ว!",แคมเปญก็อง+มาร์เก็ตการ์เดน (บทพูดภารกิจ),1420690
1420700,What the hell! It looks like they where setting up to stay! ,อะไรวะ! ดูเหมือนว่าพวกเขาจะอยู่ที่ไหน!,แคมเปญก็อง+มาร์เก็ตการ์เดน (บทพูดภารกิจ),1420700
1420710,Precisely the kind of performance I like to see! Drop Zone is clear!,เป็นผลงานที่ข้าพเจ้าชอบดูมาก! เขตทิ้งร่มปลอดภัยแล้ว!,แคมเปญก็อง+มาร์เก็ตการ์เดน (บทพูดภารกิจ),1420710
1420720,Get some Mortars up here to clear the way for infantry!,เอาครกขึ้นมาที่นี่เพื่อเปิดทางให้ทหารราบ!,แคมเปญก็อง+มาร์เก็ตการ์เดน (บทพูดภารกิจ),1420720
1420730,Armored Cars would help the cause immensely!,รถหุ้มเกราะจะช่วยได้อย่างมาก!,แคมเปญก็อง+มาร์เก็ตการ์เดน (บทพูดภารกิจ),1420730
1420740,They've takin' over our barracks! I don't want Tommy filth in my bed.,พวกมันยึดค่ายทหารของเราไปแล้ว! ฉันไม่ต้องการให้ทอมมี่สกปรกอยู่บนเตียง,แคมเปญก็อง+มาร์เก็ตการ์เดน (บทพูดภารกิจ),1420740
1420750,I hate flamethrowers. How come we don't got flamethrowers?,ฉันเกลียดเครื่องพ่นไฟ ทำไมเราถึงไม่มีเครื่องพ่นไฟล่ะ?,แคมเปญก็อง+มาร์เก็ตการ์เดน (บทพูดภารกิจ),1420750
1420760,And I thought the commandos were bad out in the open. They're like rats in those houses.,และฉันคิดว่าหน่วยคอมมานโดไม่ดีในที่โล่ง เหมือนหนูในบ้านพวกนั้น,แคมเปญก็อง+มาร์เก็ตการ์เดน (บทพูดภารกิจ),1420760
1420770,"Bravo, Kampfgruppe! Three of the Drop Zones have been cleared. Only one remains!",ไชโย คัมฟ์กรุปเป้! เคลียร์เขตทิ้งร่มไปแล้วสามแห่ง เหลืออีกหนึ่ง!,แคมเปญก็อง+มาร์เก็ตการ์เดน (บทพูดภารกิจ),1420770
1420780,Contact! Enemy Armor! We need Panzerschrecks or Armored support up here!,ติดต่อ! เกราะศัตรู! เราต้องการการสนับสนุน Panzerschrecks หรือ Armored ที่นี่!,แคมเปญก็อง+มาร์เก็ตการ์เดน (บทพูดภารกิจ),1420780
1420790,All squads concentrate fire on one target at a time! Do not let enemy vehicles fall back for repairs!,ทุกทีมมุ่งเป้ายิงไปที่เป้าหมายเดียว! อย่าปล่อยให้ยานพาหนะของศัตรูถอยทัพไปซ่อม!,แคมเปญก็อง+มาร์เก็ตการ์เดน (บทพูดภารกิจ),1420790
1420800,Keep out of range of those AT Guns! Keep your stand off distance!  ,อย่าให้ไกลจาก AT Guns! รักษาระยะห่างระหว่างกัน!,แคมเปญก็อง+มาร์เก็ตการ์เดน (บทพูดภารกิจ),1420800
1420810,"Contact! AT guns. Short, quick bursts!",ติดต่อ! ปืนเอที. ระเบิดสั้นและรวดเร็ว!,แคมเปญก็อง+มาร์เก็ตการ์เดน (บทพูดภารกิจ),1420810
1420820,Der Teufel wird los sein! These Brits sure fortified quickly!,แดร์ ทอยเฟล วิด ลอส เซน! ชาวอังกฤษเหล่านี้เสริมกำลังได้อย่างรวดเร็วอย่างแน่นอน!,แคมเปญก็อง+มาร์เก็ตการ์เดน (บทพูดภารกิจ),1420820
1420825,"Flamethrowers! Hell, get out of range!",เครื่องพ่นไฟ! ให้ตายเถอะ ออกไปจากขอบเขต!,แคมเปญก็อง+มาร์เก็ตการ์เดน (บทพูดภารกิจ),1420825
1420830,"Well done, Kampfgruppe! That was the last of the Drop Zones.",ทำได้ดีมาก คัมฟ์กรุปเป้! นั่นคือเขตทิ้งร่มแห่งสุดท้าย,แคมเปญก็อง+มาร์เก็ตการ์เดน (บทพูดภารกิจ),1420830
1420840,Get the squads to neutralize the mortar threat! We can't afford to stall the attack!,ส่งหน่วยจัดการภัยคุกคามจากครก! เราหยุดการโจมตีไม่ได้!,แคมเปญก็อง+มาร์เก็ตการ์เดน (บทพูดภารกิจ),1420840
1420850,AT Guns! Make sure the vehicles keep clear of its firing arc!,ปืนต่อสู้รถถัง! ตรวจให้แน่ใจว่ายานพาหนะอยู่ห่างจากกรวยยิง!,แคมเปญก็อง+มาร์เก็ตการ์เดน (บทพูดภารกิจ),1420850
1420860,The Asylum will be a tough nut to crack! Have the troops use Incendiary Grenades!,Asylum จะเป็นถั่วที่แข็งแกร่งที่จะแตก! ให้กองทหารใช้ระเบิดเพลิง!,แคมเปญก็อง+มาร์เก็ตการ์เดน (บทพูดภารกิจ),1420860
1420870,Poor Brits holed up in an Asylum. Scares the shit out of me!,ชาวอังกฤษผู้น่าสงสารซ่อนตัวอยู่ในโรงพยาบาล ทำให้ฉันกลัวนะ!,แคมเปญก็อง+มาร์เก็ตการ์เดน (บทพูดภารกิจ),1420870
1420880,Verdammter Mist! Get some fire on their positions!,เวอร์ดัมเทอร์ มิสต์! โจมตีตำแหน่งของพวกเขาซะ!,แคมเปญก็อง+มาร์เก็ตการ์เดน (บทพูดภารกิจ),1420880
1420890,"Did you see the crazies? Lucasz says he ran into a couple this afternoon, didn't have a clue what's going on, sorry bastards!",คุณเห็นคนบ้าไหม? ลูคัสบอกว่าบ่ายนี้เขาบังเอิญไปเจอคู่รักสองคน ไม่รู้ว่าเกิดอะไรขึ้น ขอโทษนะไอ้สารเลว!,แคมเปญก็อง+มาร์เก็ตการ์เดน (บทพูดภารกิจ),1420890
1420891,You think the escaped inmates are dangerous?,คุณคิดว่านักโทษที่หลบหนีออกมาเป็นอันตรายหรือไม่?,แคมเปญก็อง+มาร์เก็ตการ์เดน (บทพูดภารกิจ),1420891
1420900,That Glider is their HQ! We need to destroy it to prevent enemy reinforcements from joining the battle!,เครื่องร่อนนั่นเป็นกองบัญชาการของพวกเขา! เราจำเป็นต้องทำลายมันเพื่อป้องกันไม่ให้กำลังเสริมของศัตรูเข้าร่วมการต่อสู้!,แคมเปญก็อง+มาร์เก็ตการ์เดน (บทพูดภารกิจ),1420900
1420910,"What is this? The Brits seem to want this place pretty badly, what the hell are they doing here?",นี่คืออะไร? ดูเหมือนว่าชาวอังกฤษต้องการสถานที่แห่งนี้อย่างมาก พวกเขากำลังทำอะไรที่นี่?,แคมเปญก็อง+มาร์เก็ตการ์เดน (บทพูดภารกิจ),1420910
1420911,"I don't know, maybe it's a diversion? What do you care anyways? Fighting's fighting!",ฉันไม่รู้ บางทีมันอาจจะเบี่ยงเบนความสนใจ? คุณสนใจอะไรอยู่แล้ว? สู้ก็สู้!,แคมเปญก็อง+มาร์เก็ตการ์เดน (บทพูดภารกิจ),1420911
1420912,"Thanks, arschloch. I'm just curious. This is a pretty fucking huge diversion if you ask me!",ขอบคุณอาร์ชลอช ฉันแค่อยากรู้ นี่เป็นการเบี่ยงเบนความสนใจครั้งใหญ่หากคุณถามฉัน!,แคมเปญก็อง+มาร์เก็ตการ์เดน (บทพูดภารกิจ),1420912
1420980,Excellent! All the British Drop Zones have been cleared! Tonight I will see you all receive twice your regular beer rations! ,ยอดเยี่ยม! เคลียร์พื้นที่ทิ้งร่ม ของอังกฤษทั้งหมดแล้ว! คืนนี้ฉันจะให้พวกนายทุกคนได้รับส่วนแบ่งเบียร์เพิ่มเป็นสองเท่า!,แคมเปญก็อง+มาร์เก็ตการ์เดน (บทพูดภารกิจ),1420980
1421000,Yahoo! We did it! ,ยาฮู! เราทำได้แล้ว!,แคมเปญก็อง+มาร์เก็ตการ์เดน (บทพูดภารกิจ),1421000
1421010,I love you guys... I mean... Good job!,ฉันรักพวกคุณ... ฉันหมายถึง... ทำได้ดีมาก!,แคมเปญก็อง+มาร์เก็ตการ์เดน (บทพูดภารกิจ),1421010
1421020,For a minute there I thought I was dead for sure!,สักพักฉันก็คิดว่าฉันตายแน่!,แคมเปญก็อง+มาร์เก็ตการ์เดน (บทพูดภารกิจ),1421020
1421030,(howls) ,(เสียงหอน),แคมเปญก็อง+มาร์เก็ตการ์เดน (บทพูดภารกิจ),1421030
1421040,"Hahaha, listen to you!",ฮ่าๆ ฟังนะ!,แคมเปญก็อง+มาร์เก็ตการ์เดน (บทพูดภารกิจ),1421040
1421050,"Good job, Henze, I thought you were a bit of a jack ass until I saw you in action. You might make a good Officer someday if you keep it up!",เยี่ยมมาก เฮนเซ่ ฉันคิดว่าคุณคงเป็นไอ้บ้า จนกระทั่งฉันเห็นคุณแสดงท่าทาง สักวันหนึ่งคุณอาจจะเป็นนายทหารสัญญาบัตรที่ดีได้ ถ้าคุณรักษามันไว้!,แคมเปญก็อง+มาร์เก็ตการ์เดน (บทพูดภารกิจ),1421050
1421100,"Look children, get your ass in line, or get out of my fucking squad. ",ดูเด็กๆ เข้าแถว หรือออกไปจากกลุ่มบ้าๆ ของฉันซะ,แคมเปญก็อง+มาร์เก็ตการ์เดน (บทพูดภารกิจ),1421100
1421110,It won't be so easy out here without your mother!,มันไม่ง่ายเลยถ้าไม่มีแม่ของคุณ!,แคมเปญก็อง+มาร์เก็ตการ์เดน (บทพูดภารกิจ),1421110
1421120,How's it feel to hold a rifle?,รู้สึกยังไงบ้างที่ได้ถือปืนไรเฟิล?,แคมเปญก็อง+มาร์เก็ตการ์เดน (บทพูดภารกิจ),1421120
1421125,Deinhard's mother sent him sauerkraut? Have you tried it? It's delectable.,แม่ของไดน์ฮาร์ดส่งพวกไอ้เยอรมันดองให้เขาเหรอ? คุณลองแล้วหรือยัง? มันน่าอร่อย,แคมเปญก็อง+มาร์เก็ตการ์เดน (บทพูดภารกิจ),1421125
1421600,What the hell is this? I thought we ruled Europe?,นี่มันบ้าอะไรเนี่ย? ฉันคิดว่าเราปกครองยุโรปเหรอ?,แคมเปญก็อง+มาร์เก็ตการ์เดน (บทพูดภารกิจ),1421600
1421610,Shouldn't we have more soldiers available to us?,เราควรมีทหารไว้ให้บริการมากกว่านี้มิใช่หรือ?,แคมเปญก็อง+มาร์เก็ตการ์เดน (บทพูดภารกิจ),1421610
1421620,My mother already gave her three sons!,แม่ของฉันให้ลูกชายสามคนแล้ว!,แคมเปญก็อง+มาร์เก็ตการ์เดน (บทพูดภารกิจ),1421620
1422000,Tetrarch Tank! Target it with our light vehicles! ,รถถังเททราร์ช! เล็งด้วยยานพาหนะขนาดเล็กของเรา!,แคมเปญก็อง+มาร์เก็ตการ์เดน (บทพูดภารกิจ),1422000
1422005,"Tetrarch! Grenadiers, target it with your Panzerschreck!",เททราร์ช! กองทัพบก กำหนดเป้าหมายมันด้วย Panzerschreck ของคุณ!,แคมเปญก็อง+มาร์เก็ตการ์เดน (บทพูดภารกิจ),1422005
1422006,"Tetrarch! Grenadiers, target it with your AT grenades!",เททราร์ช! กองทัพบก กำหนดเป้าหมายมันด้วยระเบิด AT ของคุณ!,แคมเปญก็อง+มาร์เก็ตการ์เดน (บทพูดภารกิจ),1422006
1422010,The enemy has Anti Tank weapons! Keep our vehicles away.,ศัตรูมีอาวุธต่อต้านรถถัง! เก็บรถของเราให้ห่าง,แคมเปญก็อง+มาร์เก็ตการ์เดน (บทพูดภารกิจ),1422010
1422020,"They're using heavy machine guns! All Grenadiers, maintain a defensive perimeter! ",พวกเขากำลังใช้ปืนกลหนัก! กองทัพบกทุกคน รักษาขอบเขตการป้องกันไว้!,แคมเปญก็อง+มาร์เก็ตการ์เดน (บทพูดภารกิจ),1422020
1422025,Use a mortar or a vehicle to take it out.,ใช้ครกหรือยานเกราะจัดการมันซะ,แคมเปญก็อง+มาร์เก็ตการ์เดน (บทพูดภารกิจ),1422025
1422030,Sniper! His range is deadly to infantry! Bring in the Armored support!,สไนเปอร์! ระยะของเขาเป็นอันตรายต่อทหารราบ! นำการสนับสนุน Armored เข้ามา!,แคมเปญก็อง+มาร์เก็ตการ์เดน (บทพูดภารกิจ),1422030
1422040,Enemy Sappers have been spotted with flamethrowers! Keep your infantry well out of reach of those flames!,ศัตรู แซปเปอร์ ถูกพบเห็นพร้อมกับเครื่องพ่นไฟ! รักษาทหารราบของคุณให้ดีให้พ้นจากเปลวไฟเหล่านั้น!,แคมเปญก็อง+มาร์เก็ตการ์เดน (บทพูดภารกิจ),1422040
1422050,"PIATS! They may seem rudimentary, but they have a range of 100 meters.",เปียตส์! อาจดูธรรมดา แต่มีระยะ 100 เมตร,แคมเปญก็อง+มาร์เก็ตการ์เดน (บทพูดภารกิจ),1422050
1422055,Stay out of range!,อยู่ห่างจากระยะ!,แคมเปญก็อง+มาร์เก็ตการ์เดน (บทพูดภารกิจ),1422055
1422060,The enemies are garrisoned in buildings. Burn them out with your Incendiary Grenades.,ศัตรูเข้าประจำการในอาคารอยู่ในอาคาร เผาพวกมันด้วยระเบิดเพลิงของคุณ,แคมเปญก็อง+มาร์เก็ตการ์เดน (บทพูดภารกิจ),1422060
1422070,Kampfgruppe Lehr is running low on Fuel Supplies. Capture more Fuel Depots to replenish our supplies faster.,คัมฟ์กรุปเป้ Lehr เชื้อเพลิงเหลือน้อยแล้ว ยึดคลังเชื้อเพลิงเพิ่มเติมเพื่อเติมเสบียงของเราให้เร็วขึ้น,แคมเปญก็อง+มาร์เก็ตการ์เดน (บทพูดภารกิจ),1422070
1422080,The common Brit soldier can't think for himself. Kill their Officers to break their will.,ทหารอังกฤษทั่วไปคิดเองไม่ออก ฆ่านายทหารสัญญาบัตรเพื่อทำลายเจตจำนงของพวกเขา,แคมเปญก็อง+มาร์เก็ตการ์เดน (บทพูดภารกิจ),1422080
1422090,Another Paradrop!! Kampfgruppe at action stations!,มีพลร่มโดดลงมาอีก!! คัมฟ์กรุปเป้ เตรียมพร้อมรบ!,แคมเปญก็อง+มาร์เก็ตการ์เดน (บทพูดภารกิจ),1422090
1422100,The enemy is attempting to re-establish their positions.,ศัตรูกำลังพยายามสร้างตำแหน่งใหม่,แคมเปญก็อง+มาร์เก็ตการ์เดน (บทพูดภารกิจ),1422100
1422110,We need support!! Medic!! Where are our fucking reinforcements! ,เราต้องการการสนับสนุน!! แพทย์!! กำลังเสริมบ้าระห่ำของเราอยู่ที่ไหน!,แคมเปญก็อง+มาร์เก็ตการ์เดน (บทพูดภารกิจ),1422110
1422120,Kill all of those slimy Airborne fucks! Shoot them out of the skies! ,ฆ่า Airborne fucks พวกนั้นให้หมด! ยิงพวกมันลงมาจากท้องฟ้า!,แคมเปญก็อง+มาร์เก็ตการ์เดน (บทพูดภารกิจ),1422120
1422130,Well executed! You've managed to levy their counter-offensive. Kampfgruppe Lehr remains in control of Wolfheze!,ดำเนินการอย่างดี! คุณสามารถจัดเก็บการโจมตีตอบโต้ของพวกเขาได้ คัมฟ์กรุปเป้ Lehr ยังคงควบคุม Wolfheze!,แคมเปญก็อง+มาร์เก็ตการ์เดน (บทพูดภารกิจ),1422130
1422200,Snipers! I will award a medal to the soldier who kills the most snipers!,สไนเปอร์! ฉันจะมอบเหรียญรางวัลให้กับทหารที่สังหารสไนเปอร์ได้มากที่สุด!,แคมเปญก็อง+มาร์เก็ตการ์เดน (บทพูดภารกิจ),1422200
1422210,Snipers... they're like rats - if there's one there's bound to be more about. ,สไนเปอร์... พวกมันก็เหมือนกับหนู ถ้ามีตัวหนึ่ง ก็ต้องมีอะไรมากกว่านี้แน่ๆ,แคมเปญก็อง+มาร์เก็ตการ์เดน (บทพูดภารกิจ),1422210
1422220,"Watch yourselves, men! Snipers can take out squads with fierce efficiency!",ระวังตัวเองด้วยนะทหาร! พลซุ่มยิงสามารถกำจัดหน่วยได้อย่างมีประสิทธิภาพอันดุเดือด!,แคมเปญก็อง+มาร์เก็ตการ์เดน (บทพูดภารกิจ),1422220
1422230,"Shhh, soon nothing will hurt anymore.",จุ๊ๆ อีกไม่นานก็จะไม่มีอะไรเจ็บอีกแล้ว,แคมเปญก็อง+มาร์เก็ตการ์เดน (บทพูดภารกิจ),1422230
1422240,How many more of your men will I kill?,เราจะฆ่าคนของเจ้าอีกกี่คน?,แคมเปญก็อง+มาร์เก็ตการ์เดน (บทพูดภารกิจ),1422240
1422250,"One shot, one kill.",หนึ่งนัดหนึ่งฆ่า,แคมเปญก็อง+มาร์เก็ตการ์เดน (บทพูดภารกิจ),1422250
1422260,You are a prey and I am your hunter.,คุณเป็นเหยื่อและฉันเป็นนักล่าของคุณ,แคมเปญก็อง+มาร์เก็ตการ์เดน (บทพูดภารกิจ),1422260
1422270,All snipers eliminated. Your medal awaits you!,พลซุ่มยิงทั้งหมดถูกกำจัดแล้ว เหรียญของคุณรอคุณอยู่!,แคมเปญก็อง+มาร์เก็ตการ์เดน (บทพูดภารกิจ),1422270
1422300,Look! What do you think it is?,ดู! คุณคิดว่ามันคืออะไร?,แคมเปญก็อง+มาร์เก็ตการ์เดน (บทพูดภารกิจ),1422300
1422310,"I will bring it to Leutnant Berger, stand back.",ฉันจะนำมันไปให้ลอยแนนท์ เบอร์เกอร์ ยืนข้างหลัง,แคมเปญก็อง+มาร์เก็ตการ์เดน (บทพูดภารกิจ),1422310
1422320,"Brother! Look, we've found plans.",พี่ชาย! ดูสิ เราพบแผนแล้ว,แคมเปญก็อง+มาร์เก็ตการ์เดน (บทพูดภารกิจ),1422320
1422330,The British can't be this stupid. They must be fakes. ,คนอังกฤษจะโง่ขนาดนี้ไม่ได้ พวกเขาจะต้องเป็นของปลอม,แคมเปญก็อง+มาร์เก็ตการ์เดน (บทพูดภารกิจ),1422330
1422340,The Royal scum meant to throw us off course.,ขยะหลวงตั้งใจจะเหวี่ยงเราออกนอกเส้นทาง,แคมเปญก็อง+มาร์เก็ตการ์เดน (บทพูดภารกิจ),1422340
1422350,Plans?,แผน?,แคมเปญก็อง+มาร์เก็ตการ์เดน (บทพูดภารกิจ),1422350
1422360,"No matter, we need to give the plans to Voss, he will know what to make of them.",ไม่สำคัญ เราต้องมอบแผนให้กับวอสส์ เขาจะรู้ว่าต้องทำอย่างไร,แคมเปญก็อง+มาร์เก็ตการ์เดน (บทพูดภารกิจ),1422360
1422370,Do we have a radio uplink to Feldmarschall's HQ in Arnhem yet? We need to alert Majorgeneral Voss.,เรามีอัปลิงก์วิทยุไปยังกองบัญชาการของ Feldmarschall ใน Arnhem แล้วหรือยัง? เราต้องแจ้งเตือนพลตรีวอสส์,แคมเปญก็อง+มาร์เก็ตการ์เดน (บทพูดภารกิจ),1422370
1422380,"Radio contact with Arnhem has been re-established, Hauptmann Berger!",การติดต่อทางวิทยุกับ Arnhem ได้รับการสร้างขึ้นใหม่แล้ว เฮาพท์มันน์ Berger!,แคมเปญก็อง+มาร์เก็ตการ์เดน (บทพูดภารกิจ),1422380
1422390,"Majorgerneral Voss is inbound from Arnhem, Hauptmann Berger.",พลตรีฟอสส์ กำลังเดินทางมาจากอาร์เนมครับ ร้อยเอกแบร์เกอร์,แคมเปญก็อง+มาร์เก็ตการ์เดน (บทพูดภารกิจ),1422390
1429001,Secure the Drop Zones,รักษาเขตทิ้งร่มไว้,แคมเปญก็อง+มาร์เก็ตการ์เดน (บทพูดภารกิจ),1429001|1459060
1429002,Drop Zones Secured,วางโซนอย่างปลอดภัย,แคมเปญก็อง+มาร์เก็ตการ์เดน (บทพูดภารกิจ),1429002|1459062
1429003,Neutralize the British threat by capturing the Strategic Points at the Drop Zones.,กำจัดภัยคุกคามของอังกฤษโดยยึดจุดยุทธศาสตร์ที่เขตทิ้งร่ม,แคมเปญก็อง+มาร์เก็ตการ์เดน (บทพูดภารกิจ),1429003
1429020,Defeat the Paratrooper Counterattack,เอาชนะการตอบโต้ของพลร่ม,แคมเปญก็อง+มาร์เก็ตการ์เดน (บทพูดภารกิจ),1429020
1429021,The British are dropping Paratroopers in a desperate counterattack. Keep them from destroying the Headquarters.,อังกฤษกำลังทิ้งพลร่มในการตอบโต้อย่างสิ้นหวัง ป้องกันไม่ให้พวกเขาทำลายกองบัญชาการ,แคมเปญก็อง+มาร์เก็ตการ์เดน (บทพูดภารกิจ),1429021
1429022,Enemy Counterattack Defeated,การตอบโต้ของศัตรูพ่ายแพ้,แคมเปญก็อง+มาร์เก็ตการ์เดน (บทพูดภารกิจ),1429022
1429030,Hunt the Snipers,ตามล่าเหล่าสไนเปอร์,แคมเปญก็อง+มาร์เก็ตการ์เดน (บทพูดภารกิจ),1429030
1429031,The enemy has a number of snipers sneaking about. Find and eliminate them.,ศัตรูมีพลซุ่มยิงจำนวนหนึ่งแอบย่องไป ค้นหาและกำจัดพวกมัน,แคมเปญก็อง+มาร์เก็ตการ์เดน (บทพูดภารกิจ),1429031
1429032,Snipers Eliminated,สไนเปอร์ถูกกำจัด,แคมเปญก็อง+มาร์เก็ตการ์เดน (บทพูดภารกิจ),1429032
1429033,Sniper Killed!,สไนเปอร์ถูกสังหาร!,แคมเปญก็อง+มาร์เก็ตการ์เดน (บทพูดภารกิจ),1429033
1429040,Target Building with Incendiary Grenade,การสร้างเป้าหมายด้วยระเบิดเพลิง,แคมเปญก็อง+มาร์เก็ตการ์เดน (บทพูดภารกิจ),1429040
1429041,Incendiary Grenade,ระเบิดเพลิง,แคมเปญก็อง+มาร์เก็ตการ์เดน (บทพูดภารกิจ),1429041
1429042,Flank the Tetrarch Tank,ขนาบข้างรถถัง Tetrarch,แคมเปญก็อง+มาร์เก็ตการ์เดน (บทพูดภารกิจ),1429042
1429050,Select the Logistik Kompanie Building,เลือกอาคาร Logistik Kompanie,แคมเปญก็อง+มาร์เก็ตการ์เดน (บทพูดภารกิจ),1429050
1429051,Deploy a Scout Car,ส่งรถลาดตระเวน (รถลาดตระเวน) ลงสู่สนามรบ,แคมเปญก็อง+มาร์เก็ตการ์เดน (บทพูดภารกิจ),1429051
1429053,Secure Sector with Logistik Car,ยึดครองเซกเตอร์ด้วยรถสนับสนุนการส่งกำลังบำรุง,แคมเปญก็อง+มาร์เก็ตการ์เดน (บทพูดภารกิจ),1429053
1429054,Select the Scout Car,เลือกรถลาดตระเวน (รถลาดตระเวน),แคมเปญก็อง+มาร์เก็ตการ์เดน (บทพูดภารกิจ),1429054
1429055,Click to Secure Sector,คลิกเพื่อรักษาความปลอดภัยเซกเตอร์,แคมเปญก็อง+มาร์เก็ตการ์เดน (บทพูดภารกิจ),1429055
1429100,Select the Kampfgruppe Kompanie Building,เลือกอาคารคัมฟ์กรุปเป้กอมปานี,แคมเปญก็อง+มาร์เก็ตการ์เดน (บทพูดภารกิจ),1429100
1429101,Upgrade Kampfgruppe Kompanie,อัปเกรดคัมฟ์กรุปเป้กอมปานี,แคมเปญก็อง+มาร์เก็ตการ์เดน (บทพูดภารกิจ),1429101
1429102,Select the Panzer Grenadiers,เลือก แพนเซอร์เกรนาเดียร์,แคมเปญก็อง+มาร์เก็ตการ์เดน (บทพูดภารกิจ),1429102
1429103,Equip Panzer Grenadiers with Panzerschrecks,ติดตั้ง แพนเซอร์เกรนาเดียร์ ด้วย Panzerschrecks,แคมเปญก็อง+มาร์เก็ตการ์เดน (บทพูดภารกิจ),1429103
1429120,Build the Kampfgruppe Kompanie here,สร้างคัมฟ์กรุปเป้กอมปานี ที่นี่,แคมเปญก็อง+มาร์เก็ตการ์เดน (บทพูดภารกิจ),1429120
1429123,Recruit Veteran Squads,รับสมัครทหารผ่านศึก,แคมเปญก็อง+มาร์เก็ตการ์เดน (บทพูดภารกิจ),1429123
1429124,Right-click to capture this point,คลิกขวาเพื่อจับภาพจุดนี้,แคมเปญก็อง+มาร์เก็ตการ์เดน (บทพูดภารกิจ),1429124
1433000,Jerries! Let 'em have it!,เจอร์รี่ส์! ปล่อยให้พวกเขามีมัน!,แคมเปญก็อง+มาร์เก็ตการ์เดน (บทพูดภารกิจ),1433000
1433010,Open fire!,เปิดฉากยิง!,แคมเปญก็อง+มาร์เก็ตการ์เดน (บทพูดภารกิจ),1433010
1433030,They're headed for the bridge!,พวกเขากำลังมุ่งหน้าไปที่สะพาน!,แคมเปญก็อง+มาร์เก็ตการ์เดน (บทพูดภารกิจ),1433030
1433040,Don't let 'em push past!,อย่าปล่อยให้พวกเขาผ่านไป!,แคมเปญก็อง+มาร์เก็ตการ์เดน (บทพูดภารกิจ),1433040
1433050,Hold your positions! They're movin' on the bridge!,ดำรงตำแหน่งของคุณ! พวกเขากำลังเคลื่อนที่อยู่บนสะพาน!,แคมเปญก็อง+มาร์เก็ตการ์เดน (บทพูดภารกิจ),1433050
1433060,"Fuck, gents, kill those German fucks before they do something stupid.",ให้ตายเถอะ สุภาพบุรุษทั้งหลาย ฆ่าไอ้พวกเยอรมันซะ ก่อนที่พวกเขาจะทำอะไรโง่ๆ,แคมเปญก็อง+มาร์เก็ตการ์เดน (บทพูดภารกิจ),1433060
1433070,Stop 'em from getting onto the bridge!,หยุด 'em จากการขึ้นสะพาน!,แคมเปญก็อง+มาร์เก็ตการ์เดน (บทพูดภารกิจ),1433070
1433080,Hold the bridge at all cost!,ยึดสะพานให้มั่น!,แคมเปญก็อง+มาร์เก็ตการ์เดน (บทพูดภารกิจ),1433080
1433090,Bloody hell!,นรกแตก!,แคมเปญก็อง+มาร์เก็ตการ์เดน (บทพูดภารกิจ),1433090
1433100,We're fucked mate!,เรามันแย่นะเพื่อน!,แคมเปญก็อง+มาร์เก็ตการ์เดน (บทพูดภารกิจ),1433100|1434250
1433110,What fuckin' now sir!?,นายจะบ้าอะไรตอนนี้!?,แคมเปญก็อง+มาร์เก็ตการ์เดน (บทพูดภารกิจ),1433110
1433120,They're tryin' to blow the bridge!,พวกเขากำลังพยายามจะพังสะพาน!,แคมเปญก็อง+มาร์เก็ตการ์เดน (บทพูดภารกิจ),1433120|1452680
1433130,Bloody hell! They're tryin' to wire up the bridge!,นรกแตก! พวกเขากำลังพยายามวางสายสะพาน!,แคมเปญก็อง+มาร์เก็ตการ์เดน (บทพูดภารกิจ),1433130
1433140,My ears! I can't hear anything!,หูของฉัน! ฉันไม่ได้ยินอะไรเลย!,แคมเปญก็อง+มาร์เก็ตการ์เดน (บทพูดภารกิจ),1433140
1433150,Shoot the little tractors!,ยิงรถแทรกเตอร์ตัวน้อย!,แคมเปญก็อง+มาร์เก็ตการ์เดน (บทพูดภารกิจ),1433150
1433160,Cut 'em down!,ตัดพวกมันลง!,แคมเปญก็อง+มาร์เก็ตการ์เดน (บทพูดภารกิจ),1433160|1433310|1452720|1452820|1483330
1433170,They're tryin' to blow it!,พวกเขากำลังพยายามจะระเบิดมัน!,แคมเปญก็อง+มาร์เก็ตการ์เดน (บทพูดภารกิจ),1433170
1433180,Cut those fuckin' bastards down!,กำจัดไอ้สารเลวพวกนั้นลงซะ!,แคมเปญก็อง+มาร์เก็ตการ์เดน (บทพูดภารกิจ),1433180
1433190,Demo' troopers! Cut 'em down!,ทหารเดโม่! ตัดพวกมันลง!,แคมเปญก็อง+มาร์เก็ตการ์เดน (บทพูดภารกิจ),1433190
1433200,They're tryin' to set charges!,พวกเขากำลังพยายามตั้งข้อหา!,แคมเปญก็อง+มาร์เก็ตการ์เดน (บทพูดภารกิจ),1433200|1452660
1433210,Don't let them set those charges!,อย่าปล่อยให้พวกเขาตั้งข้อหาเหล่านั้น!,แคมเปญก็อง+มาร์เก็ตการ์เดน (บทพูดภารกิจ),1433210|1452670
1433220,Hit their flank!,โจมตีด้านข้างของพวกเขา!,แคมเปญก็อง+มาร์เก็ตการ์เดน (บทพูดภารกิจ),1433220
1433230,Keep firing!,ยิงต่อไป!,แคมเปญก็อง+มาร์เก็ตการ์เดน (บทพูดภารกิจ),1433230|1434130|1452740
1433240,Adjust your fire!,ปรับแนวยิงของคุณ!,แคมเปญก็อง+มาร์เก็ตการ์เดน (บทพูดภารกิจ),1433240|1452750
1433250,Pour it on! Let 'em have it!,เทมันลงไป! ปล่อยให้พวกเขามีมัน!,แคมเปญก็อง+มาร์เก็ตการ์เดน (บทพูดภารกิจ),1433250
1433260,"Die, you bloody bastards!",ให้ตายเถอะไอ้สารเลว!,แคมเปญก็อง+มาร์เก็ตการ์เดน (บทพูดภารกิจ),1433260
1433270,Kill those fuckin' wankers!,ฆ่าไอ้พวกเวรนั่นซะ!,แคมเปญก็อง+มาร์เก็ตการ์เดน (บทพูดภารกิจ),1433270|1452780
1433280,Shoot 'em!  Shoot 'em!,ยิงพวกมัน! ยิงพวกมัน!,แคมเปญก็อง+มาร์เก็ตการ์เดน (บทพูดภารกิจ),1433280|1452790
1433290,Section fire! Get section fire on those brown hatters!,หมวดระดมยิง! ระดมยิงใส่ไอ้พวกหมวกน้ำตาลนั่นเลย!,แคมเปญก็อง+มาร์เก็ตการ์เดน (บทพูดภารกิจ),1433290
1433300,Get 'em! Let 'em have it!,รับเลย! ปล่อยให้พวกเขามีมัน!,แคมเปญก็อง+มาร์เก็ตการ์เดน (บทพูดภารกิจ),1433300
1433320,What the fuck is that?!,นี่มันบ้าอะไรเนี่ย!,แคมเปญก็อง+มาร์เก็ตการ์เดน (บทพูดภารกิจ),1433320
1433330,Corporal! Look!,สิบโท! ดู!,แคมเปญก็อง+มาร์เก็ตการ์เดน (บทพูดภารกิจ),1433330
1433340,It's a fuckin' midget tank!,มันคือรถถังคนแคระสุดบ้าระห่ำ!,แคมเปญก็อง+มาร์เก็ตการ์เดน (บทพูดภารกิจ),1433340
1433350,Just fuckin' kill it!,ฆ่ามันให้ตายเถอะ!,แคมเปญก็อง+มาร์เก็ตการ์เดน (บทพูดภารกิจ),1433350
1433360,Stop that fuckin' thing!,หยุดไอ้บ้านั่นซะ!,แคมเปญก็อง+มาร์เก็ตการ์เดน (บทพูดภารกิจ),1433360
1433370,Don't let it get to the bridge!,อย่าให้มันไปถึงสะพาน!,แคมเปญก็อง+มาร์เก็ตการ์เดน (บทพูดภารกิจ),1433370
1433380,It's a bomb! Shoot it!,มันเป็นระเบิด! ยิงมัน!,แคมเปญก็อง+มาร์เก็ตการ์เดน (บทพูดภารกิจ),1433380
1433390,Bloody hell! It’s a det' charge!,นรกแตก! มันเป็นดินระเบิด!,แคมเปญก็อง+มาร์เก็ตการ์เดน (บทพูดภารกิจ),1433390
1433400,That's a demo' charge!,นั่นเป็นดินระเบิดการสาธิต!,แคมเปญก็อง+มาร์เก็ตการ์เดน (บทพูดภารกิจ),1433400
1433410,"Come on, you fuckin' bastards!",เอาน่า ไอ้สารเลว!,แคมเปญก็อง+มาร์เก็ตการ์เดน (บทพูดภารกิจ),1433410
1433420,That the best you can do?!,สิ่งที่ดีที่สุดที่คุณสามารถทำได้?!,แคมเปญก็อง+มาร์เก็ตการ์เดน (บทพูดภารกิจ),1433420|1451450
1433430,You bloody mongrels!,ไอ้พวกสารเลว!,แคมเปญก็อง+มาร์เก็ตการ์เดน (บทพูดภารกิจ),1433430
1433440,Bring it on you arse bandits!,เอามันไปซะไอ้พวกโจร!,แคมเปญก็อง+มาร์เก็ตการ์เดน (บทพูดภารกิจ),1433440
1433450,Your mother wears Jack boots!,แม่ของคุณสวมรองเท้าบูทแจ็ค!,แคมเปญก็อง+มาร์เก็ตการ์เดน (บทพูดภารกิจ),1433450
1433460,Fuck you and your pig Latin!,ให้ตายเถอะคุณกับหมูของคุณลาติน!,แคมเปญก็อง+มาร์เก็ตการ์เดน (บทพูดภารกิจ),1433460|1451490
1433470,Your sister's a whore!,น้องสาวของคุณเป็นโสเภณี!,แคมเปญก็อง+มาร์เก็ตการ์เดน (บทพูดภารกิจ),1433470
1433480,Sausage eatin' arse bandits!,ไส้กรอกกินไอ้โจร!,แคมเปญก็อง+มาร์เก็ตการ์เดน (บทพูดภารกิจ),1433480
1433490,Come on! Do something!,มาเร็ว! ทำอะไรสักอย่าง!,แคมเปญก็อง+มาร์เก็ตการ์เดน (บทพูดภารกิจ),1433490
1433500,"We're waitin', you fuckin' tossers!",เรากำลังรออยู่นะ ไอ้พวกโยนไอ้สารเลว!,แคมเปญก็อง+มาร์เก็ตการ์เดน (บทพูดภารกิจ),1433500
1433510,Watch that side!,ระวังด้านนั้น!,แคมเปญก็อง+มาร์เก็ตการ์เดน (บทพูดภารกิจ),1433510
1433520,"Your flank! Your flank, mate!",ปีกของคุณ! ปีกของคุณเพื่อน!,แคมเปญก็อง+มาร์เก็ตการ์เดน (บทพูดภารกิจ),1433520
1433530,Get your lads on the flank!,รับลูก ๆ ของคุณไว้ด้านข้าง!,แคมเปญก็อง+มาร์เก็ตการ์เดน (บทพูดภารกิจ),1433530
1433540,Swing fire! Swing fire!  ,เปลี่ยนทิศทางการยิง! เปลี่ยนทิศทางการยิง!,แคมเปญก็อง+มาร์เก็ตการ์เดน (บทพูดภารกิจ),1433540
1433550,Check fire!,หยุดยิงชั่วคราว!,แคมเปญก็อง+มาร์เก็ตการ์เดน (บทพูดภารกิจ),1433550
1433560,Rally on me!,ชุมนุมกับฉัน!,แคมเปญก็อง+มาร์เก็ตการ์เดน (บทพูดภารกิจ),1433560|1434440
1433570,Bring the section 'round lads!,นำส่วน 'หนุ่มตัวกลม!,แคมเปญก็อง+มาร์เก็ตการ์เดน (บทพูดภารกิจ),1433570
1433580,"I got your back, mate!",ฉันได้รับหลังของคุณเพื่อน!,แคมเปญก็อง+มาร์เก็ตการ์เดน (บทพูดภารกิจ),1433580
1433590,Watch that area!,ระวังบริเวณนั้น!,แคมเปญก็อง+มาร์เก็ตการ์เดน (บทพูดภารกิจ),1433590
1433600,Adjust your fire position!,ปรับตำแหน่งการยิงของคุณ!,แคมเปญก็อง+มาร์เก็ตการ์เดน (บทพูดภารกิจ),1433600
1433610,"Get your lads over there, mate!",พาเด็ก ๆ ของคุณไปที่นั่นเพื่อน!,แคมเปญก็อง+มาร์เก็ตการ์เดน (บทพูดภารกิจ),1433610
1433620,Envelope over! Envelope over!,โอบล้อมแล้ว! โอบล้อมแล้ว!,แคมเปญก็อง+มาร์เก็ตการ์เดน (บทพูดภารกิจ),1433620
1433630,Walk your rounds in!,เดินรอบของคุณ!,แคมเปญก็อง+มาร์เก็ตการ์เดน (บทพูดภารกิจ),1433630|1452070
1433640,Watch that flank!,ดูปีกนั้นสิ!,แคมเปญก็อง+มาร์เก็ตการ์เดน (บทพูดภารกิจ),1433640|1452080
1433650,Covering fire!,คุมเพลิง!,แคมเปญก็อง+มาร์เก็ตการ์เดน (บทพูดภารกิจ),1433650|1433750|1434110|1452190|1483130
1433660,Changin' belts!,เปลี่ยนเข็มขัด!,แคมเปญก็อง+มาร์เก็ตการ์เดน (บทพูดภารกิจ),1433660|1433760|1452100|1452200
1433670,Stoppage!,หยุด!,แคมเปญก็อง+มาร์เก็ตการ์เดน (บทพูดภารกิจ),1433670|1434320|1452110
1433680,Reloading!,กำลังโหลดซ้ำ!,แคมเปญก็อง+มาร์เก็ตการ์เดน (บทพูดภารกิจ),1433680|1452120
1433690,"Reloading! Cover me, mate!",กำลังบรรจุกระสุน! ยิงคุ้มกันฉันด้วยพวก!,แคมเปญก็อง+มาร์เก็ตการ์เดน (บทพูดภารกิจ),1433690
1433700,Will do!,จะทำ!,แคมเปญก็อง+มาร์เก็ตการ์เดน (บทพูดภารกิจ),1433700|1452140
1433710,Rapid rate!,อัตราด่วน!,แคมเปญก็อง+มาร์เก็ตการ์เดน (บทพูดภารกิจ),1433710|1433960|1452150|1452400
1433720,"Group, group, group!",กลุ่ม กลุ่ม กลุ่ม!,แคมเปญก็อง+มาร์เก็ตการ์เดน (บทพูดภารกิจ),1433720|1452160
1433730,Long burst! Long burst!,ระเบิดยาว! ระเบิดยาว!,แคมเปญก็อง+มาร์เก็ตการ์เดน (บทพูดภารกิจ),1433730|1433980
1433740,Ammo! I need some bloody ammo!,กระสุน! ฉันต้องการกระสุนเดี๋ยวนี้!,แคมเปญก็อง+มาร์เก็ตการ์เดน (บทพูดภารกิจ),1433740
1433770,Stoppage! Cover me!,ปืนขัดลำกล้อง! ยิงคุ้มกันฉันด้วย!,แคมเปญก็อง+มาร์เก็ตการ์เดน (บทพูดภารกิจ),1433770
1433780,Changing mags!,เปลี่ยนแม็ก!,แคมเปญก็อง+มาร์เก็ตการ์เดน (บทพูดภารกิจ),1433780|1433800|1434330|1452220|1452240
1433790,Reloading! Cover me!,กำลังบรรจุกระสุน! ยิงคุ้มกันฉันด้วย!,แคมเปญก็อง+มาร์เก็ตการ์เดน (บทพูดภารกิจ),1433790|1452230
1433810,Covering fire! Covering fire!,คุมเพลิง! คุมเพลิง!,แคมเปญก็อง+มาร์เก็ตการ์เดน (บทพูดภารกิจ),1433810
1433820,Suppressive fire! Hold the line!,ยิงกดดัน! รักษาแนวรบไว้!,แคมเปญก็อง+มาร์เก็ตการ์เดน (บทพูดภารกิจ),1433820
1433830,Hold your ground!,ยึดพื้นที่ไว้!,แคมเปญก็อง+มาร์เก็ตการ์เดน (บทพูดภารกิจ),1433830|1452270
1433840,Para's hold your ground!,พารายึดพื้นที่ของคุณไว้!,แคมเปญก็อง+มาร์เก็ตการ์เดน (บทพูดภารกิจ),1433840|1452280
1433850,Push through 'em!,ผลักดันพวกเขา!,แคมเปญก็อง+มาร์เก็ตการ์เดน (บทพูดภารกิจ),1433850|1452290
1433860,Get a runner back to the CP!,รับนักวิ่งกลับ CP!,แคมเปญก็อง+มาร์เก็ตการ์เดน (บทพูดภารกิจ),1433860|1452300
1433870,Pour it on lads!,เทมันลงบนหนุ่มๆ!,แคมเปญก็อง+มาร์เก็ตการ์เดน (บทพูดภารกิจ),1433870
1433880,Die you fuckin' Huns!,ให้ตายเถอะพวกฮุน!,แคมเปญก็อง+มาร์เก็ตการ์เดน (บทพูดภารกิจ),1433880|1452320
1433890,Get those fuckin' wankers!,รับไอ้เวรพวกนั้น!,แคมเปญก็อง+มาร์เก็ตการ์เดน (บทพูดภารกิจ),1433890|1452330
1433900,There's one!,มีอันหนึ่ง!,แคมเปญก็อง+มาร์เก็ตการ์เดน (บทพูดภารกิจ),1433900|1452340
1433910,Right there! Right there!,ตรงนั้น! ตรงนั้น!,แคมเปญก็อง+มาร์เก็ตการ์เดน (บทพูดภารกิจ),1433910
1433920,Watch my splash!,ดูสาดของฉัน!,แคมเปญก็อง+มาร์เก็ตการ์เดน (บทพูดภารกิจ),1433920
1433930,Firing and move! Fire and move!,ยิงแล้วย้าย! ยิงแล้วย้าย!,แคมเปญก็อง+มาร์เก็ตการ์เดน (บทพูดภารกิจ),1433930
1433940,Out of the fuckin' way!,ออกไปให้พ้นทาง!,แคมเปญก็อง+มาร์เก็ตการ์เดน (บทพูดภารกิจ),1433940
1433950,Firing!,ยิง!,แคมเปญก็อง+มาร์เก็ตการ์เดน (บทพูดภารกิจ),1433950|1452360|1452390
1433970,"Team, team, team!",ทีม ทีม ทีม!,แคมเปญก็อง+มาร์เก็ตการ์เดน (บทพูดภารกิจ),1433970|1452410
1433990,Ammo!,กระสุน!,แคมเปญก็อง+มาร์เก็ตการ์เดน (บทพูดภารกิจ),1433990|1452430
1434000,Break through their lines!,ทะลุแนวของพวกเขา!,แคมเปญก็อง+มาร์เก็ตการ์เดน (บทพูดภารกิจ),1434000
1434010,Watch the cross fire!,ระวังแนวยิงประสาน!,แคมเปญก็อง+มาร์เก็ตการ์เดน (บทพูดภารกิจ),1434010
1434020,Get out of that kill-zone!,ออกไปจากเขตสังหารนั่นซะ!,แคมเปญก็อง+มาร์เก็ตการ์เดน (บทพูดภารกิจ),1434020
1434040,Keep moving!,ก้าวต่อไป!,แคมเปญก็อง+มาร์เก็ตการ์เดน (บทพูดภารกิจ),1434040
1434050,Bloody hell! They're everywhere!,นรกแตก! พวกเขาอยู่ทุกที่!,แคมเปญก็อง+มาร์เก็ตการ์เดน (บทพูดภารกิจ),1434050
1434060,Come on lads! Let 'em have it!,มาเลยหนุ่มๆ! ปล่อยให้พวกเขามีมัน!,แคมเปญก็อง+มาร์เก็ตการ์เดน (บทพูดภารกิจ),1434060
1434070,Don't bunch up!,อย่ารวมกลุ่ม!,แคมเปญก็อง+มาร์เก็ตการ์เดน (บทพูดภารกิจ),1434070
1434080,We need to push through them!,เราต้องผ่านมันไปให้ได้!,แคมเปญก็อง+มาร์เก็ตการ์เดน (บทพูดภารกิจ),1434080
1434090,Don't stop! Don't stop!,อย่าหยุด! อย่าหยุด!,แคมเปญก็อง+มาร์เก็ตการ์เดน (บทพูดภารกิจ),1434090
1434100,Run! Run!,วิ่ง! วิ่ง!,แคมเปญก็อง+มาร์เก็ตการ์เดน (บทพูดภารกิจ),1434100
1434120,Suppressive fire!,เพลิงยิงกดดันตรึงพื้นที่!,แคมเปญก็อง+มาร์เก็ตการ์เดน (บทพูดภารกิจ),1434120
1434140,Don't stop!  Keep movin'!,อย่าหยุด! เคลื่อนไหวต่อไป!,แคมเปญก็อง+มาร์เก็ตการ์เดน (บทพูดภารกิจ),1434140
1434150,"Cover me, mate!",ยิงคุ้มกันฉันด้วยพวก!,แคมเปญก็อง+มาร์เก็ตการ์เดน (บทพูดภารกิจ),1434150
1434160,On the flank!,ด้านข้าง!,แคมเปญก็อง+มาร์เก็ตการ์เดน (บทพูดภารกิจ),1434160
1434170,Watch the flank!,จับตาข้างทาง!,แคมเปญก็อง+มาร์เก็ตการ์เดน (บทพูดภารกิจ),1434170
1434180,Keep the section movin'!,ให้ส่วนเคลื่อนไหว!,แคมเปญก็อง+มาร์เก็ตการ์เดน (บทพูดภารกิจ),1434180
1434190,Section fire! Section fire!,หมวดระดมยิง! หมวดระดมยิง!,แคมเปญก็อง+มาร์เก็ตการ์เดน (บทพูดภารกิจ),1434190
1434200,Watch the windows!,ดูหน้าต่าง!,แคมเปญก็อง+มาร์เก็ตการ์เดน (บทพูดภารกิจ),1434200
1434210,Use cover! Use cover!,ใช้ที่กำบัง! ใช้ที่กำบัง!,แคมเปญก็อง+มาร์เก็ตการ์เดน (บทพูดภารกิจ),1434210
1434220,We have to make it around them!,เราต้องทำให้มันอยู่รอบตัวพวกเขา!,แคมเปญก็อง+มาร์เก็ตการ์เดน (บทพูดภารกิจ),1434220
1434230,Push through the town!,บุกเมือง!,แคมเปญก็อง+มาร์เก็ตการ์เดน (บทพูดภารกิจ),1434230
1434240,We have to push through the town!,เราต้องบุกเข้าไปในเมือง!,แคมเปญก็อง+มาร์เก็ตการ์เดน (บทพูดภารกิจ),1434240
1434260,They're waitin' for us!,พวกเขากำลังรอเราอยู่!,แคมเปญก็อง+มาร์เก็ตการ์เดน (บทพูดภารกิจ),1434260
1434270,Fuckin' hell! There's German's everywhere!,โคตรนรก! มีภาษาเยอรมันอยู่ทุกที่!,แคมเปญก็อง+มาร์เก็ตการ์เดน (บทพูดภารกิจ),1434270
1434290,It's a whole fuckin' company!,นี่มันกองร้อยบ้าชัดๆ!,แคมเปญก็อง+มาร์เก็ตการ์เดน (บทพูดภารกิจ),1434290
1434300,Cover and move! Cover and move!,ยิงคุ้มกันแล้วเคลื่อนที่! ยิงคุ้มกันแล้วเคลื่อนที่!,แคมเปญก็อง+มาร์เก็ตการ์เดน (บทพูดภารกิจ),1434300
1434310,Keep movin' lads!,ลุยต่อไปนะเด็กๆ!,แคมเปญก็อง+มาร์เก็ตการ์เดน (บทพูดภารกิจ),1434310
1434350,Throw me a mag!,โยนแม็กให้ฉันหน่อย!,แคมเปญก็อง+มาร์เก็ตการ์เดน (บทพูดภารกิจ),1434350
1434360,Over there!,ตรงนั้น!,แคมเปญก็อง+มาร์เก็ตการ์เดน (บทพูดภารกิจ),1434360
1434370,On me!,กับฉัน!,แคมเปญก็อง+มาร์เก็ตการ์เดน (บทพูดภารกิจ),1434370
1434380,Fuck that! Keep fuckin' movin'!,ไอ้นั่น! เคลื่อนไหวต่อไปเถอะ!,แคมเปญก็อง+มาร์เก็ตการ์เดน (บทพูดภารกิจ),1434380
1434390,Run! Get out of here!,วิ่ง! ออกไปจากที่นี่!,แคมเปญก็อง+มาร์เก็ตการ์เดน (บทพูดภารกิจ),1434390
1434400,They've registered the area!,พวกเขาได้ลงทะเบียนพื้นที่แล้ว!,แคมเปญก็อง+มาร์เก็ตการ์เดน (บทพูดภารกิจ),1434400
1434410,Where's the rest of the platoon?!,หมวดที่เหลืออยู่ที่ไหน!,แคมเปญก็อง+มาร์เก็ตการ์เดน (บทพูดภารกิจ),1434410
1434420,RV on the other side of town!,รถ RV อยู่อีกด้านหนึ่งของเมือง!,แคมเปญก็อง+มาร์เก็ตการ์เดน (บทพูดภารกิจ),1434420
1434430,We have to make our objective!,เราต้องทำให้เป้าหมายของเรา!,แคมเปญก็อง+มาร์เก็ตการ์เดน (บทพูดภารกิจ),1434430
1434450,Stay with me!,อยู่กับฉัน!,แคมเปญก็อง+มาร์เก็ตการ์เดน (บทพูดภารกิจ),1434450
1434460,Keep up!,ติดตาม!,แคมเปญก็อง+มาร์เก็ตการ์เดน (บทพูดภารกิจ),1434460
1434470,Come on!  Let's go!,มาเร็ว! ไปกันเลย!,แคมเปญก็อง+มาร์เก็ตการ์เดน (บทพูดภารกิจ),1434470
1434480,"With me, lads!",กับฉันนะเด็กๆ!,แคมเปญก็อง+มาร์เก็ตการ์เดน (บทพูดภารกิจ),1434480
1434490,It's no fuckin' use!,มันไม่มีประโยชน์หรอกนะ!,แคมเปญก็อง+มาร์เก็ตการ์เดน (บทพูดภารกิจ),1434490
1434500,Get the fuck out of here!,ออกไปจากที่นี่!,แคมเปญก็อง+มาร์เก็ตการ์เดน (บทพูดภารกิจ),1434500
1434510,Get the fuck out of my way!,ออกไปจากทางของฉันซะ!,แคมเปญก็อง+มาร์เก็ตการ์เดน (บทพูดภารกิจ),1434510
1434520,Pull back! Pull back!,ดึงกลับ! ดึงกลับ!,แคมเปญก็อง+มาร์เก็ตการ์เดน (บทพูดภารกิจ),1434520
1434530,Matty's fucked! Matty's fucked!,แมทตี้ เดือด! แมทตี้ เดือด!,แคมเปญก็อง+มาร์เก็ตการ์เดน (บทพูดภารกิจ),1434530
1434540,He's fuckin' down!,เขามันโคตรเลว!,แคมเปญก็อง+มาร์เก็ตการ์เดน (บทพูดภารกิจ),1434540
1434550,They got Shane!,พวกเขาจับเชนได้แล้ว!,แคมเปญก็อง+มาร์เก็ตการ์เดน (บทพูดภารกิจ),1434550
1434560,Oh my God!,โอ้พระเจ้า!,แคมเปญก็อง+มาร์เก็ตการ์เดน (บทพูดภารกิจ),1434560
1434570,Ahhhhh!,อ่า!,แคมเปญก็อง+มาร์เก็ตการ์เดน (บทพูดภารกิจ),1434570
1434580,I'm hit!,ฉันโดน!,แคมเปญก็อง+มาร์เก็ตการ์เดน (บทพูดภารกิจ),1434580
1434590,Help me!,ช่วยฉันด้วย!,แคมเปญก็อง+มาร์เก็ตการ์เดน (บทพูดภารกิจ),1434590|1434710
1434600,Don't shoot! Don't…,อย่ายิง! อย่า…,แคมเปญก็อง+มาร์เก็ตการ์เดน (บทพูดภารกิจ),1434600
1434610,There's too many!,มีมากเกินไป!,แคมเปญก็อง+มาร์เก็ตการ์เดน (บทพูดภารกิจ),1434610
1434620,We're getting' fuckin' slaughtered!,เรากำลังจะถูกฆ่าแบบ 'โคตร' เลย!,แคมเปญก็อง+มาร์เก็ตการ์เดน (บทพูดภารกิจ),1434620
1434630,It's no good!  ,มันไม่ดี!,แคมเปญก็อง+มาร์เก็ตการ์เดน (บทพูดภารกิจ),1434630
1434640,Get around them! Get around…argh…,หลีกเลี่ยงพวกเขา! ไปไหนมาไหน…อ๊าก…,แคมเปญก็อง+มาร์เก็ตการ์เดน (บทพูดภารกิจ),1434640
1434650,Corporal's down!,สิบโทล้มแล้ว!,แคมเปญก็อง+มาร์เก็ตการ์เดน (บทพูดภารกิจ),1434650
1434660,Man down!,ทหารลง!,แคมเปญก็อง+มาร์เก็ตการ์เดน (บทพูดภารกิจ),1434660
1434670,Ahhhhhh!,อ๋อ!,แคมเปญก็อง+มาร์เก็ตการ์เดน (บทพูดภารกิจ),1434670
1434680,Oh God...no!,โอ้พระเจ้า...ไม่!,แคมเปญก็อง+มาร์เก็ตการ์เดน (บทพูดภารกิจ),1434680
1434690,I'm hit! I'm hit!,ฉันโดน! ฉันโดน!,แคมเปญก็อง+มาร์เก็ตการ์เดน (บทพูดภารกิจ),1434690
1434700,I'm not gonna make it!,ฉันจะไม่ทำมัน!,แคมเปญก็อง+มาร์เก็ตการ์เดน (บทพูดภารกิจ),1434700
1434720,Leave me! Keep going!,ทิ้งฉันไว้! ทำต่อไป!,แคมเปญก็อง+มาร์เก็ตการ์เดน (บทพูดภารกิจ),1434720
1435500,Assemble into Combat Groups and get a Goliath on that bridge! ,รวมตัวเป็นกลุ่มต่อสู้และรับโกลิอัทบนสะพานนั้น!,แคมเปญก็อง+มาร์เก็ตการ์เดน (บทพูดภารกิจ),1435500
1435510,If we don't take out the rail bridge we can expect hell to break through!,ถ้าเราไม่รื้อสะพานรถไฟออก เราก็คาดหวังว่านรกจะทะลุไปได้!,แคมเปญก็อง+มาร์เก็ตการ์เดน (บทพูดภารกิจ),1435510
1435520,Get down the road!,ลงถนน!,แคมเปญก็อง+มาร์เก็ตการ์เดน (บทพูดภารกิจ),1435520
1435530,We must destroy the bridge before the Tommies lock it down!,เราต้องทำลายสะพานก่อนที่ Tommies จะปิดมันลง!,แคมเปญก็อง+มาร์เก็ตการ์เดน (บทพูดภารกิจ),1435530
1435540,Taking MG fire! They've got a Bren waiting for us!,กำลังโดนปืนกลยิง! พวกมันมีปืนเบรนดักรอเราอยู่!,แคมเปญก็อง+มาร์เก็ตการ์เดน (บทพูดภารกิจ),1435540
1435550,Just keep moving!! We need to get to the bridge!,แค่ก้าวต่อไป!! เราต้องไปที่สะพาน!,แคมเปญก็อง+มาร์เก็ตการ์เดน (บทพูดภารกิจ),1435550
1435560,Hölle! They're everywhere! Put the pedal to the metal and get us out of here.,โฮลเล่! พวกเขาอยู่ทุกที่! เหยียบคันเร่งกับโลหะ แล้วพาเราออกไปจากที่นี่,แคมเปญก็อง+มาร์เก็ตการ์เดน (บทพูดภารกิจ),1435560
1435570,"Just keep going, men, we're almost there!",สู้ต่อไปนะเพื่อน เราเกือบจะถึงจุดนั้นแล้ว!,แคมเปญก็อง+มาร์เก็ตการ์เดน (บทพูดภารกิจ),1435570
1435580,"Clear the area of all enemy units, Kampfgruppen!",เคลียร์พื้นที่ศัตรูให้หมด คัมฟ์กรุปเป้!,แคมเปญก็อง+มาร์เก็ตการ์เดน (บทพูดภารกิจ),1435580
1435590,"Verdammt, deploy a Goliath from the Munitions Halftrack.",Verdammt ส่งโกลิอัทจาก Munitions รถสายพานกึ่งล้อยาง,แคมเปญก็อง+มาร์เก็ตการ์เดน (บทพูดภารกิจ),1435590
1435595,"Goliath deployed, get it to the bridge.",โกลิอัทเคลื่อนพล พามันไปที่สะพาน,แคมเปญก็อง+มาร์เก็ตการ์เดน (บทพูดภารกิจ),1435595
1435600,"Am vorzüglichsten, the area is cleared of all enemy forces. Get a Goliath to the bridge and quickly!","อีกครั้ง, พื้นที่นี้ปราศจากกองกำลังศัตรูทั้งหมดแล้ว. นำโกลิอัทไปที่สะพานอย่างรวดเร็ว!",แคมเปญก็อง+มาร์เก็ตการ์เดน (บทพูดภารกิจ),1435600
1435610,Airborne drop! Protect the Goliath!,ลอยกลางอากาศ! ปกป้องโกลิอัท!,แคมเปญก็อง+มาร์เก็ตการ์เดน (บทพูดภารกิจ),1435610
1435630,Goliath is in position! Detonate the charges! Blow the Goliath!,โกลิอัทอยู่ในตำแหน่ง! ระเบิดข้อหา! ถล่มโกลิอัท!,แคมเปญก็อง+มาร์เก็ตการ์เดน (บทพูดภารกิจ),1435630
1435632,Munitions Halftrack is down! Call up another one from Headquarters!,Munitions รถสายพานกึ่งล้อยาง ล่มแล้ว! เรียกอีกอันจากกองบัญชาการ!,แคมเปญก็อง+มาร์เก็ตการ์เดน (บทพูดภารกิจ),1435632
1435634,"The Goliath has been destroyed! Quickly, deploy another before reinforcements arrive.",โกลิอัทถูกทำลายแล้ว! จัดกำลังอีกอย่างรวดเร็วก่อนที่กำลังเสริมจะมาถึง,แคมเปญก็อง+มาร์เก็ตการ์เดน (บทพูดภารกิจ),1435634
1435640,Kampfgruppe Lehr has done it!,คัมฟ์กรุปเป้ Lehr ทำได้แล้ว!,แคมเปญก็อง+มาร์เก็ตการ์เดน (บทพูดภารกิจ),1435640
1435650,The damn Brits and Amis will need to find another way across the river! ,พวกบริทและเอมิสต้องข้ามแม่น้ำไปอีกทางหนึ่ง!,แคมเปญก็อง+มาร์เก็ตการ์เดน (บทพูดภารกิจ),1435650
1435660,"Wolfgang, it's finished! The bridge is destroyed!",โวล์ฟกัง จบแล้ว! สะพานพัง!,แคมเปญก็อง+มาร์เก็ตการ์เดน (บทพูดภารกิจ),1435660
1435670,Yahoo!!! We did it!,ยาฮู!!! เราทำได้แล้ว!,แคมเปญก็อง+มาร์เก็ตการ์เดน (บทพูดภารกิจ),1435670
1435680,Scheiße. Leck meine Eier! Look at that!,ไชเซ่. เล็ก ไมเน่ เอียร์! ดูสิ!,แคมเปญก็อง+มาร์เก็ตการ์เดน (บทพูดภารกิจ),1435680
1435690,Verflucht! I love detonating bridges!,แวร์ฟลูชท์! ฉันชอบสะพานระเบิด!,แคมเปญก็อง+มาร์เก็ตการ์เดน (บทพูดภารกิจ),1435690
1435691,"Now that the bridge is destroyed, it is imperative that we expand our defensive line.",ตอนนี้สะพานถูกทำลายแล้ว จำเป็นต้องขยายแนวป้องกันของเรา,แคมเปญก็อง+มาร์เก็ตการ์เดน (บทพูดภารกิจ),1435691
1435692,The British 1st Airborne has paused its assault and is probably regrouping.,กองบินที่ 1 ของอังกฤษหยุดการโจมตีชั่วคราวและอาจรวมกลุ่มใหม่,แคมเปญก็อง+มาร์เก็ตการ์เดน (บทพูดภารกิจ),1435692
1435693,"Reports also indicate that the paratroopers have taken the Heights, send a combat patrol to the area.",รายงานยังระบุด้วยว่าพลร่มได้ยึดพื้นที่สูงแล้วส่งหน่วยลาดตระเวนรบไปยังพื้นที่,แคมเปญก็อง+มาร์เก็ตการ์เดน (บทพูดภารกิจ),1435693
1435694,"Hauptmann Berger, have your troops establish our front and order your brother to prevent the British from reaching Arnhem.",เฮาพท์มันน์ เบอร์เกอร์ โปรดให้กองทหารของคุณตั้งแนวรบของเรา และสั่งน้องชายของคุณ ป้องกันไม่ให้อังกฤษไปถึงอาร์เนม,แคมเปญก็อง+มาร์เก็ตการ์เดน (บทพูดภารกิจ),1435694
1435695,We must move quickly and capture these points. We don't know when the commandos will renew their attack.,เราต้องเคลื่อนที่อย่างรวดเร็วและยึดครองจุดเหล่านี้ เราไม่รู้ว่าหน่วยคอมมานโดจะกลับมาโจมตีอีกครั้งเมื่อใด,แคมเปญก็อง+มาร์เก็ตการ์เดน (บทพูดภารกิจ),1435695
1435696,"Once the area is secured, the Luftwaffe will be sending in support along with Fallschirmjager squads.",เมื่อพื้นที่ได้รับการรักษาความปลอดภัยแล้ว กองทัพ Luftwaffe จะส่งกองกำลังสนับสนุนพร้อมกับทีม Fallschirmjager,แคมเปญก็อง+มาร์เก็ตการ์เดน (บทพูดภารกิจ),1435696
1435698,"Voss better know what he's doing, brother.",วอสส์รู้ดีกว่าว่าเขากำลังทำอะไรน้องชาย,แคมเปญก็อง+มาร์เก็ตการ์เดน (บทพูดภารกิจ),1435698
1435699,Destroying that bridge also cut off our own reinforcements...,การทำลายสะพานนั้นก็ตัดกำลังเสริมของเราเองด้วย...,แคมเปญก็อง+มาร์เก็ตการ์เดน (บทพูดภารกิจ),1435699
1435700,Kampfgruppe Lehr must now expand our defensive positions.,คัมฟ์กรุปเป้ Lehr ตอนนี้ต้องขยายตำแหน่งแนวรับของเรา,แคมเปญก็อง+มาร์เก็ตการ์เดน (บทพูดภารกิจ),1435700
1435710,By securing these two points we can expand our frontlines!,ด้วยการรักษาความปลอดภัยสองจุดนี้ เราจะสามารถขยายแนวหน้าของเราได้!,แคมเปญก็อง+มาร์เก็ตการ์เดน (บทพูดภารกิจ),1435710
1435720,Combat groups assemble and move on that command point!,กลุ่มต่อสู้รวบรวมและเดินหน้าไปยังจุดสั่งการนั้น!,แคมเปญก็อง+มาร์เก็ตการ์เดน (บทพูดภารกิจ),1435720
1435730,Only one remains. Move to the location and secure it.,เหลือเพียงอันเดียวเท่านั้น ย้ายไปยังสถานที่และรักษาความปลอดภัย,แคมเปญก็อง+มาร์เก็ตการ์เดน (บทพูดภารกิจ),1435730
1435740,The enemy is dropping supplies on the Westerbouwing Heights. ,ศัตรูกำลังทิ้งเสบียงบน Westerbouwing Heights,แคมเปญก็อง+มาร์เก็ตการ์เดน (บทพูดภารกิจ),1435740
1435745,"If we have time, secure the target of opportunity as a secondary objective. ",หากเรามีเวลา ให้ยึดเป้าหมายแห่งโอกาสไว้เป็นวัตถุประสงค์รอง,แคมเปญก็อง+มาร์เก็ตการ์เดน (บทพูดภารกิจ),1435745
1435746,"If you manage to capture all the supply drops, I'll give you a medal.",หากคุณสามารถยึดเสบียงที่ลดลงได้ทั้งหมด ฉันจะมอบเหรียญตราให้คุณ,แคมเปญก็อง+มาร์เก็ตการ์เดน (บทพูดภารกิจ),1435746
1435747,The RAF is dropping supplies for the British Paratroopers.,กองทัพอากาศกำลังทิ้งเสบียงให้กับพลร่มอังกฤษ,แคมเปญก็อง+มาร์เก็ตการ์เดน (บทพูดภารกิจ),1435747
1435748,Enemy supply drops have been spotted!,พบการลดลงของเสบียงของศัตรูแล้ว!,แคมเปญก็อง+มาร์เก็ตการ์เดน (บทพูดภารกิจ),1435748
1435749,Additional enemy supply drops have been spotted!,พบการทิ้งเสบียงของศัตรูเพิ่มเติม!,แคมเปญก็อง+มาร์เก็ตการ์เดน (บทพูดภารกิจ),1435749
1435750,Contact! Enemy fire! British Commando squads inbound!,ติดต่อ! ศัตรูยิง! หน่วยคอมมานโดอังกฤษเข้าแล้ว!,แคมเปญก็อง+มาร์เก็ตการ์เดน (บทพูดภารกิจ),1435750
1435751,"The Westerbouwing Heights are ours, thank Tommy for the presents!",Westerbouwing Heights เป็นของเรา ขอบคุณ Tommy สำหรับของขวัญ!,แคมเปญก็อง+มาร์เก็ตการ์เดน (บทพูดภารกิจ),1435751
1435759,Additional reinforcements have arrived!,กำลังเสริมเพิ่มเติมมาแล้ว!,แคมเปญก็อง+มาร์เก็ตการ์เดน (บทพูดภารกิจ),1435759
1435765,Luftwaffe Ground forces can help fortify the area with barbed wire and sand bags.,กองกำลังภาคพื้นดินของกองทัพบกสามารถช่วยเสริมกำลังพื้นที่ด้วยลวดหนามและกระสอบทราย,แคมเปญก็อง+มาร์เก็ตการ์เดน (บทพูดภารกิจ),1435765
1435766,They can also construct the 20mm Flakvierlings and the versatile 88mm Anti Aircraft cannon.,พวกเขายังสามารถสร้างปืน Flakvierling ขนาด 20 มม. และปืนใหญ่ต่อสู้อากาศยาน 88 มม. อเนกประสงค์ได้อีกด้วย,แคมเปญก็อง+มาร์เก็ตการ์เดน (บทพูดภารกิจ),1435766
1435770,They are central to our defensive operations and should complement Kampfgruppe Lehr nicely. ,พวกเขาเป็นศูนย์กลางในการปฏิบัติการแนวรับของเรา และควรเสริมกำลังให้กับคัมป์กรุปเป เลห์ร์อย่างดี,แคมเปญก็อง+มาร์เก็ตการ์เดน (บทพูดภารกิจ),1435770
1435780,Deploy a Flak 38 and cover the approach.,ส่งกำลังรบ Flak 38 และครอบคลุมแนวทาง,แคมเปญก็อง+มาร์เก็ตการ์เดน (บทพูดภารกิจ),1435780
1435790,It will provide a good field of fire.,ตำแหน่งนี้จะช่วยให้มีมุมการยิงที่ดี,แคมเปญก็อง+มาร์เก็ตการ์เดน (บทพูดภารกิจ),1435790
1435800,The Fallschirmjagers are now in support of Kampfgruppe Lehr!,ตอนนี้ทีม Fallschirmjagers สนับสนุน คัมฟ์กรุปเป้ Lehr แล้ว!,แคมเปญก็อง+มาร์เก็ตการ์เดน (บทพูดภารกิจ),1435800
1435810,Luftwaffe Fallschirmjager are now in support!,Luftwaffe Fallschirmjager อยู่ในการสนับสนุนแล้ว!,แคมเปญก็อง+มาร์เก็ตการ์เดน (บทพูดภารกิจ),1435810
1435820,"These men are efficient hunters and are far better than regular infantry, especially when equipped with assault rifles.",คนเหล่านี้เป็นนักล่าที่มีประสิทธิภาพและเก่งกว่าทหารราบทั่วไปมาก โดยเฉพาะอย่างยิ่งเมื่อติดตั้งปืนไรเฟิลจู่โจม,แคมเปญก็อง+มาร์เก็ตการ์เดน (บทพูดภารกิจ),1435820
1435830,"Their stealth allows them to infiltrate enemy lines, use them wisely!",การลักลอบของพวกเขาทำให้พวกเขาสามารถแทรกซึมเข้าไปในแนวศัตรูได้ ใช้พวกมันอย่างชาญฉลาด!,แคมเปญก็อง+มาร์เก็ตการ์เดน (บทพูดภารกิจ),1435830
1435840,SD-2 Butterfly Anti-Personnel Bombs are now in support of the Kampfgruppe Lehr.,SD-2 Butterfly Anti-Personnel Bombs ได้รับการสนับสนุนจาก คัมฟ์กรุปเป้ Lehr แล้ว,แคมเปญก็อง+มาร์เก็ตการ์เดน (บทพูดภารกิจ),1435840
1435850,"Dropped from Luftwaffe Aircraft, the Butterfly Bombs are effective against infantry and light vehicles. ",ระเบิดผีเสื้อ ซึ่งทิ้งลงมาจากเครื่องบินของกองทัพอากาศ มีประสิทธิภาพสูงในการจัดการทหารราบและยานพาหนะเบา,แคมเปญก็อง+มาร์เก็ตการ์เดน (บทพูดภารกิจ),1435850
1435860,Deploy these clever 2 kg 70 fuse devices along the roadways to disrupt enemy movement.,วางอุปกรณ์ฟิวส์ 2 กก. 70 อันชาญฉลาดเหล่านี้ไปตามถนนเพื่อขัดขวางการเคลื่อนไหวของศัตรู,แคมเปญก็อง+มาร์เก็ตการ์เดน (บทพูดภารกิจ),1435860
1435900,Elements of the 1st Airborne enemy combat groups are regrouping in Oosterbeek.,องค์ประกอบของกลุ่มการต่อสู้ศัตรูทางอากาศที่ 1 กำลังรวมตัวกันใหม่ใน Oosterbeek,แคมเปญก็อง+มาร์เก็ตการ์เดน (บทพูดภารกิจ),1435900
1435901,They have the intention of making a push beyond Oosterbeek and into Arnhem.,พวกมันตั้งใจที่จะรุกคืบเลยออสเตอร์เบก เข้าไปยังอาร์เนม,แคมเปญก็อง+มาร์เก็ตการ์เดน (บทพูดภารกิจ),1435901
1435910,It is essential that we protect the way to Arnhem from every approach!,จำเป็นอย่างยิ่งที่เราต้องปกป้องทางสู่ Arnhem จากทุกวิถีทาง!,แคมเปญก็อง+มาร์เก็ตการ์เดน (บทพูดภารกิจ),1435910
1435920,These are the main roads from Oosterbeek to Arnhem.,ถนนเหล่านี้เป็นถนนสายหลักจาก Oosterbeek ไปยัง Arnhem,แคมเปญก็อง+มาร์เก็ตการ์เดน (บทพูดภารกิจ),1435920
1435930,"We can expect a fierce push to secure the roads, here and here.",เราคาดหวังได้ว่าจะมีการผลักดันอย่างดุเดือดเพื่อรักษาความปลอดภัยของถนนที่นี่และที่นี่,แคมเปญก็อง+มาร์เก็ตการ์เดน (บทพูดภารกิจ),1435930
1435940,"If, for some reason, we lose ground on these positions, have the Kampfgruppe fall back to these secondary defenses.",ด้วยเหตุผลบางประการ หากเราสูญเสียตำแหน่งเหล่านี้ ให้ คัมฟ์กรุปเป้ ถอยทัพไปเป็นแนวรับรองเหล่านี้,แคมเปญก็อง+มาร์เก็ตการ์เดน (บทพูดภารกิจ),1435940
1435941,"Stay strong, hold your ground and keep the British out of Arnhem!",เข้มแข็งไว้ ​​ยึดมั่น และป้องกันไม่ให้อังกฤษออกจาก Arnhem!,แคมเปญก็อง+มาร์เก็ตการ์เดน (บทพูดภารกิจ),1435941
1436000,Kampfgruppe Lehr at attention! Assemble at action stations!,คัมฟ์กรุปเป้ Lehr ให้ความสนใจ! รวมตัวกันที่สถานีปฏิบัติการ!,แคมเปญก็อง+มาร์เก็ตการ์เดน (บทพูดภารกิจ),1436000
1436010,Establish forward defensive lines and protect the roads!,สร้างแนวป้องกันข้างหน้าและปกป้องถนน!,แคมเปญก็อง+มาร์เก็ตการ์เดน (บทพูดภารกิจ),1436010
1436020,Scheiße! Gliders!,ไชเซ่! เครื่องร่อน!,แคมเปญก็อง+มาร์เก็ตการ์เดน (บทพูดภารกิจ),1436020
1436030,Prepare for enemy Armor!,เตรียมเกราะศัตรู!,แคมเปญก็อง+มาร์เก็ตการ์เดน (บทพูดภารกิจ),1436030
1436031,Kampfgruppe forward observers are reporting inbound RAF P-47 Fighter-Bombers!,ผู้สังเกตการณ์ล่วงหน้า คัมฟ์กรุปเป้ รายงานเครื่องบินทิ้งระเบิด RAF P-47 ขาเข้า!,แคมเปญก็อง+มาร์เก็ตการ์เดน (บทพูดภารกิจ),1436031
1436032,Bomber formation inbound!,ขบวนเครื่องบินทิ้งระเบิดเข้ามาแล้ว!,แคมเปญก็อง+มาร์เก็ตการ์เดน (บทพูดภารกิจ),1436032
1436034,Scheiße! Find cover!,ไชเซ่! หาที่กำบัง!,แคมเปญก็อง+มาร์เก็ตการ์เดน (บทพูดภารกิจ),1436034
1436040,Enemy P-47 Fighter formation has been spotted inbound!,พบเห็นขบวนเครื่องบินรบ P-47 ของศัตรูเข้ามาแล้ว!,แคมเปญก็อง+มาร์เก็ตการ์เดน (บทพูดภารกิจ),1436040
1436041,Fighter formation incoming!,ขบวนนักสู้กำลังเข้ามา!,แคมเปญก็อง+มาร์เก็ตการ์เดน (บทพูดภารกิจ),1436041
1436043,Enemy P-47 Fighter formation inbound! How many of these can they thow at us!,ขบวนเครื่องบินรบ P-47 ของศัตรูเข้ามาแล้ว! พวกเขาสามารถขว้างเราได้กี่อัน!,แคมเปญก็อง+มาร์เก็ตการ์เดน (บทพูดภารกิจ),1436043
1436044,They're almost on top of us!,พวกมันเกือบจะอยู่เหนือพวกเราแล้ว!,แคมเปญก็อง+มาร์เก็ตการ์เดน (บทพูดภารกิจ),1436044
1436045,"Duck! Duck, mein Kampfgruppe ",เป็ด! เป็ด mein คัมฟ์กรุปเป้,แคมเปญก็อง+มาร์เก็ตการ์เดน (บทพูดภารกิจ),1436045
1436046,British P-47s! They can't keep this up much longer!,พี-47 ของอังกฤษ! พวกเขาทนเรื่องนี้ต่อไปไม่ไหวแล้ว!,แคมเปญก็อง+มาร์เก็ตการ์เดน (บทพูดภารกิจ),1436046
1436047,"The storm is growing worse, hold out and the bombers should let up!",พายุกำลังทวีความรุนแรงยิ่งขึ้น อดทนไว้ และมือระเบิดก็ควรยอมแพ้!,แคมเปญก็อง+มาร์เก็ตการ์เดน (บทพูดภารกิจ),1436047
1436048,Man defensive positions and take cover!,เข้าประจำตำแหน่งป้องกันและหาที่กำบัง!,แคมเปญก็อง+มาร์เก็ตการ์เดน (บทพูดภารกิจ),1436048
1436049,Verdammt! They're relentless!,เวอร์ดัมท์! พวกเขาไม่หยุดยั้ง!,แคมเปญก็อง+มาร์เก็ตการ์เดน (บทพูดภารกิจ),1436049
1436050,The storm is finally here. The British don't have the balls to fly in bad weather. ,ในที่สุดพายุก็มาถึงแล้ว ชาวอังกฤษไม่มีลูกบอลให้บินในสภาพอากาศเลวร้าย,แคมเปญก็อง+มาร์เก็ตการ์เดน (บทพูดภารกิจ),1436050
1436051,Thank God. I thought we were finished. ,ขอบคุณพระเจ้า ฉันคิดว่าเราเสร็จแล้ว,แคมเปญก็อง+มาร์เก็ตการ์เดน (บทพูดภารกิจ),1436051
1436052,I don't think I've ever welcomed a storm so openly.,ฉันไม่คิดว่าฉันจะเคยต้อนรับพายุอย่างเปิดเผยขนาดนี้มาก่อน,แคมเปญก็อง+มาร์เก็ตการ์เดน (บทพูดภารกิจ),1436052
1436070,Scheiße! We're losing ground!,ไชเซ่! เรากำลังสูญเสียพื้นที่!,แคมเปญก็อง+มาร์เก็ตการ์เดน (บทพูดภารกิจ),1436070
1436080,They've captured a sector! Retake it!,พวกมันยึดเซกเตอร์ไปได้แล้ว! ชิงมันกลับมา!,แคมเปญก็อง+มาร์เก็ตการ์เดน (บทพูดภารกิจ),1436080
1436090,Fallback! Fallback! Rally on the train station! Form a defensive line on that area!,ถอยทัพ! ถอยทัพ! ชุมนุมบนสถานีรถไฟ! สร้างแนวรับในบริเวณนั้น!,แคมเปญก็อง+มาร์เก็ตการ์เดน (บทพูดภารกิจ),1436090
1436100,They've flanked us! Adjust the line! Adjust the line!,พวกมันขนาบข้างเราแล้ว! ปรับสาย! ปรับสาย!,แคมเปญก็อง+มาร์เก็ตการ์เดน (บทพูดภารกิจ),1436100
1436110,"They've pushed through our flank! Zum Teufel, block their axis of advance!",พวกมันรุกเข้ามาทางปีกของเราแล้ว! ซุม ทอยเฟล ขวางแกนรุกของพวกเขาไว้!,แคมเปญก็อง+มาร์เก็ตการ์เดน (บทพูดภารกิจ),1436110
1436120,"Verdammt, there's too many of them! We need to fallback, the battle is lost!",Verdammt มีมากเกินไป! เราต้องถอย การต่อสู้แพ้แล้ว!,แคมเปญก็อง+มาร์เก็ตการ์เดน (บทพูดภารกิจ),1436120
1436121,Sector recaptured! Form a defensive line and don't lose it again.,ชิงเซกเตอร์กลับคืนมาได้แล้ว! จัดแนวตั้งรับและอย่าเสียมันไปอีกเด็ดขาด,แคมเปญก็อง+มาร์เก็ตการ์เดน (บทพูดภารกิจ),1436121
1436122,Sector secured!,ยึดเซกเตอร์ได้สำเร็จแล้ว!,แคมเปญก็อง+มาร์เก็ตการ์เดน (บทพูดภารกิจ),1436122
1436123,Road secured! Set up a security picket! Quickly!,ถนนปลอดภัย! ตั้งด่านรักษาความปลอดภัย! อย่างรวดเร็ว!,แคมเปญก็อง+มาร์เก็ตการ์เดน (บทพูดภารกิจ),1436123
1436124,"Keep holding out, the storm is closing fast!",อดทนไว้ พายุกำลังจะปิดตัวลงอย่างรวดเร็ว!,แคมเปญก็อง+มาร์เก็ตการ์เดน (บทพูดภารกิจ),1436124
1436125,"I can see the dark clouds overhead, the RAF can't fight in this for long.",มองเห็นเมฆดำทะมึนเหนือหัว กองทัพอากาศสู้ไม่ได้นาน,แคมเปญก็อง+มาร์เก็ตการ์เดน (บทพูดภารกิจ),1436125
1436126,"Feel those drops, look at the wind! Just keep those commandos occupied and we'll have beat them!",รู้สึกถึงหยดเหล่านั้น มองดูสายลม! เพียงแค่เก็บหน่วยคอมมานโดเหล่านั้นไว้และเราจะเอาชนะพวกมันได้!,แคมเปญก็อง+มาร์เก็ตการ์เดน (บทพูดภารกิจ),1436126
1436130,"We've done it! My congratulations, Kampfgruppe! The Majorgeneral will be pleased.",เราทำเสร็จแล้ว! ขอแสดงความยินดีด้วย คัมฟ์กรุปเป้! พลเอกคงจะยินดี,แคมเปญก็อง+มาร์เก็ตการ์เดน (บทพูดภารกิจ),1436130
1436140,"The enemy is retreating, and their air assault has been called off!",ศัตรูกำลังถอยทัพ และการโจมตีทางอากาศของพวกมันก็ถูกยกเลิก!,แคมเปญก็อง+มาร์เก็ตการ์เดน (บทพูดภารกิจ),1436140
1436150,Hold these positions. Do not mount a forward offensive!,ดำรงตำแหน่งเหล่านี้ อย่าโจมตีไปข้างหน้า!,แคมเปญก็อง+มาร์เก็ตการ์เดน (บทพูดภารกิจ),1436150
1436160,We don't have enough troops allocated to mount a counter-attack on the commandos! Let them have Oosterbeek for now.,เรามีกำลังทหารไม่เพียงพอที่จะตอบโต้การโจมตีหน่วยคอมมานโด! ให้พวกเขามี Oosterbeek ไปก่อน,แคมเปญก็อง+มาร์เก็ตการ์เดน (บทพูดภารกิจ),1436160
1436161,Zeitsoldat! What are you up to? Return to your primary objectives. ,ไซท์โซลดาท! คุณทำอะไรอยู่? กลับสู่วัตถุประสงค์หลักของคุณ,แคมเปญก็อง+มาร์เก็ตการ์เดน (บทพูดภารกิจ),1436161
1436162,"Kampfgruppe, if you don't follow orders, you may unleash a much greater assault force!",คัมฟ์กรุปเป้ ถ้าคุณไม่ปฏิบัติตามคำสั่ง คุณอาจปล่อยพลังโจมตีที่ยิ่งใหญ่กว่านี้ได้!,แคมเปญก็อง+มาร์เก็ตการ์เดน (บทพูดภารกิจ),1436162
1436163,Zum Teufel! You've given the main enemy assualt force full knowledge of Kampfgruppen presence!,ซุม ทอยเฟล! คุณได้ให้ความรู้แก่ศัตรูหลักเกี่ยวกับการมีอยู่ของ คัมฟ์กรุปเป้!,แคมเปญก็อง+มาร์เก็ตการ์เดน (บทพูดภารกิจ),1436163
1439050,Destroy the Bridge using a Goliath,ทำลายสะพานโดยใช้โกลิอัท,แคมเปญก็อง+มาร์เก็ตการ์เดน (บทพูดภารกิจ),1439050
1439051,Use the Munitions Halftrack to deploy a Goliath to detonate the bridge before the Commandos secure the area.,ใช้ Munitions รถสายพานกึ่งล้อยาง เพื่อวางกำลังโกลิอัทเพื่อจุดชนวนสะพานก่อนที่หน่วยคอมมานโดจะเข้ายึดพื้นที่,แคมเปญก็อง+มาร์เก็ตการ์เดน (บทพูดภารกิจ),1439051
1439052,Deploy Goliath from Halftrack,ส่งกำลังรบโกลิอัทจาก รถสายพานกึ่งล้อยาง,แคมเปญก็อง+มาร์เก็ตการ์เดน (บทพูดภารกิจ),1439052
1439060,Capture Westerbouwing Heights,ยึดครองความสูงเวสเตอร์โบวิง,แคมเปญก็อง+มาร์เก็ตการ์เดน (บทพูดภารกิจ),1439060
1439061,Commandos have taken the heights next to the Rhine river. Capture the Strategic Point on the hill and eliminate all enemies.,หน่วยคอมมานโดได้ยึดครองความสูงที่อยู่ติดกับแม่น้ำไรน์ ยึดจุดยุทธศาสตร์บนเนินเขาและกำจัดศัตรูทั้งหมด,แคมเปญก็อง+มาร์เก็ตการ์เดน (บทพูดภารกิจ),1439061
1439062,Westerbouwing Heights Captured,เวสเตอร์โบวิงไฮท์สถูกยึด,แคมเปญก็อง+มาร์เก็ตการ์เดน (บทพูดภารกิจ),1439062
1439063,Target Slit Trench with Incendiary Grenade,กำหนดเป้าหมายร่องลึกด้วย Incendiary Grenade,แคมเปญก็อง+มาร์เก็ตการ์เดน (บทพูดภารกิจ),1439063
1439070,Defend the Roads to Arnhem,ปกป้องถนนสู่ Arnhem,แคมเปญก็อง+มาร์เก็ตการ์เดน (บทพูดภารกิจ),1439070
1439071,Prevent the Commandos from capturing the Strategic Points along the roads leading into Arnhem.,ป้องกันไม่ให้หน่วยคอมมานโดยึดจุดยุทธศาสตร์ตามถนนที่นำไปสู่อาร์เนม,แคมเปญก็อง+มาร์เก็ตการ์เดน (บทพูดภารกิจ),1439071
1439073,Defend this Strategic Point,ปกป้องจุดยุทธศาสตร์นี้,แคมเปญก็อง+มาร์เก็ตการ์เดน (บทพูดภารกิจ),1439073|1449102
1439074,Recapture this Strategic Point,ยึดจุดยุทธศาสตร์นี้กลับคืนมา,แคมเปญก็อง+มาร์เก็ตการ์เดน (บทพูดภารกิจ),1439074|1489129
1439075,Roads to Arnhem Secured,ถนนสู่ Arnhem ปลอดภัยแล้ว,แคมเปญก็อง+มาร์เก็ตการ์เดน (บทพูดภารกิจ),1439075
1439080,Capture Supply Drops,จับอุปทานลดลง,แคมเปญก็อง+มาร์เก็ตการ์เดน (บทพูดภารกิจ),1439080
1439081,Capture the Supply Drops to prevent the Commandos from resupplying.,จับเสบียงที่ลดลงเพื่อป้องกันไม่ให้หน่วยคอมมานโดเติมเสบียง,แคมเปญก็อง+มาร์เก็ตการ์เดน (บทพูดภารกิจ),1439081
1439082,Order Squad to Capture Supply Drops,สั่งทีมเพื่อจับเสบียงที่ลดลง,แคมเปญก็อง+มาร์เก็ตการ์เดน (บทพูดภารกิจ),1439082
1439083,Supply Drops Captured,อุปทานลดลงถูกจับ,แคมเปญก็อง+มาร์เก็ตการ์เดน (บทพูดภารกิจ),1439083
1439090,Establish a Front Line,จัดตั้งแนวหน้า,แคมเปญก็อง+มาร์เก็ตการ์เดน (บทพูดภารกิจ),1439090
1439091,Capture the Strategic Points to establish a front line.,ยึดจุดยุทธศาสตร์เพื่อสร้างแนวหน้า,แคมเปญก็อง+มาร์เก็ตการ์เดน (บทพูดภารกิจ),1439091
1439092,Front Line Established,แนวหน้าก่อตั้งขึ้น,แคมเปญก็อง+มาร์เก็ตการ์เดน (บทพูดภารกิจ),1439092
1439100,Target Building to Call in Fallschirmjagers,อาคารเป้าหมายที่จะเรียก Fallschirmjagers,แคมเปญก็อง+มาร์เก็ตการ์เดน (บทพูดภารกิจ),1439100
1439110,Destroy the Artillery,ทำลายปืนใหญ่,แคมเปญก็อง+มาร์เก็ตการ์เดน (บทพูดภารกิจ),1439110|1489103
1439111,Artillery Destroyed,ปืนใหญ่ถูกทำลาย,แคมเปญก็อง+มาร์เก็ตการ์เดน (บทพูดภารกิจ),1439111|1449252|1489106
1439112,Seek out the Commando's artillery and destroy it.,ค้นหาปืนใหญ่ของคอมมานโดและทำลายมัน,แคมเปญก็อง+มาร์เก็ตการ์เดน (บทพูดภารกิจ),1439112
1439200,Company Commander Available,ผู้บัญชาการกองร้อยพร้อมให้บริการ,แคมเปญก็อง+มาร์เก็ตการ์เดน (บทพูดภารกิจ),1439200
1439201,Open Build Options Menu,เปิดเมนูตัวเลือกการสร้าง,แคมเปญก็อง+มาร์เก็ตการ์เดน (บทพูดภารกิจ),1439201
1439202,Build Flak 38 ,สร้างฟลัค 38,แคมเปญก็อง+มาร์เก็ตการ์เดน (บทพูดภารกิจ),1439202
1439203,Select Luftwaffe Squad,เลือกหน่วยกองทัพบก,แคมเปญก็อง+มาร์เก็ตการ์เดน (บทพูดภารกิจ),1439203
1439204,Detonate Goliath on the Bridge,ระเบิดโกลิอัทบนสะพาน,แคมเปญก็อง+มาร์เก็ตการ์เดน (บทพูดภารกิจ),1439204
1439205,Deploy a Munitions Halftrack,วางกำลัง รถสายพานกึ่งล้อยาง อาวุธยุทโธปกรณ์,แคมเปญก็อง+มาร์เก็ตการ์เดน (บทพูดภารกิจ),1439205
1439210,Recruit Fallschirmjagers,รับสมัคร Fallschirmjagers,แคมเปญก็อง+มาร์เก็ตการ์เดน (บทพูดภารกิจ),1439210
1439300,Incoming Glider!,เครื่องร่อนที่กำลังเข้ามา!,แคมเปญก็อง+มาร์เก็ตการ์เดน (บทพูดภารกิจ),1439300
1439302,Incoming Bren Carrier!,เบรน แคเรียร์ กำลังมา!,แคมเปญก็อง+มาร์เก็ตการ์เดน (บทพูดภารกิจ),1439302
1439304,%1SingularMinute% minute until the Storm arrives,%1SingularMinute% นาทีก่อนที่พายุจะมาถึง,แคมเปญก็อง+มาร์เก็ตการ์เดน (บทพูดภารกิจ),1439304
1439305,%1NumberOfMinutes% minutes until the Storm arrives,%1NumberOfMinutes% นาทีก่อนที่พายุจะมาถึง,แคมเปญก็อง+มาร์เก็ตการ์เดน (บทพูดภารกิจ),1439305
1439306,Entering Enemy Territory,เข้าสู่ดินแดนศัตรู,แคมเปญก็อง+มาร์เก็ตการ์เดน (บทพูดภารกิจ),1439306
1440550,Kampfgruppe Lehr at attention! Move into Valkenswaard and clear the lead enemy elements!,คัมฟ์กรุปเป้ Lehr ให้ความสนใจ! เคลื่อนตัวเข้าสู่วาลเคนสวาร์ดและเคลียร์องค์ประกอบศัตรูหลัก!,แคมเปญก็อง+มาร์เก็ตการ์เดน (บทพูดภารกิจ),1440550
1440560,Remember your primary objective is to stall the British 30th Corps Column. ,โปรดจำไว้ว่าวัตถุประสงค์หลักของคุณคือการหยุดคอลัมน์กองพลที่ 30 ของอังกฤษ,แคมเปญก็อง+มาร์เก็ตการ์เดน (บทพูดภารกิจ),1440560
1440570,Form up into Combat groups and advance on the target!,รวมตัวเป็นกลุ่มต่อสู้และก้าวไปสู่เป้าหมาย!,แคมเปญก็อง+มาร์เก็ตการ์เดน (บทพูดภารกิจ),1440570
1440572,Panzer Marder III M Tank Hunter in support!,Panzer Marder III M Tank Hunter สนับสนุนแล้ว!,แคมเปญก็อง+มาร์เก็ตการ์เดน (บทพูดภารกิจ),1440572
1440574,"Built on the chassis of the Panzer 38-t, her AT weapon takes 75mm ammunition rounds, and should leave holes in most any armor!",สร้างขึ้นบนตัวถังของ Panzer 38-t อาวุธ AT ของเธอใช้กระสุน 75 มม. และน่าจะมีรูบนเกราะส่วนใหญ่!,แคมเปญก็อง+มาร์เก็ตการ์เดน (บทพูดภารกิจ),1440574
1440576,The Marder's firepower will be critical in disabling Woomer's Command Tank. ,อำนาจการยิงของ Marder จะมีความสำคัญอย่างยิ่งในการปิดการใช้งาน Command Tank ของ Woomer,แคมเปญก็อง+มาร์เก็ตการ์เดน (บทพูดภารกิจ),1440576
1440580,British Armor! Get a Panzerschreck on that Stuart!,เกราะอังกฤษ! เอา Panzerschreck ไปใส่ Stuart ตัวนั้นซะ!,แคมเปญก็อง+มาร์เก็ตการ์เดน (บทพูดภารกิจ),1440580
1440590,Zum Teufel Tommies! Take out the Officers to break the Infantry morale!,ซุม ทอยเฟิล ทอมมี่! นำนายทหารสัญญาบัตรออกมาเพื่อทำลายขวัญกำลังใจของทหารราบ!,แคมเปญก็อง+มาร์เก็ตการ์เดน (บทพูดภารกิจ),1440590
1440600,Contact! Eliminate them before they complete the emaplcement!,ติดต่อ! กำจัดพวกมันก่อนที่พวกมันจะเสร็จสิ้นการจัดสรร!,แคมเปญก็อง+มาร์เก็ตการ์เดน (บทพูดภารกิจ),1440600
1440610,Du scheißt' mich an! We've got contact with a Brit Sappers attempting to establish defenses! Destroy the arschlochen!,Du scheißt' mich an! เราได้ติดต่อกับบริท แซปเปอร์สที่กำลังพยายามสร้างแนวป้องกัน! ทำลายอาร์ชโลเชน!,แคมเปญก็อง+มาร์เก็ตการ์เดน (บทพูดภารกิจ),1440610
1440620,They have Anti Tank weapons covering the main road.,พวกเขามีอาวุธต่อต้านรถถังปกคลุมถนนสายหลัก,แคมเปญก็อง+มาร์เก็ตการ์เดน (บทพูดภารกิจ),1440620
1440630,Unless we can mount a blitz. We'll need to find another way into the city.,เว้นแต่เราจะสามารถโจมตีแบบสายฟ้าแลบได้ เราต้องหาทางเข้าไปในเมืองอีก,แคมเปญก็อง+มาร์เก็ตการ์เดน (บทพูดภารกิจ),1440630
1440640,Field reports show there are alternate routes to the objective.  ,รายงานภาคสนามแสดงให้เห็นว่ามีเส้นทางอื่นไปยังวัตถุประสงค์,แคมเปญก็อง+มาร์เก็ตการ์เดน (บทพูดภารกิจ),1440640
1440645,There should be a foot bridge over the canal the troops can use.  Find it - move quickly.,ควรมีสะพานเดินเท้าข้ามคลองที่ทหารสามารถใช้ได้ ค้นหามัน - เคลื่อนไหวอย่างรวดเร็ว,แคมเปญก็อง+มาร์เก็ตการ์เดน (บทพูดภารกิจ),1440645
1440650,Contact! Enemy Armor! It's Woomer's command tank!,ติดต่อ! เกราะศัตรู! มันคือรถถังสั่งการของ Woomer!,แคมเปญก็อง+มาร์เก็ตการ์เดน (บทพูดภารกิจ),1440650
1440660,Destroy the Command Vehicle and they'll pull back to regroup!,ทำลาย Command Vehicle แล้วพวกมันจะถอยทัพเพื่อจัดกลุ่มใหม่!,แคมเปญก็อง+มาร์เก็ตการ์เดน (บทพูดภารกิจ),1440660
1440670,"The town isn't safe, we need to pull back and inform the rest of 30th Corps.",เมืองนี้ไม่ปลอดภัย เราต้องถอยทัพและแจ้งหน่วยที่ 30 ที่เหลือ,แคมเปญก็อง+มาร์เก็ตการ์เดน (บทพูดภารกิจ),1440670
1440680,Commonwealth Command tank eliminated! 30th Corps forward observers are retreating from the Valkenswaard.,รถถัง Commonwealth Command กำจัดแล้ว! ผู้สังเกตการณ์ข้างหน้ากองพลที่ 30 กำลังถอยออกจากวาลเคนสวาร์ด,แคมเปญก็อง+มาร์เก็ตการ์เดน (บทพูดภารกิจ),1440680
1440690,We need to establish a forward base of operations and quickly!,เราจำเป็นต้องสร้างฐานปฏิบัติการล่วงหน้าและรวดเร็ว!,แคมเปญก็อง+มาร์เก็ตการ์เดน (บทพูดภารกิจ),1440690
1440700,Look at Tommy run! ,ดูทอมมี่วิ่งสิ!,แคมเปญก็อง+มาร์เก็ตการ์เดน (บทพูดภารกิจ),1440700
1440710,"Gets them every time, damn Brits don't know what to do without their commanders!! What fools!",โดนพวกมันทุกครั้ง ไอ้อังกฤษไม่รู้จะทำอะไรถ้าไม่มีผู้บังคับบัญชา!! คนโง่อะไร!,แคมเปญก็อง+มาร์เก็ตการ์เดน (บทพูดภารกิจ),1440710
1440720,I'm hoping the main column will blow over so easily!,ฉันหวังว่าคอลัมน์หลักจะพังทลายลงอย่างง่ายดาย!,แคมเปญก็อง+มาร์เก็ตการ์เดน (บทพูดภารกิจ),1440720
1440740,We must ready preparations for the British 30th Corps.,เราต้องเตรียมการสำหรับกองพลที่ 30 ของอังกฤษ,แคมเปญก็อง+มาร์เก็ตการ์เดน (บทพูดภารกิจ),1440740
1441010,The enemy's recon forces have retreated out of Valkenswaard. ,กองกำลังลาดตระเวนของศัตรูได้ถอยออกจากวาลเคนสวาร์ดแล้ว,แคมเปญก็อง+มาร์เก็ตการ์เดน (บทพูดภารกิจ),1441010
1441015,"Kampfgruppe Grenadiers have moved in to establish an HQ in the town Cathedral, here. ",คัมฟ์กรุปเป้เกรนาเดียร์ได้เคลื่อนเข้ามาตั้งกองบัญชาการในมหาวิหารประจำเมือง,แคมเปญก็อง+มาร์เก็ตการ์เดน (บทพูดภารกิจ),1441015
1441020,30th Corps will be arriving shortly.,กองพลที่ 30 จะมาถึงในไม่ช้า,แคมเปญก็อง+มาร์เก็ตการ์เดน (บทพูดภารกิจ),1441020
1441025,Previous encounters with the 9th Panzer SS Division indicate the formation is heavily armored.,การเผชิญหน้ากับกองพลยานเกราะ SS ที่ 9 ก่อนหน้านี้บ่งชี้ว่าขบวนนี้มีเกราะหนา,แคมเปญก็อง+มาร์เก็ตการ์เดน (บทพูดภารกิจ),1441025
1441030,30th Corps orders are to advance up the highway and link their drop zones through this area.,คำสั่งของกองพลที่ 30 ให้รุกขึ้นไปบนทางหลวงและเชื่อมโยงโซนปล่อยของพวกเขาผ่านบริเวณนี้,แคมเปญก็อง+มาร์เก็ตการ์เดน (บทพูดภารกิจ),1441030
1441040,Kampfgruppe Lehr must prevent the British forces from capturing any of the strategic sectors along this roadway and delay the column. ,คัมฟ์กรุปเป้ Lehr ต้องป้องกันไม่ให้กองกำลังอังกฤษเข้ายึดพื้นที่ทางยุทธศาสตร์ใดๆ ตามแนวถนนสายนี้ และทำให้เสาล่าช้าออกไป,แคมเปญก็อง+มาร์เก็ตการ์เดน (บทพูดภารกิจ),1441040
1441050,Assemble the Kampfgruppe and set up defensive positions just outside the village.,รวมกลุ่ม คัมฟ์กรุปเป้ และตั้งตำแหน่งป้องกันนอกหมู่บ้าน,แคมเปญก็อง+มาร์เก็ตการ์เดน (บทพูดภารกิจ),1441050
1441060,"Build Roadblocks, here and here.",สร้างสิ่งกีดขวางบนถนนที่นี่และที่นี่,แคมเปญก็อง+มาร์เก็ตการ์เดน (บทพูดภารกิจ),1441060
1441070,"If we can delay the 30th Corps until nightfall, we'll buy enough time for Kampfgruppe Lehr to deal with the additional paratrooper landings to the north.",หากเราสามารถเลื่อนกองพลที่ 30 ออกไปได้จนถึงค่ำ เราจะซื้อเวลาเพียงพอให้ คัมฟ์กรุปเป้ Lehr จัดการกับพลร่มเพิ่มเติมที่ยกพลขึ้นบกทางตอนเหนือ,แคมเปญก็อง+มาร์เก็ตการ์เดน (บทพูดภารกิจ),1441070
1441100,Grenadiers! Assemble yourselves and move to the grid locations north of town.,กองทัพบก! รวบรวมตัวเองและย้ายไปยังตำแหน่งกริดทางตอนเหนือของเมือง,แคมเปญก็อง+มาร์เก็ตการ์เดน (บทพูดภารกิจ),1441100
1441110,"Set up defenses! We need AT weapons and road obstructions, our enemy will be arriving shortly. Move!",ตั้งค่าการป้องกัน! เราต้องการอาวุธ AT และสิ่งกีดขวางบนถนน ศัตรูของเราจะมาถึงในไม่ช้า เคลื่อนไหว!,แคมเปญก็อง+มาร์เก็ตการ์เดน (บทพูดภารกิจ),1441110
1441112,Kampfgruppen! Additional Marders will be critical in delaying 30th Corps.,คัมฟ์กรุปเป้! มาร์เดอร์เพิ่มเติมจะสำคัญยิ่งต่อการชะลอกองพลที่ 30,แคมเปญก็อง+มาร์เก็ตการ์เดน (บทพูดภารกิจ),1441112
1441114,Set up the Panzer-Jager Kommand structure near the church in order to deploy them.,ติดตั้งโครงสร้าง Panzer-Jager Kommand ใกล้กับโบสถ์เพื่อเคลื่อนกำลัง,แคมเปญก็อง+มาร์เก็ตการ์เดน (บทพูดภารกิจ),1441114
1441116,Build a command structure near the church in order to deploy them.,สร้างโครงสร้างการบังคับบัญชาใกล้กับโบสถ์เพื่อใช้งาน,แคมเปญก็อง+มาร์เก็ตการ์เดน (บทพูดภารกิจ),1441116
1441118,Structure complete! Call up the Marders!,โครงสร้างเสร็จสมบูรณ์! เรียกพวกมาร์เดอร์ออกมา!,แคมเปญก็อง+มาร์เก็ตการ์เดน (บทพูดภารกิจ),1441118
1441120,Call in some Marders! Deploy them around the town to ambush any counterattack.  ,โทรหา Marders หน่อยสิ! วางกำลังพวกมันไปทั่วเมืองเพื่อซุ่มโจมตีการตอบโต้,แคมเปญก็อง+มาร์เก็ตการ์เดน (บทพูดภารกิจ),1441120
1441130,"Leutnant Deinhard, assemble a fighting patrol and Booby Trap that Strategic Point. If necessary scorch the area.",ร้อยโท ไดน์ฮาร์ด รวบรวมหน่วยลาดตระเวนต่อสู้และกับดักบูบี้จุดยุทธศาสตร์ หากจำเป็นให้แผดเผาบริเวณนั้น,แคมเปญก็อง+มาร์เก็ตการ์เดน (บทพูดภารกิจ),1441130
1441140,Build Roadblocks to funnel targets into a kill zone and prevent them access into town.,สร้างสิ่งกีดขวางบนถนนเพื่อส่งเป้าหมายเข้าไปในเขตสังหารและป้องกันไม่ให้พวกเขาเข้าไปในเมือง,แคมเปญก็อง+มาร์เก็ตการ์เดน (บทพูดภารกิจ),1441140
1441150,Take the troops and start booby trapping structures the enemy might use for cover.,นำกองทหารและเริ่มวางกับดักที่ศัตรูอาจใช้เป็นที่กำบัง,แคมเปญก็อง+มาร์เก็ตการ์เดน (บทพูดภารกิจ),1441150
1441160,Get a squad together and man those abandoned AT Guns!,รวมทีมและจัดการกับ AT Guns ที่ถูกทิ้งร้าง!,แคมเปญก็อง+มาร์เก็ตการ์เดน (บทพูดภารกิจ),1441160
1441170,Reinforce the defensive line with those abandoned AT Guns.,เสริมกำลังแนวป้องกันด้วย AT Guns ที่ถูกทิ้งร้าง,แคมเปญก็อง+มาร์เก็ตการ์เดน (บทพูดภารกิจ),1441170
1441180,Have the troops man any abandoned AT Guns they find.,ให้ทหารควบคุมปืน AT Gun ที่พวกเขาพบ,แคมเปญก็อง+มาร์เก็ตการ์เดน (บทพูดภารกิจ),1441180
1441310,The 30th Corps Column has moved into the area! Prepare the assault!,กองพลที่ 30 ได้ย้ายเข้ามาในพื้นที่แล้ว! เตรียมโจมตี!,แคมเปญก็อง+มาร์เก็ตการ์เดน (บทพูดภารกิจ),1441310
1441320,Garrison the Cathedral and upgrade it to a Medical Center.,Garrison the Cathedral และอัพเกรดเป็น Medical Center,แคมเปญก็อง+มาร์เก็ตการ์เดน (บทพูดภารกิจ),1441320
1441321,Garrison the Cathedral and upgrade it to a Field Barracks.,กองทหารอาสนวิหารและอัปเกรดเป็นค่ายทหารสนาม,แคมเปญก็อง+มาร์เก็ตการ์เดน (บทพูดภารกิจ),1441321
1441330,It will act as a forward base of operations for our Kampfgruppe.,มันจะทำหน้าที่เป็นฐานปฏิบัติการล่วงหน้าสำหรับ คัมฟ์กรุปเป้ ของเรา,แคมเปญก็อง+มาร์เก็ตการ์เดน (บทพูดภารกิจ),1441330
1441332,A supply line must be in place to support any forward HQ position!,ต้องมีสายการผลิตเพื่อรองรับตำแหน่ง HQ ข้างหน้า!,แคมเปญก็อง+มาร์เก็ตการ์เดน (บทพูดภารกิจ),1441332
1441334,Assemble the troops and have them secure the strategic points along the road. It's the only way to get a supply line operational to forward lines.,รวบรวมกองกำลังและให้พวกเขารักษาจุดยุทธศาสตร์ไว้ตามถนน นี่เป็นวิธีเดียวที่จะทำให้สายการจัดหาปฏิบัติงานไปยังรายการส่งต่อ,แคมเปญก็อง+มาร์เก็ตการ์เดน (บทพูดภารกิจ),1441334
1441336,Supply lines to church have been established.,มีการจัดตั้งสายส่งสิ่งของสำหรับโบสถ์แล้ว,แคมเปญก็อง+มาร์เก็ตการ์เดน (บทพูดภารกิจ),1441336
1441340,The Cathedral is garrisoned. Now deploy a Medical Center.,มหาวิหารเข้าประจำการในอาคาร ตอนนี้จัดวางศูนย์การแพทย์,แคมเปญก็อง+มาร์เก็ตการ์เดน (บทพูดภารกิจ),1441340
1441341,The Catherdal is garrisoned. Now establish a Field Barracks.,Catherdal เข้าประจำการในอาคาร ตอนนี้สร้างค่ายทหารสนาม,แคมเปญก็อง+มาร์เก็ตการ์เดน (บทพูดภารกิจ),1441341
1441342,"Unable to establish a forward base, our supply lines are broken!",ไม่สามารถสร้างฐานทัพหน้าได้ เส้นอุปทานของเราพัง!,แคมเปญก็อง+มาร์เก็ตการ์เดน (บทพูดภารกิจ),1441342
1441350,Grenadiers have established a forward Medical Center!,เกรนาเดียร์ได้จัดตั้งศูนย์การแพทย์ล่วงหน้าแล้ว!,แคมเปญก็อง+มาร์เก็ตการ์เดน (บทพูดภารกิจ),1441350
1441355,Grenadiers have established a forward Barracks.,กองทัพบกได้จัดตั้งค่ายทหารที่อยู่ข้างหน้า,แคมเปญก็อง+มาร์เก็ตการ์เดน (บทพูดภารกิจ),1441355
1441360,There is a park east of the Church ideal for forward base building. ,มีสวนสาธารณะทางตะวันออกของโบสถ์ที่เหมาะสำหรับการสร้างฐานด้านหน้า,แคมเปญก็อง+มาร์เก็ตการ์เดน (บทพูดภารกิจ),1441360
1441365,We need to move quickly. Direct additional recruits to begin establishing a base. ,เราต้องเคลื่อนไหวอย่างรวดเร็ว สั่งการรับสมัครเพิ่มเติมเพื่อเริ่มสร้างฐาน,แคมเปญก็อง+มาร์เก็ตการ์เดน (บทพูดภารกิจ),1441365
1441370,"Jerry sighted, lads!",เจอร์รี่เห็นแล้ว หนุ่มๆ !,แคมเปญก็อง+มาร์เก็ตการ์เดน (บทพูดภารกิจ),1441370
1441390,"Defensive line encountered! In formation, lads!",พบแนวป้องกันแล้ว! ในรูปแบบนะเด็กๆ!,แคมเปญก็อง+มาร์เก็ตการ์เดน (บทพูดภารกิจ),1441390
1441400,"Enemy contact on Valkenswaard north approach, send support. I say again, send support!",การติดต่อกับศัตรูที่ทางเข้า Valkenswaard ทางเหนือ ส่งการสนับสนุน ฉันพูดอีกครั้งส่งการสนับสนุน!,แคมเปญก็อง+มาร์เก็ตการ์เดน (บทพูดภารกิจ),1441400
1441410,"Enemy contact on Valkenswaard south approach, send support. I say again, send support!!",การติดต่อกับศัตรูที่ Valkenswaard เข้าใกล้ทางใต้ ส่งการสนับสนุน พูดอีกครั้งส่งกำลังใจ!!,แคมเปญก็อง+มาร์เก็ตการ์เดน (บทพูดภารกิจ),1441410
1441420,"Enemy contact on Valkenswaard west approach, send support. I say again, send support!",การติดต่อกับศัตรูที่ Valkenswaard เข้าใกล้ทางทิศตะวันตก ส่งการสนับสนุน ฉันพูดอีกครั้งส่งการสนับสนุน!,แคมเปญก็อง+มาร์เก็ตการ์เดน (บทพูดภารกิจ),1441420
1441430,Fucking hell lads! Save your sorry arses!,บ้าเอ๊ยพวกเรา! วิ่งหนีเอาชีวิตรอดกันเร็วเข้า!,แคมเปญก็อง+มาร์เก็ตการ์เดน (บทพูดภารกิจ),1441430
1441440,"This is useless! Run, mates!",นี่มันไร้ประโยชน์! วิ่งสิเพื่อน!,แคมเปญก็อง+มาร์เก็ตการ์เดน (บทพูดภารกิจ),1441440
1441450,Johnny's down! Beat it.,จอห์นนี่พัง! เอาชนะมัน,แคมเปญก็อง+มาร์เก็ตการ์เดน (บทพูดภารกิจ),1441450
1441460,Du scheißt' mich an! Armor inbound!,Du scheißt' mich an! เกราะเข้าแล้ว!,แคมเปญก็อง+มาร์เก็ตการ์เดน (บทพูดภารกิจ),1441460
1441470,Tommy cookers sighted!,ทอมมี่ คุกเกอร์ส มองเห็นแล้ว!,แคมเปญก็อง+มาร์เก็ตการ์เดน (บทพูดภารกิจ),1441470
1441480,Scheiße! Heavy Armor is approaching!,ไชเซ่! เฮฟวี่อาร์เมอร์กำลังใกล้เข้ามาแล้ว!,แคมเปญก็อง+มาร์เก็ตการ์เดน (บทพูดภารกิจ),1441480
1441490,We have Heavy British Armor inbound!,เรามีเกราะอังกฤษหนักเข้ามาแล้ว!,แคมเปญก็อง+มาร์เก็ตการ์เดน (บทพูดภารกิจ),1441490
1441510,Infantry are inbound and moving to capture!,ทหารราบกำลังรุกเข้ามาและเคลื่อนพลเพื่อจับกุม!,แคมเปญก็อง+มาร์เก็ตการ์เดน (บทพูดภารกิจ),1441510
1441520,Defend our territory!,ปกป้องดินแดนของเรา!,แคมเปญก็อง+มาร์เก็ตการ์เดน (บทพูดภารกิจ),1441520
1441570,Troops are reporting self propelled artillery guns moving into range. Spread the troops out to minimize casualties!,กองกำลังรายงานว่ามีปืนใหญ่อัตตาจรเคลื่อนเข้ามาในระยะ กระจายกองกำลังออกไปเพื่อลดการบาดเจ็บล้มตาย!,แคมเปญก็อง+มาร์เก็ตการ์เดน (บทพูดภารกิจ),1441570
1441580,Gather a fighting patrol! We need to destroy that artillery.,รวบรวมหน่วยลาดตระเวนต่อสู้! เราจำเป็นต้องทำลายปืนใหญ่นั่น,แคมเปญก็อง+มาร์เก็ตการ์เดน (บทพูดภารกิจ),1441580
1441590,Don't bunch up! Spread out!,อย่ารวมกลุ่ม! กระจายออกไป!,แคมเปญก็อง+มาร์เก็ตการ์เดน (บทพูดภารกิจ),1441590
1441600,Incoming! Get out of the target zone!,กำลังมา! ออกจากโซนเป้าหมาย!,แคมเปญก็อง+มาร์เก็ตการ์เดน (บทพูดภารกิจ),1441600
1441610,Scheiße! Find cover! Get the troops to cover!,ไชเซ่! หาที่กำบัง! ยกทัพมาคุ้มกัน!,แคมเปญก็อง+มาร์เก็ตการ์เดน (บทพูดภารกิจ),1441610
1441620,Artillery! Get out of the kill-zone!,ปืนใหญ่! ออกไปจากเขตสังหาร!,แคมเปญก็อง+มาร์เก็ตการ์เดน (บทพูดภารกิจ),1441620
1441630,Enemy forces are securing ground! Get a combat group together and stop them!,กองกำลังศัตรูกำลังยึดพื้นที่ไว้แล้ว! รวมกลุ่มต่อสู้และหยุดพวกมัน!,แคมเปญก็อง+มาร์เก็ตการ์เดน (บทพูดภารกิจ),1441630
1441632,Infantry are capturing a section of the road!,ทหารราบกำลังยึดส่วนหนึ่งของถนน!,แคมเปญก็อง+มาร์เก็ตการ์เดน (บทพูดภารกิจ),1441632
1441634,Enemy forces are gaining ground. Push them back!,กองกำลังของศัตรูกำลังเข้ายึดพื้นที่ ผลักพวกเขากลับ!,แคมเปญก็อง+มาร์เก็ตการ์เดน (บทพูดภารกิจ),1441634
1441636,They've almost secure a road sector! Stop them!,พวกเขาเกือบยึดพื้นที่ถนนได้แล้ว! หยุดพวกเขา!,แคมเปญก็อง+มาร์เก็ตการ์เดน (บทพูดภารกิจ),1441636
1441638,30th Corps is taking the road! Secure the area!,กองพลที่ 30 กำลังออกเดินทาง! ยึดพื้นที่!,แคมเปญก็อง+มาร์เก็ตการ์เดน (บทพูดภารกิจ),1441638
1441640,Get a combat group together and stop them!,รวมกลุ่มต่อสู้และหยุดพวกมัน!,แคมเปญก็อง+มาร์เก็ตการ์เดน (บทพูดภารกิจ),1441640
1441650,A section of the road has fallen into enemy hands.,ส่วนหนึ่งของถนนตกอยู่ในมือของศัตรู,แคมเปญก็อง+มาร์เก็ตการ์เดน (บทพูดภารกิจ),1441650
1441660,Any further penetration will jeopardize our lines!,การเจาะเข้าไปอีกจะเป็นอันตรายต่อแนวของเรา!,แคมเปญก็อง+มาร์เก็ตการ์เดน (บทพูดภารกิจ),1441660
1441670,The British have taken Valkenswaard. Get it back!,อังกฤษยึดครองวาลเคนสวาร์ดได้แล้ว รับมันกลับมา!,แคมเปญก็อง+มาร์เก็ตการ์เดน (บทพูดภารกิจ),1441670
1441680,British forces have moved beyond Valkenswaard. Stop them!,กองทัพอังกฤษได้เคลื่อนทัพไปไกลกว่าวาลเคนสวาร์ดแล้ว หยุดพวกเขา!,แคมเปญก็อง+มาร์เก็ตการ์เดน (บทพูดภารกิจ),1441680
1441690,British forces have taken most of the roadway.,กองทัพอังกฤษยึดครองถนนส่วนใหญ่แล้ว,แคมเปญก็อง+มาร์เก็ตการ์เดน (บทพูดภารกิจ),1441690
1441700,"British forces are at the final point, we must stop them here!",กองกำลังอังกฤษมาถึงจุดสุดท้ายแล้ว เราต้องหยุดพวกมันไว้ที่นี่!,แคมเปญก็อง+มาร์เก็ตการ์เดน (บทพูดภารกิจ),1441700
1441710,Keep up the good work men! They'll never make it past us!,ติดตามคนทำงานได้ดี! พวกมันจะไม่มีวันผ่านเราไปได้!,แคมเปญก็อง+มาร์เก็ตการ์เดน (บทพูดภารกิจ),1441710
1441720,Good job men! Just keep up the delay tactics!,ทหารงานดี! Just keep up the delay tactics!,แคมเปญก็อง+มาร์เก็ตการ์เดน (บทพูดภารกิจ),1441720
1441730,Stay on them!,อยู่กับพวกเขา!,แคมเปญก็อง+มาร์เก็ตการ์เดน (บทพูดภารกิจ),1441730
1441740,Hundeschiss! Cover that gap in our defenses!,เวรเอ๊ย! ปิดช่องว่างในแนวป้องกันของเราเร็ว!,แคมเปญก็อง+มาร์เก็ตการ์เดน (บทพูดภารกิจ),1441740
1441750,Don't let them past! Hold your line!,อย่าปล่อยให้พวกมันผ่านไป! รักษาแนวรบไว้!,แคมเปญก็อง+มาร์เก็ตการ์เดน (บทพูดภารกิจ),1441750
1441760,Kampfgruppe Lehr we must keep them from further advancement.,คัมฟ์กรุปเป้ Lehr เราต้องกันพวกเขาไม่ให้ก้าวหน้าต่อไป,แคมเปญก็อง+มาร์เก็ตการ์เดน (บทพูดภารกิจ),1441760
1441770,Kampfgruppe don't give up! Hold the road at all costs!,คัมฟ์กรุปเป้ ไม่ยอมแพ้! ยึดถนนไว้ทุกวิถีทาง!,แคมเปญก็อง+มาร์เก็ตการ์เดน (บทพูดภารกิจ),1441770
1441780,The sun is setting. The hour of victory is at hand.,พระอาทิตย์กำลังตกดิน ชั่วโมงแห่งชัยชนะอยู่ใกล้แค่เอื้อม,แคมเปญก็อง+มาร์เก็ตการ์เดน (บทพูดภารกิจ),1441780
1441790,Just delay 30th Corps a little longer! They're bound to give up soon!,แค่เลื่อนกองพลที่ 30 ออกไปอีกสักหน่อย! พวกเขาจะต้องยอมแพ้ในไม่ช้า!,แคมเปญก็อง+มาร์เก็ตการ์เดน (บทพูดภารกิจ),1441790
1441800,30th Corps is throwing everything they have at us. ,กองพลที่ 30 กำลังขว้างทุกอย่างที่พวกเขามีใส่เรา,แคมเปญก็อง+มาร์เก็ตการ์เดน (บทพูดภารกิจ),1441800
1441810,It's a sure sign their offensive is at an end - hold the Line!,เป็นสัญญาณที่แน่นอนว่าการรุกของพวกเขาสิ้นสุดลงแล้ว - ยึดสายไว้!,แคมเปญก็อง+มาร์เก็ตการ์เดน (บทพูดภารกิจ),1441810
1441820,Fick! I long to see my bunker!,ฟิค! ฉันอยากเห็นบังเกอร์ของฉันมานานแล้ว!,แคมเปญก็อง+มาร์เก็ตการ์เดน (บทพูดภารกิจ),1441820
1441830,Outstanding performance Kampfgruppe Lehr! 30th Corps must pull back and regroup. That should delay their advancement until tomorrow morning.,ผลงานโดดเด่น คัมฟ์กรุปเป้ เลห์! กองพลที่ 30 ต้องถอยทัพและจัดกลุ่มใหม่ นั่นน่าจะชะลอความก้าวหน้าของพวกเขาไปจนถึงเช้าวันพรุ่งนี้,แคมเปญก็อง+มาร์เก็ตการ์เดน (บทพูดภารกิจ),1441830
1441840,"Gather your Soldaten, we need relocate to Best!",รวบรวมโซลดาเทนของคุณ เราต้องย้ายไปที่เบสท์!,แคมเปญก็อง+มาร์เก็ตการ์เดน (บทพูดภารกิจ),1441840
1441850,Hurensohn all is lost! Our delay has failed.   30th Corps has taken the road.,Hurensohn แพ้ไปหมดแล้ว! ความล่าช้าของเราล้มเหลว  กองพลที่ 30 ได้ดำเนินการแล้ว,แคมเปญก็อง+มาร์เก็ตการ์เดน (บทพูดภารกิจ),1441850
1441860,They will drive straight to Arnhem!,พวกเขาจะขับตรงไปยังอาร์เนม!,แคมเปญก็อง+มาร์เก็ตการ์เดน (บทพูดภารกิจ),1441860
1441870,Luftwaffe Fighter-Bombers are available to provide air support!,Luftwaffe Fighter-Bombers พร้อมให้การสนับสนุนทางอากาศ!,แคมเปญก็อง+มาร์เก็ตการ์เดน (บทพูดภารกิจ),1441870
1441880,Allied planes are grounded and pose no threat.,เครื่องบินของพันธมิตรจอดอยู่และไม่มีท่าทีเป็นภัยคุกคาม,แคมเปญก็อง+มาร์เก็ตการ์เดน (บทพูดภารกิจ),1441880
1441890,Mark targets of opportunity so the bombers can take them out!,ทำเครื่องหมายเป้าหมายแห่งโอกาสเพื่อให้มือระเบิดสามารถกำจัดพวกมันออกไปได้!,แคมเปญก็อง+มาร์เก็ตการ์เดน (บทพูดภารกิจ),1441890
1441930,75mm of love!,ความรัก 75 มม.!,แคมเปญก็อง+มาร์เก็ตการ์เดน (บทพูดภารกิจ),1441930
1441940,God bless the Panzerkancker!,ขอพระเจ้าอวยพร Panzerkancker!,แคมเปญก็อง+มาร์เก็ตการ์เดน (บทพูดภารกิจ),1441940
1441950,My brother flies an HS 129 B-1 just like that!,พี่ชายของฉันบิน HS 129 B-1 แบบนั้น!,แคมเปญก็อง+มาร์เก็ตการ์เดน (บทพูดภารกิจ),1441950
1441960,"Excellent! We must delay 30th Corps. If possible, order your men to set charges on strategic points along the roadway.",ยอดเยี่ยม! เราต้องชะลอกองพลที่ 30 หากเป็นไปได้ ให้สั่งให้คนของคุณตั้งข้อหาตามจุดยุทธศาสตร์ตามถนน,แคมเปญก็อง+มาร์เก็ตการ์เดน (บทพูดภารกิจ),1441960
1441970,Employ Booby Trapping tactics on structures in Valkenswaard to prevent Tommies from taking cover among the buildings.,ใช้กลยุทธ์กับดัก Booby กับสิ่งก่อสร้างในวาลเคนสวาร์ดเพื่อป้องกันไม่ให้ทอมมี่ซ่อนตัวตามอาคารต่างๆ,แคมเปญก็อง+มาร์เก็ตการ์เดน (บทพูดภารกิจ),1441970
1441980,Don't waste time placing Roadblocks in the open. Deploy them beside hard targets so vehicles can't drive around them.  ,อย่าเสียเวลาวาง Roadblocks ในที่โล่ง วางกำลังพวกมันไว้ข้างเป้าหมายยากๆ เพื่อให้ยานพาหนะไม่สามารถขับไปรอบๆ ได้,แคมเปญก็อง+มาร์เก็ตการ์เดน (บทพูดภารกิจ),1441980
1441985,We want to deny them access to ground or funnel them into kill-zones.,เราต้องการปฏิเสธไม่ให้พวกเขาเข้าถึงพื้นที่ภาคพื้นดินหรือส่งพวกเขาเข้าไปในโซนสังหาร,แคมเปญก็อง+มาร์เก็ตการ์เดน (บทพูดภารกิจ),1441985
1441990,"Scorched Earth tactics has been approved by High Command. If we have to, burn the strategic point to deny the enemy access.  ",กลยุทธ์ Scorched Earth ได้รับการอนุมัติจากกองบัญชาการระดับสูง หากจำเป็น ให้เผาจุดยุทธศาสตร์เพื่อปฏิเสธการเข้าถึงของศัตรู,แคมเปญก็อง+มาร์เก็ตการ์เดน (บทพูดภารกิจ),1441990
1441995,"But remember, it will also impede our forces from using the resources.",แต่จำไว้ว่ามันจะขัดขวางกองกำลังของเราจากการใช้ทรัพยากรด้วย,แคมเปญก็อง+มาร์เก็ตการ์เดน (บทพูดภารกิจ),1441995
1442000,The Kampfgruppe's reconnaissance reports that the British 30th Corps should be arriving in our sector shortly. ,การลาดตระเวนของ คัมฟ์กรุปเป้ รายงานว่ากองพลที่ 30 ของอังกฤษน่าจะมาถึงในส่วนของเราในไม่ช้า,แคมเปญก็อง+มาร์เก็ตการ์เดน (บทพูดภารกิจ),1442000
1442010,"Highway 69 will lead them right through the town of Valkenswaard, here.",ทางหลวงหมายเลข 69 จะพาพวกเขาผ่านเมืองวาลเคนสวาร์ดที่นี่,แคมเปญก็อง+มาร์เก็ตการ์เดน (บทพูดภารกิจ),1442010
1442020,"The Tommies' lead elements have already deployed into the town, and are currently attempting to establish a base of operations. ",องค์ประกอบหลักของ Tommies ได้เคลื่อนพลเข้ามาในเมืองแล้ว และขณะนี้กำลังพยายามสร้างฐานปฏิบัติการ,แคมเปญก็อง+มาร์เก็ตการ์เดน (บทพูดภารกิจ),1442020
1442030,"The enemy forces are led by British tank commander, Earl Woomer.  Move into the city and eliminate his combat group.",กองกำลังศัตรูนำโดยผู้บัญชาการรถถังอังกฤษ Earl Woomer ย้ายเข้าไปในเมืองและกำจัดกลุ่มต่อสู้ของเขา,แคมเปญก็อง+มาร์เก็ตการ์เดน (บทพูดภารกิจ),1442030
1442040,"Once they've withdrawn, garrison the local cathedral, establish a line of supply and set up a Forward HQ, here.",เมื่อพวกเขาถอนตัวออกไปแล้ว ให้ตั้งทหารรักษาการณ์ในอาสนวิหารในท้องถิ่น สร้างแนวเสบียงและตั้งศูนย์บัญชาการส่วนหน้าที่นี่,แคมเปญก็อง+มาร์เก็ตการ์เดน (บทพูดภารกิจ),1442040
1442041,"Proceed immediately, we need to infiltrate the town quickly in order to ambush 30th Corps. ",ดำเนินการทันที เราต้องแทรกซึมเข้าไปในเมืองอย่างรวดเร็วเพื่อซุ่มโจมตีกองพลที่ 30,แคมเปญก็อง+มาร์เก็ตการ์เดน (บทพูดภารกิจ),1442041
1443000,"Maintain the column, 30th Corps!",รักษาเสา กองพลที่ 30!,แคมเปญก็อง+มาร์เก็ตการ์เดน (บทพูดภารกิจ),1443000
1443010,Flank their emplacements!,ขนาบข้างตำแหน่งของพวกเขา!,แคมเปญก็อง+มาร์เก็ตการ์เดน (บทพูดภารกิจ),1443010
1443020,Defensive line encountered.,พบแนวป้องกัน,แคมเปญก็อง+มาร์เก็ตการ์เดน (บทพูดภารกิจ),1443020|1443150
1443030,Maintain Fire superiority!,รักษาความได้เปรียบในการยิงไว้!,แคมเปญก็อง+มาร์เก็ตการ์เดน (บทพูดภารกิจ),1443030|1443160
1443040,Hold your ground! Maintain the column!,ยึดพื้นที่ไว้! รักษารูปขบวนไว้!,แคมเปญก็อง+มาร์เก็ตการ์เดน (บทพูดภารกิจ),1443040|1443170
1443050,Contact! Jerry's got defenses all over the bloody place!,ติดต่อ! เจอร์รี่มีการป้องกันเต็มไปหมด!,แคมเปญก็อง+มาร์เก็ตการ์เดน (บทพูดภารกิจ),1443050
1443060,Jerries spotted!,เจอร์รี่สเห็นแล้ว!,แคมเปญก็อง+มาร์เก็ตการ์เดน (บทพูดภารกิจ),1443060
1443070,"Fucking hell Captain, there's a wall of them!",ฉิบหายแล้วครับร้อยเอก พวกมันมากันมืดฟ้ามัวดิน!,แคมเปญก็อง+มาร์เก็ตการ์เดน (บทพูดภารกิจ),1443070
1443080,Shite! We need armor support!,เหี้ย! เราต้องการเกราะสนับสนุน!,แคมเปญก็อง+มาร์เก็ตการ์เดน (บทพูดภารกิจ),1443080
1443090,"Fuck, looks like Jerry's got us buggered!",ให้ตายเถอะ ดูเหมือนเจอร์รี่จะทำให้เราถูกหลอก!,แคมเปญก็อง+มาร์เก็ตการ์เดน (บทพูดภารกิจ),1443090
1443110,Looks like Jerry's dug in firm!,ดูเหมือนว่าเจอร์รี่จะขุดสนามเพาะตั้งรับแน่นแล้ว!,แคมเปญก็อง+มาร์เก็ตการ์เดน (บทพูดภารกิจ),1443110
1443120,Bloody hell gents! Pour it on the wankers!,สุภาพบุรุษนรกเฮงซวย! เทมันลงบน wankers!,แคมเปญก็อง+มาร์เก็ตการ์เดน (บทพูดภารกิจ),1443120
1443130,"Enemy contact on Valkenswaard east approach, send support. I say again, send support!!",การติดต่อกับศัตรูที่เข้าใกล้วาลเคนสวาร์ดตะวันออก ส่งการสนับสนุน พูดอีกครั้งส่งกำลังใจ!!,แคมเปญก็อง+มาร์เก็ตการ์เดน (บทพูดภารกิจ),1443130
1443140,"Flank the village, I say again, flank the village!",ขนาบหมู่บ้านฉันพูดอีกครั้งขนาบหมู่บ้าน!,แคมเปญก็อง+มาร์เก็ตการ์เดน (บทพูดภารกิจ),1443140
1443180,We need some fucking support over here!,เราต้องการกำลังสนับสนุนด่วนที่นี่!,แคมเปญก็อง+มาร์เก็ตการ์เดน (บทพูดภารกิจ),1443180
1443190,"Come on Jerry, taste a little 30th Corps action, you tarts!",เอาน่า เจอร์รี่ ลิ้มรสการต่อสู้ของกองพลที่ 30 หน่อยสิ ไอ้สารเลว!,แคมเปญก็อง+มาร์เก็ตการ์เดน (บทพูดภารกิจ),1443190|1443230
1443200,Fucking Panzer bastards! ,ไอ้แพนเซอร์โคตรเลว!,แคมเปญก็อง+มาร์เก็ตการ์เดน (บทพูดภารกิจ),1443200|1443240
1443210,Get the hell out you German wankers! We've come for the cloggies!,กำจัดพวกกามวิตถารชาวเยอรมันออกไปซะ! เรามาเพื่อสิ่งอุดตัน!,แคมเปญก็อง+มาร์เก็ตการ์เดน (บทพูดภารกิจ),1443210
1443220,Brown hatter bastards! They got the place covered!,ไอ้พวกแฮตเตอร์สีน้ำตาล! พวกเขาได้สถานที่นั้นแล้ว!,แคมเปญก็อง+มาร์เก็ตการ์เดน (บทพูดภารกิจ),1443220
1443250,"Protect our Armor, lads!",ปกป้องเกราะของเรานะหนุ่มๆ!,แคมเปญก็อง+มาร์เก็ตการ์เดน (บทพูดภารกิจ),1443250
1443260,"Fuck! We're right fucked, mates! Retreat!",เชี่ยเอ้ย! เรากำลังแย่เลยเพื่อน! ถอย!,แคมเปญก็อง+มาร์เก็ตการ์เดน (บทพูดภารกิจ),1443260
1443270,Pull back to HQ lads!!,ถอยทัพไปที่ HQ นะเด็กๆ!!,แคมเปญก็อง+มาร์เก็ตการ์เดน (บทพูดภารกิจ),1443270
1443280,"All fucking hell! Retreat, lads!",นรกโคตรๆ! ถอยออกไปนะเด็กๆ!,แคมเปญก็อง+มาร์เก็ตการ์เดน (บทพูดภารกิจ),1443280
1443290,"Get the hell outta here, gents!",ออกไปจากที่นี่สุภาพบุรุษ!,แคมเปญก็อง+มาร์เก็ตการ์เดน (บทพูดภารกิจ),1443290
1443300,"Christ! Panzers are pouring it on! Run, lads!",คริสต์! แพนเซอร์กำลังหลั่งไหลเข้ามา! วิ่งสิหนุ่มๆ!,แคมเปญก็อง+มาร์เก็ตการ์เดน (บทพูดภารกิจ),1443300
1449050,Eliminate Recon Force in Valkenswaard,กำจัด Recon Force ใน Valkenswaard,แคมเปญก็อง+มาร์เก็ตการ์เดน (บทพูดภารกิจ),1449050
1449051,Assault the town of Valkenswaard and eliminate the Command Tank leading the recon force.,โจมตีเมือง Valkenswaard และกำจัด Command Tank ที่เป็นผู้นำหน่วยลาดตระเวน,แคมเปญก็อง+มาร์เก็ตการ์เดน (บทพูดภารกิจ),1449051
1449052,Destroy the Command Tank,ทำลายรถถังบัญชาการ,แคมเปญก็อง+มาร์เก็ตการ์เดน (บทพูดภารกิจ),1449052
1449053,Request Reinforcements,ขอกำลังเสริม,แคมเปญก็อง+มาร์เก็ตการ์เดน (บทพูดภารกิจ),1449053
1449054,Select the Marder III,เลือกมาร์เดอร์ III,แคมเปญก็อง+มาร์เก็ตการ์เดน (บทพูดภารกิจ),1449054
1449055,Lock-down to increase effectiveness,ลคดาวน์เพื่อเพิ่มประสิทธิภาพ,แคมเปญก็อง+มาร์เก็ตการ์เดน (บทพูดภารกิจ),1449055
1449056,Marder III is immobile,Marder III ไม่สามารถเคลื่อนที่ได้,แคมเปญก็อง+มาร์เก็ตการ์เดน (บทพูดภารกิจ),1449056
1449058,Reinforce Infantry near Halftracks,เสริมกำลังทหารราบใกล้กับ รถสายพานกึ่งล้อยาง,แคมเปญก็อง+มาร์เก็ตการ์เดน (บทพูดภารกิจ),1449058
1449059,Left-click to Reinforce,คลิกซ้ายเพื่อเสริมกำลัง,แคมเปญก็อง+มาร์เก็ตการ์เดน (บทพูดภารกิจ),1449059
1449060,Recon Force Eliminated,กองกำลังรีคอนถูกกำจัด,แคมเปญก็อง+มาร์เก็ตการ์เดน (บทพูดภารกิจ),1449060
1449061,Command Tank Neutralized,ทำลายรถถังบังคับการแล้ว,แคมเปญก็อง+มาร์เก็ตการ์เดน (บทพูดภารกิจ),1449061
1449063,Neutralize Command Tank,ต่อต้านรถถังสั่งการ,แคมเปญก็อง+มาร์เก็ตการ์เดน (บทพูดภารกิจ),1449063
1449064,Scout the Road,ลาดตระเวนเส้นทางบนถนน,แคมเปญก็อง+มาร์เก็ตการ์เดน (บทพูดภารกิจ),1449064
1449065,Send forces up the road to find and eliminate all enemy forces.,ส่งกองกำลังไปตามถนนเพื่อค้นหาและกำจัดกองกำลังศัตรูทั้งหมด,แคมเปญก็อง+มาร์เก็ตการ์เดน (บทพูดภารกิจ),1449065
1449070,Command Tank spotted!,กองบัญชาการพบเห็นแล้ว!,แคมเปญก็อง+มาร์เก็ตการ์เดน (บทพูดภารกิจ),1449070
1449100,Delay the Armored Column,ชะลอการหุ้มเกราะ,แคมเปญก็อง+มาร์เก็ตการ์เดน (บทพูดภารกิจ),1449100
1449101,Prevent the 30th Corps Tank Column from capturing all the Strategic Points along Highway 69.,ป้องกันไม่ให้กองพลรถถังที่ 30 ยึดจุดยุทธศาสตร์ทั้งหมดตามทางหลวงหมายเลข 69,แคมเปญก็อง+มาร์เก็ตการ์เดน (บทพูดภารกิจ),1449101
1449104,Prepare Ambush for the Armored Column,เตรียมการซุ่มโจมตีสำหรับขบวนยานเกราะ,แคมเปญก็อง+มาร์เก็ตการ์เดน (บทพูดภารกิจ),1449104
1449105,"Build base structures, defenses, and road blocks around the town. Deploy Marder IIIs to key chokepoints.",สร้างโครงสร้างพื้นฐาน แนวป้องกัน และบลกถนนรอบๆ เมือง ส่งกำลังรบ Marder III ไปยังจุดควบคุมหลัก,แคมเปญก็อง+มาร์เก็ตการ์เดน (บทพูดภารกิจ),1449105
1449106,Booby Trap this building,Booby Trap ตึกนี้,แคมเปญก็อง+มาร์เก็ตการ์เดน (บทพูดภารกิจ),1449106
1449107,Booby Trap this Point,Booby Trap จุดนี้,แคมเปญก็อง+มาร์เก็ตการ์เดน (บทพูดภารกิจ),1449107
1449108,Capture this Anti Tank Gun,จับปืนต่อสู้รถถังนี้,แคมเปญก็อง+มาร์เก็ตการ์เดน (บทพูดภารกิจ),1449108
1449109,Position Marder III here,ตำแหน่ง Marder III ที่นี่,แคมเปญก็อง+มาร์เก็ตการ์เดน (บทพูดภารกิจ),1449109
1449110,Losing Strategic Point!,เสียจุดยุทธศาสตร์!,แคมเปญก็อง+มาร์เก็ตการ์เดน (บทพูดภารกิจ),1449110
1449111,Strategic Point recaptured!,จุดยุทธศาสตร์ตะครุบ!,แคมเปญก็อง+มาร์เก็ตการ์เดน (บทพูดภารกิจ),1449111
1449112,Incoming Armor!,เกราะที่เข้ามา!,แคมเปญก็อง+มาร์เก็ตการ์เดน (บทพูดภารกิจ),1449112
1449113,Incoming Heavy Armor!,เกราะหนักที่กำลังเข้ามา!,แคมเปญก็อง+มาร์เก็ตการ์เดน (บทพูดภารกิจ),1449113
1449114,Priest spotted!,พระเห็นแล้ว!,แคมเปญก็อง+มาร์เก็ตการ์เดน (บทพูดภารกิจ),1449114|1449255
1449120,Henschel Support ready,ฝ่ายสนับสนุนของ Henschel พร้อมแล้ว,แคมเปญก็อง+มาร์เก็ตการ์เดน (บทพูดภารกิจ),1449120
1449121,Target Tanks with Henschel,รถถังเป้าหมายกับ Henschel,แคมเปญก็อง+มาร์เก็ตการ์เดน (บทพูดภารกิจ),1449121
1449122,Scorch this Point,เผาจุดนี้,แคมเปญก็อง+มาร์เก็ตการ์เดน (บทพูดภารกิจ),1449122
1449123,Secure point with Logistik Car,ยึดจุดด้วย Logistik Car,แคมเปญก็อง+มาร์เก็ตการ์เดน (บทพูดภารกิจ),1449123
1449124,Build Roadblocks here,สร้างสิ่งกีดขวางบนถนนที่นี่,แคมเปญก็อง+มาร์เก็ตการ์เดน (บทพูดภารกิจ),1449124
1449125,Deploy Marder III,วางกำลัง Marder III,แคมเปญก็อง+มาร์เก็ตการ์เดน (บทพูดภารกิจ),1449125
1449130,Armored Column Delayed,ขบวนยานเกราะล่าช้า,แคมเปญก็อง+มาร์เก็ตการ์เดน (บทพูดภารกิจ),1449130
1449150,Establish a Field Barracks,ก่อตั้งค่ายทหารสนาม,แคมเปญก็อง+มาร์เก็ตการ์เดน (บทพูดภารกิจ),1449150
1449151,"Garrison the church at the center of town. Ensure the territory is in supply, then upgrade the church to a Field Barracks. ",เข้าประจำการในอาคารโบสถ์ที่อยู่ใจกลางเมือง ตรวจสอบให้แน่ใจว่าอาณาเขตมีเพียงพอ จากนั้นอัปเกรดโบสถ์เป็นค่ายทหารทุ่ง,แคมเปญก็อง+มาร์เก็ตการ์เดน (บทพูดภารกิจ),1449151
1449154,Build Structures here,สร้างโครงสร้างที่นี่,แคมเปญก็อง+มาร์เก็ตการ์เดน (บทพูดภารกิจ),1449154
1449156,Deploy Panzer Grenadiers,เคลื่อนพล แพนเซอร์เกรนาเดียร์,แคมเปญก็อง+มาร์เก็ตการ์เดน (บทพูดภารกิจ),1449156
1449157,Church under Attack!,โบสถ์ถูกโจมตี!,แคมเปญก็อง+มาร์เก็ตการ์เดน (บทพูดภารกิจ),1449157
1449158,Capture this Point to establish supply,ยึดจุดนี้เพื่อสร้างอุปทาน,แคมเปญก็อง+มาร์เก็ตการ์เดน (บทพูดภารกิจ),1449158
1449159,Order infantry to Garrison the Church,สั่งทหารราบไปที่ Garrison the Church,แคมเปญก็อง+มาร์เก็ตการ์เดน (บทพูดภารกิจ),1449159
1449160,Field Barracks Established,ก่อตั้งค่ายทหารภาคสนาม,แคมเปญก็อง+มาร์เก็ตการ์เดน (บทพูดภารกิจ),1449160
1449161,Church is out of supply,โบสถ์ขาดแคลน,แคมเปญก็อง+มาร์เก็ตการ์เดน (บทพูดภารกิจ),1449161
1449200,Capture and Hold Highway 69,ยึดและยึดทางหลวงหมายเลข 69,แคมเปญก็อง+มาร์เก็ตการ์เดน (บทพูดภารกิจ),1449200
1449201,Capture and hold all the Strategic Points along the major roadway. ,ยึดครองจุดยุทธศาสตร์ทั้งหมดตามถนนสายหลัก,แคมเปญก็อง+มาร์เก็ตการ์เดน (บทพูดภารกิจ),1449201
1449202,Highway 69 Held,ทางหลวงหมายเลข 69 จัดขึ้น,แคมเปญก็อง+มาร์เก็ตการ์เดน (บทพูดภารกิจ),1449202
1449203,Capture this Point to secure road,ยึดจุดนี้เพื่อรักษาถนนให้ปลอดภัย,แคมเปญก็อง+มาร์เก็ตการ์เดน (บทพูดภารกิจ),1449203
1449204,Hold Highway 69,ยึดทางหลวงหมายเลข 69,แคมเปญก็อง+มาร์เก็ตการ์เดน (บทพูดภารกิจ),1449204
1449205,Highway 69 Captured!,ทางหลวงหมายเลข 69 โดนยึดแล้ว!,แคมเปญก็อง+มาร์เก็ตการ์เดน (บทพูดภารกิจ),1449205
1449250,Destroy the Self-Propelled Artillery,ทำลายปืนใหญ่อัตตาจร,แคมเปญก็อง+มาร์เก็ตการ์เดน (บทพูดภารกิจ),1449250
1449251,"British Self-Propelled Artillery is bombarding the defensive line, take it out to stop the artillery.",ปืนใหญ่อัตตาจรอังกฤษกำลังระดมยิงแนวรับเพื่อเอามันออกไปหยุดปืนใหญ่,แคมเปญก็อง+มาร์เก็ตการ์เดน (บทพูดภารกิจ),1449251
1449253,Destroy the Priest,ทำลายพระภิกษุ,แคมเปญก็อง+มาร์เก็ตการ์เดน (บทพูดภารกิจ),1449253
1449254,Priest Destroyed!,รถปืนใหญ่ Priest ถูกทำลายแล้ว!,แคมเปญก็อง+มาร์เก็ตการ์เดน (บทพูดภารกิจ),1449254
1450510,American Paratroopers! Defend our positions!,ทหารพลร่มอเมริกัน! ปกป้องตำแหน่งของเรา!,แคมเปญก็อง+มาร์เก็ตการ์เดน (บทพูดภารกิจ),1450510
1450520,There's a Para-drop in the forest to the West!,มี Para-drop อยู่ในป่าทางทิศตะวันตก!,แคมเปญก็อง+มาร์เก็ตการ์เดน (บทพูดภารกิจ),1450520
1450530,Enemy contact! They're crossing the main bridge!,ศัตรูติดต่อ! พวกเขากำลังข้ามสะพานหลัก!,แคมเปญก็อง+มาร์เก็ตการ์เดน (บทพูดภารกิจ),1450530
1450540,OPs are reporting more Para-drops to the North of town!,OPs กำลังรายงาน Para-drops เพิ่มเติมทางตอนเหนือของเมือง!,แคมเปญก็อง+มาร์เก็ตการ์เดน (บทพูดภารกิจ),1450540
1450550,Enemy forces are advancing across the bridge near the HQ!,กองกำลังศัตรูกำลังรุกคืบข้ามสะพานใกล้กับกองบัญชาการ!,แคมเปญก็อง+มาร์เก็ตการ์เดน (บทพูดภารกิจ),1450550
1450560,They're dropping all around us!,พวกมันกำลังหล่นลงมารอบตัวเรา!,แคมเปญก็อง+มาร์เก็ตการ์เดน (บทพูดภารกิจ),1450560
1450570,They're fallin' back!,พวกเขากำลังถอยทัพ!,แคมเปญก็อง+มาร์เก็ตการ์เดน (บทพูดภารกิจ),1450570
1450580,They're retreating!,พวกเขากำลังถอย!,แคมเปญก็อง+มาร์เก็ตการ์เดน (บทพูดภารกิจ),1450580
1450590,"A Flakpanzer Wirbelwind is now in support, thank God!",Flakpanzer Wirbelwind ได้รับการสนับสนุนแล้ว ขอบคุณพระเจ้า!,แคมเปญก็อง+มาร์เก็ตการ์เดน (บทพูดภารกิจ),1450590
1450600,"She is a Self-Propelled Anti-Aircraft gun based on the Panzer IV, but the turret has been replaced with an open-top, nine-sided turret housing a Quadruple 2cm Flakvierling 38 L1 225!",นี่คือปืนต่อสู้อากาศยานอัตตาจรที่พัฒนามาจากแชสซีส์ของ Panzer IV แต่ป้อมปืนถูกแทนที่ด้วยป้อมเปิดประทุน 9 เหลี่ยมที่ติดตั้งปืน 4 ลำกล้อง Flakvierling 38 ขนาด 2 ซม.!,แคมเปญก็อง+มาร์เก็ตการ์เดน (บทพูดภารกิจ),1450600
1450610,Rapid fire from the Wirbelwind's four guns is very effective against enemy Paratroopers and Infantry!,การยิงที่รวดเร็วจากปืนสี่กระบอกของ Wirbelwind มีประสิทธิภาพมากในการต่อสู้กับพลร่มและทหารราบของศัตรู!,แคมเปญก็อง+มาร์เก็ตการ์เดน (บทพูดภารกิจ),1450610
1450620,Kampfgruppe Lehr we must wait for further orders before committing to an assault!,คัมฟ์กรุปเป้ Lehr เราต้องรอคำสั่งเพิ่มเติมก่อนที่จะทำการโจมตี!,แคมเปญก็อง+มาร์เก็ตการ์เดน (บทพูดภารกิจ),1450620
1450621,"Brother, we have American Paratroopers dropping on our heads!",พี่ชาย เรามีพลร่มอเมริกันล้มหัวเราอยู่!,แคมเปญก็อง+มาร์เก็ตการ์เดน (บทพูดภารกิจ),1450621
1450622,"They have already taken the bridge here, and secured a number of drop zones!",พวกมันยึดสะพานที่นี่แล้ว และรักษาเขตทิ้งร่มไว้ได้หลายแห่ง!,แคมเปญก็อง+มาร์เก็ตการ์เดน (บทพูดภารกิจ),1450622
1450623,... To make matters worse the rest of our Kampfgruppe is still en route from Best.,... ที่เลวร้ายไปกว่านั้น เมือง คัมฟ์กรุปเป้ ที่เหลือของเรายังอยู่ระหว่างเดินทางจาก Best,แคมเปญก็อง+มาร์เก็ตการ์เดน (บทพูดภารกิจ),1450623
1450624,We must hold Best until Voss and the troops from Valkenswaard arrive. ,เราต้องยึด Best เอาไว้จนกว่า วอสส์ และกองกำลังจาก Valkenswaard จะมาถึง,แคมเปญก็อง+มาร์เก็ตการ์เดน (บทพูดภารกิจ),1450624
1450625,That means neutralizing the American drop zones and preventing 30th Corps from pushing across the bridge.,นั่นหมายถึงต้องทำลายเขตทิ้งร่มของอเมริกาและป้องกันไม่ให้กองพลที่ 30 บุกข้ามสะพาน,แคมเปญก็อง+มาร์เก็ตการ์เดน (บทพูดภารกิจ),1450625
1450628,"Aldrich, mobilize the troops. Neutralize the drop zones and delay the 30th Corps until we can link up with Voss and the Kampfgruppe. ",อัลดริช ระดมกำลังทหาร ทำลายเขตทิ้งร่มของข้าศึกและชะลอกองพลที่ 30 จนกว่าเราจะเชื่อมกับวอสส์และคัมฟ์กรุปเป้ได้,แคมเปญก็อง+มาร์เก็ตการ์เดน (บทพูดภารกิจ),1450628
1450630,Shit! Satchel Charge!,ฉิบหาย! ระเบิด Satchel Charge!!,แคมเปญก็อง+มาร์เก็ตการ์เดน (บทพูดภารกิจ),1450630
1450700,There! Just above you!,ที่นั่น! เหนือคุณ!,แคมเปญก็อง+มาร์เก็ตการ์เดน (บทพูดภารกิจ),1450700
1450710,There's another one!,ยังมีอีก!,แคมเปญก็อง+มาร์เก็ตการ์เดน (บทพูดภารกิจ),1450710
1450720,They have AT rounds!,พวกเขามีรอบ AT!,แคมเปญก็อง+มาร์เก็ตการ์เดน (บทพูดภารกิจ),1450720
1450730,Watch your cross fire!,ระวังแนวยิงประสาน ของพวกนายด้วย!,แคมเปญก็อง+มาร์เก็ตการ์เดน (บทพูดภารกิจ),1450730
1450740,They're in the streets!,พวกเขาอยู่บนถนน!,แคมเปญก็อง+มาร์เก็ตการ์เดน (บทพูดภารกิจ),1450740
1450750,Keep shooting! Keep shooting!,ยิงต่อ! ยิงต่อ!,แคมเปญก็อง+มาร์เก็ตการ์เดน (บทพูดภารกิจ),1450750
1450760,I hear more aircraft!,ฉันได้ยินเสียงเครื่องบินบินมาเพิ่มอีกแล้ว!,แคมเปญก็อง+มาร์เก็ตการ์เดน (บทพูดภารกิจ),1450760
1450770,They're right above us!,พวกมันอยู่เหนือเราแล้ว!,แคมเปญก็อง+มาร์เก็ตการ์เดน (บทพูดภารกิจ),1450770
1450780,A need more ammo!,ต้องการกระสุนเพิ่ม!,แคมเปญก็อง+มาร์เก็ตการ์เดน (บทพูดภารกิจ),1450780|1450800
1450790,Where the hell are these Para's coming from?,พวกพาราพวกนี้มาจากไหนกัน?,แคมเปญก็อง+มาร์เก็ตการ์เดน (บทพูดภารกิจ),1450790
1450810,Machine guns!  ,ปืนกล!,แคมเปญก็อง+มาร์เก็ตการ์เดน (บทพูดภารกิจ),1450810
1450820,"Charge their position, use your grenades!",ชาร์จตำแหน่งของพวกเขา ใช้ระเบิดของคุณ!,แคมเปญก็อง+มาร์เก็ตการ์เดน (บทพูดภารกิจ),1450820
1450822,Can we get mortar support over here!,ขอยิงครกสนับสนุนตรงนี้หน่อย!,แคมเปญก็อง+มาร์เก็ตการ์เดน (บทพูดภารกิจ),1450822
1450830,Watch the tree line ahead.,สังเกตแนวต้นไม้ข้างหน้า,แคมเปญก็อง+มาร์เก็ตการ์เดน (บทพูดภารกิจ),1450830
1450840,Keep those trees covered.,คลุมต้นไม้เหล่านั้นไว้,แคมเปญก็อง+มาร์เก็ตการ์เดน (บทพูดภารกิจ),1450840
1450850,Lose file. Don't bunch up.,เสียไฟล์. อย่ากองกัน.,แคมเปญก็อง+มาร์เก็ตการ์เดน (บทพูดภารกิจ),1450850
1450860,Stay low.,อยู่ต่ำ.,แคมเปญก็อง+มาร์เก็ตการ์เดน (บทพูดภารกิจ),1450860
1450870,Move tree to tree. Use cover.,ย้ายต้นไม้หนึ่งไปอีกต้นไม้หนึ่ง ใช้ที่กำบัง.,แคมเปญก็อง+มาร์เก็ตการ์เดน (บทพูดภารกิจ),1450870
1450880,They can be anywhere. Stay sharp.,พวกเขาสามารถอยู่ที่ไหนก็ได้ จงเฉียบแหลมไว้,แคมเปญก็อง+มาร์เก็ตการ์เดน (บทพูดภารกิจ),1450880
1450890,Don't get to far ahead.,อย่าไปไกลข้างหน้า,แคมเปญก็อง+มาร์เก็ตการ์เดน (บทพูดภารกิจ),1450890
1450900,Keep an eye on the shadows ahead.,จับตาดูเงาข้างหน้า,แคมเปญก็อง+มาร์เก็ตการ์เดน (บทพูดภารกิจ),1450900
1450910,Was that movement up front?,การเคลื่อนไหวนั้นอยู่ข้างหน้าเหรอ?,แคมเปญก็อง+มาร์เก็ตการ์เดน (บทพูดภารกิจ),1450910
1450920,Did you see that?,คุณเห็นสิ่งนั้นไหม?,แคมเปญก็อง+มาร์เก็ตการ์เดน (บทพูดภารกิจ),1450920
1450930,Did anyone hear that?,มีใครได้ยินบ้างไหม?,แคมเปญก็อง+มาร์เก็ตการ์เดน (บทพูดภารกิจ),1450930
1450940,They have that entire courtyard covered with an MG in the windmill!,พวกเขามีลานทั้งหมดที่ถูกปกคลุมไปด้วย MG ในกังหันลม!,แคมเปญก็อง+มาร์เก็ตการ์เดน (บทพูดภารกิจ),1450940
1450950,Mortar support would flush them out. Break the force into battle groups. We can flank their position and spread our their fire.,การยิงครกสนับสนุนจะช่วยบีบให้พวกมันแตกฮือออกมา แบ่งกำลังออกเป็นกลุ่มรบ เราสามารถขนาบข้างตำแหน่งของพวกมันและกระจายแนวยิงของพวกมันได้,แคมเปญก็อง+มาร์เก็ตการ์เดน (บทพูดภารกิจ),1450950
1450951,I hate bridges. Especially these Dutch ones.,ฉันเกลียดสะพาน โดยเฉพาะชาวดัตช์เหล่านี้,แคมเปญก็อง+มาร์เก็ตการ์เดน (บทพูดภารกิจ),1450951
1450952,My brother was civil engineer before the war. He died on the Russian front.,พี่ชายของฉันเป็นทหารช่างสนามโยธาก่อนสงคราม เขาเสียชีวิตในแนวรบรัสเซีย,แคมเปญก็อง+มาร์เก็ตการ์เดน (บทพูดภารกิจ),1450952
1450953,I say we blow every bridge there is. Let's see them make it to Germany then.,ฉันว่าเราระเบิดทุกสะพานที่มีอยู่ มาดูกันว่าพวกเขาจะไปถึงเยอรมันแล้ว,แคมเปญก็อง+มาร์เก็ตการ์เดน (บทพูดภารกิจ),1450953
1450960,"Shit! Snipers, snipers in the town!",ฉิบหาย! พลซุ่มยิง พลซุ่มยิงในเมือง!,แคมเปญก็อง+มาร์เก็ตการ์เดน (บทพูดภารกิจ),1450960
1450970,Advance slowly and watch those buildings.,ก้าวหน้าอย่างช้าๆและชมอาคารเหล่านั้น,แคมเปญก็อง+มาร์เก็ตการ์เดน (บทพูดภารกิจ),1450970
1450980,"There's an MG covering this approach, circle around and try to flank them!",มี MG คอยครอบคลุมแนวทางนี้ หมุนไปรอบๆ และพยายามขนาบข้างพวกมัน!,แคมเปญก็อง+มาร์เก็ตการ์เดน (บทพูดภารกิจ),1450980
1450981,That stream should lead to another entrance to the clearing.,ลำธารนั้นควรนำไปสู่ทางเข้าสำนักหักบัญชีอีกแห่ง,แคมเปญก็อง+มาร์เก็ตการ์เดน (บทพูดภารกิจ),1450981
1450982,Their flank has an opening. Take the men along the woods to the West and envelope their position.,ปีกข้างของพวกมันมีช่องโหว่ พากำลังพลเลียบแนวป่าไปทางทิศตะวันตกแล้วโอบล้อมที่มั่นของพวกมันซะ,แคมเปญก็อง+มาร์เก็ตการ์เดน (บทพูดภารกิจ),1450982
1450990,Make sure everyone has a clear field of fire. They know we're coming.,ตรวจสอบให้แน่ใจว่าทุกคนมีสนามยิงปืนที่ชัดเจน พวกเขารู้ว่าเรากำลังมา,แคมเปญก็อง+มาร์เก็ตการ์เดน (บทพูดภารกิจ),1450990
1450991,Spread out. Don't give them large groups to shoot at.,กระจายออกไป. อย่าให้พวกเขาเป็นกลุ่มใหญ่ที่จะยิง,แคมเปญก็อง+มาร์เก็ตการ์เดน (บทพูดภารกิจ),1450991
1450992,Maximum aggression and fire power. Move quickly and encircle their positions.,ความก้าวร้าวและพลังการยิงสูงสุด เคลื่อนที่อย่างรวดเร็วและล้อมตำแหน่งของพวกเขา,แคมเปญก็อง+มาร์เก็ตการ์เดน (บทพูดภารกิจ),1450992
1451000,Forward Observers are sighting a massive column moving into the area.,ผู้สังเกตการณ์ข้างหน้ากำลังมองเห็นเสาขนาดใหญ่เคลื่อนเข้ามาในพื้นที่,แคมเปญก็อง+มาร์เก็ตการ์เดน (บทพูดภารกิจ),1451000
1451001,"We have some time before they arrive, but we cannot let them cross the bridge!",เรามีเวลาก่อนที่พวกเขาจะมาถึง แต่เราไม่สามารถปล่อยให้พวกเขาข้ามสะพานได้!,แคมเปญก็อง+มาร์เก็ตการ์เดน (บทพูดภารกิจ),1451001
1451002,The road to Arnhem must be protected!,ถนนสู่อาร์เน็มต้องได้รับการปกป้อง!,แคมเปญก็อง+มาร์เก็ตการ์เดน (บทพูดภารกิจ),1451002
1451010,Kampfgruppe at attention!,คัมฟ์กรุปเป้ ให้ความสนใจ!,แคมเปญก็อง+มาร์เก็ตการ์เดน (บทพูดภารกิจ),1451010
1451020,Security pickets have reported five major drop zones in the area.,รั้วรักษาความปลอดภัยได้รายงานโซนหล่นหลักห้าจุดในพื้นที่,แคมเปญก็อง+มาร์เก็ตการ์เดน (บทพูดภารกิจ),1451020
1451030,The locations must be seized to stop any further Para-drops.,ต้องยึดตำแหน่งเหล่านั้นเพื่อหยุดการทิ้งพลร่มเพิ่มเติม,แคมเปญก็อง+มาร์เก็ตการ์เดน (บทพูดภารกิจ),1451030
1451035,These Americans seem far more organized than the Tommies!,คนอเมริกันเหล่านี้ดูมีระเบียบมากกว่า Tommies มาก!,แคมเปญก็อง+มาร์เก็ตการ์เดน (บทพูดภารกิจ),1451035
1451036,"Not bad for a bunch of farm boys, and immigrants.",ไม่เลวเลยสำหรับกลุ่มเด็กชาวไร่และผู้อพยพ,แคมเปญก็อง+มาร์เก็ตการ์เดน (บทพูดภารกิจ),1451036
1451037,"Yank paratroopers left a bitter taste in my mouth, give me Tommy back any day!",นักโดดร่ม Yank ทิ้งรสขมไว้ในปากของฉัน ถ้าอย่างนั้นก็เอาทอมมี่กลับมาให้ฉันวันไหนก็ได้!,แคมเปญก็อง+มาร์เก็ตการ์เดน (บทพูดภารกิจ),1451037
1451040,The British 30th Corps has arrived! We must blow that bridge!,กองพลที่ 30 ของอังกฤษมาแล้ว! เราต้องพังสะพานนั้นให้ได้!,แคมเปญก็อง+มาร์เก็ตการ์เดน (บทพูดภารกิจ),1451040
1451042,Radio reports indicate our demolitions should be arriving soon! Hold for orders.,รายงานทางวิทยุระบุว่าการรื้อถอนของเราน่าจะมาถึงเร็วๆ นี้! เอาไว้รับคำสั่ง..,แคมเปญก็อง+มาร์เก็ตการ์เดน (บทพูดภารกิจ),1451042
1451043,That's one less staging point for the Americans!,นั่นเป็นจุดแสดงละครที่น้อยกว่าสำหรับชาวอเมริกัน!,แคมเปญก็อง+มาร์เก็ตการ์เดน (บทพูดภารกิจ),1451043
1451044,Drop Zone is under Kampfgruppen Lehr control!,Drop Zone อยู่ภายใต้การควบคุมของ คัมฟ์กรุปเป้ Lehr!,แคมเปญก็อง+มาร์เก็ตการ์เดน (บทพูดภารกิจ),1451044
1451045,We have shut down another American drop zone.,เราปิดเขตทิ้งร่มของอเมริกาได้อีกหนึ่งแห่ง,แคมเปญก็อง+มาร์เก็ตการ์เดน (บทพูดภารกิจ),1451045
1451050,All of the American Drop Zones now belong to mein Kampfgruppen!,American Drop Zones ทั้งหมดเป็นของ mein คัมฟ์กรุปเป้ แล้ว!,แคมเปญก็อง+มาร์เก็ตการ์เดน (บทพูดภารกิจ),1451050
1451051,"Hauptmann Berger, we have lost contact with Valkenswaard. The 9th SS is unaccounted for. This means the 30th Corps is pushing hard for Best.",เฮาพท์มันน์ เบอร์เกอร์ เราขาดการติดต่อกับวาลเคนสวาร์ดแล้ว SS ที่ 9 ยังไม่ทราบสาเหตุ ซึ่งหมายความว่ากองพลที่ 30 กำลังพยายามอย่างเต็มที่เพื่อชิงตำแหน่ง Best,แคมเปญก็อง+มาร์เก็ตการ์เดน (บทพูดภารกิจ),1451051
1451052,"The Kampfgruppe Lehr demolitions crew has been stalled by engine troubles, but their transport will drop them at this location when they arrive.",ทีมงานทำลายล้าง คัมฟ์กรุปเป้ Lehr ต้องหยุดชะงักเนื่องจากปัญหาเครื่องยนต์ แต่การขนส่งของพวกเขาจะส่งพวกเขาไปที่ตำแหน่งนี้เมื่อพวกเขามาถึง,แคมเปญก็อง+มาร์เก็ตการ์เดน (บทพูดภารกิจ),1451052
1451053,"As soon as the Pioneers arrive, wire the bridge with demolitions!",ทันทีที่ผู้บุกเบิกมาถึง จงรื้อถอนสะพาน!,แคมเปญก็อง+มาร์เก็ตการ์เดน (บทพูดภารกิจ),1451053
1451054,What we need now is swift action! Destroy that damn bridge!,สิ่งที่เราต้องการตอนนี้คือการดำเนินการอย่างรวดเร็ว! ทำลายสะพานเวรนั่นซะ!,แคมเปญก็อง+มาร์เก็ตการ์เดน (บทพูดภารกิจ),1451054
1451055,The enemy will be pushing hard to cross the bridge and maintain a secure path along Highway 69. ,ศัตรูจะรุกหนักเพื่อข้ามสะพานและรักษาเส้นทางให้ปลอดภัยตามทางหลวงหมายเลข 69,แคมเปญก็อง+มาร์เก็ตการ์เดน (บทพูดภารกิจ),1451055
1451056,"If they are successful at advancing any of their Command Trucks past Best, the initiative will have been lost.",หากพวกเขาประสบความสำเร็จในการก้าวผ่าน รถบังคับการ ใด ๆ ของพวกเขาให้ผ่าน Best ความคิดริเริ่มก็จะสูญหายไป,แคมเปญก็อง+มาร์เก็ตการ์เดน (บทพูดภารกิจ),1451056
1451057,Kampfgruppe Lehr will provide defensive support for the demolitions crew upon their arrival.,คัมฟ์กรุปเป้ Lehr จะให้การสนับสนุนการป้องกันแก่ลูกเรือทำลายล้างเมื่อมาถึง,แคมเปญก็อง+มาร์เก็ตการ์เดน (บทพูดภารกิจ),1451057
1451058,We cannot risk allowing them to gain a foothold. The bridge must be destroyed!,เราไม่สามารถเสี่ยงที่จะปล่อยให้พวกเขาตั้งหลักได้ สะพานจะต้องถูกทำลาย!,แคมเปญก็อง+มาร์เก็ตการ์เดน (บทพูดภารกิจ),1451058
1451060,The demolitions crew transport has arrived! Get those pioneers to the bridge!,การขนส่งลูกเรือรื้อถอนมาถึงแล้ว! พาผู้บุกเบิกเหล่านั้นไปที่สะพาน!,แคมเปญก็อง+มาร์เก็ตการ์เดน (บทพูดภารกิจ),1451060
1451070,Do not let good men die! The pioneers need support. Their work is delicate and they are not easily replaced. ,อย่าให้คนดีต้องตาย! ผู้บุกเบิกต้องการการสนับสนุน งานของพวกเขาละเอียดอ่อนและไม่สามารถถูกแทนที่ได้ง่าย,แคมเปญก็อง+มาร์เก็ตการ์เดน (บทพูดภารกิจ),1451070
1451080,Pioneers down!,ผู้บุกเบิกลง!,แคมเปญก็อง+มาร์เก็ตการ์เดน (บทพูดภารกิจ),1451080
1451090,We need to get another squad to the bridge! Confirm a truck is on the way?!,เราจำเป็นต้องหาหน่วยอื่นไปที่สะพาน! คอนเฟิร์มรถบรรทุกกำลังมา?!,แคมเปญก็อง+มาร์เก็ตการ์เดน (บทพูดภารกิจ),1451090
1451100,Contact! Panzer Pioneers are taking fire! They need support!,ปะทะข้าศึกแล้ว! ทหารช่างยานเกราะกำลังถูกระดมยิง! พวกเขาต้องการกำลังเสริม!,แคมเปญก็อง+มาร์เก็ตการ์เดน (บทพูดภารกิจ),1451100
1451110,Get suppressive fire to their positions!,รับการยิงยิงกดดันตรึงพื้นที่ไปยังตำแหน่งของพวกเขา!,แคมเปญก็อง+มาร์เก็ตการ์เดน (บทพูดภารกิจ),1451110
1451120,You think the Berger brothers would've realized we need to wire the bridge BEFORE the Brits arrived...,คุณคิดว่าพี่น้องเบอร์เกอร์จะรู้ว่า เราจำเป็นต้องเชื่อมต่อสะพาน ก่อนที่ชาวอังกฤษจะมาถึง...,แคมเปญก็อง+มาร์เก็ตการ์เดน (บทพูดภารกิจ),1451120
1451121,Command has it's head up it's ass again.,คำสั่งมันเงยหน้าขึ้นมาอีกครั้ง,แคมเปญก็อง+มาร์เก็ตการ์เดน (บทพูดภารกิจ),1451121
1451122,"We're not like a Goliath we can just drop on the location and just set to charge, this is skilled labor!",เราไม่เหมือนโกลิอัทที่เราสามารถวางตำแหน่งและตั้งข้อหาได้ นี่เป็นแรงงานที่มีทักษะ!,แคมเปญก็อง+มาร์เก็ตการ์เดน (บทพูดภารกิจ),1451122
1451130,Pioneer demolitions crew has arrived!,ทีมรื้อถอน Pioneer มาแล้ว!,แคมเปญก็อง+มาร์เก็ตการ์เดน (บทพูดภารกิจ),1451130
1451140,Get those men moving! We need to wire the bridge!,พาทหารพวกนั้นออกไป! เราต้องเชื่อมสะพาน!,แคมเปญก็อง+มาร์เก็ตการ์เดน (บทพูดภารกิจ),1451140
1451150,The English Dreckskerl must not cross the river! Get those Pioneers to wire the bridge!,ภาษาอังกฤษ Dreckskerl จะต้องไม่ข้ามแม่น้ำ! รับผู้บุกเบิกเหล่านั้นมาเชื่อมสะพาน!,แคมเปญก็อง+มาร์เก็ตการ์เดน (บทพูดภารกิจ),1451150
1451151,Headquarters wants the bridge destroyed! We need to wire it before the Tommies can cross!,กองบัญชาการต้องการให้สะพานถูกทำลาย! เราต้องวางสายก่อนที่ทอมมี่จะข้ามไปได้!,แคมเปญก็อง+มาร์เก็ตการ์เดน (บทพูดภารกิจ),1451151
1451152,Wire the bridge! They must not be allowed to cross!,ขึงสะพาน! พวกเขาจะต้องไม่ได้รับอนุญาตให้ข้าม!,แคมเปญก็อง+มาร์เก็ตการ์เดน (บทพูดภารกิจ),1451152
1451160,"The bridge is wired, everybody back! Stand by to blow it!",สะพานปิดแล้ว ทุกคนกลับมา! ยืนรอระเบิดมัน!,แคมเปญก็อง+มาร์เก็ตการ์เดน (บทพูดภารกิจ),1451160
1451170,Charge is set! Clear the area!,ตั้งค่าการชาร์จแล้ว! เคลียร์พื้นที่!,แคมเปญก็อง+มาร์เก็ตการ์เดน (บทพูดภารกิจ),1451170
1451180,What the hell are we waiting for? Blow it!,เรากำลังรออะไรอยู่? ระเบิดมัน!,แคมเปญก็อง+มาร์เก็ตการ์เดน (บทพูดภารกิจ),1451180
1451190,Throw the switch! Hurry!,โยนสวิตช์! รีบ!,แคมเปญก็อง+มาร์เก็ตการ์เดน (บทพูดภารกิจ),1451190
1451200,Du scheißt' mich an detonate the bridge! They must not cross!,Du scheißt' mich ทำให้เกิดการระเบิดของสะพาน! พวกเขาจะต้องไม่ข้าม!,แคมเปญก็อง+มาร์เก็ตการ์เดน (บทพูดภารกิจ),1451200
1451210,"Holy shit! It's an Ami Calliope, run for it!",ฉิบหายแล้ว! มันคือ Ami Calliope วิ่งหนีเร็วเข้า!,แคมเปญก็อง+มาร์เก็ตการ์เดน (บทพูดภารกิจ),1451210
1451220,Rockets incoming! Find cover!,รคเก็ตส์มา! หาที่กำบัง!,แคมเปญก็อง+มาร์เก็ตการ์เดน (บทพูดภารกิจ),1451220
1451230,Too many 30th Corps command vehicles have made it over the bridge! Wir sitzen tief in der Scheiße! There is no time to destroy it!,มียานพาหนะบัญชาการของกองทัพน้อยที่ 30 ข้ามสะพานมามากเกินไปแล้ว! บัดซบเอ๊ย! ไม่มีเวลาที่จะระเบิดทำลายมันแล้ว!,แคมเปญก็อง+มาร์เก็ตการ์เดน (บทพูดภารกิจ),1451230
1451240,"We are in ruins now! Nothing stands between our enemies and the homeland, all is lost.",ตอนนี้เราอยู่ในซากปรักหักพัง! ไม่มีอะไรขวางกั้นระหว่างศัตรูของเรากับบ้านเกิด ทุกสิ่งสูญหายไป,แคมเปญก็อง+มาร์เก็ตการ์เดน (บทพูดภารกิจ),1451240
1451250,Dammit! Sniper! He's going for the Pioneers!,ไอ้บ้า! สไนเปอร์! มันมุ่งไปที่หน่วยไพโอเนียร์!,แคมเปญก็อง+มาร์เก็ตการ์เดน (บทพูดภารกิจ),1451250
1451260,"There's a sniper on the other side, protect the Pioneers! We need those demolitions wired!",มีมือปืนอยู่อีกด้านหนึ่ง ปกป้องผู้บุกเบิก! เราต้องการรื้อถอนพวกนั้นแบบมีสาย!,แคมเปญก็อง+มาร์เก็ตการ์เดน (บทพูดภารกิจ),1451260
1451270,"That Goliath does not have enough explosive power to destroy the bridge, we will have to wire it with demolitions!",โกลิอัทนั้นมีพลังระเบิดไม่เพียงพอที่จะทำลายสะพาน เราจะต้องทำลายมันด้วยการทำลายสะพาน!,แคมเปญก็อง+มาร์เก็ตการ์เดน (บทพูดภารกิจ),1451270
1451310,"That American Calliope will do nothing but harass us. If an opportunity presents itself, silence it!",ชาวอเมริกัน Calliope นั้นจะไม่ทำอะไรนอกจากคุกคามเรา หากมีโอกาสเข้ามา จงเงียบไว้!,แคมเปญก็อง+มาร์เก็ตการ์เดน (บทพูดภารกิจ),1451310
1451330,"Gute! With the Calliope neutralized we can focus on wiring the bridge! Finish the job, Kampfgruppen!",กู๊ด! เมื่อจัดการ Calliope ได้แล้ว เราก็โฟกัสที่การเดินสายชนวนสะพานได้! ทำงานให้เสร็จ คัมฟ์กรุ๊ป!,แคมเปญก็อง+มาร์เก็ตการ์เดน (บทพูดภารกิจ),1451330
1451340,Only one American drop zone remains!,เหลือเขตทิ้งร่มของอเมริกาเพียงแห่งเดียว!,แคมเปญก็อง+มาร์เก็ตการ์เดน (บทพูดภารกิจ),1451340
1451350,"If extra resources are available, eliminate it and secure the area! ",หากมีทรัพยากรเพิ่มเติม ให้กำจัดมันและรักษาพื้นที่ไว้!,แคมเปญก็อง+มาร์เก็ตการ์เดน (บทพูดภารกิจ),1451350
1451360,"Executed with skill! Well done, Kampfgruppe Lehr, all of the American drop zones are now secured.",ดำเนินการอย่างยอดเยี่ยม! ทำได้ดีมาก คัมฟ์กรุปเป้ Lehr เขตทิ้งร่มของอเมริกาทั้งหมดปลอดภัยแล้ว,แคมเปญก็อง+มาร์เก็ตการ์เดน (บทพูดภารกิจ),1451360
1451400,Hold your fire.,หยุดยิง!,แคมเปญก็อง+มาร์เก็ตการ์เดน (บทพูดภารกิจ),1451400
1451410,Go back to your homes you cowards!,กลับบ้านไปซะไอ้พวกขี้ขลาด!,แคมเปญก็อง+มาร์เก็ตการ์เดน (บทพูดภารกิจ),1451410
1451420,Come on!  Do something!,มาเร็ว! ทำอะไรสักอย่าง!,แคมเปญก็อง+มาร์เก็ตการ์เดน (บทพูดภารกิจ),1451420
1451430,We're waitin' you assholes!,เรากำลังรอคุณอยู่ไอ้สารเลว!,แคมเปญก็อง+มาร์เก็ตการ์เดน (บทพูดภารกิจ),1451430
1451440,Come on you lame brains!,เอาล่ะไอ้สมองงี่เง่า!,แคมเปญก็อง+มาร์เก็ตการ์เดน (บทพูดภารกิจ),1451440
1451460,You fucking mongrels!,ไอ้พวกน่ารังเกียจ!,แคมเปญก็อง+มาร์เก็ตการ์เดน (บทพูดภารกิจ),1451460
1451470,Come on you ass bandits!,เอาล่ะไอ้โจร!,แคมเปญก็อง+มาร์เก็ตการ์เดน (บทพูดภารกิจ),1451470
1451480,You call yourself soldiers?!,เรียกตัวเองว่าทหารเหรอ!,แคมเปญก็อง+มาร์เก็ตการ์เดน (บทพูดภารกิจ),1451480
1451500,We can smell you from here!,เราได้กลิ่นคุณจากที่นี่!,แคมเปญก็อง+มาร์เก็ตการ์เดน (บทพูดภารกิจ),1451500
1451510,"There's too many, pull back to the bridge!",พวกมันเยอะเกินไปแล้ว ถอยร่นกลับไปที่สะพานเร็ว!,แคมเปญก็อง+มาร์เก็ตการ์เดน (บทพูดภารกิจ),1451510
1451520,Fallback to the river!,ถอยลงแม่น้ำ!,แคมเปญก็อง+มาร์เก็ตการ์เดน (บทพูดภารกิจ),1451520
1451530,Get back to the river!,กลับไปที่แม่น้ำ!,แคมเปญก็อง+มาร์เก็ตการ์เดน (บทพูดภารกิจ),1451530
1451540,Link up back at the river!,เชื่อมโยงกลับคืนสู่แม่น้ำ!,แคมเปญก็อง+มาร์เก็ตการ์เดน (บทพูดภารกิจ),1451540
1451550,Peel back!,ลอกกลับ!,แคมเปญก็อง+มาร์เก็ตการ์เดน (บทพูดภารกิจ),1451550
1451560,Fallback!  Fallback!,ถอยทัพ! ถอยทัพ!,แคมเปญก็อง+มาร์เก็ตการ์เดน (บทพูดภารกิจ),1451560
1451570,Pullback!  Move it!,ดึงกลับ! ย้ายมัน!,แคมเปญก็อง+มาร์เก็ตการ์เดน (บทพูดภารกิจ),1451570
1451580,RV at the river bank!,รถบ้านริมฝั่งแม่น้ำ!,แคมเปญก็อง+มาร์เก็ตการ์เดน (บทพูดภารกิจ),1451580
1451590,Fallback positions!  Fallback positions!,ตำแหน่งสำรอง! ตำแหน่งสำรอง!,แคมเปญก็อง+มาร์เก็ตการ์เดน (บทพูดภารกิจ),1451590
1451600,Fallback to the bridge!  Move!,ถอยสะพาน! เคลื่อนไหว!,แคมเปญก็อง+มาร์เก็ตการ์เดน (บทพูดภารกิจ),1451600
1451610,Break contact!,เลิกติดต่อ!,แคมเปญก็อง+มาร์เก็ตการ์เดน (บทพูดภารกิจ),1451610
1451620,Fighting withdrawal!  Move!,สู้ถอนตัว! เคลื่อนไหว!,แคมเปญก็อง+มาร์เก็ตการ์เดน (บทพูดภารกิจ),1451620
1451630,Cease fire! Cease fire! Nicht Schiessen! We surrender!,หยุดยิง! หยุดยิง! นิชท์ ชีสเซ่น! เรายอมแพ้!,แคมเปญก็อง+มาร์เก็ตการ์เดน (บทพูดภารกิจ),1451630|1460600|1460655
1451640,Hold fire! Stop! Nicht Schiessen!,หยุดยิง! หยุด! อย่าเพิ่งยิง!,แคมเปญก็อง+มาร์เก็ตการ์เดน (บทพูดภารกิจ),1451640|1451740
1451650,Ausliefern! Ausliefern!,ออสลีเฟิร์น! ออสลีเฟิร์น!,แคมเปญก็อง+มาร์เก็ตการ์เดน (บทพูดภารกิจ),1451650|1451750
1451660,Sich aufgeben! We surrender,ซิช ออฟเกเบน! เรายอมแพ้,แคมเปญก็อง+มาร์เก็ตการ์เดน (บทพูดภารกิจ),1451660|1451760|1460645
1451670,Ausliefern! Comin' out!  Ausliefern!,ออสลีเฟิร์น! ออกมาแล้ว! ออสลีเฟิร์น!,แคมเปญก็อง+มาร์เก็ตการ์เดน (บทพูดภารกิจ),1451670
1451680,We give up! ,เรายอมแพ้!,แคมเปญก็อง+มาร์เก็ตการ์เดน (บทพูดภารกิจ),1451680|1451780|1460570
1451690,Nicht Schiessen! We surrender,นิชท์ ชีสเซ่น! เรายอมแพ้,แคมเปญก็อง+มาร์เก็ตการ์เดน (บทพูดภารกิจ),1451690|1451790
1451700,Hold your fire!!!!,หยุดยิง!!!!,แคมเปญก็อง+มาร์เก็ตการ์เดน (บทพูดภารกิจ),1451700
1451710,Hold you're fire!,หยุดยิง!,แคมเปญก็อง+มาร์เก็ตการ์เดน (บทพูดภารกิจ),1451710
1451720,"Hold your fire, we surrender. Sich aufgeben! We surrender",สู้ ๆ นะ เรายอมแล้ว ซิช ออฟเกเบน! เรายอมแพ้,แคมเปญก็อง+มาร์เก็ตการ์เดน (บทพูดภารกิจ),1451720|1460590
1451730,We're coming out! Nicht Schiessen!,เรากำลังออกมา! นิชท์ ชีสเซ่น!,แคมเปญก็อง+มาร์เก็ตการ์เดน (บทพูดภารกิจ),1451730
1451770,Hold you're fire! Hold you're fire!,หยุดยิง! หยุดยิงเดี๋ยวนี้!,แคมเปญก็อง+มาร์เก็ตการ์เดน (บทพูดภารกิจ),1451770
1451800,Hold your fire!,หยุดยิง!,แคมเปญก็อง+มาร์เก็ตการ์เดน (บทพูดภารกิจ),1451800
1451810,Hold you're fucking fire!,หยุดยิงเดี๋ยวนี้ ไอ้เวรเอ๊ย!,แคมเปญก็อง+มาร์เก็ตการ์เดน (บทพูดภารกิจ),1451810
1451820,Oh shite!,โอ้ เหี้ย!,แคมเปญก็อง+มาร์เก็ตการ์เดน (บทพูดภารกิจ),1451820
1451830,They're in the town!,พวกเขาอยู่ในเมือง!,แคมเปญก็อง+มาร์เก็ตการ์เดน (บทพูดภารกิจ),1451830
1451840,It's a whole fucking company!,นี่มันกองร้อยบ้าชัดๆ!,แคมเปญก็อง+มาร์เก็ตการ์เดน (บทพูดภารกิจ),1451840
1451850,We've dropped right on the poor fuckers!,เราล้มลงแล้วไอ้พวกเลวทราม!,แคมเปญก็อง+มาร์เก็ตการ์เดน (บทพูดภารกิจ),1451850
1451870,Fuckin' hell!  We're in the wrong DZ!,โคตรนรก! เราอยู่ใน DZ ผิด!,แคมเปญก็อง+มาร์เก็ตการ์เดน (บทพูดภารกิจ),1451870
1451880,Rally on me fella's!,ชุมนุมกับฉันไอ้เพื่อน!,แคมเปญก็อง+มาร์เก็ตการ์เดน (บทพูดภารกิจ),1451880
1451890,Fight through the ambush!,ต่อสู้ผ่านการซุ่มโจมตี!,แคมเปญก็อง+มาร์เก็ตการ์เดน (บทพูดภารกิจ),1451890
1451900,Silence those MG's!,เงียบ MG เหล่านั้น!,แคมเปญก็อง+มาร์เก็ตการ์เดน (บทพูดภารกิจ),1451900
1451910,"Shit John, I don't know if we're getting out of this one!",ไอ้จอห์น ฉันไม่รู้ว่าเราจะออกไปจากเรื่องนี้ได้ไหม!,แคมเปญก็อง+มาร์เก็ตการ์เดน (บทพูดภารกิจ),1451910
1451920,Fuck! Who flew the green! We've dropped right on 'em!,เชี่ยเอ้ย! ใครบินเขียว! เราหล่นใส่พวกมันแล้ว!,แคมเปญก็อง+มาร์เก็ตการ์เดน (บทพูดภารกิจ),1451920
1451930,We're in a god-damn kill zone here!,เราอยู่ในเขตสังหารโหดที่นี่!,แคมเปญก็อง+มาร์เก็ตการ์เดน (บทพูดภารกิจ),1451930
1451940,We've got to get the fuck out and quick!,เราต้องรีบกำจัดมันออกไปซะ!,แคมเปญก็อง+มาร์เก็ตการ์เดน (บทพูดภารกิจ),1451940
1451950,Behind the tree!,หลังต้นไม้!,แคมเปญก็อง+มาร์เก็ตการ์เดน (บทพูดภารกิจ),1451950
1451960,In the bloody tree line!,ในแนวต้นไม้เฮงซวย!,แคมเปญก็อง+มาร์เก็ตการ์เดน (บทพูดภารกิจ),1451960
1451970,Use the tree for cover!,ใช้ต้นไม้เป็นกำบัง!,แคมเปญก็อง+มาร์เก็ตการ์เดน (บทพูดภารกิจ),1451970
1451980,Swing fire!  Swing fire!  They're behind the trees!,เปลี่ยนทิศทางการยิง! เปลี่ยนทิศทางการยิง! พวกเขาอยู่หลังต้นไม้!,แคมเปญก็อง+มาร์เก็ตการ์เดน (บทพูดภารกิจ),1451980
1451990,Check fire on the mortar!,หยุดยิงปืนครกนั่น!,แคมเปญก็อง+มาร์เก็ตการ์เดน (บทพูดภารกิจ),1451990
1452000,Someone site that mortar splash in!,ใครก็ได้ชี้พิกัดกระสุนครกให้ที!,แคมเปญก็อง+มาร์เก็ตการ์เดน (บทพูดภารกิจ),1452000
1452010,Adjust fire on the mortar!,ปรับแนวยิงครก!,แคมเปญก็อง+มาร์เก็ตการ์เดน (บทพูดภารกิจ),1452010
1452020,I got your back duder!,ฉันได้รับเพื่อนด้านหลังของคุณ!,แคมเปญก็อง+มาร์เก็ตการ์เดน (บทพูดภารกิจ),1452020
1452030,In the tree line!,อยู่แนวต้นไม้!,แคมเปญก็อง+มาร์เก็ตการ์เดน (บทพูดภารกิจ),1452030
1452040,The damn tree line!,แนวต้นไม้บ้าบอ!,แคมเปญก็อง+มาร์เก็ตการ์เดน (บทพูดภารกิจ),1452040
1452050,Regroup at the DZ!,รวมกลุ่มใหม่ที่ DZ!,แคมเปญก็อง+มาร์เก็ตการ์เดน (บทพูดภารกิจ),1452050
1452060,Envelope over!  Envelope over!,โอบล้อมแล้ว! โอบล้อมแล้ว!,แคมเปญก็อง+มาร์เก็ตการ์เดน (บทพูดภารกิจ),1452060
1452090,Covering fire! Damn Pazers!,คุมเพลิง! ไอ้เพเซอร์ส!,แคมเปญก็อง+มาร์เก็ตการ์เดน (บทพูดภารกิจ),1452090
1452130,Reloading! Cover me mate!,กำลังบรรจุกระสุน! ยิงคุ้มกันฉันด้วยพวก!,แคมเปญก็อง+มาร์เก็ตการ์เดน (บทพูดภารกิจ),1452130
1452170,Long burst!  Long burst!,ระเบิดยาว! ระเบิดยาว!,แคมเปญก็อง+มาร์เก็ตการ์เดน (บทพูดภารกิจ),1452170|1452420
1452180,Ammo!  I need some bloody ammo!,กระสุน! ฉันต้องการกระสุนเดี๋ยวนี้!,แคมเปญก็อง+มาร์เก็ตการ์เดน (บทพูดภารกิจ),1452180
1452210,Stoppage!  Cover me!,ปืนขัดลำกล้อง! ยิงคุ้มกันฉันที!,แคมเปญก็อง+มาร์เก็ตการ์เดน (บทพูดภารกิจ),1452210
1452250,Covering fire!  Covering fire!,คุมเพลิง! คุมเพลิง!,แคมเปญก็อง+มาร์เก็ตการ์เดน (บทพูดภารกิจ),1452250
1452260,Suppressive fire!  Hold the tree line!,เพลิงยิงกดดันตรึงพื้นที่! ยึดแนวต้นไม้!,แคมเปญก็อง+มาร์เก็ตการ์เดน (บทพูดภารกิจ),1452260
1452310,Give them hell boys!,มอบนรกให้กับพวกเขา!,แคมเปญก็อง+มาร์เก็ตการ์เดน (บทพูดภารกิจ),1452310
1452350,Movin' in the tree line!,เคลื่อนไหวอยู่บนแนวต้นไม้!,แคมเปญก็อง+มาร์เก็ตการ์เดน (บทพูดภารกิจ),1452350|1452380
1452370,Firing and move!  Fire and move!,ยิงแล้วย้าย! ยิงแล้วย้าย!,แคมเปญก็อง+มาร์เก็ตการ์เดน (บทพูดภารกิจ),1452370
1452440,I think I heard somethin'.,ฉันคิดว่าฉันได้ยินอะไรบางอย่าง,แคมเปญก็อง+มาร์เก็ตการ์เดน (บทพูดภารกิจ),1452440
1452450,Did you hear that?,คุณได้ยินไหม?,แคมเปญก็อง+มาร์เก็ตการ์เดน (บทพูดภารกิจ),1452450
1452460,Johnny?,จอห์นนี่?,แคมเปญก็อง+มาร์เก็ตการ์เดน (บทพูดภารกิจ),1452460
1452470,What's that?,นั่นอะไรน่ะ?,แคมเปญก็อง+มาร์เก็ตการ์เดน (บทพูดภารกิจ),1452470
1452480,Keep it down men!,เอาไว้นะพวกทหาร!,แคมเปญก็อง+มาร์เก็ตการ์เดน (บทพูดภารกิจ),1452480
1452490,Someone's comin'.,มีคนกำลังมา,แคมเปญก็อง+มาร์เก็ตการ์เดน (บทพูดภารกิจ),1452490
1452500,Shhh.  They're almost here.,จุ๊ๆ พวกเขาเกือบจะอยู่ที่นี่แล้ว,แคมเปญก็อง+มาร์เก็ตการ์เดน (บทพูดภารกิจ),1452500
1452510,Wait…wait…closer… ,รอ…รอ…ใกล้กว่านี้…,แคมเปญก็อง+มาร์เก็ตการ์เดน (บทพูดภารกิจ),1452510
1452520,Let 'em get closer.,ให้พวกเขาได้ใกล้ชิดกันมากขึ้น,แคมเปญก็อง+มาร์เก็ตการ์เดน (บทพูดภารกิจ),1452520
1452530,Let 'em have it Para's!,Let 'em ได้มัน Para's!,แคมเปญก็อง+มาร์เก็ตการ์เดน (บทพูดภารกิจ),1452530
1452540,Kill those slimy fucks!,ฆ่าพวกขี้เหนียวพวกนั้นซะ!,แคมเปญก็อง+มาร์เก็ตการ์เดน (บทพูดภารกิจ),1452540
1452550,Don't let them get to the DZ!,อย่าปล่อยให้พวกเขาไปถึง DZ!,แคมเปญก็อง+มาร์เก็ตการ์เดน (บทพูดภารกิจ),1452550
1452560,Rapid rate!  Cut 'em down!,อัตราด่วน! ตัดพวกมันลง!,แคมเปญก็อง+มาร์เก็ตการ์เดน (บทพูดภารกิจ),1452560
1452570,Don't let them flank past the trees!,อย่าปล่อยให้พวกมันขนาบข้างต้นไม้!,แคมเปญก็อง+มาร์เก็ตการ์เดน (บทพูดภารกิจ),1452570
1452580,In the tree line!  In the bloody tree line!,อยู่แนวต้นไม้! ในแนวต้นไม้เฮงซวย!,แคมเปญก็อง+มาร์เก็ตการ์เดน (บทพูดภารกิจ),1452580
1452590,There they are!,พวกเขาอยู่ที่นั่น!,แคมเปญก็อง+มาร์เก็ตการ์เดน (บทพูดภารกิจ),1452590
1452600,Contact!,ติดต่อ!,แคมเปญก็อง+มาร์เก็ตการ์เดน (บทพูดภารกิจ),1452600|6030640
1452610,Fire!,ยิง!,แคมเปญก็อง+มาร์เก็ตการ์เดน (บทพูดภารกิจ),1452610
1452620,Drop 'em lads!,ปล่อยพวกมันเลยพวก!,แคมเปญก็อง+มาร์เก็ตการ์เดน (บทพูดภารกิจ),1452620
1452630,They're tryin' to rig it!,พวกเขากำลังพยายามจะโกงมัน!,แคมเปญก็อง+มาร์เก็ตการ์เดน (บทพูดภารกิจ),1452630
1452640,Cut those fuckin' engineers down!,ตัดทหารช่างสนามพวกนั้นลงซะ!,แคมเปญก็อง+มาร์เก็ตการ์เดน (บทพูดภารกิจ),1452640
1452650,Demo' troopers!  Cut 'em down!,ทหารเดโม่! ตัดพวกมันลง!,แคมเปญก็อง+มาร์เก็ตการ์เดน (บทพูดภารกิจ),1452650
1452690,Hell!  They're tryin' to wire up the bridge!,นรก! พวกเขากำลังพยายามวางสายสะพาน!,แคมเปญก็อง+มาร์เก็ตการ์เดน (บทพูดภารกิจ),1452690
1452700,Engineers!,ทหารช่างสนามสนาม!,แคมเปญก็อง+มาร์เก็ตการ์เดน (บทพูดภารกิจ),1452700
1452710,Drop those engineers!,ทิ้งทหารช่างสนามพวกนั้นซะ!,แคมเปญก็อง+มาร์เก็ตการ์เดน (บทพูดภารกิจ),1452710
1452730,Don't let 'em finish!,อย่าปล่อยให้มันจบ!,แคมเปญก็อง+มาร์เก็ตการ์เดน (บทพูดภารกิจ),1452730
1452760,Pour it on!  Let 'em have it!,เทมันลงไป! ปล่อยให้พวกเขามีมัน!,แคมเปญก็อง+มาร์เก็ตการ์เดน (บทพูดภารกิจ),1452760
1452770,Die you bloody bastards!,ให้ตายเถอะไอ้สารเลว!,แคมเปญก็อง+มาร์เก็ตการ์เดน (บทพูดภารกิจ),1452770
1452800,Section fire!  Get section fire on those Panzer shits!,หมวดระดมยิง! ระดมยิงใส่ไอ้พวกพันเซอร์นั่นเลย!,แคมเปญก็อง+มาร์เก็ตการ์เดน (บทพูดภารกิจ),1452800
1452810,Get 'em!  Let 'em have it!,รับเลย! ปล่อยให้พวกเขามีมัน!,แคมเปญก็อง+มาร์เก็ตการ์เดน (บทพูดภารกิจ),1452810
1452830,Remaining forces may be anywhere.,กองกำลังที่เหลืออาจอยู่ที่ไหนก็ได้,แคมเปญก็อง+มาร์เก็ตการ์เดน (บทพูดภารกิจ),1452830
1452840,The forest is still crawling with Americans.,ป่ายังคงคลานไปด้วยชาวอเมริกัน,แคมเปญก็อง+มาร์เก็ตการ์เดน (บทพูดภารกิจ),1452840
1452850,Pockets of resistance are everywhere.,แนวต้านมีอยู่ทุกที่,แคมเปญก็อง+มาร์เก็ตการ์เดน (บทพูดภารกิจ),1452850
1452860,We'll need to clear the forest out.,เราจะต้องเคลียร์ป่าให้หมด,แคมเปญก็อง+มาร์เก็ตการ์เดน (บทพูดภารกิจ),1452860
1459050,Defend Best,ปกป้องดีที่สุด,แคมเปญก็อง+มาร์เก็ตการ์เดน (บทพูดภารกิจ),1459050
1459051,"American Paratroopers are dropping from the sky, hold the town at all costs and prevent the Paratroopers from destroying the town Headquarters.",พลร่มอเมริกันกำลังตกลงมาจากท้องฟ้า ยึดเมืองได้ไม่ว่าจะด้วยวิธีใดก็ตาม และป้องกันไม่ให้พลร่มทำลายกองบัญชาการของเมือง,แคมเปญก็อง+มาร์เก็ตการ์เดน (บทพูดภารกิจ),1459051
1459052,Town of Best Defended,เมืองแห่งการป้องกันที่ดีที่สุด,แคมเปญก็อง+มาร์เก็ตการ์เดน (บทพูดภารกิจ),1459052
1459053,Defend the Town,ปกป้องเมือง,แคมเปญก็อง+มาร์เก็ตการ์เดน (บทพูดภารกิจ),1459053
1459061,Secure the %1NUMBER% Drop Zones,รักษาเขตทิ้งร่ม %1NUMBER% แห่ง,แคมเปญก็อง+มาร์เก็ตการ์เดน (บทพูดภารกิจ),1459061
1459063,All Drop Zones Secured,เขตทิ้งร่มทั้งหมดปลอดภัยแล้ว,แคมเปญก็อง+มาร์เก็ตการ์เดน (บทพูดภารกิจ),1459063
1459064,"There are a number of drop zones identified in the area, capture the Strategic Points at each location.",มีเขตทิ้งร่มหลายแห่งในพื้นที่ จงยึดจุดยุทธศาสตร์ในแต่ละแห่ง,แคมเปญก็อง+มาร์เก็ตการ์เดน (บทพูดภารกิจ),1459064
1459070,Destroy the Bridge at Best,ทำลายสะพานให้ดีที่สุด,แคมเปญก็อง+มาร์เก็ตการ์เดน (บทพูดภารกิจ),1459070
1459071,Order the Pioneers to wire the bridge. Once wired detonate the charges and prevent the British Mobile Command Posts from breaking through.,สั่งให้ผู้บุกเบิกเชื่อมสะพาน เมื่อต่อสายแล้วจะทำให้เกิดการระเบิดและป้องกันไม่ให้หน่วยบัญชาการเคลื่อนที่ของอังกฤษทะลุผ่าน,แคมเปญก็อง+มาร์เก็ตการ์เดน (บทพูดภารกิจ),1459071
1459072,Await the next Pioneer Squad to arrive,รอทีม Pioneer ต่อไปที่จะมาถึง,แคมเปญก็อง+มาร์เก็ตการ์เดน (บทพูดภารกิจ),1459072
1459073,Keep the roads defended for the next Pioneer squad.,รักษาถนนให้ปลอดภัยสำหรับทีม Pioneer ต่อไป,แคมเปญก็อง+มาร์เก็ตการ์เดน (บทพูดภารกิจ),1459073
1459074,Wire the Bridge with Demolitions,เชื่อมสะพานด้วยการรื้อถอน,แคมเปญก็อง+มาร์เก็ตการ์เดน (บทพูดภารกิจ),1459074
1459075,"Bridge Wired, Demolitions Set",สะพานแบบมีสาย ชุดรื้อถอน,แคมเปญก็อง+มาร์เก็ตการ์เดน (บทพูดภารกิจ),1459075
1459076,Destroy the Mobile Command Truck,ทำลายรถบังคับการเคลื่อนที่,แคมเปญก็อง+มาร์เก็ตการ์เดน (บทพูดภารกิจ),1459076
1459077,Order Pioneers to the Bridge,สั่งผู้บุกเบิกไปที่สะพาน,แคมเปญก็อง+มาร์เก็ตการ์เดน (บทพูดภารกิจ),1459077
1459080,Capture the Remaining Drop Zones,ยึดเขตทิ้งร่มที่เหลือ,แคมเปญก็อง+มาร์เก็ตการ์เดน (บทพูดภารกิจ),1459080
1459081,Capture the Strategic Points at the rest of the Drop Zones before destroying the bridge.,ยึดจุดยุทธศาสตร์ที่เขตทิ้งร่มที่เหลือก่อนทำลายสะพาน,แคมเปญก็อง+มาร์เก็ตการ์เดน (บทพูดภารกิจ),1459081
1459082,Remaining Drop Zone Captured,ยึดเขตทิ้งร่มที่เหลือแล้ว,แคมเปญก็อง+มาร์เก็ตการ์เดน (บทพูดภารกิจ),1459082
1459090,Destroy the Calliope Rocket Battery,ทำลายแบตเตอรี่จรวด Calliope,แคมเปญก็อง+มาร์เก็ตการ์เดน (บทพูดภารกิจ),1459090
1459091,Silence the Calliope that is targeting Kampfgruppe Lehr.,จัดการ Calliope ที่มุ่งเป้าไปที่คัมฟ์กรุปเป้เลห์,แคมเปญก็อง+มาร์เก็ตการ์เดน (บทพูดภารกิจ),1459091
1459092,Calliope Destroyed,คาลิโอพีถูกทำลาย,แคมเปญก็อง+มาร์เก็ตการ์เดน (บทพูดภารกิจ),1459092
1459100,Wirblewind Reinforcements,การเสริมแรงลมหมุน,แคมเปญก็อง+มาร์เก็ตการ์เดน (บทพูดภารกิจ),1459100
1459110,Pioneers Have Arrived,ผู้บุกเบิกมาถึงแล้ว,แคมเปญก็อง+มาร์เก็ตการ์เดน (บทพูดภารกิจ),1459110
1459111,Pioneers Under Attack!,ผู้บุกเบิกถูกโจมตี!,แคมเปญก็อง+มาร์เก็ตการ์เดน (บทพูดภารกิจ),1459111
1459112,Satchel Charge!,ระเบิด Satchel Charge!!,แคมเปญก็อง+มาร์เก็ตการ์เดน (บทพูดภารกิจ),1459112
1459114,Target the Bridge to wire it with Demolitions,กำหนดเป้าหมายสะพานเพื่อต่อสายด้วยการรื้อถอน,แคมเปญก็อง+มาร์เก็ตการ์เดน (บทพูดภารกิจ),1459114
1459115,No not this one!,ไม่ไม่ใช่อันนี้!,แคมเปญก็อง+มาร์เก็ตการ์เดน (บทพูดภารกิจ),1459115
1459200,Build Flak 88s,สร้าง Flak 88s,แคมเปญก็อง+มาร์เก็ตการ์เดน (บทพูดภารกิจ),1459200
1459205,Deploy Teller Mines,ส่งกำลังรบ Teller Mines,แคมเปญก็อง+มาร์เก็ตการ์เดน (บทพูดภารกิจ),1459205
1459210,Build Road Blocks,สร้างบลกถนน,แคมเปญก็อง+มาร์เก็ตการ์เดน (บทพูดภารกิจ),1459210
1459215,Booby Trap this Strategic Point,Booby Trap จุดยุทธศาสตร์นี้,แคมเปญก็อง+มาร์เก็ตการ์เดน (บทพูดภารกิจ),1459215
1459220,Deploy Butterfly Mines,ส่งกำลังรบทุ่นระเบิดผีเสื้อ,แคมเปญก็อง+มาร์เก็ตการ์เดน (บทพูดภารกิจ),1459220
1460500,"Go home, Jerries!",กลับบ้านเถอะเจอร์รี่ส์!,แคมเปญก็อง+มาร์เก็ตการ์เดน (บทพูดภารกิจ),1460500
1460505,Arnhem's our town now!,Arnhem เป็นเมืองของเราแล้ว!,แคมเปญก็อง+มาร์เก็ตการ์เดน (บทพูดภารกิจ),1460505
1460510,"Come and get us, Hans!",มารับเราฮันส์!,แคมเปญก็อง+มาร์เก็ตการ์เดน (บทพูดภารกิจ),1460510
1460515,"Over here, ya rotters!",ที่นี่เจ้าเน่า!,แคมเปญก็อง+มาร์เก็ตการ์เดน (บทพูดภารกิจ),1460515
1460520,Get the fuck outta Arnhem!,ออกไปจากอาร์เน็มซะ!,แคมเปญก็อง+มาร์เก็ตการ์เดน (บทพูดภารกิจ),1460520
1460525,This the best you got?,นี่คือสิ่งที่ดีที่สุดที่คุณได้รับ?,แคมเปญก็อง+มาร์เก็ตการ์เดน (บทพูดภารกิจ),1460525
1460530,My nanna's more menacing than you lot!,พี่เลี้ยงของฉันน่ากลัวกว่าคุณมาก!,แคมเปญก็อง+มาร์เก็ตการ์เดน (บทพูดภารกิจ),1460530
1460535,"Give up and go home, you ain't taking this town!",ยอมแพ้แล้วกลับบ้านไปซะ คุณจะยึดเมืองนี้ไม่ได้!,แคมเปญก็อง+มาร์เก็ตการ์เดน (บทพูดภารกิจ),1460535
1460540,Jerry! Jerry!,เจอร์รี่! เจอร์รี่!,แคมเปญก็อง+มาร์เก็ตการ์เดน (บทพูดภารกิจ),1460540
1460545,The bulldogs'll bite you in the ass!,บูลดกจะกัดคุณที่ตูด!,แคมเปญก็อง+มาร์เก็ตการ์เดน (บทพูดภารกิจ),1460545
1460550,"Shit! There's too many, pull back!",ฉิบหาย! มีมากเกินไป ถอยทัพ!,แคมเปญก็อง+มาร์เก็ตการ์เดน (บทพูดภารกิจ),1460550
1460555,"Fall back to the HQ, lads!",ถอยทัพไปที่กองบัญชาการซะ หนุ่มๆ!,แคมเปญก็อง+มาร์เก็ตการ์เดน (บทพูดภารกิจ),1460555
1460560,Pull back! Reinforce the HQ!,ดึงกลับ! เสริมทัพกองบัญชาการ!,แคมเปญก็อง+มาร์เก็ตการ์เดน (บทพูดภารกิจ),1460560
1460565,"We've done our lot, get outta here!",เราทำเต็มที่แล้ว ออกไปจากที่นี่ซะ!,แคมเปญก็อง+มาร์เก็ตการ์เดน (บทพูดภารกิจ),1460565
1460575,"That's it, boys, time to give up. Nicht Schiessen! We surrender",แค่นั้นแหละ หนุ่มๆ ถึงเวลายอมแพ้แล้ว นิชท์ ชีสเซ่น! เรายอมแพ้,แคมเปญก็อง+มาร์เก็ตการ์เดน (บทพูดภารกิจ),1460575
1460580,"Stop shooting, we're for today, gents. Hold your fire!!!!",หยุดยิงได้แล้ว วันนี้พอแค่นี้ สุภาพบุรุษ หยุดยิงเดี๋ยวนี้!!!,แคมเปญก็อง+มาร์เก็ตการ์เดน (บทพูดภารกิจ),1460580
1460585,That's it for us lads. Stop! Hold your fire!,นั่นมันสำหรับพวกเรานะเด็กๆ หยุด! หยุดยิง!,แคมเปญก็อง+มาร์เก็ตการ์เดน (บทพูดภารกิจ),1460585
1460595,"That's it, we're done for. We're coming out! Nicht Schiessen!",แค่นั้นแหละ เราทำเสร็จแล้วเพื่อ เรากำลังออกมา! นิชท์ ชีสเซ่น!,แคมเปญก็อง+มาร์เก็ตการ์เดน (บทพูดภารกิจ),1460595
1460605,"Hold fire! Stop! I can't take it, I give up! Nicht Schiessen!",หยุดยิง! หยุดก่อน! ฉันทนไม่ไหวแล้ว ฉันขอยอมแพ้! อย่าเพิ่งยิง!,แคมเปญก็อง+มาร์เก็ตการ์เดน (บทพูดภารกิจ),1460605
1460610,Stop shooting! Ausliefern! Ausliefern!,หยุดยิง! ออสลีเฟิร์น! ออสลีเฟิร์น!,แคมเปญก็อง+มาร์เก็ตการ์เดน (บทพูดภารกิจ),1460610
1460615,"Fucking hell, lads, Nicht Schiessen! Sich aufgeben! We surrender",ให้ตายเถอะ นิชท์ ไชสเซ่น! ซิช ออฟเกเบน! เรายอมแพ้,แคมเปญก็อง+มาร์เก็ตการ์เดน (บทพูดภารกิจ),1460615
1460620,"We're done, gents!! Ausliefern! Ausliefern!",เสร็จแล้วครับท่านทั้งหลาย!! ออสลีเฟิร์น! ออสลีเฟิร์น!,แคมเปญก็อง+มาร์เก็ตการ์เดน (บทพูดภารกิจ),1460620
1460625,We give up! Sich aufgeben! We give up! Sich aufgeben!,เรายอมแพ้! ซิช ออฟเกเบน! เรายอมแพ้! ซิช ออฟเกเบน!,แคมเปญก็อง+มาร์เก็ตการ์เดน (บทพูดภารกิจ),1460625
1460630,Sich aufgeben! We give up! Stop shooting!,ซิช ออฟเกเบน! เรายอมแพ้! หยุดยิง!,แคมเปญก็อง+มาร์เก็ตการ์เดน (บทพูดภารกิจ),1460630
1460635,Hold your fire!!!! Ausliefern!,หยุดยิง!!!! ออสลีเฟิร์น!,แคมเปญก็อง+มาร์เก็ตการ์เดน (บทพูดภารกิจ),1460635
1460640,Hold your fire! Hold your fire!,หยุดยิง! หยุดยิง!,แคมเปญก็อง+มาร์เก็ตการ์เดน (บทพูดภารกิจ),1460640
1460650,Nicht Schiessen! Nicht Schiessen!,นิชท์ ชีสเซ่น! นิชท์ ชีสเซ่น!,แคมเปญก็อง+มาร์เก็ตการ์เดน (บทพูดภารกิจ),1460650
1460660,I give up! Aufgeben Schies...? I give up!,ฉันยอมแพ้! ออฟเกเบน ชิส...? ฉันยอมแพ้!,แคมเปญก็อง+มาร์เก็ตการ์เดน (บทพูดภารกิจ),1460660
1460665,"Fucking hell, it's over, you got me, Jerry!",นรกมันจบแล้ว คุณเข้าใจฉันแล้ว เจอร์รี่!,แคมเปญก็อง+มาร์เก็ตการ์เดน (บทพูดภารกิจ),1460665
1460670,Nicht Schiessen! Sich aufgeben!,นิชท์ ชีสเซ่น! ซิช ออฟเกเบน!,แคมเปญก็อง+มาร์เก็ตการ์เดน (บทพูดภารกิจ),1460670
1460675,"Sich! Sich! Sich aufgeben! I'm fucking done, I swear it!",ซิ่ว! ซิ่ว! ซิช ออฟเกเบน! ฉันโคตรจะเสร็จแล้ว ฉันสาบาน!,แคมเปญก็อง+มาร์เก็ตการ์เดน (บทพูดภารกิจ),1460675
1460680,We got Jerry contact!,เราได้รับการติดต่อจากเจอร์รี่แล้ว!,แคมเปญก็อง+มาร์เก็ตการ์เดน (บทพูดภารกิจ),1460680
1460685,"Infantry in open, rapid rate!",ทหารราบในอัตราเปิดที่รวดเร็ว!,แคมเปญก็อง+มาร์เก็ตการ์เดน (บทพูดภารกิจ),1460685
1460690,"Arnhem is ours, you hun bastards!",Arnhem เป็นของเรา ไอ้สารเลว!,แคมเปญก็อง+มาร์เก็ตการ์เดน (บทพูดภารกิจ),1460690
1460695,"Bunker down on them, lads!",บังเกอร์ลงมาทับพวกมันนะหนุ่มๆ!,แคมเปญก็อง+มาร์เก็ตการ์เดน (บทพูดภารกิจ),1460695
1460700,"Hold those points, gents!",รักษาจุดเหล่านั้นเอาไว้นะสุภาพบุรุษ!,แคมเปญก็อง+มาร์เก็ตการ์เดน (บทพูดภารกิจ),1460700
1460705,Jerry's after our resources!,เจอร์รี่ตามล่าทรัพยากรของเรา!,แคมเปญก็อง+มาร์เก็ตการ์เดน (บทพูดภารกิจ),1460705
1460710,Maintain supplies!,ดูแลรักษาพัสดุ!,แคมเปญก็อง+มาร์เก็ตการ์เดน (บทพูดภารกิจ),1460710
1460715,"Captain Wood, keep you men on that depot!",ร้อยเอกวูด นำคนของคุณตรึงกำลังที่คลังเก็บพัสดุนั่นไว้!,แคมเปญก็อง+มาร์เก็ตการ์เดน (บทพูดภารกิจ),1460715
1460720,"Keep off our supplies, Jerry!",หยุดเสบียงของเราซะ เจอร์รี่!,แคมเปญก็อง+มาร์เก็ตการ์เดน (บทพูดภารกิจ),1460720
1460725,"Pour it on 'em thick, lads.",เทมันลงไปให้หนานะเด็กๆ,แคมเปญก็อง+มาร์เก็ตการ์เดน (บทพูดภารกิจ),1460725
1460730,"We're loosing ammo here, Captain!",กระสุนเราใกล้จะหมดแล้วครับ ร้อยเอก!,แคมเปญก็อง+มาร์เก็ตการ์เดน (บทพูดภารกิจ),1460730
1460735,"Keep off Jerry, Arnhem is ours!",ระวังเจอร์รี่ไว้นะ อาร์เนมเป็นของเรา!,แคมเปญก็อง+มาร์เก็ตการ์เดน (บทพูดภารกิจ),1460735
1460740,"We need those bloody depots, lads!",เราต้องการคลังพวกนั้นนะหนุ่มๆ!,แคมเปญก็อง+มาร์เก็ตการ์เดน (บทพูดภารกิจ),1460740
1460745,Maintain defences!,รักษาแนวป้องกัน!,แคมเปญก็อง+มาร์เก็ตการ์เดน (บทพูดภารกิจ),1460745
1460750,"Shite, you ain't getting it that easy, Jerry!",ให้ตายเถอะ คุณไม่ทำให้มันง่ายขนาดนั้นหรอก เจอร์รี่!,แคมเปญก็อง+มาร์เก็ตการ์เดน (บทพูดภารกิจ),1460750
1460755,Cod wallopers!,พวกคอดวอลเปอร์!,แคมเปญก็อง+มาร์เก็ตการ์เดน (บทพูดภารกิจ),1460755
1460760,"Fucking hell, Jerry's got this one, mates!",ให้ตายเถอะ เจอร์รี่ได้อันนี้แล้วเพื่อน!,แคมเปญก็อง+มาร์เก็ตการ์เดน (บทพูดภารกิจ),1460760
1460765,"Ammo supplies are down to 30%, sir!",เสบียงกระสุนลดลงเหลือ 30% ครับท่าน!,แคมเปญก็อง+มาร์เก็ตการ์เดน (บทพูดภารกิจ),1460765
1460770,SShhhhhh!,สสสสสสสส!,แคมเปญก็อง+มาร์เก็ตการ์เดน (บทพูดภารกิจ),1460770
1460775,Quiet!,เงียบ!,แคมเปญก็อง+มาร์เก็ตการ์เดน (บทพูดภารกิจ),1460775
1460780,< tripping and grunting >,< tripping and grunting >,แคมเปญก็อง+มาร์เก็ตการ์เดน (บทพูดภารกิจ),1460780
1460785,< a quick whistle >,< a quick whistle >,แคมเปญก็อง+มาร์เก็ตการ์เดน (บทพูดภารกิจ),1460785
1460790,Over here.,ตรงนี้.,แคมเปญก็อง+มาร์เก็ตการ์เดน (บทพูดภารกิจ),1460790
1460795,"Zip it, Quinn!",ซิปเลยควินน์!,แคมเปญก็อง+มาร์เก็ตการ์เดน (บทพูดภารกิจ),1460795
1460800,There's one now!,มีอันหนึ่งตอนนี้!,แคมเปญก็อง+มาร์เก็ตการ์เดน (บทพูดภารกิจ),1460800
1460805,Sweet Jesus! What the fuck is that bloody thing!,พระเยซูที่รัก! นี่มันบ้าอะไรเนี่ย!,แคมเปญก็อง+มาร์เก็ตการ์เดน (บทพูดภารกิจ),1460805
1460810,Some fucking heavy armored Panzer hellhound?,ยานเกราะหนัก Panzer hellhound น่ะเหรอ?,แคมเปญก็อง+มาร์เก็ตการ์เดน (บทพูดภารกิจ),1460810
1460815,"Jerry's pulled out the stops for us, lads! Protect your domes!",เจอร์รี่หยุดเพื่อพวกเราแล้ว หนุ่มๆ! ปกป้องโดมของคุณ!,แคมเปญก็อง+มาร์เก็ตการ์เดน (บทพูดภารกิจ),1460815
1460820,Shite! Look at the bloody thing!,เหี้ย! ดูของเดือดสิ!,แคมเปญก็อง+มาร์เก็ตการ์เดน (บทพูดภารกิจ),1460820
1460825,"Hellhound, I'd say it was a fucking Titan!",เฮลฮาวด์ ฉันจะบอกว่ามันเป็นไททันโคตรๆ!,แคมเปญก็อง+มาร์เก็ตการ์เดน (บทพูดภารกิจ),1460825
1460835,"German's are starving us out, sir. Supplies are at 35%",พวกเยอรมันกำลังทำให้เราหิวโหยครับท่าน วัสดุสิ้นเปลืองอยู่ที่ 35%,แคมเปญก็อง+มาร์เก็ตการ์เดน (บทพูดภารกิจ),1460835
1460840,Shite! What are we gonna do! ,เหี้ย! เราจะทำอย่างไร!,แคมเปญก็อง+มาร์เก็ตการ์เดน (บทพูดภารกิจ),1460840
1460845,"We're right fucked, gents!",พวกเราโคตรถูกเลยสุภาพบุรุษ!,แคมเปญก็อง+มาร์เก็ตการ์เดน (บทพูดภารกิจ),1460845
1460850,Supplies are at 15%. We need some god damn support! Maintain supply lines!!,พัสดุอยู่ที่ 15% เราต้องการการสนับสนุนจากพระเจ้า! รักษาเส้นอุปทาน!!,แคมเปญก็อง+มาร์เก็ตการ์เดน (บทพูดภารกิจ),1460850
1460855,"If 30th Corps doesn't arrive soon, frankly we're buggered tits-up. ",ถ้ากองพลที่ 30 ไม่มาเร็วๆ นี้ บอกตามตรงว่าเรากำลังงอนกัน,แคมเปญก็อง+มาร์เก็ตการ์เดน (บทพูดภารกิจ),1460855
1460860,"Fucking hell, mates!",โคตรนรกเลยเพื่อน!,แคมเปญก็อง+มาร์เก็ตการ์เดน (บทพูดภารกิจ),1460860
1460865,"Supplies are down to 5%, pull back to HQ! I say again... Pull back to HQ!",เสบียงลดลงเหลือ 5% ดึงกลับไปที่ HQ! ฉันพูดอีกครั้ง... ถอยทัพไปที่ HQ!,แคมเปญก็อง+มาร์เก็ตการ์เดน (บทพูดภารกิจ),1460865
1460870,"The ammo's gone, gents! Get a message up the chain! It's fucking over!",กระสุนหมดแล้วพวก! ส่งข้อความขึ้นไปตามสายบังคับบัญชา! มันจบแล้ว!,แคมเปญก็อง+มาร์เก็ตการ์เดน (บทพูดภารกิจ),1460870
1460875,Fucking cunts! Took all our Depots!,แต้มบัดซบ! ยึดคลังของเราทั้งหมด!,แคมเปญก็อง+มาร์เก็ตการ์เดน (บทพูดภารกิจ),1460875
1460880,"Out of ammo, God save the King.",กระสุนหมด พระเจ้าช่วยกษัตริย์,แคมเปญก็อง+มาร์เก็ตการ์เดน (บทพูดภารกิจ),1460880
1460885,"That's it, my good men, rest for another day. ",แค่นั้นแหละ ทหารกล้าของข้า พักผ่อนได้อีกหนึ่งวัน,แคมเปญก็อง+มาร์เก็ตการ์เดน (บทพูดภารกิจ),1460885
1460890,"We surrender! Bloody hell, Sich aufgeben! Damn Jerries. ",เรายอมแพ้! ให้ตายเถอะ ซิช ออฟเกเบน! ให้ตายเถอะเจอร์รี่ส์,แคมเปญก็อง+มาร์เก็ตการ์เดน (บทพูดภารกิจ),1460890
1460895,"Hold fire, I say again, hold your fire!",หยุดยิง ฉันขอย้ำอีกครั้ง หยุดยิงเดี๋ยวนี้!,แคมเปญก็อง+มาร์เก็ตการ์เดน (บทพูดภารกิจ),1460895
1460900,"Do like I do, lads! Sich aufgeben! Sich aufgeben!",ทำอย่างที่ฉันทำนะหนุ่มๆ! ซิช ออฟเกเบน! ซิช ออฟเกเบน!,แคมเปญก็อง+มาร์เก็ตการ์เดน (บทพูดภารกิจ),1460900
1460905,Cease fire! Cease fire!!!! ,หยุดยิง! หยุดยิง!!!!,แคมเปญก็อง+มาร์เก็ตการ์เดน (บทพูดภารกิจ),1460905
1460910,That's it lads! We surrender! ,นั่นสินะ น้องๆ! เรายอมแพ้!,แคมเปญก็อง+มาร์เก็ตการ์เดน (บทพูดภารกิจ),1460910
1460915,"Bloody hell, fucking Hun wankers got us, mates!",นรกแตก ไอ้พวกฮุนสารเลวจับเราได้แล้วเพื่อน!,แคมเปญก็อง+มาร์เก็ตการ์เดน (บทพูดภารกิจ),1460915
1461000,Kampfgruppe Lehr at attention! Henze has informed me that the British are raiding our Supply Depots for munitions!,คัมฟ์กรุปเป้ Lehr ให้ความสนใจ! Henze แจ้งฉันว่าอังกฤษกำลังบุกค้นคลังอาวุธของเรา!,แคมเปญก็อง+มาร์เก็ตการ์เดน (บทพูดภารกิจ),1461000
1461005,Assemble into combat groups and recapture those depots!,รวมตัวเป็นกลุ่มต่อสู้และยึดคลังเหล่านั้นกลับคืนมา!,แคมเปญก็อง+มาร์เก็ตการ์เดน (บทพูดภารกิจ),1461005
1461023,"There is only one supply target left. Move to the grid location, secure and capture the area!",เหลือเป้าหมายการจัดหาเพียงรายการเดียวเท่านั้น ย้ายไปยังตำแหน่งกริด รักษาความปลอดภัยและยึดพื้นที่!,แคมเปญก็อง+มาร์เก็ตการ์เดน (บทพูดภารกิจ),1461023
1461024,"Mein Kampfgruppen, the Munitions Depot is secured!",Mein คัมฟ์กรุปเป้ คลังอาวุธปลอดภัยแล้ว!,แคมเปญก็อง+มาร์เก็ตการ์เดน (บทพูดภารกิจ),1461024
1461025,"I advise we position a security picket to defend the captured Munitions Depot, the dogs will surely fight for their supplies!",ฉันแนะนำให้เราวางรั้วรักษาความปลอดภัยไว้เพื่อปกป้องคลังอาวุธยุทโธปกรณ์ที่ถูกจับ สุนัขเหล่านี้จะต่อสู้แย่งชิงเสบียงของพวกเขาอย่างแน่นอน!,แคมเปญก็อง+มาร์เก็ตการ์เดน (บทพูดภารกิจ),1461025
1461030,"The second depot is ours. Now it is a waiting game, I doubt the British will last long without munitions!",คลังที่สองเป็นของเรา ตอนนี้มันเป็นเกมที่รอคอย ฉันสงสัยว่าอังกฤษจะอยู่ได้นานโดยไม่มีอาวุธ!,แคมเปญก็อง+มาร์เก็ตการ์เดน (บทพูดภารกิจ),1461030
1461035,British Commandos trying to take back a Munitions Depot!,หน่วยคอมมานโดอังกฤษพยายามยึดคลังอาวุธกลับคืน!,แคมเปญก็อง+มาร์เก็ตการ์เดน (บทพูดภารกิจ),1461035
1461040,Prevent them from resupplying!,ป้องกันไม่ให้พวกมันเติมเสบียง!,แคมเปญก็อง+มาร์เก็ตการ์เดน (บทพูดภารกิจ),1461040
1461045,Scheiße! We must retake that position!,ไชเซ่! เราต้องยึดตำแหน่งนั้นคืน!,แคมเปญก็อง+มาร์เก็ตการ์เดน (บทพูดภารกิจ),1461045
1461050,Aldrich! Assemble a quick reaction force and take back the target!,อัลดริช! รวบรวมพลังปฏิกิริยาอย่างรวดเร็วและนำเป้าหมายกลับคืนมา!,แคมเปญก็อง+มาร์เก็ตการ์เดน (บทพูดภารกิจ),1461050
1461051,Kampfgruppen! Assemble and secure that point!,คัมฟ์กรุปเป้! รวมพลและยึดจุดนั้นไว้!,แคมเปญก็อง+มาร์เก็ตการ์เดน (บทพูดภารกิจ),1461051
1461055,The British bastards have mounted a counter attack on our supply position!,ไอ้สารเลวอังกฤษได้โจมตีตำแหน่งอุปทานของเราแล้ว!,แคมเปญก็อง+มาร์เก็ตการ์เดน (บทพูดภารกิจ),1461055
1461060,Maintain your positions and defend that target!,รักษาตำแหน่งของคุณและปกป้องเป้าหมายนั้น!,แคมเปญก็อง+มาร์เก็ตการ์เดน (บทพูดภารกิจ),1461060
1461061,Flak 88 ammunition depot captured!,คลังกระสุน Flak 88 โดนยึดแล้ว!,แคมเปญก็อง+มาร์เก็ตการ์เดน (บทพูดภารกิจ),1461061
1461062,Nebelwerfer ammunition captured and secured!,กระสุน Nebelwerfer ถูกจับและยึดได้แล้ว!,แคมเปญก็อง+มาร์เก็ตการ์เดน (บทพูดภารกิจ),1461062
1461063,Panzerschrecks ammo and weapons secure.,กระสุนและอาวุธของ Panzerschreck ปลอดภัย,แคมเปญก็อง+มาร์เก็ตการ์เดน (บทพูดภารกิจ),1461063
1461064,Ammunition for Pak38 is secure.,กระสุนของ Pak38 ปลอดภัยแล้ว,แคมเปญก็อง+มาร์เก็ตการ์เดน (บทพูดภารกิจ),1461064
1461065,Mein Kampgruppen! We have recovered a Stubby Panzer IV armored infantry support gun!,ไมน์ คัมป์กรุปเปน! เราได้กู้คืนปืนสนับสนุนทหารราบหุ้มเกราะ Stubby Panzer IV แล้ว!,แคมเปญก็อง+มาร์เก็ตการ์เดน (บทพูดภารกิจ),1461065
1461066,PIAT ammunition and weapons cache captured!,กระสุน PIAT และแคชอาวุธถูกยึดแล้ว!,แคมเปญก็อง+มาร์เก็ตการ์เดน (บทพูดภารกิจ),1461066
1461070,The Stubby's 75mm low velocity gun with high-explosive shells eats infantry fortifications! It is a perfect addition for further penetrating Arnhem!,ปืนความเร็วต่ำ 75 มม. ของ Stubby พร้อมกระสุนระเบิดแรงสูงกินป้อมปราการของทหารราบ! มันเป็นส่วนเสริมที่สมบูรณ์แบบสำหรับการเจาะ Arnhem ต่อไป!,แคมเปญก็อง+มาร์เก็ตการ์เดน (บทพูดภารกิจ),1461070
1461085,They've got covering fire on the area!,พวกมันกำลังยิงคุ้มกันในพื้นที่นั้น!,แคมเปญก็อง+มาร์เก็ตการ์เดน (บทพูดภารกิจ),1461085
1461090,Push through the objective! We need that depot!,ทะลุเป้า! เราต้องการคลังนั้น!,แคมเปญก็อง+มาร์เก็ตการ์เดน (บทพูดภารกิจ),1461090
1461095,Do not let those assholes take the depot! Get suppressive fire on their positions! They'll give up soon!,อย่าปล่อยให้ไอ้พวกนั้นเข้าคลัง! รับการยิงยิงกดดันตรึงพื้นที่ในตำแหน่งของพวกเขา! พวกเขาจะยอมแพ้ในไม่ช้า!,แคมเปญก็อง+มาร์เก็ตการ์เดน (บทพูดภารกิจ),1461095
1461100,Incoming artillery fire! They're using our Nebs!,ปืนใหญ่ยิงเข้ามา! พวกเขากำลังใช้ Nebs ของเรา!,แคมเปญก็อง+มาร์เก็ตการ์เดน (บทพูดภารกิจ),1461100
1461105,One of the depots must be supplying those Nebelwerfers!,หนึ่งในคลังต้องเป็นผู้จัดหา Nebelwerfer เหล่านั้น!,แคมเปญก็อง+มาร์เก็ตการ์เดน (บทพูดภารกิจ),1461105
1461110,"Cut off their supplies! The Brits need the ammo to keep firing, take them!",ตัดเสบียงของพวกเขาซะ! ชาวอังกฤษต้องการกระสุนเพื่อยิงต่อไป รับพวกมันไป!,แคมเปญก็อง+มาร์เก็ตการ์เดน (บทพูดภารกิจ),1461110
1461115,The supply objectives have been secured! ,วัตถุประสงค์การจัดหาได้รับการรักษาความปลอดภัยแล้ว!,แคมเปญก็อง+มาร์เก็ตการ์เดน (บทพูดภารกิจ),1461115
1461116,Form up the combat groups and wait for new orders.,จัดตั้งกลุ่มต่อสู้และรอคำสั่งใหม่,แคมเปญก็อง+มาร์เก็ตการ์เดน (บทพูดภารกิจ),1461116
1461117,"Hauptmann Berger, we have an incoming radio transmission from Majorgeneral Voss.",เฮาพท์มันน์ เบอร์เกอร์ เรามีสัญญาณวิทยุขาเข้า จากพันตรีเจเนอรัล วอสส์,แคมเปญก็อง+มาร์เก็ตการ์เดน (บทพูดภารกิจ),1461117
1461118,"Patch it through, Deinhard.",จัดการมันเลย ไดน์ฮาร์ด,แคมเปญก็อง+มาร์เก็ตการ์เดน (บทพูดภารกิจ),1461118
1462000,"Kampfgruppe Lehr, we must take the bridge!!!",คัมฟ์กรุปเป้ Lehr เราต้องขึ้นสะพาน!!!,แคมเปญก็อง+มาร์เก็ตการ์เดน (บทพูดภารกิจ),1462000
1462002,30th Corps has advanced beyond Nijmegen and will be arriving shortly!,30th Corps ก้าวหน้าไปไกลกว่า Nijmegen และจะมาถึงในไม่ช้า!,แคมเปญก็อง+มาร์เก็ตการ์เดน (บทพูดภารกิจ),1462002
1462005,Kampfgruppe! All the major roads into Arnhem are now secured! Access to vehicle reinforcements has been granted.,คัมฟ์กรุปเป้! ถนนสายหลักทุกสายเข้าสู่ Arnhem ปลอดภัยแล้ว! ได้รับอนุญาตให้เข้าถึงกำลังเสริมของยานพาหนะแล้ว,แคมเปญก็อง+มาร์เก็ตการ์เดน (บทพูดภารกิจ),1462005
1462015,We need infantry around that Tiger!,เราต้องส่งทหารราบไปคุ้มกันรอบรถถังไทเกอร์คันนั้น!,แคมเปญก็อง+มาร์เก็ตการ์เดน (บทพูดภารกิจ),1462015
1462020,Get a security screen around that Tiger Tank! Use the troops!,วางแนวคุ้มกันรอบรถถังไทเกอร์! ใช้กำลังทหารราบ!,แคมเปญก็อง+มาร์เก็ตการ์เดน (บทพูดภารกิจ),1462020
1462021,Tiger Tank needs Grenadier support! Cover his advance!,Tiger Tank ต้องการการสนับสนุนจาก เกรนาเดียร์! ครอบคลุมความก้าวหน้าของเขา!,แคมเปญก็อง+มาร์เก็ตการ์เดน (บทพูดภารกิจ),1462021
1462025,Our King Tiger is taking a lot of fire! Suppress the enemy Anti Tank weapons before we advance!,รถถังคิงไทเกอร์ของเรากำลังโดนยิงอย่างหนัก! จงยิงกดดันอาวุธต่อต้านรถถังของศัตรูก่อนที่เราจะรุกคืบ!,แคมเปญก็อง+มาร์เก็ตการ์เดน (บทพูดภารกิจ),1462025
1462030,Get repair crews on that Tiger! Deploy a security screen around its position!,ส่งทีมช่างไปซ่อมรถถังไทเกอร์คันนั้น! วางแนวคุ้มกันรอบตำแหน่งของมันไว้!,แคมเปญก็อง+มาร์เก็ตการ์เดน (บทพูดภารกิจ),1462030
1462035,Save the King Tiger! Surround it with bodies if you must!,บันทึกรถถังคิงไทเกอร์! ล้อมรอบมันด้วยศพถ้าคุณต้องการ!,แคมเปญก็อง+มาร์เก็ตการ์เดน (บทพูดภารกิจ),1462035
1462040,A King Tiger tank has been lost!,รถถัง King Tiger สูญหาย!,แคมเปญก็อง+มาร์เก็ตการ์เดน (บทพูดภารกิจ),1462040
1462045,We will not get any additional Armor to the bridge without taking the main roads into Arnhem!,เราจะไม่ได้รับเกราะเพิ่มเติมที่สะพานหากไม่นำถนนสายหลักเข้าสู่อาร์เนม!,แคมเปญก็อง+มาร์เก็ตการ์เดน (บทพูดภารกิจ),1462045
1462046,Call up a Bergetiger! We need to recover this wreck!,เรียกเบอร์เก็ตไทเกอร์มา! เราต้องกู้ซากเรือนี้ให้ได้!,แคมเปญก็อง+มาร์เก็ตการ์เดน (บทพูดภารกิจ),1462046
1462050,Additional King Tigers have been attached to our battle group!,เพิ่ม King Tigers ให้กับกลุ่มการต่อสู้ของเราแล้ว!,แคมเปญก็อง+มาร์เก็ตการ์เดน (บทพูดภารกิจ),1462050
1462060,Repair the damaged Tiger! It is critical to our operation.,ซ่อมแซมรถถังไทเกอร์ที่เสียหาย! มันสำคัญยิ่งต่อปฏิบัติการของเรา,แคมเปญก็อง+มาร์เก็ตการ์เดน (บทพูดภารกิจ),1462060
1463030,We've taken the first structure!  ,เราได้ดำเนินการโครงสร้างแรกแล้ว!,แคมเปญก็อง+มาร์เก็ตการ์เดน (บทพูดภารกิจ),1463030
1463031,Taking heavy fire from the bridge deck!,กำลังถูกระดมยิงอย่างหนักจากบนสะพาน!,แคมเปญก็อง+มาร์เก็ตการ์เดน (บทพูดภารกิจ),1463031
1463035,The remaining British HQ is secured!,กองบัญชาการอังกฤษที่เหลือปลอดภัยแล้ว!,แคมเปญก็อง+มาร์เก็ตการ์เดน (บทพูดภารกิจ),1463035
1463045,Kamfgruppe! Push onto the bridge! Neutralize those defensive positions!,คัมฟกรุปเป้! ดันขึ้นสะพาน! ต่อต้านตำแหน่งการป้องกันเหล่านั้น!,แคมเปญก็อง+มาร์เก็ตการ์เดน (บทพูดภารกิจ),1463045
1463046,Adjust the axis of advance! Blitz the English and secure that bridge!,ปรับแกนรุก! โจมตีอังกฤษและยึดสะพานนั้นไว้!,แคมเปญก็อง+มาร์เก็ตการ์เดน (บทพูดภารกิจ),1463046
1463047,Our sheer numbers will overpower them! Move to secure the bridge!,ตัวเลขที่แท้จริงของเราจะเอาชนะพวกมันได้! ขยับเพื่อรักษาสะพาน!,แคมเปญก็อง+มาร์เก็ตการ์เดน (บทพูดภารกิจ),1463047
1463050,The paratroopers defensive positions are too strong!,ตำแหน่งป้องกันของพลร่มแข็งแกร่งเกินไป!,แคมเปญก็อง+มาร์เก็ตการ์เดน (บทพูดภารกิจ),1463050
1463055,Secure the Supply Depots before the main assault on the bridge and we will drain them of ammo!,รักษาคลังเสบียงไว้ก่อนการโจมตีหลักบนสะพาน แล้วเราจะดูดกระสุนพวกมันให้หมด!,แคมเปญก็อง+มาร์เก็ตการ์เดน (บทพูดภารกิจ),1463055
1463060,We have secured the bridge deck! ,เรายึดดาดฟ้าสะพานได้แล้ว!,แคมเปญก็อง+มาร์เก็ตการ์เดน (บทพูดภารกิจ),1463060
1463065,Kampfgruppe Lehr now controls the bridge deck!,คัมฟ์กรุปเป้ Lehr ควบคุมดาดฟ้าสะพานแล้ว!,แคมเปญก็อง+มาร์เก็ตการ์เดน (บทพูดภารกิจ),1463065
1463066,Forward elements of the 30th Corps are inbound!,องค์ประกอบกองหน้าของกองพลที่ 30 มาแล้ว!,แคมเปญก็อง+มาร์เก็ตการ์เดน (บทพูดภารกิจ),1463066
1463067,Man those Flak 88s and fire on that Armor!,ควบคุม Flak 88 และยิงใส่ยานเกราะนั้น!,แคมเปญก็อง+มาร์เก็ตการ์เดน (บทพูดภารกิจ),1463067
1463068,"Do not worry, they can no longer reach Arnhem.",ไม่ต้องกังวล พวกเขาไม่สามารถไปถึงอาร์เนมได้อีกต่อไป,แคมเปญก็อง+มาร์เก็ตการ์เดน (บทพูดภารกิจ),1463068
1463069,"Destroy anything that tries to cross the bridge, but the remainder of the enemy forces will be pulling back to regroup in Valkenswaard. ",ทำลายทุกสิ่งที่พยายามจะข้ามสะพาน แต่กองกำลังศัตรูที่เหลือจะถูกดึงกลับเพื่อรวมกลุ่มใหม่ในวาลเคนสวาร์ด,แคมเปญก็อง+มาร์เก็ตการ์เดน (บทพูดภารกิจ),1463069
1463070,Ha-ha! The bridge is ours!!! ,ฮ่าฮ่า! สะพานเป็นของเรา!!!,แคมเปญก็อง+มาร์เก็ตการ์เดน (บทพูดภารกิจ),1463070
1463075,"Wolfgang, we've done it! The bridge across the Rhine is ours!",โวล์ฟกัง เราทำได้แล้ว! สะพานข้ามแม่น้ำไรน์เป็นของเรา!,แคมเปญก็อง+มาร์เก็ตการ์เดน (บทพูดภารกิจ),1463075
1463076,What should we do with all these prisoners?,เราควรทำอย่างไรกับนักโทษเหล่านี้?,แคมเปญก็อง+มาร์เก็ตการ์เดน (บทพูดภารกิจ),1463076
1463080,"Excellent work, Kampfgruppe Lehr!",ทำได้ดีมาก คัมฟ์กรุปเป้ Lehr!,แคมเปญก็อง+มาร์เก็ตการ์เดน (บทพูดภารกิจ),1463080|1482340
1463085,Clear the wreckage on the roadway and call up command. The bridge is open for business.,เคลียร์ซากปรักหักพังบนถนนและเรียกคำสั่ง สะพานเปิดให้บริการแล้ว,แคมเปญก็อง+มาร์เก็ตการ์เดน (บทพูดภารกิจ),1463085
1463090,Let's line them up and march them out!,มาเรียงแถวและเคลื่อนทัพออกไปกันเถอะ!,แคมเปญก็อง+มาร์เก็ตการ์เดน (บทพูดภารกิจ),1463090
1464000,Kampfgruppe Lehr it is the time for action! ,คัมฟ์กรุปเป้ Lehr ถึงเวลาลงมือแล้ว!,แคมเปญก็อง+มาร์เก็ตการ์เดน (บทพูดภารกิจ),1464000
1464010,Use the King Tiger to forge a path to the main roads!,ใช้รถถังคิงไทเกอร์สร้างเส้นทางสู่ถนนสายหลัก!,แคมเปญก็อง+มาร์เก็ตการ์เดน (บทพูดภารกิจ),1464010
1464020,"Kampfgruppe controls the Road, area secured!",คัมฟ์กรุปเป้ ควบคุมถนน พื้นที่ปลอดภัย!,แคมเปญก็อง+มาร์เก็ตการ์เดน (บทพูดภารกิจ),1464020
1464030,Kampfgruppe has secured the second Road into Arnhem!,คัมฟ์กรุปเป้ ยึดถนนสายที่สองเข้าสู่ Arnhem ได้สำเร็จ!,แคมเปญก็อง+มาร์เก็ตการ์เดน (บทพูดภารกิจ),1464030
1464040,The road is now open for reinforcements.,ขณะนี้ถนนเปิดให้เสริมกำลังแล้ว,แคมเปญก็อง+มาร์เก็ตการ์เดน (บทพูดภารกิจ),1464040
1464050,Panzerschreck fire! Those Commandos have Panzerschrecks!,ระวังพันเซอร์ชเร็ค! หน่วยคอมมานโดพวกนั้นมีพันเซอร์ชเร็ค!,แคมเปญก็อง+มาร์เก็ตการ์เดน (บทพูดภารกิจ),1464050
1464060,AT! AT Fire! Damn it! That's one of ours!,ปืนต่อสู้รถถัง! กำลังโดนปืนต่อสู้รถถังยิง! บัดซบเอ๊ย! นั่นมันปืนฝ่ายเราเองนี่หว่า!,แคมเปญก็อง+มาร์เก็ตการ์เดน (บทพูดภารกิจ),1464060
1464070,88s! English They're using our guns against us!,88! ไทย พวกเขากำลังใช้ปืนของเราโจมตีเรา!,แคมเปญก็อง+มาร์เก็ตการ์เดน (บทพูดภารกิจ),1464070
1464080,They captured 88s! Alert the vehicle crews!,พวกเขาจับ 88 ได้! แจ้งเตือนทีมงานรถ!,แคมเปญก็อง+มาร์เก็ตการ์เดน (บทพูดภารกิจ),1464080
1464090,Ha... Those little blockades won't stand up to our Armor!,ฮ่า... การปิดล้อมเล็กๆ น้อยๆ เหล่านั้นไม่สามารถต้านทานเกราะของเราได้!,แคมเปญก็อง+มาร์เก็ตการ์เดน (บทพูดภารกิจ),1464090
1464100,"The path is blocked, we'll have to find another way around until we can get more heavy vehicles on the scene.",เส้นทางถูกปิดกั้น เราจะต้องหาทางอื่นจนกว่าเราจะได้ยานพาหนะหนักมากขึ้นในที่เกิดเหตุ,แคมเปญก็อง+มาร์เก็ตการ์เดน (บทพูดภารกิจ),1464100
1464110,Secure the roadways!,รักษาความปลอดภัยถนน!,แคมเปญก็อง+มาร์เก็ตการ์เดน (บทพูดภารกิจ),1464110
1464120,"Wolfgang, all road objectives are secure. It's only a matter of time until the British come walking out!",โวล์ฟกัง เป้าหมายของถนนทั้งหมดปลอดภัย เหลือเพียงเรื่องของเวลาเท่านั้นที่อังกฤษจะเดินออกไป!,แคมเปญก็อง+มาร์เก็ตการ์เดน (บทพูดภารกิจ),1464120
1465000,"British Commandos have held the bridge at Arnhem for three days now, giving them clear passage across the Rhine river.",หน่วยคอมมานโดของอังกฤษได้ยึดสะพานที่อาร์เนมเป็นเวลาสามวันแล้ว ทำให้สามารถข้ามแม่น้ำไรน์ได้อย่างชัดเจน,แคมเปญก็อง+มาร์เก็ตการ์เดน (บทพูดภารกิจ),1465000
1465010,2nd Airborne Battalion is embedded throughout the city.,กองพันทหารอากาศที่ 2 ฝังอยู่ทั่วเมือง,แคมเปญก็อง+มาร์เก็ตการ์เดน (บทพูดภารกิจ),1465010
1465020,Forward observers indicate the enemy has commandeered a number of heavy weapons.,ผู้สังเกตการณ์ข้างหน้าระบุว่าศัตรูได้ควบคุมอาวุธหนักจำนวนหนึ่ง,แคมเปญก็อง+มาร์เก็ตการ์เดน (บทพูดภารกิจ),1465020
1465030,"In addition to these pockets of resistance, the urban terrain of Arnhem is riddled with wrecks and blockades.",นอกเหนือจากกลุ่มต่อต้านเหล่านี้แล้ว ภูมิประเทศในเมืองของ Arnhem ยังเต็มไปด้วยซากเรืออับปางและการปิดล้อม,แคมเปญก็อง+มาร์เก็ตการ์เดน (บทพูดภารกิจ),1465030
1465040,A clear path may prove difficult to find.,เส้นทางที่ชัดเจนอาจพิสูจน์ได้ยาก,แคมเปญก็อง+มาร์เก็ตการ์เดน (บทพูดภารกิจ),1465040
1465050,Our success has become increasingly critical. ,ความสำเร็จของเรามีความสำคัญมากขึ้นเรื่อยๆ,แคมเปญก็อง+มาร์เก็ตการ์เดน (บทพูดภารกิจ),1465050
1465070,"Königstigers, King Tigers, are in support to assist with blockade removal.",Königstigers หรือ King Tigers ได้รับการสนับสนุนเพื่อช่วยเหลือในการกำจัดการปิดล้อม,แคมเปญก็อง+มาร์เก็ตการ์เดน (บทพูดภารกิจ),1465070
1465080,Assemble them into combat groups with Infantry and advance into the city!,รวมพวกเขาเป็นกลุ่มต่อสู้ด้วยทหารราบและบุกเข้าไปในเมือง!,แคมเปญก็อง+มาร์เก็ตการ์เดน (บทพูดภารกิจ),1465080
1465090,I will make additional Armor support available once Kampfgruppe Lehr has secured these roads to the bridge.,ฉันจะจัดให้มีการรองรับเกราะเพิ่มเติมเมื่อ คัมฟ์กรุปเป้ Lehr ยึดถนนเหล่านี้ไปยังสะพานได้แล้ว,แคมเปญก็อง+มาร์เก็ตการ์เดน (บทพูดภารกิจ),1465090
1465110,"Without airdrops to resupply, or 30th Corps reinforcement, the British paraforces are now facing grave circumstances.",หากไม่มีการส่งเสบียงทางอากาศหรือการเสริมกำลังกองพลที่ 30 กองทัพอังกฤษกำลังเผชิญกับสถานการณ์ที่ร้ายแรง,แคมเปญก็อง+มาร์เก็ตการ์เดน (บทพูดภารกิจ),1465110
1465120,"Capturing these two Munitions Depots, will effectively cut off their supply chain, and starve out the Englishmen. ",การจับคลังอาวุธทั้งสองนี้จะตัดห่วงโซ่อุปทานของพวกเขาอย่างมีประสิทธิภาพ และทำให้ชาวอังกฤษอดอยาก,แคมเปญก็อง+มาร์เก็ตการ์เดน (บทพูดภารกิจ),1465120
1465200,They fought well.,พวกเขาต่อสู้ได้ดี,แคมเปญก็อง+มาร์เก็ตการ์เดน (บทพูดภารกิจ),1465200
1465205,"We may have defeated them now but if they continue to fight like this, I fear the end is soon.",ตอนนี้เราอาจจะเอาชนะพวกเขาได้แล้ว แต่ถ้าพวกเขายังคงต่อสู้แบบนี้ต่อไป ฉันเกรงว่าจุดจบจะเกิดขึ้นในไม่ช้า,แคมเปญก็อง+มาร์เก็ตการ์เดน (บทพูดภารกิจ),1465205
1465210,Thank our luck that our men proved stronger. Next time we may not be so fortunate.,ขอบคุณโชคดีที่คนของเราแข็งแกร่งขึ้น คราวหน้าเราอาจจะไม่โชคดีขนาดนี้,แคมเปญก็อง+มาร์เก็ตการ์เดน (บทพูดภารกิจ),1465210
1465215,I don't understand why we just don't destroy the bridge.,ฉันไม่เข้าใจว่าทำไมเราไม่ทำลายสะพาน,แคมเปญก็อง+มาร์เก็ตการ์เดน (บทพูดภารกิจ),1465215
1465220,We should just blow the damn thing sky high.,เราควรระเบิดไอ้เวรนั่นให้สูงเสียเลย,แคมเปญก็อง+มาร์เก็ตการ์เดน (บทพูดภารกิจ),1465220
1465225,We can't. It's a vital crossing for to ensure victory.,เราทำไม่ได้ เป็นการข้ามที่สำคัญเพื่อให้แน่ใจว่าได้รับชัยชนะ,แคมเปญก็อง+มาร์เก็ตการ์เดน (บทพูดภารกิจ),1465225
1465230,Impossible. We need the bridge to win the war.,เป็นไปไม่ได้. เราต้องการสะพานเพื่อชนะสงคราม,แคมเปญก็อง+มาร์เก็ตการ์เดน (บทพูดภารกิจ),1465230
1465235,The war is over.  It's only a matter of time.,สงครามสิ้นสุดลงแล้ว มันเป็นเพียงเรื่องของเวลา,แคมเปญก็อง+มาร์เก็ตการ์เดน (บทพูดภารกิจ),1465235
1465240,Don't be foolish. We are delaying the inevitable.,อย่าโง่เลย เรากำลังชะลอสิ่งที่หลีกเลี่ยงไม่ได้,แคมเปญก็อง+มาร์เก็ตการ์เดน (บทพูดภารกิจ),1465240
1465250,"I love this Dutch architectural style, it must be Amsterdam school.",ฉันชอบสถาปัตยกรรมสไตล์ดัตช์นี้ คงเป็นโรงเรียนในอัมสเตอร์ดัม,แคมเปญก็อง+มาร์เก็ตการ์เดน (บทพูดภารกิจ),1465250
1465260,Notice the round expressive forms! I do love ornamental spires.,สังเกตรูปแบบการแสดงออกที่กลม! ฉันชอบยอดแหลมประดับ,แคมเปญก็อง+มาร์เก็ตการ์เดน (บทพูดภารกิจ),1465260
1465270,"Elaborate but sober in its expression, these cloggies sure got it good!",ซับซ้อนแต่สง่าผ่าเผย อุดตันเหล่านี้เข้ากันได้ดีแน่นอน!,แคมเปญก็อง+มาร์เก็ตการ์เดน (บทพูดภารกิจ),1465270
1465500,I have just received a report indicating elements of the 9th SS Panzer Division have fallen to the enemy in Nijmegen. The Tommies have taken the bridge!,ฉันเพิ่งได้รับรายงานที่ระบุว่าองค์ประกอบของกองพลยานเกราะ SS ที่ 9 ได้ตกเป็นของศัตรูในไนเมเกน พวกทอมมี่ยึดสะพานได้แล้ว!,แคมเปญก็อง+มาร์เก็ตการ์เดน (บทพูดภารกิจ),1465500
1465510,The only thing between Kampfgruppe Lehr and 30th Corps is a twenty kilometer stretch of open road on Highway 69. ,สิ่งเดียวระหว่าง คัมฟ์กรุปเป้ Lehr และ 30th Corps คือถนนเปิดทอดยาว 20 กิโลเมตรบนทางหลวงหมายเลข 69,แคมเปญก็อง+มาร์เก็ตการ์เดน (บทพูดภารกิจ),1465510
1465520,It is now critical to secure the paths into the city and capture that god forsaken bridge.,ตอนนี้เป็นเรื่องสำคัญอย่างยิ่งที่จะต้องรักษาเส้นทางเข้าสู่เมืองและยึดสะพานที่พระเจ้าทอดทิ้งนั้นไว้,แคมเปญก็อง+มาร์เก็ตการ์เดน (บทพูดภารกิจ),1465520
1465550,This is our chance to break their backs. Their command and control is being orchestrated from the buildings on either side of the bridge.,นี่เป็นโอกาสของเราที่จะทำลายหลังพวกเขา การบังคับบัญชาและการควบคุมของพวกเขาได้รับการควบคุมจากอาคารทั้งสองฝั่งของสะพาน,แคมเปญก็อง+มาร์เก็ตการ์เดน (บทพูดภารกิจ),1465550
1465570,Secure the area and capture these points!,ยึดพื้นที่และยึดจุดเหล่านี้ให้ได้!,แคมเปญก็อง+มาร์เก็ตการ์เดน (บทพูดภารกิจ),1465570
1465590,Be swift! Time is not something we have the luxury of. Arnhem is almost ours! ,รวดเร็ว! เวลาไม่ใช่สิ่งที่เรามีความหรูหรา Arnhem เกือบจะเป็นของเราแล้ว!,แคมเปญก็อง+มาร์เก็ตการ์เดน (บทพูดภารกิจ),1465590
1466000,We have to deny the English movement along the river.,เราต้องปฏิเสธความเคลื่อนไหวของอังกฤษตามแนวแม่น้ำ,แคมเปญก็อง+มาร์เก็ตการ์เดน (บทพูดภารกิจ),1466000
1466005,The boats moored at the dock must be destroyed.,เรือที่จอดอยู่ที่ท่าเรือจะต้องถูกทำลาย,แคมเปญก็อง+มาร์เก็ตการ์เดน (บทพูดภารกิจ),1466005
1466010,"However, the bridge is the priority.",อย่างไรก็ตาม สะพานถือเป็นเรื่องสำคัญ,แคมเปญก็อง+มาร์เก็ตการ์เดน (บทพูดภารกิจ),1466010
1466015,Splash one boat! Nice shot!,ยิงเรือจมไปหนึ่งลำ! ยิงสวย!,แคมเปญก็อง+มาร์เก็ตการ์เดน (บทพูดภารกิจ),1466015
1466020,Good hit! Look at it go!,ตีดี! ดูไปเถอะ!,แคมเปญก็อง+มาร์เก็ตการ์เดน (บทพูดภารกิจ),1466020
1466025,Reminds me of Dunkirk!,ทำให้ฉันนึกถึงดันเคิร์ก!,แคมเปญก็อง+มาร์เก็ตการ์เดน (บทพูดภารกิจ),1466025
1466030,Dock line secured! The flank is clear!,สายท่าเรือปลอดภัย! กองหน้าชัดเจน!,แคมเปญก็อง+มาร์เก็ตการ์เดน (บทพูดภารกิจ),1466030
1469100,Capture the Road and Bridge into Arnhem,ยึดถนนและสะพานเข้าสู่ Arnhem,แคมเปญก็อง+มาร์เก็ตการ์เดน (บทพูดภารกิจ),1469100
1469110,"Neutralize the two HQ buildings, then capture the Strategic Point on the Bridge. Eliminate A-T threats and use Armor to force the British to surrender.",ทำลายอาคารกองบัญชาการทั้งสองแห่ง จากนั้นยึดจุดยุทธศาสตร์บนสะพาน กำจัดภัยคุกคามจากปืนต่อสู้รถถัง และใช้ยานเกราะบีบให้อังกฤษยอมจำนน,แคมเปญก็อง+มาร์เก็ตการ์เดน (บทพูดภารกิจ),1469110
1469120,Capture Strategic Point to Secure Bridge,ยึดจุดยุทธศาสตร์เพื่อรักษาความปลอดภัยสะพาน,แคมเปญก็อง+มาร์เก็ตการ์เดน (บทพูดภารกิจ),1469120
1469130,Neutralize HQ,ทำลายกองบัญชาการ,แคมเปญก็อง+มาร์เก็ตการ์เดน (บทพูดภารกิจ),1469130
1469200,Secure the Munition Dumps,รักษาความปลอดภัยกองทิ้งอาวุธยุทโธปกรณ์,แคมเปญก็อง+มาร์เก็ตการ์เดน (บทพูดภารกิจ),1469200
1469201,Munition Dumps Secured,มีการทิ้งระเบิดอย่างปลอดภัย,แคมเปญก็อง+มาร์เก็ตการ์เดน (บทพูดภารกิจ),1469201
1469210,Capture the Strategic Points at the Supply Depots in Arnhem to stop the Commandos from using Axis weaponry.,ยึดจุดยุทธศาสตร์ที่คลังเสบียงใน Arnhem เพื่อหยุดหน่วยคอมมานโดไม่ให้ใช้อาวุธของฝ่ายอักษะ,แคมเปญก็อง+มาร์เก็ตการ์เดน (บทพูดภารกิจ),1469210
1469211,Panzer Recovered!,แพนเซอร์ฟื้นแล้ว!,แคมเปญก็อง+มาร์เก็ตการ์เดน (บทพูดภารกิจ),1469211
1469212,Flammenwerfer Halftrack Recovered!,กู้คืน รถสายพานกึ่งล้อยาง ของ Flammenwerfer แล้ว!,แคมเปญก็อง+มาร์เก็ตการ์เดน (บทพูดภารกิจ),1469212
1469213,Secure Munition Dump to Recover Vehicle,ทิ้งอาวุธยุทโธปกรณ์อย่างปลอดภัยเพื่อกู้คืนยานพาหนะ,แคมเปญก็อง+มาร์เก็ตการ์เดน (บทพูดภารกิจ),1469213
1469221,Defend the Munitions Dump,ปกป้องการถ่ายโอนข้อมูลอาวุธยุทโธปกรณ์,แคมเปญก็อง+มาร์เก็ตการ์เดน (บทพูดภารกิจ),1469221
1469230,Secure or disable this Strategic Point to prevent capture,รักษาความปลอดภัยหรือปิดการใช้งานจุดยุทธศาสตร์นี้เพื่อป้องกันการจับกุม,แคมเปญก็อง+มาร์เก็ตการ์เดน (บทพูดภารกิจ),1469230
1469232,Munitions Dump under Attack!,ทิ้งอาวุธยุทโธปกรณ์ภายใต้การโจมตี!,แคมเปญก็อง+มาร์เก็ตการ์เดน (บทพูดภารกิจ),1469232
1469500,Destroy all River Barges,ทำลายเรือบรรทุกแม่น้ำทั้งหมด,แคมเปญก็อง+มาร์เก็ตการ์เดน (บทพูดภารกิจ),1469500
1469501,Boats Destroyed,เรือถูกทำลาย,แคมเปญก็อง+มาร์เก็ตการ์เดน (บทพูดภารกิจ),1469501
1469502,Destroy all Boats,ทำลายเรือทั้งหมด,แคมเปญก็อง+มาร์เก็ตการ์เดน (บทพูดภารกิจ),1469502
1469503,River Barges Destroyed,เรือบรรทุกแม่น้ำถูกทำลาย,แคมเปญก็อง+มาร์เก็ตการ์เดน (บทพูดภารกิจ),1469503
1469510,1st Airborne has commandeered a number of boats to cross the Rhine. Destroy the boats.,กองบินที่ 1 ได้สั่งการเรือหลายลำเพื่อข้ามแม่น้ำไรน์ ทำลายเรือ,แคมเปญก็อง+มาร์เก็ตการ์เดน (บทพูดภารกิจ),1469510
1469514,1st Airborne has commandeered a number of boats to cross the Rhine. Destroy the River Barges.,กองบินที่ 1 ยึดเรือได้หลายลำเพื่อข้ามแม่น้ำไรน์ ทำลายเรือบรรทุกเหล่านั้น,แคมเปญก็อง+มาร์เก็ตการ์เดน (บทพูดภารกิจ),1469514
1469520,Destroy the Boat,ทำลายเรือ,แคมเปญก็อง+มาร์เก็ตการ์เดน (บทพูดภารกิจ),1469520
1469521,Destroy the River Barge,ทำลายเรือบรรทุกแม่น้ำ,แคมเปญก็อง+มาร์เก็ตการ์เดน (บทพูดภารกิจ),1469521
1469550,Secure the Roads to the Bridge,รักษาความปลอดภัยถนนสู่สะพาน,แคมเปญก็อง+มาร์เก็ตการ์เดน (บทพูดภารกิจ),1469550
1469551,"Before gaining access to additional heavy armor support, capture the Strategic Points on the roads leading to the Bridge.",ก่อนที่จะเข้าถึงการสนับสนุนเกราะหนักเพิ่มเติม ให้ยึดจุดยุทธศาสตร์บนถนนที่นำไปสู่สะพาน,แคมเปญก็อง+มาร์เก็ตการ์เดน (บทพูดภารกิจ),1469551
1469552,Roads to the Bridge Opened,ถนนสู่สะพานเปิดแล้ว,แคมเปญก็อง+มาร์เก็ตการ์เดน (บทพูดภารกิจ),1469552
1469900,Destroy the 88,ทำลาย 88,แคมเปญก็อง+มาร์เก็ตการ์เดน (บทพูดภารกิจ),1469900
1469901,30th Corps has arrived!,กองพลที่ 30 มาแล้ว!,แคมเปญก็อง+มาร์เก็ตการ์เดน (บทพูดภารกิจ),1469901
1469902,88 Flak Gun destroyed!,88 ปืนสะเก็ดระเบิดถูกทำลาย!,แคมเปญก็อง+มาร์เก็ตการ์เดน (บทพูดภารกิจ),1469902
1469903,Pak 38 Abandoned,ปาก 38 ที่ถูกทิ้งร้าง,แคมเปญก็อง+มาร์เก็ตการ์เดน (บทพูดภารกิจ),1469903
1469904,Nebelwerfer Abandoned,เนเบลเวอร์เฟอร์ถูกละทิ้ง,แคมเปญก็อง+มาร์เก็ตการ์เดน (บทพูดภารกิจ),1469904
1469910,Destroy the Anti Tank Guns,ทำลายปืนต่อสู้รถถัง,แคมเปญก็อง+มาร์เก็ตการ์เดน (บทพูดภารกิจ),1469910
1469911,Bring Armor forward to threaten Commandos,นำยานเกราะไปข้างหน้าเพื่อคุกคามหน่วยคอมมานโด,แคมเปญก็อง+มาร์เก็ตการ์เดน (บทพูดภารกิจ),1469911
1469912,Bring King Tiger forward to threaten Commandos,นำรถถังคิงไทเกอร์ไปข้างหน้าเพื่อคุกคามหน่วยคอมมานโด,แคมเปญก็อง+มาร์เก็ตการ์เดน (บทพูดภารกิจ),1469912
1469920,Surrendered Commandos: %1Number%,หน่วยคอมมานโดที่ยอมแพ้: %1Number%,แคมเปญก็อง+มาร์เก็ตการ์เดน (บทพูดภารกิจ),1469920
1469950,King Tiger under Attack!,รถถังคิงไทเกอร์ถูกโจมตี!,แคมเปญก็อง+มาร์เก็ตการ์เดน (บทพูดภารกิจ),1469950
1469951,King Tiger needs Repairs!,รถถังคิงไทเกอร์ต้องการการซ่อมแซม!,แคมเปญก็อง+มาร์เก็ตการ์เดน (บทพูดภารกิจ),1469951
1469952,King Tiger Destroyed!,รถถังคิงไทเกอร์ถูกทำลาย!,แคมเปญก็อง+มาร์เก็ตการ์เดน (บทพูดภารกิจ),1469952
1469953,Recover King Tiger with Bergetiger,กู้รถถังคิงไทเกอร์กับเบอร์เจไทเกอร์,แคมเปญก็อง+มาร์เก็ตการ์เดน (บทพูดภารกิจ),1469953
1469954,King Tiger Wreck Destroyed!,ซากรถถังคิงไทเกอร์ถูกทำลาย!,แคมเปญก็อง+มาร์เก็ตการ์เดน (บทพูดภารกิจ),1469954
1470500,Panzertruppen at attention!,Panzertruppen ให้ความสนใจ!,แคมเปญก็อง+มาร์เก็ตการ์เดน (บทพูดภารกิจ),1470500
1470510,"Mein Kampfgruppen, we have orders to hunt down and neutralize all enemy HQs!",กองกำลังเฉพาะกิจ (คัมฟ์กรุปเป้) เราได้รับคำสั่งให้ตามล่าและทำลายศูนย์บัญชาการข้าศึก,แคมเปญก็อง+มาร์เก็ตการ์เดน (บทพูดภารกิจ),1470510
1470515,Move to locate and destroy the 30th Corps Mobile Command Trucks!,เคลื่อนที่เพื่อตามหาและทำลายรถบังคับการเคลื่อนที่ของกองพลที่ 30!,แคมเปญก็อง+มาร์เก็ตการ์เดน (บทพูดภารกิจ),1470515
1470520,Jagdpanther support is in effect! Make use of it!,การสนับสนุน Jagdpanther มีผลแล้ว! ใช้ประโยชน์จากมัน!,แคมเปญก็อง+มาร์เก็ตการ์เดน (บทพูดภารกิจ),1470520
1470521,Jagdpanther support is available! Make use of it!,มีการสนับสนุน Jagdpanther แล้ว! ใช้ประโยชน์จากมัน!,แคมเปญก็อง+มาร์เก็ตการ์เดน (บทพูดภารกิจ),1470521
1470525,"Majorgeneral, it's done! All British Command Vehicles have been destroyed. Objective completed and waiting for new orders.",พลเอก เสร็จแล้ว! ยานเกราะบังคับการของอังกฤษทั้งหมดถูกทำลายแล้ว วัตถุประสงค์เสร็จสิ้นและกำลังรอคำสั่งใหม่,แคมเปญก็อง+มาร์เก็ตการ์เดน (บทพูดภารกิจ),1470525
1470531,"Excellent Wolfgang, with 30th Corps' Command eliminated the remaining forces in the area will be left in total disarray!",โวล์ฟกังผู้เป็นเลิศ ด้วยคำสั่งกองพลที่ 30 กำจัดกองกำลังที่เหลืออยู่ในพื้นที่จะเหลือเพียงความระส่ำระสาย!,แคมเปญก็อง+มาร์เก็ตการ์เดน (บทพูดภารกิจ),1470531
1470532,Your efforts have ensured the British 30th Corps will never set a foot across the Rhine!,ความพยายามของคุณทำให้กองพลที่ 30 ของอังกฤษจะไม่มีวันก้าวข้ามแม่น้ำไรน์!,แคมเปญก็อง+มาร์เก็ตการ์เดน (บทพูดภารกิจ),1470532
1470540,I feel so much better with the Jagdpanther support!,ฉันรู้สึกดีขึ้นมากด้วยการสนับสนุน Jagdpanther!,แคมเปญก็อง+มาร์เก็ตการ์เดน (บทพูดภารกิจ),1470540
1470545,"Just look at them move, and that voice! I know I'd take orders from Panzer command!",แค่ดูพวกเขาเคลื่อนไหวและเสียงนั้น! ฉันรู้ว่าฉันจะรับคำสั่งจากคำสั่งของ Panzer!,แคมเปญก็อง+มาร์เก็ตการ์เดน (บทพูดภารกิจ),1470545
1470550,"That tank is like a ninja, sleek and black as night.",รถถังนั่นก็เหมือนนินจา โฉบเฉี่ยวและดำมืดราวกับยามค่ำคืน,แคมเปญก็อง+มาร์เก็ตการ์เดน (บทพูดภารกิจ),1470550
1470555,"This place again, I promised myself I wouldn't die here.",ที่นี่อีกครั้ง ฉันสัญญากับตัวเองว่าจะไม่ตายที่นี่,แคมเปญก็อง+มาร์เก็ตการ์เดน (บทพูดภารกิจ),1470555
1470560,That old church creeps me out.,โบสถ์เก่าแก่นั่นทำให้ฉันกลัว,แคมเปญก็อง+มาร์เก็ตการ์เดน (บทพูดภารกิจ),1470560
1470565,"Let's just get and and finish the job, just in time for a quick exit!",มาทำงานให้เสร็จทันเวลาที่จะออกไปอย่างรวดเร็ว!,แคมเปญก็อง+มาร์เก็ตการ์เดน (บทพูดภารกิจ),1470565
1471000,30th Corps forces have tracked our base and are locked in with artillery weapons!,กองกำลังกองพลที่ 30 ได้ติดตามฐานของเราและถูกขังอยู่ในอาวุธปืนใหญ่!,แคมเปญก็อง+มาร์เก็ตการ์เดน (บทพูดภารกิจ),1471000
1471004,An assault force has broken our lines! They're attacking Kampfgruppe Lehr Headquarters!,กองกำลังโจมตีได้ทำลายแนวของเรา! พวกเขากำลังโจมตีกองบัญชาการ คัมฟ์กรุปเป้ Lehr!,แคมเปญก็อง+มาร์เก็ตการ์เดน (บทพูดภารกิจ),1471004
1471006,Enemy Panzers are in the area. Destroy them!  ,ศัตรูแพนเซอร์อยู่ในพื้นที่ ทำลายพวกเขา!,แคมเปญก็อง+มาร์เก็ตการ์เดน (บทพูดภารกิจ),1471006
1471010,All Kampfgruppe Lehr forces must evacuate this area! Immediately!,กองกำลัง คัมฟ์กรุปเป้ Lehr ทั้งหมดต้องอพยพออกจากพื้นที่นี้! โดยทันที!,แคมเปญก็อง+มาร์เก็ตการ์เดน (บทพูดภารกิจ),1471010
1471020,Zum Teufel noch mal! Kampfgruppe HQ has been destroyed!,ซุม ทอยเฟล โนช มาล! กองบัญชาการ คัมฟ์กรุปเป้ ถูกทำลายแล้ว!,แคมเปญก็อง+มาร์เก็ตการ์เดน (บทพูดภารกิจ),1471020
1471021,Evacuate the area and hold for orders.,อพยพออกจากพื้นที่และรอคำสั่ง,แคมเปญก็อง+มาร์เก็ตการ์เดน (บทพูดภารกิจ),1471021
1471030,The 2nd Fallschirmjager Division has provided Kampfgruppe Lehr with reinforcements. ,กองพล Fallschirmjager ที่ 2 ได้จัดหากำลังเสริมให้กับ คัมฟ์กรุปเป้ Lehr,แคมเปญก็อง+มาร์เก็ตการ์เดน (บทพูดภารกิจ),1471030
1471040,Recon reports that the old base at the church in Valkenswaard is partially intact.,หน่วยลาดตระเวนรายงานว่าฐานเก่าของโบสถ์ในวาลเคนสวาร์ดมีสภาพสมบูรณ์บางส่วน,แคมเปญก็อง+มาร์เก็ตการ์เดน (บทพูดภารกิจ),1471040
1471050,"Blitz the area, retake the church from the enemy and establish a new base of operations for Kampfgruppe Lehr.",โจมตีพื้นที่ ยึดโบสถ์คืนจากศัตรู และสร้างฐานปฏิบัติการใหม่สำหรับ คัมฟ์กรุปเป้ Lehr,แคมเปญก็อง+มาร์เก็ตการ์เดน (บทพูดภารกิจ),1471050
1471060,"Kampfgruppe Achtung! The British know we are in the town, they are re-routing their convoy down the southern road.",คัมฟ์กรุปเป้ อัคตุง! คนอังกฤษรู้ว่าเราอยู่ในเมือง พวกเขากำลังเปลี่ยนเส้นทางขบวนรถไปตามถนนสายใต้,แคมเปญก็อง+มาร์เก็ตการ์เดน (บทพูดภารกิจ),1471060
1471070,"Kampfgruppe Lehr, we need to keep the troops off the main road!  We don't want to run into enemy units before we reach the objective.",คัมฟกรุปเป เลห์ เราต้องกันกองกำลังให้ห่างจากถนนสายหลัก! เราไม่ต้องการวิ่งเข้าไปในหน่วยศัตรูก่อนที่เราจะไปถึงเป้าหมาย,แคมเปญก็อง+มาร์เก็ตการ์เดน (บทพูดภารกิจ),1471070
1471075,Stay off the road.  ,อยู่ห่างจากถนน,แคมเปญก็อง+มาร์เก็ตการ์เดน (บทพูดภารกิจ),1471075
1471080,Use the countryside to move troops. We don't want to give our objective away.,ใช้ชนบทในการเคลื่อนย้ายทหาร เราไม่ต้องการให้วัตถุประสงค์ของเราออกไป,แคมเปญก็อง+มาร์เก็ตการ์เดน (บทพูดภารกิจ),1471080
1471100,Contact! Enemy Armor Command Truck located! Assemble and engage!,พบศัตรู! ตรวจพบรถบัญชาการยานเกราะของศัตรูแล้ว! รวมพลแล้วเข้าปะทะ!,แคมเปญก็อง+มาร์เก็ตการ์เดน (บทพูดภารกิจ),1471100
1471110,Watch for Armored support units and Anti Tank guns!,คอยดูหน่วยสนับสนุนเกราะและปืนต่อสู้รถถัง!,แคมเปญก็อง+มาร์เก็ตการ์เดน (บทพูดภารกิจ),1471110
1471115,Majorgeneral! Enemy Armor CP is down.,พลตรี! CP เกราะศัตรูลดลง,แคมเปญก็อง+มาร์เก็ตการ์เดน (บทพูดภารกิจ),1471115
1471120,Ausgezeichnete Arbeit Panzertuppen! The British Armor Command Truck has been neutralized!,เอาส์เกไซเนเต้ อาร์เบต์ แพนเซอร์ทุพเพิน! รถบังคับการยานเกราะของอังกฤษถูกทำลายแล้ว!,แคมเปญก็อง+มาร์เก็ตการ์เดน (บทพูดภารกิจ),1471120
1471130,That will limit 30th Corps' access to tank the reinforcements.,นั่นจะจำกัดการเข้าถึงรถถังเสริมของกองพลที่ 30,แคมเปญก็อง+มาร์เก็ตการ์เดน (บทพูดภารกิจ),1471130
1471132,Did you see how that Jagdpanther Pak ripped that HQ to shreds!,คุณเห็นไหมว่า Jagdpanther Pak ฉีกกองบัญชาการนั้นเป็นชิ้นเล็กชิ้นน้อย!,แคมเปญก็อง+มาร์เก็ตการ์เดน (บทพูดภารกิจ),1471132
1471134,I've never seen such power!,ฉันไม่เคยเห็นพลังขนาดนี้มาก่อน!,แคมเปญก็อง+มาร์เก็ตการ์เดน (บทพูดภารกิจ),1471134
1471136,I hope I can take one home!,ฉันหวังว่าฉันจะได้กลับบ้านสักอัน!,แคมเปญก็อง+มาร์เก็ตการ์เดน (บทพูดภารกิจ),1471136
1471140,Field reports mention Firefly tanks in the area. They're sure to be guarding the HQ trucks.,รายงานสนามระบุว่ามีรถถังไฟร์ฟลาย อยู่ในพื้นที่ พวกมันต้องคอยคุ้มกันรถบัญชาการอย่างแน่นอน,แคมเปญก็อง+มาร์เก็ตการ์เดน (บทพูดภารกิจ),1471140
1471150,They've got Heavy Armor security!,พวกเขามีระบบรักษาความปลอดภัยของเฮฟวี่อาร์เมอร์!,แคมเปญก็อง+มาร์เก็ตการ์เดน (บทพูดภารกิจ),1471150
1471160,A frontal assault will be costly! We need to eliminate their security and cut off their escape routes!,การจู่โจมด้านหน้าจะมีค่าใช้จ่ายสูง! เราจำเป็นต้องกำจัดการรักษาความปลอดภัยของพวกเขา และตัดเส้นทางหลบหนีของพวกเขา!,แคมเปญก็อง+มาร์เก็ตการ์เดน (บทพูดภารกิจ),1471160
1471170,The Armor Command Truck is trying to escape!,Armor รถบังคับการ กำลังพยายามหลบหนี!,แคมเปญก็อง+มาร์เก็ตการ์เดน (บทพูดภารกิจ),1471170
1471180,Armor Command Truck is falling back! Cut them off! Don't let it escape!,Armor รถบังคับการ กำลังถอยทัพ! ตัดพวกมันออก! อย่าปล่อยให้มันหนีไป!,แคมเปญก็อง+มาร์เก็ตการ์เดน (บทพูดภารกิจ),1471180
1471190,Destroy the Armor Command Truck before they can slip away!,ทำลาย Armor รถบังคับการ ก่อนที่พวกมันจะหลุดลอยไป!,แคมเปญก็อง+มาร์เก็ตการ์เดน (บทพูดภารกิจ),1471190
1471200,Verdamnt! breaking contact! Armor Command Truck is mobilizing!,สาบาน! ทำลายการติดต่อ! Armor รถบังคับการ กำลังระดมพล!,แคมเปญก็อง+มาร์เก็ตการ์เดน (บทพูดภารกิจ),1471200
1471210,Armor Command Truck is on the move.,Armor รถบังคับการ กำลังเคลื่อนที่,แคมเปญก็อง+มาร์เก็ตการ์เดน (บทพูดภารกิจ),1471210
1471220,Armor Command Truck withdrawing! Seek and destroy!,รถเกราะสั่งการถอนตัว! แสวงหาและทำลาย!,แคมเปญก็อง+มาร์เก็ตการ์เดน (บทพูดภารกิจ),1471220
1471300,"Oberleutnant Deinhard died for a noble effort. We have now identified the main line of the 30th Corps' defenses here, in Valkenswaard.",Oberleutnant Deinhard เสียชีวิตด้วยความพยายามอันสูงส่ง ตอนนี้เราได้ระบุแนวหลักของการป้องกันของกองพลที่ 30 ที่นี่ ในวาลเคนสวาร์ดแล้ว,แคมเปญก็อง+มาร์เก็ตการ์เดน (บทพูดภารกิจ),1471300
1471310,"I'm relying on you, Hauptmann Berger, to locate the remaining enemy HQs.",ฉันพึ่งคุณ เฮาพท์มันน์ เบอร์เกอร์ เพื่อค้นหากองบัญชาการศัตรูที่เหลืออยู่,แคมเปญก็อง+มาร์เก็ตการ์เดน (บทพูดภารกิจ),1471310
1471320,Expect the 30th Corps' HQ to be heavily defended. Those Brits know a thing or two about defenses. ,คาดว่ากองบัญชาการกองพลที่ 30 จะได้รับการปกป้องอย่างแน่นหนา ชาวอังกฤษเหล่านั้นรู้สิ่งหนึ่งหรือสองเกี่ยวกับการป้องกัน,แคมเปญก็อง+มาร์เก็ตการ์เดน (บทพูดภารกิจ),1471320
1471330,English officers are renowned for their pompousness. They'll be sure to commandeer every division in the Corps to hold the town.,นายทหารสัญญาบัตรอังกฤษมีชื่อเสียงในด้านความโอ้อวด พวกเขาจะเป็นผู้บังคับบัญชาทุกกองพลในกองพลเพื่อยึดเมืองไว้อย่างแน่นอน,แคมเปญก็อง+มาร์เก็ตการ์เดน (บทพูดภารกิจ),1471330
1471340,I've provided Kampfgruppe Lehr additional support with the use of the Schweren Panzerjäger V Jagdpanther. ,ฉันได้ให้การสนับสนุนเพิ่มเติมแก่ คัมฟ์กรุปเป้ Lehr ด้วยการใช้ Schweren Panzerjäger V Jagdpanther,แคมเปญก็อง+มาร์เก็ตการ์เดน (บทพูดภารกิจ),1471340
1471350,The Jagdpanther can handle anything our Kampfgruppe may encounter! ,Jagdpanther สามารถรับมือกับทุกสิ่งที่ คัมฟ์กรุปเป้ ของเราอาจเผชิญได้!,แคมเปญก็อง+มาร์เก็ตการ์เดน (บทพูดภารกิจ),1471350
1471360,"Good hunting, Hauptmann Berger.",การล่าสัตว์ที่ดี เฮาพท์มันน์ เบอร์เกอร์,แคมเปญก็อง+มาร์เก็ตการ์เดน (บทพูดภารกิจ),1471360
1471362,"Your brother, Aldrich, has reported to Oosterbeek in order to coordinate the Kampfgruppe's defensive effort there.",อัลดริช น้องชายของคุณ ได้รายงานไปยังอูสเตอร์บีคแล้ว เพื่อประสานงานการป้องกันของคัมฟ์กรุปเป้ที่นั่น,แคมเปญก็อง+มาร์เก็ตการ์เดน (บทพูดภารกิจ),1471362
1471364,"I'm relying on you, Wolfgang, to locate and destroy the remaining 30th Corps HQs in Valkenswaard.",ฉันพึ่งคุณ Wolfgang เพื่อค้นหาและทำลายกองบัญชาการกองพลที่ 30 ที่เหลือใน Valkenswaard,แคมเปญก็อง+มาร์เก็ตการ์เดน (บทพูดภารกิจ),1471364
1471500,Infantry Command Truck spotted! ,พบรถบรรทุกกองบัญชาการทหารราบ!,แคมเปญก็อง+มาร์เก็ตการ์เดน (บทพูดภารกิจ),1471500
1471510,Vorsicht! They've got a security screen of AT guns!,วอร์ซิคท์! พวกเขามีฉากกั้นความปลอดภัยของปืน AT!,แคมเปญก็อง+มาร์เก็ตการ์เดน (บทพูดภารกิจ),1471510
1471515,Majorgeneral! Tommy Field Support CP has been destroyed.,พลตรี! CP ของ Tommy Field Support ถูกทำลายแล้ว,แคมเปญก็อง+มาร์เก็ตการ์เดน (บทพูดภารกิจ),1471515
1471520,Panzertruppen gut gemacht!,Panzertruppen อุทร gemacht!,แคมเปญก็อง+มาร์เก็ตการ์เดน (บทพูดภารกิจ),1471520
1471530,"With the British Infantry support neutralized, 30th Corps is further crippled. ",เมื่อกำลังสนับสนุนทหารราบอังกฤษถูกทำลาย กองพลที่ 30 ก็ยิ่งเสียหายหนักขึ้น,แคมเปญก็อง+มาร์เก็ตการ์เดน (บทพูดภารกิจ),1471530
1471550,"Keep your eyes open, they're bound to be guarded by PIATS.",จับตาดูให้ดี พวกมันจะต้องได้รับการดูแลโดย PIATS,แคมเปญก็อง+มาร์เก็ตการ์เดน (บทพูดภารกิจ),1471550
1471560,"Flank any Anti Tank weapons you see, they're slow to respond.",ขนาบข้างอาวุธต่อต้านรถถังที่คุณเห็น พวกมันตอบสนองช้า,แคมเปญก็อง+มาร์เก็ตการ์เดน (บทพูดภารกิจ),1471560
1471570,Listen up! Looks like HQ is guarded by a number of infantry patrols.,ฟังนะ! ดูเหมือนว่ากองบัญชาการจะได้รับการคุ้มกันโดยหน่วยลาดตระเวนทหารราบจำนวนหนึ่ง,แคมเปญก็อง+มาร์เก็ตการ์เดน (บทพูดภารกิจ),1471570
1471580,Infantry Command is on the move! Intercept and destroy!,กองบัญชาการทหารราบเคลื่อนไหวแล้ว! สกัดกั้นและทำลาย!,แคมเปญก็อง+มาร์เก็ตการ์เดน (บทพูดภารกิจ),1471580
1471590,Infantry Command Truck is mobilizing!,รถบรรทุกกองบัญชาการทหารราบกำลังระดมพล!,แคมเปญก็อง+มาร์เก็ตการ์เดน (บทพูดภารกิจ),1471590
1471600,Infantry Command Truck on the retreat!,รถบรรทุกกองบัญชาการทหารราบ ถอยทัพ!,แคมเปญก็อง+มาร์เก็ตการ์เดน (บทพูดภารกิจ),1471600
1471610,Destroy the Infantry Command Truck before it gets away!,ทำลายรถบรรทุกกองบัญชาการทหารราบก่อนที่มันจะหนีไป!,แคมเปญก็อง+มาร์เก็ตการ์เดน (บทพูดภารกิจ),1471610
1471620,Dieser Hurensohn! Infantry Command Truck is retreating!,ดีเซอร์ ฮูเรนโซห์น! รถบรรทุกกองบัญชาการทหารราบกำลังถอยทัพ!,แคมเปญก็อง+มาร์เก็ตการ์เดน (บทพูดภารกิจ),1471620
1471630,They're withdrawing! Find that truck and destroy it!,พวกเขากำลังถอนตัว! ค้นหารถบรรทุกคันนั้นและทำลายมัน!,แคมเปญก็อง+มาร์เก็ตการ์เดน (บทพูดภารกิจ),1471630
1472000,There's the HQ Command Truck! Engage it!,นั่นก็คือ HQ รถบังคับการ! มีส่วนร่วม!,แคมเปญก็อง+มาร์เก็ตการ์เดน (บทพูดภารกิจ),1472000
1472010,They've got artillery support covering the area!,พวกเขามีปืนใหญ่สนับสนุนครอบคลุมพื้นที่!,แคมเปญก็อง+มาร์เก็ตการ์เดน (บทพูดภารกิจ),1472010
1472015,Majorgeneral! Enemy Command HQ Truck is down!,พลตรี! รถบรรทุกกองบัญชาการศัตรูหยุดทำงานแล้ว!,แคมเปญก็อง+มาร์เก็ตการ์เดน (บทพูดภารกิจ),1472015
1472017,Supporting artillery in the area has also been neutralized.,ปืนใหญ่สนับสนุนในพื้นที่ก็ถูกทำลายเช่นกัน,แคมเปญก็อง+มาร์เก็ตการ์เดน (บทพูดภารกิจ),1472017
1472020,"Excellent Wolfgang, that should take a good bite out of the enemy's command structure!",โวล์ฟกังผู้ยอดเยี่ยม นั่นน่าจะกัดโครงสร้างการบังคับบัญชาของศัตรูได้อย่างดี!,แคมเปญก็อง+มาร์เก็ตการ์เดน (บทพูดภารกิจ),1472020
1472030,30th Corps is now set on a course to utter failure!,ขณะนี้กองพลที่ 30 อยู่ในเส้นทางสู่ความล้มเหลวอย่างที่สุด!,แคมเปญก็อง+มาร์เก็ตการ์เดน (บทพูดภารกิจ),1472030
1472032,Yahoo! That was fickin awesome!,ยาฮู! นั่นมันสุดยอดมาก!,แคมเปญก็อง+มาร์เก็ตการ์เดน (บทพูดภารกิจ),1472032
1472033,Assemble the troops and relocate to Oosterbeek in support of your Brother Aldrich's efforts there.,รวบรวมกองกำลังและย้ายไปที่ Oosterbeek เพื่อสนับสนุนความพยายามของ Brother Aldrich ของคุณที่นั่น,แคมเปญก็อง+มาร์เก็ตการ์เดน (บทพูดภารกิจ),1472033
1472034,What divine hunters we are!,พวกเราเป็นนักล่าศักดิ์สิทธิ์จริงๆ!,แคมเปญก็อง+มาร์เก็ตการ์เดน (บทพูดภารกิจ),1472034
1472036,"Our kills are violent, blunt and efficent!",การฆ่าของเรารุนแรง ทื่อ และมีประสิทธิภาพ!,แคมเปญก็อง+มาร์เก็ตการ์เดน (บทพูดภารกิจ),1472036
1472050,The HQ Command Truck is guarded by Heavy Armor.,HQ รถบังคับการ ได้รับการคุ้มกันโดย Heavy Armor,แคมเปญก็อง+มาร์เก็ตการ์เดน (บทพูดภารกิจ),1472050
1472060,We'll need to be careful how we approach - they've got Artillery Over Watch protecting them.,เราจะต้องระมัดระวังวิธีการเข้าใกล้ - พวกเขามีหน่วยพิทักษ์ปืนใหญ่คอยปกป้องพวกเขา,แคมเปญก็อง+มาร์เก็ตการ์เดน (บทพูดภารกิจ),1472060
1472070,We should hit the HQ when it's mobile. It will be easier to destroy.,เราควรโจมตีกองบัญชาการเมื่อมันเคลื่อนที่ มันจะง่ายกว่าที่จะทำลาย,แคมเปญก็อง+มาร์เก็ตการ์เดน (บทพูดภารกิจ),1472070
1472080,They're trying to pull the HQ Command Truck out!,พวกเขากำลังพยายามดึง HQ รถบังคับการ ออกมา!,แคมเปญก็อง+มาร์เก็ตการ์เดน (บทพูดภารกิจ),1472080
1472090,They're breaking contact! Don't let the HQ Command Truck get away!,พวกเขากำลังขาดการติดต่อ! อย่าปล่อยให้ HQ รถบังคับการ หนีไปได้!,แคมเปญก็อง+มาร์เก็ตการ์เดน (บทพูดภารกิจ),1472090
1472092,"It's trying to escape! Destroy the Command Truck! Move, move!",มันพยายามจะหนี! ทำลายรถบังคับการ! ย้ายย้าย!,แคมเปญก็อง+มาร์เก็ตการ์เดน (บทพูดภารกิจ),1472092
1472094,HQ Command Truck is mobilizing! Contain them!,HQ รถบังคับการ กำลังระดมพล! บรรจุไว้!,แคมเปญก็อง+มาร์เก็ตการ์เดน (บทพูดภารกิจ),1472094
1472096,Stop the HQ Command Truck! They're retreating!,หยุดรถบังคับการ HQ! พวกเขากำลังถอย!,แคมเปญก็อง+มาร์เก็ตการ์เดน (บทพูดภารกิจ),1472096
1472098,HQ Command Truck is redeploying!,HQ รถบังคับการ กำลังส่งกำลังรบใหม่!,แคมเปญก็อง+มาร์เก็ตการ์เดน (บทพูดภารกิจ),1472098
1472105,"Kampfgruppe, we have to find another way across!",คัมฟ์กรุปเป้ เราต้องหาทางข้ามไป!,แคมเปญก็อง+มาร์เก็ตการ์เดน (บทพูดภารกิจ),1472105
1472110,Verdammt they've blown the bridge! We'll have to find another way across! ,พวกมันพังสะพานแล้ว! เราจะต้องหาวิธีอื่นข้าม!,แคมเปญก็อง+มาร์เก็ตการ์เดน (บทพูดภารกิจ),1472110
1472120,Regroup and swing the force around! That HQ must be knocked out!,จัดกลุ่มใหม่และหมุนกำลังไปรอบ! กองบัญชาการนั้นต้องถูกทำลายให้ได้!,แคมเปญก็อง+มาร์เก็ตการ์เดน (บทพูดภารกิจ),1472120
1473000,"Kampfgruppe, we can aid our forces in Arnhem and Oosterbeek by crippling the Allies' convoy there.",คัมฟกรุปเปอ เราสามารถช่วยเหลือกองกำลังของเราในอาร์เนมและอูสเตอร์บีคได้ โดยทำให้ขบวนรถของฝ่ายสัมพันธมิตรพิการที่นั่น,แคมเปญก็อง+มาร์เก็ตการ์เดน (บทพูดภารกิจ),1473000
1473010,Take out a number of their canopy and open-topped supply trucks - destroy the convoy!,จัดการรถบรรทุกเสบียงแบบมีหลังคาและเปิดประทุนจำนวนหนึ่ง - ทำลายขบวนรถให้หมด!,แคมเปญก็อง+มาร์เก็ตการ์เดน (บทพูดภารกิจ),1473010
1473020,"Ha! It is like a hot knife through butter, these enemy vehicles fall easily to our weapons.",ฮ่า! มันเหมือนกับมีดร้อนๆ ทะลุเนย ยานเกราะศัตรูเหล่านี้ตกใส่อาวุธของเราอย่างง่ายดาย,แคมเปญก็อง+มาร์เก็ตการ์เดน (บทพูดภารกิจ),1473020
1473030,"There, the medal is yours! That should help our boys in Oosterbeek a little, now to get back to the task at hand.",นั่นเหรียญรางวัลเป็นของคุณ! นั่นน่าจะช่วยเด็กๆ ของเราในอูสเตอร์บีคได้นิดหน่อย ตอนนี้เพื่อกลับไปทำหน้าที่เดิมต่อไป,แคมเปญก็อง+มาร์เก็ตการ์เดน (บทพูดภารกิจ),1473030
1479050,Destroy the MG Nest,ทำลาย MG Nest,แคมเปญก็อง+มาร์เก็ตการ์เดน (บทพูดภารกิจ),1479050
1479055,MG Nest Destroyed,MG Nest ถูกทำลาย,แคมเปญก็อง+มาร์เก็ตการ์เดน (บทพูดภารกิจ),1479055
1479060,Target the MG Nest in the building and destroy it.,กำหนดเป้าหมาย MG Nest ในอาคารแล้วทำลายมัน,แคมเปญก็อง+มาร์เก็ตการ์เดน (บทพูดภารกิจ),1479060
1479100,Destroy the British Command Posts,ทำลายฐานบัญชาการของอังกฤษ,แคมเปญก็อง+มาร์เก็ตการ์เดน (บทพูดภารกิจ),1479100
1479101,"Scout Valkenswaard to find 30th Corp's Mobile Command Posts. Once found, destroy them.",ลาดตระเวนเมืองฟัลเคินส์วาร์ด เพื่อค้นหากองบัญชาการเคลื่อนที่ของกองทัพน้อยที่ 30 เมื่อพบแล้วให้ทำลายทิ้งทันที,แคมเปญก็อง+มาร์เก็ตการ์เดน (บทพูดภารกิจ),1479101
1479102,Destroy the Mobile Command Post,ทำลายฐานบัญชาการเคลื่อนที่,แคมเปญก็อง+มาร์เก็ตการ์เดน (บทพูดภารกิจ),1479102
1479103,Command Posts Destroyed,ฐานบัญชาการถูกทำลาย,แคมเปญก็อง+มาร์เก็ตการ์เดน (บทพูดภารกิจ),1479103
1479104,Armor Attacking!,เกราะโจมตี!,แคมเปญก็อง+มาร์เก็ตการ์เดน (บทพูดภารกิจ),1479104
1479105,Convoy rerouting,การเปลี่ยนเส้นทางขบวนรถ,แคมเปญก็อง+มาร์เก็ตการ์เดน (บทพูดภารกิจ),1479105
1479110,Mobile Command Post relocating,กองบัญชาการเคลื่อนที่กำลังย้าย,แคมเปญก็อง+มาร์เก็ตการ์เดน (บทพูดภารกิจ),1479110
1479111,Mobile Command Post established,ก่อตั้งศูนย์บัญชาการเคลื่อนที่,แคมเปญก็อง+มาร์เก็ตการ์เดน (บทพูดภารกิจ),1479111
1479200,Establish Headquarters,จัดตั้งกองบัญชาการ,แคมเปญก็อง+มาร์เก็ตการ์เดน (บทพูดภารกิจ),1479200
1479201,Retake the church in Valkenswaard to establish a new Headquarters.,ยึดโบสถ์ในวาลเคนสวาร์ดคืนเพื่อก่อตั้งกองบัญชาการแห่งใหม่,แคมเปญก็อง+มาร์เก็ตการ์เดน (บทพูดภารกิจ),1479201
1479202,Garrison to Establish HQ,กองทหารเพื่อจัดตั้งกองบัญชาการ,แคมเปญก็อง+มาร์เก็ตการ์เดน (บทพูดภารกิจ),1479202
1479204,Headquarters Established,ก่อตั้งกองบัญชาการแล้ว,แคมเปญก็อง+มาร์เก็ตการ์เดน (บทพูดภารกิจ),1479204
1479300,Destroy Supply Trucks,ทำลายรถบรรทุกอุปทาน,แคมเปญก็อง+มาร์เก็ตการ์เดน (บทพูดภารกิจ),1479300
1479301,Destroy the British Supply Trucks to help disrupt the supply lines along Highway 69.,ทำลายรถบรรทุกส่งของของอังกฤษเพื่อช่วยขัดขวางเส้นทางส่งของตามทางหลวงหมายเลข 69,แคมเปญก็อง+มาร์เก็ตการ์เดน (บทพูดภารกิจ),1479301
1479302,Supply Trucks Destroyed,รถบรรทุกขนของถูกทำลาย,แคมเปญก็อง+มาร์เก็ตการ์เดน (บทพูดภารกิจ),1479302
1479303,Supply Truck Destroyed!,รถบรรทุกขนของเสียหาย!,แคมเปญก็อง+มาร์เก็ตการ์เดน (บทพูดภารกิจ),1479303
1479304,%1NUMBER% Supply Trucks Destroyed!,%1NUMBER% รถบรรทุกขนของถูกทำลาย!,แคมเปญก็อง+มาร์เก็ตการ์เดน (บทพูดภารกิจ),1479304
1479403,Recover wreck with Bergetiger,กู้ซากเรือด้วย Bergetiger,แคมเปญก็อง+มาร์เก็ตการ์เดน (บทพูดภารกิจ),1479403
1479405,Recover %1NAME% with Bergetiger,กู้คืน %1NAME% ด้วย Bergetiger,แคมเปญก็อง+มาร์เก็ตการ์เดน (บทพูดภารกิจ),1479405
1479412,Logistik Car,รถโลจิสติกส์,แคมเปญก็อง+มาร์เก็ตการ์เดน (บทพูดภารกิจ),1479412
1479415,Light Halftrack,ไลท์ฮาล์ฟแทร็ก,แคมเปญก็อง+มาร์เก็ตการ์เดน (บทพูดภารกิจ),1479415
1479416,Vampire Halftrack,แวมไพร์ฮาล์ฟแทร็ก,แคมเปญก็อง+มาร์เก็ตการ์เดน (บทพูดภารกิจ),1479416
1479418,Whirblewind,ลมกรด,แคมเปญก็อง+มาร์เก็ตการ์เดน (บทพูดภารกิจ),1479418
1479421,Marder,มาร์เดอร์,แคมเปญก็อง+มาร์เก็ตการ์เดน (บทพูดภารกิจ),1479421
1479422,Jagpanther,แจ็กแพนเธอร์,แคมเปญก็อง+มาร์เก็ตการ์เดน (บทพูดภารกิจ),1479422
1479424,Panzer,ยานเกราะ,แคมเปญก็อง+มาร์เก็ตการ์เดน (บทพูดภารกิจ),1479424
1479427,Sniper Halftrack,สไนเปอร์ฮาล์ฟแทร็ก,แคมเปญก็อง+มาร์เก็ตการ์เดน (บทพูดภารกิจ),1479427
1480500,Those commandos were the least of our troubles!,หน่วยคอมมานโดเหล่านั้นเป็นปัญหาน้อยที่สุดของเรา!,แคมเปญก็อง+มาร์เก็ตการ์เดน (บทพูดภารกิจ),1480500
1480510,Standby for orders!,รอรับคำสั่ง!,แคมเปญก็อง+มาร์เก็ตการ์เดน (บทพูดภารกิจ),1480510
1480520,Another battalion of British paratroopers has established a position across the river in Driel.,กองพันพลร่มอังกฤษอีกกองหนึ่งได้ตั้งจุดยืนข้ามแม่น้ำในเมืองดริล,แคมเปญก็อง+มาร์เก็ตการ์เดน (บทพูดภารกิจ),1480520
1480530,They are attempting to cross the river and reinforce remnants of 1st Airborne entrenched at Oosterbeek.,พวกเขากำลังพยายามข้ามแม่น้ำและเสริมกำลังกองบินที่ 1 ที่ยึดที่ Oosterbeek,แคมเปญก็อง+มาร์เก็ตการ์เดน (บทพูดภารกิจ),1480530
1480540,"Aldrich, we must not let the river crossing link up with the division in Oosterbeek!",อัลดริช เราต้องไม่ปล่อยให้ทางข้ามแม่น้ำเชื่อมโยงกับฝ่ายในอูสเตอร์บีค!,แคมเปญก็อง+มาร์เก็ตการ์เดน (บทพูดภารกิจ),1480540
1480550,The paratroopers will be pushing across the river from a number of directions.,พลร่มจะเคลื่อนตัวข้ามแม่น้ำจากหลายทิศทาง,แคมเปญก็อง+มาร์เก็ตการ์เดน (บทพูดภารกิจ),1480550
1480560,"Set up our defenses along these points along the river, here, here and here.",วางแนวป้องกันไว้ตามจุดต่างๆ ริมแม่น้ำ ที่นี่ ที่นี่ และที่นี่,แคมเปญก็อง+มาร์เก็ตการ์เดน (บทพูดภารกิจ),1480560
1480570,I suggest that we run layers of barbed wire and butterfly mines.,ฉันขอแนะนำให้เราวางแนวลวดหนามและทุ่นระเบิดบัตเตอร์ฟลาย หลายๆ ชั้น,แคมเปญก็อง+มาร์เก็ตการ์เดน (บทพูดภารกิจ),1480570
1480580,We will be defending on two sides! Stay aware of enemy activities in Oosterbeek as you set up defenses along the river. ,เราจะป้องกันทั้งสองฝ่าย! ระวังกิจกรรมของศัตรูใน Oosterbeek ในขณะที่คุณตั้งค่าการป้องกันริมแม่น้ำ,แคมเปญก็อง+มาร์เก็ตการ์เดน (บทพูดภารกิจ),1480580
1480590,The enemy will be attempting to establish a line of supply along these paths. Employ a mobile defensive strategy in reaction to the  Airbornes' varied tactics.,ศัตรูจะพยายามสร้างแนวเสบียงตามเส้นทางเหล่านี้ ใช้กลยุทธ์การป้องกันแบบเคลื่อนที่เพื่อตอบสนองต่อกลยุทธ์ที่หลากหลายของ Airbornes,แคมเปญก็อง+มาร์เก็ตการ์เดน (บทพูดภารกิจ),1480590
1480595,"Stand strong and be vigilant, brother! Once we defeat the enemy here, our country will be safe, and Holland secure again. We will return home victorious!",เข้มแข็งและระวังไว้นะพี่ชาย! เมื่อเราเอาชนะศัตรูที่นี่ ประเทศของเราจะปลอดภัย และฮอลแลนด์ก็กลับมาปลอดภัยอีกครั้ง เราจะกลับบ้านอย่างมีชัย!,แคมเปญก็อง+มาร์เก็ตการ์เดน (บทพูดภารกิจ),1480595
1480600,Kampfgruppe Lehr at Attention!,คัมฟ์กรุปเป้ Lehr เข้าแถวเตรียมพร้อม!,แคมเปญก็อง+มาร์เก็ตการ์เดน (บทพูดภารกิจ),1480600
1480605,The enemy is still rallying on the opposite shore. Stay ready and prepare defenses!,ศัตรูยังคงชุมนุมกันที่ฝั่งตรงข้าม เตรียมพร้อมและเตรียมการป้องกัน!,แคมเปญก็อง+มาร์เก็ตการ์เดน (บทพูดภารกิจ),1480605
1480610,"We need barbed wire, mines, and anti-infantry weapons lining the beaches.",เราต้องการลวดหนาม ทุ่นระเบิด และอาวุธต่อต้านทหารราบเรียงรายตามชายหาด,แคมเปญก็อง+มาร์เก็ตการ์เดน (บทพูดภารกิจ),1480610
1480615,Deploy a defensive screen along the river bank. We can not let any of them past our line to Oosterbeek!,วางแนวป้องกันไว้ริมฝั่งแม่น้ำ เราไม่สามารถปล่อยให้พวกเขาผ่านเส้นทางของเราไปยัง Oosterbeek ได้!,แคมเปญก็อง+มาร์เก็ตการ์เดน (บทพูดภารกิจ),1480615
1480616,We need more firepower. Have the men build gun emplacements overlooking the banks.,เราต้องการอำนาจการยิงมากขึ้น ให้คนสร้างป้อมปืนที่มองเห็นริมฝั่ง,แคมเปญก็อง+มาร์เก็ตการ์เดน (บทพูดภารกิจ),1480616|1480617
1480618,Direct the Luftwaffe to drop mines along the shoreline.,สั่งให้กองทัพทิ้งทุ่นระเบิดตามแนวชายฝั่ง,แคมเปญก็อง+มาร์เก็ตการ์เดน (บทพูดภารกิจ),1480618
1480619,Instruct your men to deploy a screen of gun emplacements along the bluffs. Let's cover the river bank as best we can.,สั่งให้คนของคุณวางฉากกั้นปืนไว้ตามหน้าผา มาปกคลุมฝั่งแม่น้ำให้ดีที่สุด,แคมเปญก็อง+มาร์เก็ตการ์เดน (บทพูดภารกิจ),1480619
1481000,Raft assault! We have enemy boats sighted!  ,การโจมตีแพ! เราเห็นเรือศัตรูแล้ว!,แคมเปญก็อง+มาร์เก็ตการ์เดน (บทพูดภารกิจ),1481000
1481001,Air Drop some SD-2 Butterfly Bombs on the bank!,ทิ้งระเบิดผีเสื้อ SD-2 ลงบนริมตลิ่งแม่น้ำ!,แคมเปญก็อง+มาร์เก็ตการ์เดน (บทพูดภารกิจ),1481001
1481010,Enemy contact in Oosterbeek! Block their advance!,การติดต่อกับศัตรูใน Oosterbeek! ปิดกั้นความก้าวหน้าของพวกเขา!,แคมเปญก็อง+มาร์เก็ตการ์เดน (บทพูดภารกิจ),1481010|1481023
1481011,They're pinching us from both sides! ,พวกมันกำลังบีบเราจากทั้งสองฝ่าย!,แคมเปญก็อง+มาร์เก็ตการ์เดน (บทพูดภารกิจ),1481011
1481012,Make sure to maintain a strong defensive screen along the entire riverbank. Let's cover our asses as best we can!,รักษาแนวตั้งรับให้มั่นคงตลอดแนวริมฝั่งแม่น้ำ ระวังหลังคุ้มกันพวกเราให้ดีที่สุด!,แคมเปญก็อง+มาร์เก็ตการ์เดน (บทพูดภารกิจ),1481012
1481015,They're trying to cross lower down the river! Adjust the line!  ,พวกเขากำลังพยายามข้ามแม่น้ำลงไป! ปรับสาย!,แคมเปญก็อง+มาร์เก็ตการ์เดน (บทพูดภารกิจ),1481015
1481020,Commandos are trying to break out of Oosterbeek! They've got Armor!,หน่วยคอมมานโดกำลังพยายามแยกตัวออกจาก Oosterbeek! พวกเขามีเกราะแล้ว!,แคมเปญก็อง+มาร์เก็ตการ์เดน (บทพูดภารกิจ),1481020
1481021,Maintain our defenses! Once the raft assault is complete we can focus on the commandos in Oosterbeek.,รักษาแนวป้องกันของเราไว้! เมื่อการโจมตีแพเสร็จสิ้น เราก็มุ่งความสนใจไปที่หน่วยคอมมานโดใน Oosterbeek ได้เลย,แคมเปญก็อง+มาร์เก็ตการ์เดน (บทพูดภารกิจ),1481021
1481022,More rafts! Don't let them through! Crush them!!,แพเพิ่ม! อย่าปล่อยให้พวกเขาผ่าน! บดขยี้พวกเขา!!,แคมเปญก็อง+มาร์เก็ตการ์เดน (บทพูดภารกิจ),1481022
1481026,Kampfgruppe! They're attacking en masse! Enemy battle group at the river! ,คัมฟ์กรุปเป้! พวกเขากำลังโจมตีหมู่! กลุ่มรบศัตรูที่แม่น้ำ!,แคมเปญก็อง+มาร์เก็ตการ์เดน (บทพูดภารกิจ),1481026
1481027,We must prevent them from advancing!,เราต้องป้องกันไม่ให้พวกเขาก้าวหน้า!,แคมเปญก็อง+มาร์เก็ตการ์เดน (บทพูดภารกิจ),1481027
1481100,The Commandos are taking territory! Defend our lines!,หน่วยคอมมานโดกำลังยึดครองดินแดน! ปกป้องแนวของเรา!,แคมเปญก็อง+มาร์เก็ตการ์เดน (บทพูดภารกิจ),1481100
1481101,They are closing in! We can't let their forces link up!,พวกเขากำลังปิดตัวลงแล้ว! เราไม่สามารถปล่อยให้กองกำลังของพวกเขาเชื่อมโยงกันได้!,แคมเปญก็อง+มาร์เก็ตการ์เดน (บทพูดภารกิจ),1481101
1481102,We can not let the enemy force link up. Recapture those points!,เราไม่สามารถปล่อยให้กองกำลังศัตรูเชื่อมโยงกันได้ ทวงคืนคะแนนเหล่านั้น!,แคมเปญก็อง+มาร์เก็ตการ์เดน (บทพูดภารกิจ),1481102
1481250,The Howitzers are putting holes in our defenses.,ฮาวอิตเซอร์กำลังเจาะช่องป้องกันของเรา,แคมเปญก็อง+มาร์เก็ตการ์เดน (บทพูดภารกิจ),1481250
1481260,Call up artillery units and destroy their positions if the opportunity presents itself.,เรียกหน่วยปืนใหญ่และทำลายตำแหน่งของพวกเขาหากมีโอกาส,แคมเปญก็อง+มาร์เก็ตการ์เดน (บทพูดภารกิจ),1481260
1481270,Hervorragend! The Howitzer threat has been eliminated. The medal is yours!,เฮอวอร์ราเจนด์! ภัยคุกคามจากปืนใหญ่วิถีโค้งได้ถูกกำจัดแล้ว เหรียญเป็นของคุณ!,แคมเปญก็อง+มาร์เก็ตการ์เดน (บทพูดภารกิจ),1481270
1481280,The rafts have stopped! It looks like they are giving up!,แพหยุดแล้ว! ดูเหมือนพวกเขาจะยอมแพ้!,แคมเปญก็อง+มาร์เก็ตการ์เดน (บทพูดภารกิจ),1481280
1481282,This is it! The commandos holed up in Oosterbeek are the only thing between us and victory.,นี่มัน! หน่วยคอมมานโดที่ซ่อนตัวอยู่ใน Oosterbeek เป็นเพียงสิ่งเดียวระหว่างเรากับชัยชนะ,แคมเปญก็อง+มาร์เก็ตการ์เดน (บทพูดภารกิจ),1481282
1481284,The Main HQ of the resistance is here.,กองบัญชาการหลักของการต่อต้านอยู่ที่นี่,แคมเปญก็อง+มาร์เก็ตการ์เดน (บทพูดภารกิจ),1481284
1481286,"We need to maintain the pressure on the forces in Oosterbeek to ensure victory. Your orders, Majorgeneral Voss?  ",เราต้องรักษาแรงกดดันต่อกองกำลังข้าศึกในโอสเตร์เบก ต่อไปเพื่อชัยชนะ คำสั่งของท่านคืออะไรครับ พลตรีฟอสส์?,แคมเปญก็อง+มาร์เก็ตการ์เดน (บทพูดภารกิจ),1481286
1481288,Encircle Oosterbeek and engage the remaining commandos. ,ล้อม Oosterbeek และต่อสู้กับหน่วยคอมมานโดที่เหลือ,แคมเปญก็อง+มาร์เก็ตการ์เดน (บทพูดภารกิจ),1481288
1481290,"They are desperate, but no less dangerous. Have the Armor move in and perhaps they will see reason. ",พวกมันจนมุมแล้ว แต่ก็ยังอันตรายอยู่ สั่งให้ยานเกราะเคลื่อนพลเข้าไป บางทีพวกมันอาจจะยอมจำนน,แคมเปญก็อง+มาร์เก็ตการ์เดน (บทพูดภารกิจ),1481290
1481292,"Otherwise, crush them. Until all resistance has been neutralized, we cannot assure victory...",มิฉะนั้นบดขยี้พวกเขา จนกว่าการต่อต้านทั้งหมดจะสงบลง เราไม่สามารถรับประกันชัยชนะได้...,แคมเปญก็อง+มาร์เก็ตการ์เดน (บทพูดภารกิจ),1481292
1481293,"... and without victory here, all will be lost. There will be no going back.",... และถ้าไม่มีชัยชนะที่นี่ ทุกอย่างก็จะสูญสลายไป จะไม่มีการกลับไป,แคมเปญก็อง+มาร์เก็ตการ์เดน (บทพูดภารกิจ),1481293
1482000,Kampfgruppen at attention! The push from the Rhine has been stopped! We are almost finished here!,คัมฟ์กรุปเป้ ให้ความสนใจ! แรงผลักดันจากแม่น้ำไรน์หยุดแล้ว! เราเกือบจะเสร็จแล้วที่นี่!,แคมเปญก็อง+มาร์เก็ตการ์เดน (บทพูดภารกิจ),1482000
1482010,"Assemble combat groups, flank the town of Oosterbeek, and eliminate or neutralize all remaining forces! ",รวมกลุ่มรบ ขนาบข้างเมือง Oosterbeek และเข้ากวาดล้างหรือปิดล้อมกองกำลังข้าศึก,แคมเปญก็อง+มาร์เก็ตการ์เดน (บทพูดภารกิจ),1482010
1482020,"Hauptmann Berger, sir! Aldrich Berger is down.",เฮาพท์มันน์ เบอร์เกอร์ครับท่าน! อัลดริช เบอร์เกอร์ ล้มแล้ว,แคมเปญก็อง+มาร์เก็ตการ์เดน (บทพูดภารกิจ),1482020
1482021,"Hauptmann Berger, sir! Aldrich Berger has fallen on a Recon Bike, he has been killed in action. ",เฮาพท์มันน์ เบอร์เกอร์ครับท่าน! Aldrich Berger ล้มบน Recon Bike เขาถูกสังหารขณะปฏิบัติหน้าที่,แคมเปญก็อง+มาร์เก็ตการ์เดน (บทพูดภารกิจ),1482021
1482022,"Hauptmann Berger, sir! Aldrich Berger went down with that Scout Car, he has been killed in action. ",ร้อยเอกแบร์เกอร์ ครับท่าน! อัลดริช แบร์เกอร์ เสียชีวิตไปพร้อมกับรถลาดตระเวนคันนั้นแล้ว เขาเสียชีวิตในการรบครับ,แคมเปญก็อง+มาร์เก็ตการ์เดน (บทพูดภารกิจ),1482022
1482023,"Hauptmann Berger, sir! Aldrich Berger went down with that Armored Car, he has been killed in action. ",เฮาพท์มันน์ เบอร์เกอร์ครับท่าน! อัลดริช เบอร์เกอร์ลงไปพร้อมกับรถหุ้มเกราะคันนั้น เขาถูกสังหารขณะปฏิบัติหน้าที่,แคมเปญก็อง+มาร์เก็ตการ์เดน (บทพูดภารกิจ),1482023
1482024,"Hauptmann Berger, sir! Aldrich Berger went down with that Marder III, he has been killed in action. ",เฮาพท์มันน์ เบอร์เกอร์ครับท่าน! อัลดริช เบอร์เกอร์ล้มพร้อมกับมาร์เดอร์ที่ 3 เขาถูกสังหารขณะปฏิบัติหน้าที่,แคมเปญก็อง+มาร์เก็ตการ์เดน (บทพูดภารกิจ),1482024
1482025,"Hauptmann Berger, sir! Aldrich Berger went down with that Halftrack, he has been killed in action. ",เฮาพท์มันน์ เบอร์เกอร์ครับท่าน! Aldrich Berger ล้มพร้อมกับ รถสายพานกึ่งล้อยาง นั้น เขาถูกฆ่าตายในสนามรบ,แคมเปญก็อง+มาร์เก็ตการ์เดน (บทพูดภารกิจ),1482025
1482026,"Hauptmann Berger, sir! Aldrich Berger went down with that Panzer IV!",เฮาพท์มันน์ เบอร์เกอร์ครับท่าน! Aldrich Berger ล้มลงพร้อมกับ Panzer IV!,แคมเปญก็อง+มาร์เก็ตการ์เดน (บทพูดภารกิจ),1482026
1482027,"Hauptmann Berger, sir! Aldrich Berger went down with that Bergetiger, he has been killed in action. ",เฮาพท์มันน์ เบอร์เกอร์ครับท่าน! Aldrich Berger ลงไปพร้อมกับ Bergetiger เขาถูกฆ่าตายในสนามรบ,แคมเปญก็อง+มาร์เก็ตการ์เดน (บทพูดภารกิจ),1482027
1482028,"Hauptmann Berger, sir! Aldrich Berger went down with that Wirbelwind, he has been killed in action. ",เฮาพท์มันน์ เบอร์เกอร์ครับท่าน! อัลดริช เบอร์เกอร์ลงไปพร้อมกับเวอร์เบลวินด์ เขาถูกฆ่าตายในสนามรบ,แคมเปญก็อง+มาร์เก็ตการ์เดน (บทพูดภารกิจ),1482028
1482029,"Hauptmann Berger, sir! Aldrich Berger went down with that Hummel, he has been killed in action. ",เฮาพท์มันน์ เบอร์เกอร์ครับท่าน! อัลดริช เบอร์เกอร์ลงไปพร้อมกับฮัมเมลคนนั้น เขาถูกฆ่าตายในสนามรบ,แคมเปญก็อง+มาร์เก็ตการ์เดน (บทพูดภารกิจ),1482029
1482030,"Hauptmann Berger, sir! Aldrich Berger went down with that Jagdpanther, he has been killed in action. ",เฮาพท์มันน์ เบอร์เกอร์ครับท่าน! Aldrich Berger ลงไปพร้อมกับ Jagdpanther เขาถูกฆ่าตายในสนามรบ,แคมเปญก็อง+มาร์เก็ตการ์เดน (บทพูดภารกิจ),1482030
1482031,"Hauptmann Berger, sir! Aldrich Berger went down with that Hetzer, he has been killed in action.  ",เฮาพท์มันน์ เบอร์เกอร์ครับท่าน! Aldrich Berger ลงไปพร้อมกับ Hetzer เขาถูกฆ่าตายในสนามรบ,แคมเปญก็อง+มาร์เก็ตการ์เดน (บทพูดภารกิจ),1482031
1482032,"Hauptmann Berger, sir! Aldrich Berger was embedded with that Infantry Squad, he has been killed in action. ",เฮาพท์มันน์ เบอร์เกอร์ครับท่าน! อัลดริช เบอร์เกอร์ถูกฝังอยู่กับหมู่ทหารราบ เขาถูกสังหารขณะปฏิบัติหน้าที่,แคมเปญก็อง+มาร์เก็ตการ์เดน (บทพูดภารกิจ),1482032
1482033,Do I have further orders?,ฉันมีคำสั่งเพิ่มเติมหรือไม่?,แคมเปญก็อง+มาร์เก็ตการ์เดน (บทพูดภารกิจ),1482033
1482034,"Your brother is dead, Hauptmann.",พี่ชายคุณตายแล้ว เฮาพท์มันน์,แคมเปญก็อง+มาร์เก็ตการ์เดน (บทพูดภารกิจ),1482034
1482035,"Hauptmann Berger, sir! Your brother has been killed in action. ",เฮาพท์มันน์ เบอร์เกอร์ครับท่าน! พี่ชายของคุณถูกฆ่าตายในสนามรบ,แคมเปญก็อง+มาร์เก็ตการ์เดน (บทพูดภารกิจ),1482035
1482040,"Verflucht noch mal! Update me on his status when you can, Henze. You are now Luetnant, congratulations, assemble the men and continue to the objective. ",เวอร์ฟลุชท์ นอช มาล! อัปเดตสถานะของเขาให้ฉันทราบเมื่อคุณทำได้ เฮนเซ่ ตอนนี้คุณเป็น Luetnant ยินดีด้วย รวบรวมคนและดำเนินการตามวัตถุประสงค์ต่อไป,แคมเปญก็อง+มาร์เก็ตการ์เดน (บทพูดภารกิจ),1482040
1482050,"Henze, der Teufel wird sich den Tommy holen!","Henze, der Teufel wird sich den Tommy Holen!",แคมเปญก็อง+มาร์เก็ตการ์เดน (บทพูดภารกิจ),1482050
1482060,"Yes, Hauptmann Berger.",ใช่ เฮาพท์มันน์ เบอร์เกอร์,แคมเปญก็อง+มาร์เก็ตการ์เดน (บทพูดภารกิจ),1482060
1482070,"Kampfgruppe Lehr! Quickly, we must neutralize the enemy!",คัมฟ์กรุปเป้ เลห์! เราต้องต่อต้านศัตรูอย่างรวดเร็ว!,แคมเปญก็อง+มาร์เก็ตการ์เดน (บทพูดภารกิจ),1482070
1482100,The commandos are rallying on the hill!,หน่วยคอมมานโดกำลังชุมนุมบนเนินเขา!,แคมเปญก็อง+มาร์เก็ตการ์เดน (บทพูดภารกิจ),1482100
1482110,We must not let them regroup!,เราต้องไม่ปล่อยให้พวกมันรวมกลุ่มกันใหม่!,แคมเปญก็อง+มาร์เก็ตการ์เดน (บทพูดภารกิจ),1482110
1482200,They're falling back! Block their route!,พวกเขากำลังถอยทัพ! ปิดกั้นเส้นทางของพวกเขา!,แคมเปญก็อง+มาร์เก็ตการ์เดน (บทพูดภารกิจ),1482200
1482210,Enemy forces retreating! Close the door on their withdrawl!,กองกำลังศัตรูถอยทัพ! ปิดประตูการถอนตัวของพวกเขา!,แคมเปญก็อง+มาร์เก็ตการ์เดน (บทพูดภารกิจ),1482210
1482220,They're pulling out! Cut them off! Cut them off!,พวกเขากำลังดึงออก! ตัดพวกมันออก! ตัดพวกมันออก!,แคมเปญก็อง+มาร์เก็ตการ์เดน (บทพูดภารกิจ),1482220
1482230,Verdammt hold your fire! Hold your fire! They're surrendering!,Verdammt หยุดยิง! หยุดยิง! พวกเขากำลังมอบตัวแล้ว!,แคมเปญก็อง+มาร์เก็ตการ์เดน (บทพูดภารกิจ),1482230
1482240,They've lost their Armor support!,พวกเขาสูญเสียการสนับสนุนเกราะแล้ว!,แคมเปญก็อง+มาร์เก็ตการ์เดน (บทพูดภารกิจ),1482240
1482250,The English abschaum have had enough!,ภาษาอังกฤษ abschaum ก็พอแล้ว!,แคมเปญก็อง+มาร์เก็ตการ์เดน (บทพูดภารกิจ),1482250
1482300,They enemy dreckskerlen have been eliminated!,ศัตรูของ Dreckskerlen ได้ถูกกำจัดแล้ว!,แคมเปญก็อง+มาร์เก็ตการ์เดน (บทพูดภารกิจ),1482300
1482310,Oosterbeek now runs with their blood.,ตอนนี้ Oosterbeek วิ่งไปด้วยเลือดของพวกเขา,แคมเปญก็อง+มาร์เก็ตการ์เดน (บทพูดภารกิจ),1482310
1482320,Operation Market Garden is no more.,ปฏิบัติการมาร์เก็ตการ์เดนไม่มีอีกแล้ว,แคมเปญก็อง+มาร์เก็ตการ์เดน (บทพูดภารกิจ),1482320|1482350|1482380
1482330,The remaining enemy forces have surrendered!,กองกำลังศัตรูที่เหลือยอมจำนนแล้ว!,แคมเปญก็อง+มาร์เก็ตการ์เดน (บทพูดภารกิจ),1482330
1482360,"Excellent, it is for our own honor we have spared their lives.",เยี่ยมมาก เพื่อเป็นเกียรติแก่เราเองที่เราได้ไว้ชีวิตพวกเขา,แคมเปญก็อง+มาร์เก็ตการ์เดน (บทพูดภารกิจ),1482360
1482370,The British 1st Parachute Division are now our prisoners.,ตอนนี้กองพลร่มชูชีพที่ 1 ของอังกฤษเป็นเชลยของเราแล้ว,แคมเปญก็อง+มาร์เก็ตการ์เดน (บทพูดภารกิจ),1482370
1482381,Operation Market Garden is no more!,Operation Market Garden ไม่มีอีกแล้ว!,แคมเปญก็อง+มาร์เก็ตการ์เดน (บทพูดภารกิจ),1482381
1482382,"Glückwunsch Kampfgruppe, Operation Market Garden is no more!","Glückwunsch คัมฟ์กรุปเป้, Operation Market Garden ไม่มีอีกแล้ว!",แคมเปญก็อง+มาร์เก็ตการ์เดน (บทพูดภารกิจ),1482382
1483000,"Keep your heads down, lads!",ก้มหน้าลงนะเด็กๆ!,แคมเปญก็อง+มาร์เก็ตการ์เดน (บทพูดภารกิจ),1483000
1483010,Keep paddling'!  ,พายเรือต่อไป'!,แคมเปญก็อง+มาร์เก็ตการ์เดน (บทพูดภารกิจ),1483010
1483020,Mortars!!!,ครก!!!,แคมเปญก็อง+มาร์เก็ตการ์เดน (บทพูดภารกิจ),1483020
1483030,Stroke! Stroke!,จังหวะ! จังหวะ!,แคมเปญก็อง+มาร์เก็ตการ์เดน (บทพูดภารกิจ),1483030
1483040,Get us to the beach!,พาเราไปที่ชายหาด!,แคมเปญก็อง+มาร์เก็ตการ์เดน (บทพูดภารกิจ),1483040
1483050,"See you in hell, you cunt baggers!",เจอกันในนรกนะเจ้าพวกขี้โกง!,แคมเปญก็อง+มาร์เก็ตการ์เดน (บทพูดภารกิจ),1483050
1483060,"Remember up the beach and to the heights, gents!",จำไว้บนชายหาดและที่สูงสุภาพบุรุษ!,แคมเปญก็อง+มาร์เก็ตการ์เดน (บทพูดภารกิจ),1483060
1483070,We have to take the high ground!,เราจะต้องอยู่บนที่สูง!,แคมเปญก็อง+มาร์เก็ตการ์เดน (บทพูดภารกิจ),1483070
1483080,Go go go! Move your grotty arses!,ไปไปไป! ขยับตูดอันสกปรกของคุณ!,แคมเปญก็อง+มาร์เก็ตการ์เดน (บทพูดภารกิจ),1483080
1483090,Hand 'em their arses!,ส่งตูดพวกมันมา!,แคมเปญก็อง+มาร์เก็ตการ์เดน (บทพูดภารกิจ),1483090
1483100,Push to the heights!,ดันให้สูง!,แคมเปญก็อง+มาร์เก็ตการ์เดน (บทพูดภารกิจ),1483100
1483110,Maximum aggression and violence when we hit the shore!,ความก้าวร้าวและความรุนแรงสูงสุดเมื่อเราถึงฝั่ง!,แคมเปญก็อง+มาร์เก็ตการ์เดน (บทพูดภารกิจ),1483110
1483120,Paddle! Paddle! Keep the raft movin'!,พาย! พาย! ให้แพเคลื่อนไหว!,แคมเปญก็อง+มาร์เก็ตการ์เดน (บทพูดภารกิจ),1483120
1483140,Get covering fire on the high ground!,ยิงคุ้มกันพื้นที่บนที่สูง!,แคมเปญก็อง+มาร์เก็ตการ์เดน (บทพูดภารกิจ),1483140
1483150,"Cover and move, cover and move, lads!",ยิงคุ้มกันแล้วเคลื่อนที่ ยิงคุ้มกันแล้วเคลื่อนที่ พวกเรา!,แคมเปญก็อง+มาร์เก็ตการ์เดน (บทพูดภารกิจ),1483150
1483160,We need to push past their lines!,เราต้องก้าวข้ามเส้นของพวกเขา!,แคมเปญก็อง+มาร์เก็ตการ์เดน (บทพูดภารกิจ),1483160
1483170,I want every bloke on that hill!,ฉันอยากให้ทุกคนบนเนินเขานั้น!,แคมเปญก็อง+มาร์เก็ตการ์เดน (บทพูดภารกิจ),1483170
1483180,Get behind them! Move!,อยู่ข้างหลังพวกเขา! เคลื่อนไหว!,แคมเปญก็อง+มาร์เก็ตการ์เดน (บทพูดภารกิจ),1483180
1483190,"Swing your section round, mate!",หมุนหน่วยของนายไปรอบ ๆ เลยเพื่อน!,แคมเปญก็อง+มาร์เก็ตการ์เดน (บทพูดภารกิจ),1483190
1483200,Keep the boat movin'!,พายเรือต่อไป!,แคมเปญก็อง+มาร์เก็ตการ์เดน (บทพูดภารกิจ),1483200
1483210,There's the shore!,ถึงฝั่งแล้ว!,แคมเปญก็อง+มาร์เก็ตการ์เดน (บทพูดภารกิจ),1483210
1483220,Get us to the shoreline!,พาเราไปที่ชายฝั่ง!,แคมเปญก็อง+มาร์เก็ตการ์เดน (บทพูดภารกิจ),1483220
1483230,Don't bunch up on the shore! You have to keep movin'!,อย่าเกาะกลุ่มกันบนฝั่ง! คุณต้องเคลื่อนไหวต่อไป!,แคมเปญก็อง+มาร์เก็ตการ์เดน (บทพูดภารกิจ),1483230
1483240,Get ready lads!,เตรียมตัวให้พร้อมนะหนุ่มๆ!,แคมเปญก็อง+มาร์เก็ตการ์เดน (บทพูดภารกิจ),1483240
1483250,Stay with me when we hit the shore!,อยู่กับฉันเมื่อเราถึงฝั่ง!,แคมเปญก็อง+มาร์เก็ตการ์เดน (บทพูดภารกิจ),1483250
1483260,Alright lads! Here goes!,เอาล่ะ หนุ่มๆ! เอาล่ะ!,แคมเปญก็อง+มาร์เก็ตการ์เดน (บทพูดภารกิจ),1483260
1483270,Watch your buddies back lads!,ระวังเพื่อนของคุณกลับมานะเด็กๆ!,แคมเปญก็อง+มาร์เก็ตการ์เดน (บทพูดภารกิจ),1483270
1483280,Jerry's counter attacking!,เจอร์รี่โต้กลับ!,แคมเปญก็อง+มาร์เก็ตการ์เดน (บทพูดภารกิจ),1483280
1483290,Contact! Unknown enemy force!,ติดต่อ! กองกำลังศัตรูที่ไม่รู้จัก!,แคมเปญก็อง+มาร์เก็ตการ์เดน (บทพูดภารกิจ),1483290
1483300,Get some riflemen over here right fuckin' quick!,เรียกพลปืนมาทางนี้เร็วเข้า!,แคมเปญก็อง+มาร์เก็ตการ์เดน (บทพูดภารกิจ),1483300
1483310,They're comin'! Let 'em have it!,พวกเขากำลังมา! ปล่อยให้พวกเขามีมัน!,แคมเปญก็อง+มาร์เก็ตการ์เดน (บทพูดภารกิจ),1483310
1483320,I need some support over here!,ฉันต้องการความช่วยเหลือที่นี่!,แคมเปญก็อง+มาร์เก็ตการ์เดน (บทพูดภารกิจ),1483320
1483340,Hit 'em with the PIAT's!,ตีพวกมันด้วย PIAT's!,แคมเปญก็อง+มาร์เก็ตการ์เดน (บทพูดภารกิจ),1483340
1483350,Pour it on 'em!,เทมันลงบนพวกมัน!,แคมเปญก็อง+มาร์เก็ตการ์เดน (บทพูดภารกิจ),1483350
1483360,Let 'em have it! Kill those tossers!,ปล่อยให้พวกเขามีมัน! ฆ่าพวกโยนพวกนั้นซะ!,แคมเปญก็อง+มาร์เก็ตการ์เดน (บทพูดภารกิจ),1483360
1483370,That's it! Yes! You little fuckin' bastards!,แค่นั้นแหละ! ใช่! ไอ้สารเลวตัวน้อย!,แคมเปญก็อง+มาร์เก็ตการ์เดน (บทพูดภารกิจ),1483370
1483380,Die you fuckin' arse bandits!,ให้ตายเถอะพวกโจรบ้าเอ๊ย!,แคมเปญก็อง+มาร์เก็ตการ์เดน (บทพูดภารกิจ),1483380
1483390,"Keep it comin'! That's it, mate!",ให้มันมา! แค่นั้นแหละเพื่อน!,แคมเปญก็อง+มาร์เก็ตการ์เดน (บทพูดภารกิจ),1483390
1483400,Quickly lads. This should pull some units off the front.,เร็วๆ นะน้องๆ นี่ควรดึงบางหน่วยออกจากด้านหน้า,แคมเปญก็อง+มาร์เก็ตการ์เดน (บทพูดภารกิจ),1483400
1483410,"Secure everything you can, gents.",ปลอดภัยทุกอย่างที่คุณสามารถทำได้สุภาพบุรุษ,แคมเปญก็อง+มาร์เก็ตการ์เดน (บทพูดภารกิจ),1483410
1483420,This should get Jerry's attention.,นี่ควรได้รับความสนใจจากเจอร์รี่,แคมเปญก็อง+มาร์เก็ตการ์เดน (บทพูดภารกิจ),1483420
1483430,"Fuck those bastards up, lads!",ให้ตายเถอะพวกสารเลวพวกนั้น!,แคมเปญก็อง+มาร์เก็ตการ์เดน (บทพูดภารกิจ),1483430
1483440,"Tear them a new one, gents!",ฉีกมันใหม่สุภาพบุรุษ!,แคมเปญก็อง+มาร์เก็ตการ์เดน (บทพูดภารกิจ),1483440
1483450,"Contact! Team, team, team!",ติดต่อ! ทีม ทีม ทีม!,แคมเปญก็อง+มาร์เก็ตการ์เดน (บทพูดภารกิจ),1483450
1483460,That's it you beautiful bastards! Let 'em have it!,นั่นสินะ ไอ้คนสวย! ปล่อยให้พวกเขามีมัน!,แคมเปญก็อง+มาร์เก็ตการ์เดน (บทพูดภารกิจ),1483460
1483470,Yeah! Fuck 'em up lads!,ใช่! Fuck 'em up หนุ่ม ๆ !,แคมเปญก็อง+มาร์เก็ตการ์เดน (บทพูดภารกิจ),1483470
1483480,You beautiful babies! Blow them to hell!,คุณเด็กที่สวยงาม! ระเบิดพวกเขาลงนรก!,แคมเปญก็อง+มาร์เก็ตการ์เดน (บทพูดภารกิจ),1483480
1483490,Flood the hills! Move!,น้ำท่วมเนินเขา! เคลื่อนไหว!,แคมเปญก็อง+มาร์เก็ตการ์เดน (บทพูดภารกิจ),1483490
1483500,Covering fire! Get troops up top!,คุมเพลิง! ยกทัพขึ้นด้านบน!,แคมเปญก็อง+มาร์เก็ตการ์เดน (บทพูดภารกิจ),1483500
1483510,Rush the line! Rush the line!,รีบต่อแถว! รีบต่อแถว!,แคมเปญก็อง+มาร์เก็ตการ์เดน (บทพูดภารกิจ),1483510
1483520,Move!  Get up there!,เคลื่อนไหว! ลุกขึ้นมา!,แคมเปญก็อง+มาร์เก็ตการ์เดน (บทพูดภารกิจ),1483520
1483530,Run you fuckin' bastards! Move up the bank!,วิ่งไปไอ้สารเลว! ขยับริมตลิ่งแม่น้ำ!,แคมเปญก็อง+มาร์เก็ตการ์เดน (บทพูดภารกิจ),1483530
1483540,Keep movin'! Keep movin'!,เคลื่อนไหวต่อไป! เคลื่อนไหวต่อไป!,แคมเปญก็อง+มาร์เก็ตการ์เดน (บทพูดภารกิจ),1483540
1483550,Envelope left! Swing your troops around mate!,เหลือซอง! แกว่งกองทหารของคุณไปรอบ ๆ เพื่อน!,แคมเปญก็อง+มาร์เก็ตการ์เดน (บทพูดภารกิจ),1483550
1483560,Get guns on that high ground!,รับปืนบนที่สูงนั้น!,แคมเปญก็อง+มาร์เก็ตการ์เดน (บทพูดภารกิจ),1483560
1483570,Get your lads up on those bluffs!,พาลูก ๆ ของคุณขึ้นไปบนหน้าผาเหล่านั้น!,แคมเปญก็อง+มาร์เก็ตการ์เดน (บทพูดภารกิจ),1483570
1489100,Establish Defensive Perimeter along the River,กำหนดแนวป้องกันตามแนวแม่น้ำ,แคมเปญก็อง+มาร์เก็ตการ์เดน (บทพูดภารกิจ),1489100
1489101,Defeat the British Counterattack,เอาชนะการตอบโต้ของอังกฤษ,แคมเปญก็อง+มาร์เก็ตการ์เดน (บทพูดภารกิจ),1489101
1489102,Defeat the British in Oosterbeek,เอาชนะอังกฤษใน Oosterbeek,แคมเปญก็อง+มาร์เก็ตการ์เดน (บทพูดภารกิจ),1489102
1489104,British Counterattack Defeated,การตอบโต้ของอังกฤษพ่ายแพ้,แคมเปญก็อง+มาร์เก็ตการ์เดน (บทพูดภารกิจ),1489104
1489105,British Defeated,อังกฤษพ่ายแพ้,แคมเปญก็อง+มาร์เก็ตการ์เดน (บทพูดภารกิจ),1489105
1489107,Break the British Line of Supply,ทำลายแนวอุปทานของอังกฤษ,แคมเปญก็อง+มาร์เก็ตการ์เดน (บทพูดภารกิจ),1489107
1489110,Prevent the Commandos from Counterattacking and establishing a supply line between the beachhead along the River Rhine and the British HQ in Oosterbeek.,ป้องกันไม่ให้หน่วยคอมมานโดตอบโต้และสร้างแนวส่งเสบียงระหว่างหัวหาดริมแม่น้ำไรน์และกองบัญชาการอังกฤษในอูสเตอร์บีก,แคมเปญก็อง+มาร์เก็ตการ์เดน (บทพูดภารกิจ),1489110
1489111,Set up defenses along the river and prevent the Commandos from establishing a beachhead across the Rhine.,ตั้งแนวป้องกันริมแม่น้ำและป้องกันไม่ให้หน่วยคอมมานโดสร้างหัวหาดข้ามแม่น้ำไรน์,แคมเปญก็อง+มาร์เก็ตการ์เดน (บทพูดภารกิจ),1489111
1489112,Use armor to eliminate all remaining British Commandos in Oosterbeek or force them to surrender.,ใช้ยานเกราะกวาดล้างหน่วยคอมมานโดอังกฤษที่ยังหลงเหลืออยู่ในออสเตอร์เบก หรือบีบให้พวกเขายอมจำนน,แคมเปญก็อง+มาร์เก็ตการ์เดน (บทพูดภารกิจ),1489112
1489113,Destroy the Howitzer Batteries on the opposite side of the Rhine.,ทำลายแบตเตอรี่ปืนใหญ่วิถีโค้งที่อยู่ฝั่งตรงข้ามของแม่น้ำไรน์,แคมเปญก็อง+มาร์เก็ตการ์เดน (บทพูดภารกิจ),1489113
1489121,Defend Upper Rhine,ปกป้องแม่น้ำไรน์ตอนบน,แคมเปญก็อง+มาร์เก็ตการ์เดน (บทพูดภารกิจ),1489121
1489122,Defend West Oosterbeek,ปกป้องเวสต์ ออสเตอร์บีค,แคมเปญก็อง+มาร์เก็ตการ์เดน (บทพูดภารกิจ),1489122
1489123,Defend Lower Rhine,ปกป้องแม่น้ำไรน์ตอนล่าง,แคมเปญก็อง+มาร์เก็ตการ์เดน (บทพูดภารกิจ),1489123
1489124,Defend East Oosterbeek,ปกป้องอีสต์ออสเตอร์บีก,แคมเปญก็อง+มาร์เก็ตการ์เดน (บทพูดภารกิจ),1489124
1489125,Defend the Rhine,ปกป้องแม่น้ำไรน์,แคมเปญก็อง+มาร์เก็ตการ์เดน (บทพูดภารกิจ),1489125
1489126,%1SingularMinute% minute remaining,เหลืออีก %1SingularMinute% นาที,แคมเปญก็อง+มาร์เก็ตการ์เดน (บทพูดภารกิจ),1489126
1489127,%1NumberOfMinutes% minutes remaining,เหลืออีก %1NumberOfMinutes% นาที,แคมเปญก็อง+มาร์เก็ตการ์เดน (บทพูดภารกิจ),1489127
1489128,Hold the Strategic Point,ยึดจุดยุทธศาสตร์,แคมเปญก็อง+มาร์เก็ตการ์เดน (บทพูดภารกิจ),1489128
