id,english,thai,context,all_ids
6000001,Assault the town of Villers-Bocage and prevent the British 2nd Army from flanking the Panzer Lehr Division and reaching Caen.,เข้าตีเมืองวีแลร์-โบกาฌ และป้องกันไม่ให้กองทัพที่ 2 ของอังกฤษขนาบข้างกองพลยานเกราะเลร์ และรุกคืบไปยังเมืองก็อง,แคมเปญไทเกอร์เอซ (บทพูดเยอรมัน),6000001
6000050,Villers-Bocage: Birth of a Legend,วีแลร์-โบกาฌ: กำเนิดแห่งตำนาน,แคมเปญไทเกอร์เอซ (บทพูดเยอรมัน),6000050
6000052,VILL1,VILL1,แคมเปญไทเกอร์เอซ (บทพูดเยอรมัน),6000052
6000054,Tank Commander Hauptmann Maximillian Voss and Gunner Feldwebel Joseph Shultz ambush an unsuspecting British convoy from the famed Desert Rats!,ผู้บังคับการรถถัง ร้อยเอกฟอสส์ และพลปืน จ่าสิบเอกชูลทซ์ ซุ่มโจมตีขบวนรถอังกฤษจากหน่วยหนูทะเลทราย อันเลื่องชื่อ!,แคมเปญไทเกอร์เอซ (บทพูดเยอรมัน),6000054
6000056,"Villers-Bocage, Normandy.","วีแลร์-โบกาฌ, นอร์มังดี",แคมเปญไทเกอร์เอซ (บทพูดเยอรมัน),6000056|6000066|6000076
6000058,0717hrs. June 13th 1944,07:17 น. 13 มิถุนายน 1944,แคมเปญไทเกอร์เอซ (บทพูดเยอรมัน),6000058
6000060,Retreat from Villers-Bocage,การถอนตัวจากวีแลร์-โบกาฌ,แคมเปญไทเกอร์เอซ (บทพูดเยอรมัน),6000060
6000062,VILL2,VILL2,แคมเปญไทเกอร์เอซ (บทพูดเยอรมัน),6000062
6000064,"After successfully halting the British 7th Armoured Division ""the Desert Rats,"" Voss orders his crew to abandon their disabled tank. The Tigergruppe must escape Villers-Bocage on foot and head back to Point 213.","หลังหยุดยั้งกองพลยานเกราะที่ 7 ของอังกฤษ """"หนูทะเลทราย"""" ได้สำเร็จ ร้อยเอกฟอสส์สั่งให้ลูกเรือสละรถถังที่ใช้งานไม่ได้ กลุ่มไทเกอร์ ต้องหลบหนีออกจากวีแลร์-โบกาฌด้วยการเดินเท้าและมุ่งหน้ากลับสู่เนิน 213",แคมเปญไทเกอร์เอซ (บทพูดเยอรมัน),6000064
6000068,1026hrs. June 13th 1944,10:26 น. 13 มิถุนายน 1944,แคมเปญไทเกอร์เอซ (บทพูดเยอรมัน),6000068
6000070,An Ace Reborn,การกำเนิดใหม่ของเอซ,แคมเปญไทเกอร์เอซ (บทพูดเยอรมัน),6000070
6000072,VILL3,VILL3,แคมเปญไทเกอร์เอซ (บทพูดเยอรมัน),6000072
6000074,"Safely back at Division HQ, Voss and his Tigergruppe requisition a new Tiger tank and renew their attack. Supported by 901st Panzergrenadier Lehr Regiment, their orders are to secure Villers-Bocage and halt the British advance. ",เมื่อกลับสู่กองบัญชาการกองพลอย่างปลอดภัย ร้อยเอกฟอสส์และกลุ่มไทเกอร์ ของเขาได้เบิกรถถังไทเกอร์คันใหม่และเปิดฉากโจมตีอีกครั้ง โดยได้รับการสนับสนุนจากกรมยานเกราะแพนเซอร์เกรนาเดียร์เลร์ที่ 901 คำสั่งของพวกเขาคือยึดวีแลร์-โบกาฌให้มั่นคงและหยุดยั้งการรุกคืบของอังกฤษ,แคมเปญไทเกอร์เอซ (บทพูดเยอรมัน),6000074
6000078,1602hrs. June 13th 1944,16:02 น. 13 มิถุนายน 1944,แคมเปญไทเกอร์เอซ (บทพูดเยอรมัน),6000078
6000080,"A picturesque city in the peaceful rolling hills of France. Deserted by it's former inhabitants, the once busy streets have now become hunting grounds for mechanical beasts. There has never been a better place to wage war.",เมืองอันงดงามบนเนินเขาอันเงียบสงบของฝรั่งเศส ถนนหนทางที่ครั้งหนึ่งเคยพลุกพล่านถูกผู้อยู่อาศัยละทิ้ง และบัดนี้กลายเป็นสมรภูมิล่าสังหารของจักรกลสงคราม ไม่มีที่ใดจะเหมาะแก่การทำสงครามไปยิ่งกว่านี้อีกแล้ว,แคมเปญไทเกอร์เอซ (บทพูดเยอรมัน),6000080
6000100,101st Tigergruppe,กลุ่มไทเกอร์ที่ 101,แคมเปญไทเกอร์เอซ (บทพูดเยอรมัน),6000100
6000110,"7th Armoured Division, ""Desert Rats""","กองพลยานเกราะที่ 7, ""หนูทะเลทราย""",แคมเปญไทเกอร์เอซ (บทพูดเยอรมัน),6000110
6000120,901st Panzergrenadier Lehr Regiment,กรมยานเกราะแพนเซอร์เกรนาเดียร์เลร์ที่ 901,แคมเปญไทเกอร์เอซ (บทพูดเยอรมัน),6000120
6000200,"Leningrad, Russia","เลนินกราด, รัสเซีย",แคมเปญไทเกอร์เอซ (บทพูดเยอรมัน),6000200
6000210,"0723 hrs. September 29th, 1942",07:23 น. 29 กันยายน 1942,แคมเปญไทเกอร์เอซ (บทพูดเยอรมัน),6000210
6001000,Hauptmann Maximillian Voss ,ร้อยเอก มัคซีมีลีอาน ฟอสส์,แคมเปญไทเกอร์เอซ (บทพูดเยอรมัน),6001000
6001020,Oberschutze Arno Schroif ,พลทหารอาวุโส อาร์โน ชรอยฟ์,แคมเปญไทเกอร์เอซ (บทพูดเยอรมัน),6001020
6001030,Driver,พลทหาร ชึทเซอ ฟิลิปป์ แบร์นดท์,แคมเปญไทเกอร์เอซ (บทพูดเยอรมัน),6001030
6001040,Feldwebel Joseph Shultz,เฟลด์เวเบล โจเซฟ ชูลทซ์,แคมเปญไทเกอร์เอซ (บทพูดเยอรมัน),6001040
6001050,Gunner,มือปืน,แคมเปญไทเกอร์เอซ (บทพูดเยอรมัน),6001050
6001060,Schutze Dieter Berndt,ชูตเซ่ ดีเทอร์ แบร์นดท์,แคมเปญไทเกอร์เอซ (บทพูดเยอรมัน),6001060
6001070,Radio Operator,นายทหารสัญญาบัตรวิทยุ,แคมเปญไทเกอร์เอซ (บทพูดเยอรมัน),6001070
6001080,Schutze Alfred Litzke,ชูทเซ่ อัลเฟรด ลิทซ์เก้,แคมเปญไทเกอร์เอซ (บทพูดเยอรมัน),6001080
6001090,Loader,พลบรรจุกระสุน,แคมเปญไทเกอร์เอซ (บทพูดเยอรมัน),6001090
6010490,Achtung Tigergruppe!,อัจตุง ไทเกอร์กรุ๊ป!,แคมเปญไทเกอร์เอซ (บทพูดเยอรมัน),6010490
6010501,The fools act as if they've won the war already.,คนโง่ทำราวกับว่าพวกเขาชนะสงครามแล้ว,แคมเปญไทเกอร์เอซ (บทพูดเยอรมัน),6010501
6010511,We'll prove them wrong!,เราจะพิสูจน์ว่าพวกเขาคิดผิด!,แคมเปญไทเกอร์เอซ (บทพูดเยอรมัน),6010511
6010521,"Berndt, radio silence! Get ready on the hull MG.",แบร์นดท์ เงียบเสียงวิทยุ! เตรียมพร้อมประจำปืนกลหน้าตัวถัง,แคมเปญไทเกอร์เอซ (บทพูดเยอรมัน),6010521
6010531,"Litzke, be ready to load specified rounds.",ลิทซ์เก้ เตรียมบรรจุกระสุน!ที่กำหนดได้เลย,แคมเปญไทเกอร์เอซ (บทพูดเยอรมัน),6010531
6010532,"Shultz, target enemy panzers and paks. ",ชูลทซ์ กำหนดเป้าหมายยานเกราะและ Paks ของศัตรู,แคมเปญไทเกอร์เอซ (บทพูดเยอรมัน),6010532
6010534,Make every round count.,ทำให้ทุกรอบมีค่า,แคมเปญไทเกอร์เอซ (บทพูดเยอรมัน),6010534
6010536,Strike hard and clear the village of all enemy armor.,โจมตีอย่างหนักและเคลียร์หมู่บ้านของเกราะศัตรูทั้งหมด,แคมเปญไทเกอร์เอซ (บทพูดเยอรมัน),6010536
6010550,Motor to four hundred PS!,มอเตอร์ถึงสี่ร้อย PS!,แคมเปญไทเกอร์เอซ (บทพูดเยอรมัน),6010550
6010560,More! Schnell!,มากกว่า! ชเนล!,แคมเปญไทเกอร์เอซ (บทพูดเยอรมัน),6010560
6010570,Contact.,ติดต่อ.,แคมเปญไทเกอร์เอซ (บทพูดเยอรมัน),6010570
6010580,Loading round.,กำลังบรรจุกระสุน!.,แคมเปญไทเกอร์เอซ (บทพูดเยอรมัน),6010580
6010590,"For the fatherland, men! Destroy the British! Fire at Will!",เพื่อปิตุภูมิผู้ชาย! ทำลายอังกฤษ! ยิงตามประสงค์!,แคมเปญไทเกอร์เอซ (บทพูดเยอรมัน),6010590
6010600,Load Armor-Piercing rounds.,นั่นมันกองพลยานเกราะที่ 7 ของอังกฤษ หน่วยหนูทะเลทราย,แคมเปญไทเกอร์เอซ (บทพูดเยอรมัน),6010600
6010610,Shultz. Eliminate target.,พวกมันกำลังเคลื่อนพลสบายใจเฉิบเหมือนมาเดินเล่นในสวน,แคมเปญไทเกอร์เอซ (บทพูดเยอรมัน),6010610
6010611,"Panzer, mark, engaging.",แพนเซอร์ มาร์ค มีส่วนร่วม,แคมเปญไทเกอร์เอซ (บทพูดเยอรมัน),6010611
6010612,"Litzke, Round up. ",ลิทซ์เก้ เตรียมกระสุนพร้อมยิง!,แคมเปญไทเกอร์เอซ (บทพูดเยอรมัน),6010612
6010613,"That's it, closer traversing turret.",แค่นั้นแหละ ป้อมปืนที่เคลื่อนที่เข้ามาใกล้ยิ่งขึ้น,แคมเปญไทเกอร์เอซ (บทพูดเยอรมัน),6010613
6010614,Shot out. ,ยิงออกไป.,แคมเปญไทเกอร์เอซ (บทพูดเยอรมัน),6010614
6010615,"Confirm hit, she's in flames. ",ยืนยันการโจมตี เธออยู่ในเปลวเพลิง,แคมเปญไทเกอร์เอซ (บทพูดเยอรมัน),6010615
6010616,Round on mark. Target out.,กลมตามเครื่องหมาย ตั้งเป้าออกไป.,แคมเปญไทเกอร์เอซ (บทพูดเยอรมัน),6010616
6010618,Kill. Confirmed. ,ฆ่า. ยืนยันแล้ว,แคมเปญไทเกอร์เอซ (บทพูดเยอรมัน),6010618
6010620,"Excellent, men. Headquarters will be delighted. ",เราจะจัดการพวกมันให้สิ้นซาก,แคมเปญไทเกอร์เอซ (บทพูดเยอรมัน),6010620
6010621,Infantry sighted. Berndt on the MG,ตรวจพบทหารราบ แบร์นดท์ ประจำปืนกล!,แคมเปญไทเกอร์เอซ (บทพูดเยอรมัน),6010621
6010622,"Berndt, tommies spotted, on the MG now.",แบร์นดท์ ทอมมี่ถูกพบเห็น บนเอ็มจีแล้ว,แคมเปญไทเกอร์เอซ (บทพูดเยอรมัน),6010622
6010623,"Shifting fire, shifting fire.",เปลวเพลิง เปลวเพลิง.,แคมเปญไทเกอร์เอซ (บทพูดเยอรมัน),6010623
6010624,M-G burst out.,M-G ระเบิดออกมา,แคมเปญไทเกอร์เอซ (บทพูดเยอรมัน),6010624
6010625,"M-G target, jawohl.",เป้าหมาย M-G จาวาล,แคมเปญไทเกอร์เอซ (บทพูดเยอรมัน),6010625
6010630,Strike hard! Clear the village of all enemy armor.,โจมตีให้หนัก! กวาดล้างยานเกราะศัตรูทั้งหมดออกจากหมู่บ้าน,แคมเปญไทเกอร์เอซ (บทพูดเยอรมัน),6010630
6010640,Crush the bastards while they're down.,บดขยี้ไอ้สารเลวในขณะที่พวกเขากำลังล้มลง,แคมเปญไทเกอร์เอซ (บทพูดเยอรมัน),6010640
6010650,More Britische armor ahead.  Stay alert.,มีเกราะ Britische เพิ่มเติมอยู่ข้างหน้า ตื่นตัวอยู่เสมอ,แคมเปญไทเกอร์เอซ (บทพูดเยอรมัน),6010650
6010660,Watch and shoot. Enemy Panzers ahead.,ดูและยิง ศัตรูแพนเซอร์อยู่ข้างหน้า,แคมเปญไทเกอร์เอซ (บทพูดเยอรมัน),6010660
6010670,"Eliminate any remaining Panzer, Tigergruppe.",กำจัด Panzer ที่เหลืออยู่ Tigergruppe,แคมเปญไทเกอร์เอซ (บทพูดเยอรมัน),6010670
6010680,"Litzke, save A-P rounds for hard targets.",ลิทซ์เก้ บันทึกรอบ A-P สำหรับเป้าหมายที่ยาก,แคมเปญไทเกอร์เอซ (บทพูดเยอรมัน),6010680
6010690,Move to point 213. The village is ours! ,ย้ายไปจุดที่ 213 หมู่บ้านเป็นของเรา!,แคมเปญไทเกอร์เอซ (บทพูดเยอรมัน),6010690
6010691,"Arno, make for hill 213 we're done here.",อาร์โน สร้างเนินเขา 213 เสร็จแล้ว,แคมเปญไทเกอร์เอซ (บทพูดเยอรมัน),6010691
6010692,"Stand down. Arno, get us out of the village and make for 213.",พักรบได้ อาร์โน พาเราออกจากหมู่บ้านแล้วไปให้ถึง 213,แคมเปญไทเกอร์เอซ (บทพูดเยอรมัน),6010692
6010700,Litzke! Kill count?,ลิทซ์เก้! ฆ่านับเหรอ?,แคมเปญไทเกอร์เอซ (บทพูดเยอรมัน),6010700
6010710,At least 15 kills.,ฆ่าอย่างน้อย 15 ครั้ง,แคมเปญไทเกอร์เอซ (บทพูดเยอรมัน),6010710
6010720,I count 16. 16 kills.,ฉันนับได้ 16. 16 ฆ่า.,แคมเปญไทเกอร์เอซ (บทพูดเยอรมัน),6010720
6010730,I count 17.,ฉันนับ 17,แคมเปญไทเกอร์เอซ (บทพูดเยอรมัน),6010730
6010740,I measure 18. 18 kills. ,ฉันวัดได้ 18. 18 ฆ่า,แคมเปญไทเกอร์เอซ (บทพูดเยอรมัน),6010740
6010750,I measure 19. 19 kills.,ฉันวัดได้ 19. 19 ฆ่า,แคมเปญไทเกอร์เอซ (บทพูดเยอรมัน),6010750
6010760,20 kills. ,20 ฆ่า,แคมเปญไทเกอร์เอซ (บทพูดเยอรมัน),6010760
6010770,I count 21 kills.,ฉันนับการฆ่าได้ 21 ครั้ง,แคมเปญไทเกอร์เอซ (บทพูดเยอรมัน),6010770
6010780,I count 22 kills.,ฉันนับการฆ่าได้ 22 ครั้ง,แคมเปญไทเกอร์เอซ (บทพูดเยอรมัน),6010780
6010790,I count 23 kills.,ฉันนับการฆ่าได้ 23 ครั้ง,แคมเปญไทเกอร์เอซ (บทพูดเยอรมัน),6010790
6010800,I count 24 kills.,ฉันนับการฆ่าได้ 24 ครั้ง,แคมเปญไทเกอร์เอซ (บทพูดเยอรมัน),6010800
6010810,I count 25 kills. ,ฉันนับการฆ่าได้ 25 ครั้ง,แคมเปญไทเกอร์เอซ (บทพูดเยอรมัน),6010810
6010820,I count 26 kills. ,ฉันนับได้ 26 คน,แคมเปญไทเกอร์เอซ (บทพูดเยอรมัน),6010820
6010830,I count 27 kills.,ฉันนับการฆ่าได้ 27 ครั้ง,แคมเปญไทเกอร์เอซ (บทพูดเยอรมัน),6010830
6010840,I count 28 kills.,ฉันนับได้ 28 คน,แคมเปญไทเกอร์เอซ (บทพูดเยอรมัน),6010840
6010850,I count 29 kills.,ฉันนับการฆ่าได้ 29 ครั้ง,แคมเปญไทเกอร์เอซ (บทพูดเยอรมัน),6010850
6010860,30 kills. We cleared the place out!,30 ฆ่า เราเคลียร์สถานที่แล้ว!,แคมเปญไทเกอร์เอซ (บทพูดเยอรมัน),6010860
6010870,31 kills. We cleared the place out!,เสียชีวิต 31 ราย เราเคลียร์สถานที่แล้ว!,แคมเปญไทเกอร์เอซ (บทพูดเยอรมัน),6010870
6010880,32 kills. We cleared the place out! ,เสียชีวิต 32 ราย เราเคลียร์สถานที่แล้ว!,แคมเปญไทเกอร์เอซ (บทพูดเยอรมัน),6010880
6010890,33 kills. We cleared the place out!,เสียชีวิต 33 ราย เราเคลียร์สถานที่แล้ว!,แคมเปญไทเกอร์เอซ (บทพูดเยอรมัน),6010890
6010900,5 Wagen. 4 Schützenpanzer. 3 Spielzeugpanzer 12 Cookers. 3 Fireflies and 4 Paks! That's 34! 34 kills!,5 วาเก้น. 4 ชูตเซนแพนเซอร์. 3 Spielzeugpanzer รถถังเชอร์แมน 12 คัน รถถังไฟร์ฟลาย 3 คันและปืนต่อสู้รถถัง Pak 4 กระบอก! รวมเป็น 34 คัน! สังหารไป 34 แล้ว!,แคมเปญไทเกอร์เอซ (บทพูดเยอรมัน),6010900
6010910,35 kills. We cleared the place out! ,35 ฆ่า เราเคลียร์สถานที่แล้ว!,แคมเปญไทเกอร์เอซ (บทพูดเยอรมัน),6010910
6010920,36 kills. We cleared the place out!,เสียชีวิต 36 ราย เราเคลียร์สถานที่แล้ว!,แคมเปญไทเกอร์เอซ (บทพูดเยอรมัน),6010920
6010930,37 kills. We cleared the place out! ,เสียชีวิต 37 ราย เราเคลียร์สถานที่แล้ว!,แคมเปญไทเกอร์เอซ (บทพูดเยอรมัน),6010930
6010940,38 kills. We cleared the place out! ,สังหารไป 38 ราย เรากวาดล้างที่นี่จนเกลี้ยง!,แคมเปญไทเกอร์เอซ (บทพูดเยอรมัน),6010940
6010950,39 kills. We cleared the place out! ,เสียชีวิต 39 ราย เราเคลียร์สถานที่แล้ว!,แคมเปญไทเกอร์เอซ (บทพูดเยอรมัน),6010950
6010960,40! 40 kills! Heilige Scheisse!  ,40! 40 สังหาร! เฮลิเก้ เชสเซ่!,แคมเปญไทเกอร์เอซ (บทพูดเยอรมัน),6010960
6010970,(howling like a wolf),(หอนเหมือนหมาป่า),แคมเปญไทเกอร์เอซ (บทพูดเยอรมัน),6010970|6010980|6030830|6030840
6010990,Ask the grenadiers to confirm our count on their way in!,ขอให้กองทัพบกยืนยันการนับของเราในการเข้ามา!,แคมเปญไทเกอร์เอซ (บทพูดเยอรมัน),6010990
6011000,Skill like this doesn't come easy!,ทักษะแบบนี้ไม่ได้มาง่าย ๆ !,แคมเปญไทเกอร์เอซ (บทพูดเยอรมัน),6011000
6011010,On it.,เปิดฉากยิงได้!,แคมเปญไทเกอร์เอซ (บทพูดเยอรมัน),6011010
6011020,I'm on it.,ยิง!,แคมเปญไทเกอร์เอซ (บทพูดเยอรมัน),6011020
6011030,Britische Panzer! Firefly!,ยิงถล่มมันเลย!,แคมเปญไทเกอร์เอซ (บทพูดเยอรมัน),6011030
6011040,Motor at four-fifty P-S!,ยิง!,แคมเปญไทเกอร์เอซ (บทพูดเยอรมัน),6011040
6011050,Fire! Feuer! Feuer frei!,ยิง! เปิดฉากยิงได้!,แคมเปญไทเกอร์เอซ (บทพูดเยอรมัน),6011050
6011060,Firefly knocked out!,ไฟร์ฟลายน็อค!,แคมเปญไทเกอร์เอซ (บทพูดเยอรมัน),6011060
6011070,Schnell! Head to point 213.,ชเนล! มุ่งหน้าสู่จุดที่ 213,แคมเปญไทเกอร์เอซ (บทพูดเยอรมัน),6011070
6011080,"Ja, mein Kommandant!",จ๋า มีน คมมานดาน!,แคมเปญไทเกอร์เอซ (บทพูดเยอรมัน),6011080
6011090,Contact! Anti-tank guns!,ติดต่อ! ปืนต่อสู้รถถัง!,แคมเปญไทเกอร์เอซ (บทพูดเยอรมัน),6011090
6011100,Eliminate them!,กำจัดพวกมัน!,แคมเปญไทเกอร์เอซ (บทพูดเยอรมัน),6011100
6011110,"Excellent. All enemy Paks eliminated, Tigergruppe!",ยอดเยี่ยม. ศัตรู Paks ทั้งหมดถูกกำจัดแล้ว Tigergruppe!,แคมเปญไทเกอร์เอซ (บทพูดเยอรมัน),6011110
6011120,Arno! Engine status?,อาร์โน! สถานะเครื่องยนต์?,แคมเปญไทเกอร์เอซ (บทพูดเยอรมัน),6011120
6011130,Steering malfunction Hauptmann sir.,พวงมาลัยทำงานผิดปกติ เฮาพท์มันน์ ครับ,แคมเปญไทเกอร์เอซ (บทพูดเยอรมัน),6011130
6011140,"We've lost hydraulic takeoff, Hauptmann, sir.",เราเสียเครื่องขึ้นลงแบบไฮดรอลิกแล้ว เฮาพท์มันน์ครับ,แคมเปญไทเกอร์เอซ (บทพูดเยอรมัน),6011140
6011150,The motor has stalled out. Just give me a moment.,มอเตอร์ดับแล้ว เพียงแค่ให้ฉันสักครู่,แคมเปญไทเกอร์เอซ (บทพูดเยอรมัน),6011150
6011160,"If we keep moving, we'll fry the engine. Let me figure it out!",ถ้าเราเดินหน้าต่อไปเราจะทำให้เครื่องยนต์ไหม้ ให้ฉันคิดออก!,แคมเปญไทเกอร์เอซ (บทพูดเยอรมัน),6011160
6011170,Verdammt noch mal! Get it fixed! Mach schnell!,เวอร์ดัมม์ นอช มาล! ได้รับการแก้ไข! มัชเนล!,แคมเปญไทเกอร์เอซ (บทพูดเยอรมัน),6011170
6011180,"Yes, Herr Hauptmann!",ใช่แล้ว คุณเฮาพท์มันน์!,แคมเปญไทเกอร์เอซ (บทพูดเยอรมัน),6011180
6011181,Verflixte Frenchmen pissing on our tank.,ชาวฝรั่งเศส Verflixte ฉี่รดรถถังของเรา,แคมเปญไทเกอร์เอซ (บทพูดเยอรมัน),6011181
6011190,Checking manifold pressure!,กำลังตรวจสอบแรงดันท่อร่วมไอดี!,แคมเปญไทเกอร์เอซ (บทพูดเยอรมัน),6011190
6011200,Gearbox in order.,เกียร์เข้าตามลำดับ.,แคมเปญไทเกอร์เอซ (บทพูดเยอรมัน),6011200
6011210,Exhaust clean.,ท่อไอเสียสะอาด,แคมเปญไทเกอร์เอซ (บทพูดเยอรมัน),6011210
6011220,Here it is. Beschissen fuel filter!,นี่มันคือ. กรองน้ำมันเชื้อเพลิง Beschissen!,แคมเปญไทเกอร์เอซ (บทพูดเยอรมัน),6011220
6011230,Here it is. Clogged fuel filter! Just give me a minute.,นี่มันคือ. กรองน้ำมันเชื้อเพลิงอุดตัน! เพียงแค่ให้ฉันสักครู่,แคมเปญไทเกอร์เอซ (บทพูดเยอรมัน),6011230
6011250,Schnell! Schnell! Quickly!,ชเนล! ชเนล! อย่างรวดเร็ว!,แคมเปญไทเกอร์เอซ (บทพูดเยอรมัน),6011250
6011260,Ready! Starting engine!,พร้อม! สตาร์ทเครื่องยนต์!,แคมเปญไทเกอร์เอซ (บทพูดเยอรมัน),6011260
6011270,"Come on, mein Fräulein. Give Papa some love.",เอาน่า ไมน์ ฟรอยลีน มอบความรักให้พ่อหน่อย,แคมเปญไทเกอร์เอซ (บทพูดเยอรมัน),6011270
6011280,Yes! You big bastard!,ใช่! ไอ้สารเลวใหญ่!,แคมเปญไทเกอร์เอซ (บทพูดเยอรมัน),6011280
6011290,"Congratulations, Oberschütze Schroif. You can drive the tank for another day.",ขอแสดงความยินดี โอเบอร์ชึทเซ่ ชรอยฟ์ คุณได้สิทธิ์ขับรถถังต่อไปอีกวัน,แคมเปญไทเกอร์เอซ (บทพูดเยอรมัน),6011290
6011300,Action stations! Prepare for contact.,ชรอยฟ์! เดินหน้าเต็มกำลัง!,แคมเปญไทเกอร์เอซ (บทพูดเยอรมัน),6011300
6011301,Convoy halted!,ชรอยฟ์! นำรถถังกลับมาบนถนน!,แคมเปญไทเกอร์เอซ (บทพูดเยอรมัน),6011301
6011302,The convoy appears to have halted.  Ready yourselves and assault the town! Schnell!,ชรอยฟ์! เดินหน้าเร็วเข้า!,แคมเปญไทเกอร์เอซ (บทพูดเยอรมัน),6011302
6011303,Schroif! get this tank back to the road! We must stop the convoy.,ชรอยฟ์! นำรถถังคันนี้กลับขึ้นสู่ถนน! เราต้องหยุดขบวนรถให้ได้,แคมเปญไทเกอร์เอซ (บทพูดเยอรมัน),6011303
6011304,"Stop cruising about the country-side, we'll miss the convoy!",ชูลทซ์! ทำลายยานพาหนะคันต่อไปเร็ว!,แคมเปญไทเกอร์เอซ (บทพูดเยอรมัน),6011304
6011305,What are you doing Schroif?  If you don't turn this tank around this minute I'll court martial you!,ชูลทซ์! เล็งยิงคันถัดไป!,แคมเปญไทเกอร์เอซ (บทพูดเยอรมัน),6011305
6011306,Dumpfbacke! Hinterwäldler! Get back to the road or I'll turn your nuts into war trophies!,ชูลทซ์! ยิงทำลายยานเกราะนั่นซะ!,แคมเปญไทเกอร์เอซ (บทพูดเยอรมัน),6011306
6011307,Eliminate every vehicle in the convoy! Schnell!,ชูลทซ์! จัดการคันหัวขบวนซะ!,แคมเปญไทเกอร์เอซ (บทพูดเยอรมัน),6011307
6011308,"Shultz! If you let another convoy vehicle pass, we might as well roll out the red carpet for the British!",ชูลทซ์! ถ้าแกปล่อยให้ขบวนรถข้าศึกผ่านไปได้อีกแม้แต่คันเดียว เราอาจต้องปูพรมแดงต้อนรับพวกอังกฤษแทนแล้ว!,แคมเปญไทเกอร์เอซ (บทพูดเยอรมัน),6011308
6011310,It was a red dawn the morning our Tiger Tank first arrived on the front lines.,รุ่งอรุณสีเลือดในเช้าวันที่รถถังไทเกอร์ของเรามาถึงแนวหน้าเป็นครั้งแรก,แคมเปญไทเกอร์เอซ (บทพูดเยอรมัน),6011310
6011311,Convoy destroyed!,ขบวนรถถูกทำลาย!,แคมเปญไทเกอร์เอซ (บทพูดเยอรมัน),6011311
6011320,1st schwere-Panzer-Abteilung 503 reports T-34s entering our sector.,กองพันยานเกราะหนักที่ 503 รายงานว่าตรวจพบรถถัง T-34 รุกเข้ามาในเซกเตอร์ของเรา,แคมเปญไทเกอร์เอซ (บทพูดเยอรมัน),6011320
6011330,"Confirmed. Load APC rounds, halt motor.",ยืนยันแล้ว บรรจุกระสุนเจาะเกราะ! หยุดมอเตอร์,แคมเปญไทเกอร์เอซ (บทพูดเยอรมัน),6011330
6011340,Hydraulic takeoff 600 P-S to turret.,การขึ้นลงของไฮดรอลิก 600 P-S ไปยังป้อมปืน,แคมเปญไทเกอร์เอซ (บทพูดเยอรมัน),6011340
6011370,Target acquired.,เป้าหมายที่ได้รับ,แคมเปญไทเกอร์เอซ (บทพูดเยอรมัน),6011370
6011380,Fire at will.,ยิงอิสระ!,แคมเปญไทเกอร์เอซ (บทพูดเยอรมัน),6011380
6011410,There she is. Come to Papa.,แบร์นดท์ วิทยุแจ้งกองบัญชาการ เรากำลังเปิดฉากเข้าตี,แคมเปญไทเกอร์เอซ (บทพูดเยอรมัน),6011410
6011430,Round up!,กระสุนพร้อมยิง!,แคมเปญไทเกอร์เอซ (บทพูดเยอรมัน),6011430|6030660
6011440,Shot out.,ยิงออกไป.,แคมเปญไทเกอร์เอซ (บทพูดเยอรมัน),6011440
6011450,"Berndt, radio HQ, the Stahlvormund has two more kills.",แบร์นดท์ วิทยุแจ้งกองบัญชาการ รถถังชตาห์ลวอร์มุนด์ ทำลายศัตรูเพิ่มได้อีกสองคันแล้ว,แคมเปญไทเกอร์เอซ (บทพูดเยอรมัน),6011450
6011460,"Jawohl, I have a Pak one kilometer out. ",จาวอห์ล ฉันมีปากทางออกไปหนึ่งกิโลเมตร,แคมเปญไทเกอร์เอซ (บทพูดเยอรมัน),6011460
6011490,Engage.,เข้าปะทะ!,แคมเปญไทเกอร์เอซ (บทพูดเยอรมัน),6011490
6011500,Turning turret. Load round.,ป้อมปืนหมุนได้ บรรจุกระสุน!.,แคมเปญไทเกอร์เอซ (บทพูดเยอรมัน),6011500
6011510,Round loaded.,บรรจุกระสุนเรียบร้อยแล้ว!,แคมเปญไทเกอร์เอซ (บทพูดเยอรมัน),6011510
6011520,It was there on the Eastern Front we made a name for ourselves.,มันอยู่ที่นั่นในแนวรบด้านตะวันออกที่เราสร้างชื่อให้ตัวเราเอง,แคมเปญไทเกอร์เอซ (บทพูดเยอรมัน),6011520
6011530,"By the spring of forty-four we had been redeployed to the Western front, France. ",เมื่อถึงฤดูใบไม้ผลิปีสี่สิบสี่ เราถูกส่งไปประจำการใหม่ในแนวรบด้านตะวันตกของฝรั่งเศส,แคมเปญไทเกอร์เอซ (บทพูดเยอรมัน),6011530
6011540,"I gave orders to move at first light, directing the bulk of my Panzer Company ahead to point 213.",ฉันออกคำสั่งให้เคลื่อนที่ตั้งแต่แสงแรก โดยสั่งการให้กองร้อยยานเกราะจำนวนมากของฉันมุ่งหน้าไปยังจุดที่ 213,แคมเปญไทเกอร์เอซ (บทพูดเยอรมัน),6011540
6011550,The Stahlvormund was moving slowly -- we had engine trouble.,Stahlvormund เคลื่อนที่ช้าๆ -- เครื่องยนต์ของเรามีปัญหา,แคมเปญไทเกอร์เอซ (บทพูดเยอรมัน),6011550
6011560,Brand new motor and it runs like scheisse.,มอเตอร์ใหม่เอี่ยมและทำงานเหมือน scheisse,แคมเปญไทเกอร์เอซ (บทพูดเยอรมัน),6011560
6011570,Just keep the turret powered.,เพียงแค่ให้ป้อมปืนขับเคลื่อน,แคมเปญไทเกอร์เอซ (บทพูดเยอรมัน),6011570
6011580,Great! A turret for targets we can't reach!,ยอดเยี่ยม! ป้อมปืนสำหรับเป้าหมายที่เราไปไม่ถึง!,แคมเปญไทเกอร์เอซ (บทพูดเยอรมัน),6011580
6011610,Halt! Halt!,หยุด! หยุด!,แคมเปญไทเกอร์เอซ (บทพูดเยอรมัน),6011610
6011620,Britische Panzergruppen!,บริติช แพนเซอร์กรุปเพน!,แคมเปญไทเกอร์เอซ (บทพูดเยอรมัน),6011620
6011630,Confirmed!,ยืนยันแล้ว!,แคมเปญไทเกอร์เอซ (บทพูดเยอรมัน),6011630
6011640,Gefechtsbereit! Ready for combat!,เกเฟชต์สเบเรต์! พร้อมรบ!,แคมเปญไทเกอร์เอซ (บทพูดเยอรมัน),6011640
6011650,Pak!,พัค!,แคมเปญไทเกอร์เอซ (บทพูดเยอรมัน),6011650
6011660,Tread broken! We're stuck!,ดอกยางแตก! เราติดอยู่!,แคมเปญไทเกอร์เอซ (บทพูดเยอรมัน),6011660
6011680,Power turret! Sighting new target!,ป้อมปืนทรงพลัง! เล็งเป้าใหม่!,แคมเปญไทเกอร์เอซ (บทพูดเยอรมัน),6011680
6011700,Orders? Do we have orders,คำสั่ง? เรามีคำสั่ง,แคมเปญไทเกอร์เอซ (บทพูดเยอรมัน),6011700
6011710,Load round!,บรรจุกระสุน!,แคมเปญไทเกอร์เอซ (บทพูดเยอรมัน),6011710
6011720,I can't hear. I can't hear!,ฉันไม่ได้ยิน ฉันไม่ได้ยิน!,แคมเปญไทเกอร์เอซ (บทพูดเยอรมัน),6011720
6011730,Load round! Load round!,บรรจุกระสุน! บรรจุกระสุน!,แคมเปญไทเกอร์เอซ (บทพูดเยอรมัน),6011730
6011740,"...Out, get out!",...ออกไป ออกไป!,แคมเปญไทเกอร์เอซ (บทพูดเยอรมัน),6011740
6011780,"We don't run. Load, load!",เราไม่วิ่ง โหลดโหลด!,แคมเปญไทเกอร์เอซ (บทพูดเยอรมัน),6011780
6011820,Litzke! Stand down! ,ลิทซ์เก้! พักรบได้!,แคมเปญไทเกอร์เอซ (บทพูดเยอรมัน),6011820
6011830,Load the cannon!,โหลดปืนใหญ่!,แคมเปญไทเกอร์เอซ (บทพูดเยอรมัน),6011830
6011850,Achtung!,อัคตุง!,แคมเปญไทเกอร์เอซ (บทพูดเยอรมัน),6011850
6011860,All of you! Grab munitions and Med-paks. Deploy smoke. ,ทุกท่าน! คว้าอาวุธและ Med-paks กระจายควัน.,แคมเปญไทเกอร์เอซ (บทพูดเยอรมัน),6011860
6011870,"Tigergruppe, abandon tank!",Tigergruppe ละทิ้งรถถัง!,แคมเปญไทเกอร์เอซ (บทพูดเยอรมัน),6011870
6012000,Panzermotor is failing! Starter one down.,Panzermotor ล้มเหลว! สตาร์ทอันหนึ่งลง,แคมเปญไทเกอร์เอซ (บทพูดเยอรมัน),6012000
6012019,"Schroif, what was that? Status?",ชรอยฟ์ นั่นอะไรน่ะ? รายงานสถานะซิ!,แคมเปญไทเกอร์เอซ (บทพูดเยอรมัน),6012019
6012020,Keep this tank running! We can't afford a breakdown now!,เครื่องยนต์ดับครับ ร้อยเอก!,แคมเปญไทเกอร์เอซ (บทพูดเยอรมัน),6012020
6012030,Shultz! Engage all enemy vehicles coming down the road.  Don't let them pass!,ชูลทซ์! เข้าปะทะยานพาหนะข้าศึกทุกคันที่วิ่งมาบนถนน อย่าให้มันผ่านไปได้!,แคมเปญไทเกอร์เอซ (บทพูดเยอรมัน),6012030
6012032,Crush all the civilian vehicles and I'll give you ten Mark!,ทำลายยานพาหนะพลเรือนให้หมด แล้วฉันจะให้มาร์คสิบอัน!,แคมเปญไทเกอร์เอซ (บทพูดเยอรมัน),6012032
6012033,Does anyone else want to destroy those civilian vehicles? Let's have some fun Tigergruppe!,มีใครต้องการทำลายยานพาหนะพลเรือนเหล่านั้นอีกไหม? มาสนุกกันเถอะ Tigergruppe!,แคมเปญไทเกอร์เอซ (บทพูดเยอรมัน),6012033
6012034,"Shultz, quit toying with Tommy.  We need to clear the village!",ชูลทซ์ เลิกเล่นกับทอมมี่ได้แล้ว เราจำเป็นต้องเคลียร์หมู่บ้าน!,แคมเปญไทเกอร์เอซ (บทพูดเยอรมัน),6012034
6012035,Those infantry aren't a threat! Destroy the armor!,ตีนตะขาบขาด และระบบส่งกำลังพังครับ!,แคมเปญไทเกอร์เอซ (บทพูดเยอรมัน),6012035
6012036,"Schroif, get this tank moving! You won't be earning any medals slaughtering poor Tommy.",ชรอฟ เคลื่อนรถถังคันนี้ไปซะ! คุณจะไม่ได้รับเหรียญรางวัลใด ๆ จากการสังหารทอมมี่ผู้น่าสงสาร,แคมเปญไทเกอร์เอซ (บทพูดเยอรมัน),6012036
6012037,What was that? What's happening to the Tiger?,นั่นอะไรน่ะ? เกิดอะไรขึ้นกับรถถังไทเกอร์?,แคมเปญไทเกอร์เอซ (บทพูดเยอรมัน),6012037
6019000,Ambush British Convoy,ซุ่มโจมตีขบวนรถอังกฤษ,แคมเปญไทเกอร์เอซ (บทพูดเยอรมัน),6019000
6019001,Stop Vehicle Convoy,หยุดขบวนรถ,แคมเปญไทเกอร์เอซ (บทพูดเยอรมัน),6019001
6019010,Assault the leading elements of the Convoy and stop all the vehicles from proceeding down the road.,ทำลายขบวนยานเกราะของอังกฤษ,แคมเปญไทเกอร์เอซ (บทพูดเยอรมัน),6019010
6019020,British Convoy Destroyed,ขบวนยานเกราะของอังกฤษถูกทำลายแล้ว,แคมเปญไทเกอร์เอซ (บทพูดเยอรมัน),6019020
6019100,Target with Armor-piercing Round,กำหนดเป้าหมายด้วยกระสุนเจาะเกราะ,แคมเปญไทเกอร์เอซ (บทพูดเยอรมัน),6019100
6019110,Left-click to Fire AP Round,คลิกซ้ายเพื่อยิง AP Round,แคมเปญไทเกอร์เอซ (บทพูดเยอรมัน),6019110
6019120,Left-click to Fire Anti-Infantry Barrage,คลิกซ้ายเพื่อยิง ยิงปูพรม Anti-Infantry ยิงปูพรม,แคมเปญไทเกอร์เอซ (บทพูดเยอรมัน),6019120
6019130,Left-click to upgrade the Tiger Crew,คลิกซ้ายเพื่ออัพเกรด Tiger Crew,แคมเปญไทเกอร์เอซ (บทพูดเยอรมัน),6019130
6019140,Destroy Vehicle,ทำลายยานพาหนะ,แคมเปญไทเกอร์เอซ (บทพูดเยอรมัน),6019140
6019200,Destroy all Enemy Armor,กวาดล้างยานเกราะศัตรูในวีแลร์-โบกาฌ,แคมเปญไทเกอร์เอซ (บทพูดเยอรมัน),6019200
6019210,Search the town and destroy all enemy armor defending Villers-Bocage. ,ค้นหาทั่วทั้งเมืองและทำลายยานเกราะศัตรูทั้งหมดที่ป้องกันวีแลร์-โบกาฌ,แคมเปญไทเกอร์เอซ (บทพูดเยอรมัน),6019210
6019220,Villers-Bocage Clear,กวาดล้างวีแลร์-โบกาฌสำเร็จแล้ว,แคมเปญไทเกอร์เอซ (บทพูดเยอรมัน),6019220
6019230,Destroy the Sherman Firefly Tanks,ทำลายรถถังไฟร์ฟลายเชอร์แมน,แคมเปญไทเกอร์เอซ (บทพูดเยอรมัน),6019230
6019300,Head Back to Point 213,รุกผ่านเมืองวีแลร์-โบกาฌ,แคมเปญไทเกอร์เอซ (บทพูดเยอรมัน),6019300
6019310,Follow the main road leading through Villers-Bocage and leave the area to regroup with the rest of the company.,เคลื่อนพลไปตามถนนสายหลักผ่านเมืองวีแลร์-โบกาฌ และออกจากพื้นที่เพื่อไปรวมพลกับส่วนที่เหลือของกองร้อย,แคมเปญไทเกอร์เอซ (บทพูดเยอรมัน),6019310
6019350,Destroy the Anti-tank Guns,ทำลายปืนต่อสู้รถถังทั้งหมด,แคมเปญไทเกอร์เอซ (บทพูดเยอรมัน),6019350
6019360,Find and destroy all the British Anti-tank guns near Villers-Bocage.,ค้นหาและทำลายปืนต่อสู้รถถัง ของอังกฤษทั้งหมดใกล้วีแลร์-โบกาฌ,แคมเปญไทเกอร์เอซ (บทพูดเยอรมัน),6019360
6019370,Anti-tank Guns Destroyed,ปืนต่อสู้รถถังถูกทำลาย,แคมเปญไทเกอร์เอซ (บทพูดเยอรมัน),6019370|9439071
6019500,Target building with high explosive rounds,อาคารเป้าหมายที่มีกระสุนระเบิดสูง,แคมเปญไทเกอร์เอซ (บทพูดเยอรมัน),6019500
6019501,Left-click to enter Direct Fire mode,คลิกซ้ายเพื่อเข้าสู่โหมดการเล็งยิงโดยตรง,แคมเปญไทเกอร์เอซ (บทพูดเยอรมัน),6019501
6019502,Move mouse cursor here ,เลื่อนเคอร์เซอร์ของเมาส์มาที่นี่,แคมเปญไทเกอร์เอซ (บทพูดเยอรมัน),6019502
6019503,LEFT-CLICK to Fire Cannon,คลิกซ้ายเพื่อยิงปืนใหญ่,แคมเปญไทเกอร์เอซ (บทพูดเยอรมัน),6019503
6019504,Right-click to cancel Direct Fire mode,คลิกขวาเพื่อยกเลิกโหมดการเล็งยิงโดยตรง,แคมเปญไทเกอร์เอซ (บทพูดเยอรมัน),6019504
6019505,Ram and destroy building using Tank Shock,ทุบและทำลายอาคารโดยใช้ Tank Shock,แคมเปญไทเกอร์เอซ (บทพูดเยอรมัน),6019505
6019506,Target infantry with High Explosive rounds,กำหนดเป้าหมายทหารราบด้วยกระสุนระเบิดแรงสูง,แคมเปญไทเกอร์เอซ (บทพูดเยอรมัน),6019506
6019507,Open Company Commander to unlock upgrades,เปิดผู้บัญชาการกองร้อยเพื่อปลดล็อคการอัพเกรด,แคมเปญไทเกอร์เอซ (บทพูดเยอรมัน),6019507
6019508,Target vehicle with Armor Piercing rounds,พาหนะเป้าหมายที่มีกระสุนเจาะเกราะ,แคมเปญไทเกอร์เอซ (บทพูดเยอรมัน),6019508
6019509,Left-click to deploy Smoke Barrage,คลิกซ้ายเพื่อใช้งาน Smoke ยิงปูพรม,แคมเปญไทเกอร์เอซ (บทพูดเยอรมัน),6019509
6019510,Suppress infantry with Tank Shock,ยิงกดดันตรึงพื้นที่ทหารราบด้วย Tank Shock,แคมเปญไทเกอร์เอซ (บทพูดเยอรมัน),6019510
6019511,Left-click to use Direct Fire with HE rounds,คลิกซ้ายเพื่อใช้การเล็งยิงโดยตรง ด้วยกระสุน HE,แคมเปญไทเกอร์เอซ (บทพูดเยอรมัน),6019511
6019512,Purchase an upgrade for a Tiger crew member,ซื้อการอัพเกรดสำหรับสมาชิกลูกเรือ Tiger,แคมเปญไทเกอร์เอซ (บทพูดเยอรมัน),6019512
6019513,LEFT-CLICK to fire cannon at vehicle,คลิกซ้ายเพื่อยิงปืนใหญ่ใส่ยานพาหนะ,แคมเปญไทเกอร์เอซ (บทพูดเยอรมัน),6019513
6019515,Tank is immobile while repairing,รถถังไม่เคลื่อนที่ขณะซ่อม,แคมเปญไทเกอร์เอซ (บทพูดเยอรมัน),6019515
6019516,"Press the ""D"" key to enter Direct Fire mode","กดปุ่ม ""D"" เพื่อเข้าสู่โหมดการเล็งยิงโดยตรง",แคมเปญไทเกอร์เอซ (บทพูดเยอรมัน),6019516
6019517,Left-Click to exit Direct Fire mode,คลิกซ้ายเพื่อออกจากโหมดการเล็งยิงโดยตรง,แคมเปญไทเกอร์เอซ (บทพูดเยอรมัน),6019517
6019518,"Press ""Escape"" to exit Direct Fire mode","กด ""Escape"" เพื่อออกจากโหมดการเล็งยิงโดยตรง",แคมเปญไทเกอร์เอซ (บทพูดเยอรมัน),6019518
6019519,Left-Click to repair Tiger,คลิกซ้ายเพื่อซ่อมแซม Tiger,แคมเปญไทเกอร์เอซ (บทพูดเยอรมัน),6019519
6019520,Tiger is immobile while repairing,รถถังไทเกอร์ไม่สามารถเคลื่อนที่ได้ขณะกำลังซ่อมแซม,แคมเปญไทเกอร์เอซ (บทพูดเยอรมัน),6019520
6019521,S-Mines Acquired,S-Mines เข้าซื้อกิจการแล้ว,แคมเปญไทเกอร์เอซ (บทพูดเยอรมัน),6019521
6019522,New Ability Acquired,ความสามารถใหม่ที่ได้รับ,แคมเปญไทเกอร์เอซ (บทพูดเยอรมัน),6019522
6019523,Flank Speed Acquired ,ได้รับความเร็วปีก,แคมเปญไทเกอร์เอซ (บทพูดเยอรมัน),6019523
6019524,Tank Shock Acquired,ได้รับความสามารถแทงค์ช็อกแล้ว,แคมเปญไทเกอร์เอซ (บทพูดเยอรมัน),6019524
6019525,Artillery Barrage Acquired,กองปืนใหญ่เข้ารับมอบแล้ว,แคมเปญไทเกอร์เอซ (บทพูดเยอรมัน),6019525
6019526,High-Explosives Acquired,ได้รับวัตถุระเบิดแรงสูงแล้ว,แคมเปญไทเกอร์เอซ (บทพูดเยอรมัน),6019526
6019527,Right-click to move here,คลิกขวาเพื่อย้ายมาที่นี่,แคมเปญไทเกอร์เอซ (บทพูดเยอรมัน),6019527
6019800,+ %1Amount% Munitions,+ %1Amount% อาวุธยุทโธปกรณ์,แคมเปญไทเกอร์เอซ (บทพูดเยอรมัน),6019800|10000046
6019801,Veteran Reactions Engaged,ปฏิกิริยาของทหารผ่านศึกมีส่วนร่วม,แคมเปญไทเกอร์เอซ (บทพูดเยอรมัน),6019801
6019810,Crew Upgrade: %1UpgradeName%,การอัพเกรดลูกเรือ: %1UpgradeName%,แคมเปญไทเกอร์เอซ (บทพูดเยอรมัน),6019810
6019820,Combat Awareness,การรับรู้การต่อสู้,แคมเปญไทเกอร์เอซ (บทพูดเยอรมัน),6019820
6019830,Threat Assessment,การประเมินภัยคุกคาม,แคมเปญไทเกอร์เอซ (บทพูดเยอรมัน),6019830
6019840,Combat Maneuvers,การซ้อมรบ,แคมเปญไทเกอร์เอซ (บทพูดเยอรมัน),6019840
6019850,Veteran Reactions,ปฏิกิริยาของทหารผ่านศึก,แคมเปญไทเกอร์เอซ (บทพูดเยอรมัน),6019850
6019860,Inspiration,แรงบันดาลใจ,แคมเปญไทเกอร์เอซ (บทพูดเยอรมัน),6019860
6020500,Move! Move! Vorrücken! Get to point 213!,ทุกคน ปลอดภัยดีไหม?,แคมเปญไทเกอร์เอซ (บทพูดเยอรมัน),6020500
6020510,We need to disable the tank!,ปลอดภัยดีครับ ร้อยเอก,แคมเปญไทเกอร์เอซ (บทพูดเยอรมัน),6020510
6020520,Move! Mach Schnell!,เราต้องกลับไปที่เนิน 213,แคมเปญไทเกอร์เอซ (บทพูดเยอรมัน),6020520
6020530,"Hauptmann Voss, protocol is...",ร้อยเอกฟอสส์ ตามระเบียบการแล้ว...,แคมเปญไทเกอร์เอซ (บทพูดเยอรมัน),6020530
6020540,Move!,เราไม่มีทางเลือกอื่นแล้ว ชูลทซ์ เราต้องเดินเท้ากลับไป,แคมเปญไทเกอร์เอซ (บทพูดเยอรมัน),6020540
6020550,Take one of the sideroads!,เลี้ยวข้างทางข้างหนึ่ง!,แคมเปญไทเกอร์เอซ (บทพูดเยอรมัน),6020550
6020560,Grab anything you can find!,คว้าทุกสิ่งที่คุณสามารถหาได้!,แคมเปญไทเกอร์เอซ (บทพูดเยอรมัน),6020560
6020570,Pick up what you can. Use it against them!,เลือกสิ่งที่คุณทำได้ ใช้มันกับพวกเขา!,แคมเปญไทเกอร์เอซ (บทพูดเยอรมัน),6020570
6020580,Take that weapon and make ready.,หยิบอาวุธนั้นและเตรียมพร้อม,แคมเปญไทเกอร์เอซ (บทพูดเยอรมัน),6020580
6020590,Watch for enemy patrols!,ระวังการลาดตระเวนของศัตรู!,แคมเปญไทเกอร์เอซ (บทพูดเยอรมัน),6020590
6020600,Stay off the roads!,หมอบลง! ทหารราบอังกฤษอยู่ข้างหน้า!,แคมเปญไทเกอร์เอซ (บทพูดเยอรมัน),6020600
6020610,Achtung! British vehicles approaching!,พวกมันยังไม่เห็นเรา ค่อยๆ ถอยออกมา,แคมเปญไทเกอร์เอซ (บทพูดเยอรมัน),6020610
6020620,Verdammt! Are we to die on foot? Our tank would make a better grave!,เวอร์ดัมท์! เราจะต้องตายด้วยการเดินเท้าหรือไม่? รถถังของเราจะทำให้หลุมศพดีขึ้น!,แคมเปญไทเกอร์เอซ (บทพูดเยอรมัน),6020620
6020622,Scheisse! They've blocked our exit!  What do we do?,เชส! พวกเขาขวางทางออกของเรา! เราจะทำอย่างไร?,แคมเปญไทเกอร์เอซ (บทพูดเยอรมัน),6020622
6020630,Don't talk! Find another route!,อย่าพูด! ค้นหาเส้นทางอื่น!,แคมเปญไทเกอร์เอซ (บทพูดเยอรมัน),6020630
6020640,Tigergruppe! Back to HQ. Update Division on our status!,ไทเกอร์กรุ๊ป! กลับไปที่กองบัญชาการ อัพเดทดิวิชั่นเกี่ยวกับสถานะของเรา!,แคมเปญไทเกอร์เอซ (บทพูดเยอรมัน),6020640
6020650,Britische defenses. Mark Targets!,แนวรับของอังกฤษ กำหนดเป้าหมายยิง!,แคมเปญไทเกอร์เอซ (บทพูดเยอรมัน),6020650
6020660,Do your best to to mark targets of opportunity for later destruction.,พยายามอย่างเต็มที่เพื่อทำเครื่องหมายเป้าหมายของโอกาสในการทำลายล้างในภายหลัง,แคมเปญไทเกอร์เอซ (บทพูดเยอรมัน),6020660
6020670,Listen up! Find and mark targets of opportunity.,ฟังนะ! ค้นหาและทำเครื่องหมายเป้าหมายของโอกาส,แคมเปญไทเกอร์เอซ (บทพูดเยอรมัน),6020670
6020672,We'll return later to destroy them.,เราจะกลับมาในภายหลังเพื่อทำลายพวกเขา,แคมเปญไทเกอร์เอซ (บทพูดเยอรมัน),6020672
6020680,Defenses spotted. Mark Targets.,การป้องกันพบเห็น ทำเครื่องหมายเป้าหมาย,แคมเปญไทเกอร์เอซ (บทพูดเยอรมัน),6020680
6020690,Mark grid reference.,ทำเครื่องหมายการอ้างอิงตาราง,แคมเปญไทเกอร์เอซ (บทพูดเยอรมัน),6020690
6020700,Pak! Mark it.,พัค! ทำเครื่องหมายไว้,แคมเปญไทเกอร์เอซ (บทพูดเยอรมัน),6020700
6020710,Mark the target.,ทำเครื่องหมายเป้าหมาย,แคมเปญไทเกอร์เอซ (บทพูดเยอรมัน),6020710
6020720,Mortar battery spotted.  Mark it.,พบฐานครก ทำเครื่องหมายไว้,แคมเปญไทเกอร์เอซ (บทพูดเยอรมัน),6020720
6020730,Mortars spotted. Mark grid reference.,ตรวจพบครกข้าศึก มาร์กพิกัดตารางแผนที่ด่วน!,แคมเปญไทเกอร์เอซ (บทพูดเยอรมัน),6020730
6020740,Mark H-M-G target.,ทำเครื่องหมายเป้าหมาย H-M-G,แคมเปญไทเกอร์เอซ (บทพูดเยอรมัน),6020740
6020750,Targets marked. Destruction is ensured. ,เป้าหมายที่ทำเครื่องหมายไว้ มั่นใจในการทำลายล้าง,แคมเปญไทเกอร์เอซ (บทพูดเยอรมัน),6020750
6020760,Targets marked. Move to point 213!,เป้าหมายที่ทำเครื่องหมายไว้ ย้ายไปจุด 213!,แคมเปญไทเกอร์เอซ (บทพูดเยอรมัน),6020760
6020770,The Britische strong point! Stop them! Schnell!,จุดแข็งของอังกฤษ! หยุดพวกเขา! ชเนล!,แคมเปญไทเกอร์เอซ (บทพูดเยอรมัน),6020770
6020780,Knock out any defensive works we find.,กำจัดงานป้องกันที่เราพบออกไป,แคมเปญไทเกอร์เอซ (บทพูดเยอรมัน),6020780
6020790,Good. Keep moving.,ดี. เดินหน้าต่อไป,แคมเปญไทเกอร์เอซ (บทพูดเยอรมัน),6020790
6020800,Keep moving to Point 213.,เคลื่อนต่อไปที่จุด 213,แคมเปญไทเกอร์เอซ (บทพูดเยอรมัน),6020800
6020810,Destroyed!,ถูกทำลาย!,แคมเปญไทเกอร์เอซ (บทพูดเยอรมัน),6020810
6020820,Neutralized!,จัดการแล้ว!,แคมเปญไทเกอร์เอซ (บทพูดเยอรมัน),6020820
6020830,Tommies digging in.,ทอมมี่กำลังขุดสนามเพาะตั้งรับ,แคมเปญไทเกอร์เอซ (บทพูดเยอรมัน),6020830
6020840,Flank the position and take them out!,ขนาบข้างตำแหน่งและกำจัดพวกมันออกไป!,แคมเปญไทเกอร์เอซ (บทพูดเยอรมัน),6020840
6020850,Britische defensive fortifications have been neutralized.,ป้อมปราการตั้งรับของอังกฤษถูกทำลายแล้ว,แคมเปญไทเกอร์เอซ (บทพูดเยอรมัน),6020850
6020860,"M-G! Down! Schultz, shoot back!",ม-จี! ลง! ชูลทซ์ ยิงกลับ!,แคมเปญไทเกอร์เอซ (บทพูดเยอรมัน),6020860
6020861,That's an MG... Move!,นั่นก็คือ MG... ขยับ!,แคมเปญไทเกอร์เอซ (บทพูดเยอรมัน),6020861
6020865,Get some grenades ready.,เตรียมระเบิดไว้ให้พร้อม,แคมเปญไทเกอร์เอซ (บทพูดเยอรมัน),6020865
6020870,"We can fight, or we can go around.",เราจะสู้หรือเราจะอ้อมไปอีกทาง!,แคมเปญไทเกอร์เอซ (บทพูดเยอรมัน),6020870
6020872,Find cover! Fire on that sniper -- get his head down.,หาที่กำบัง! ยิงกดดันสไนเปอร์คนนั้นไว้ -- ให้มันโงหัวไม่ขึ้น!,แคมเปญไทเกอร์เอซ (บทพูดเยอรมัน),6020872
6020876,Verdammt! Berndt start shooting NOW!,ให้ตายสิ! แบร์นดท์ เริ่มยิงเดี๋ยวนี้!,แคมเปญไทเกอร์เอซ (บทพูดเยอรมัน),6020876
6020880,We can't fight every Britischer we see. Sometimes discretion is the better part of valor.,เราไม่สามารถต่อสู้กับชาวอังกฤษทุกคนที่เราเห็นได้ บางครั้งความรอบคอบเป็นส่วนที่ดีกว่าของความกล้าหาญ,แคมเปญไทเกอร์เอซ (บทพูดเยอรมัน),6020880
6020890,Down! Muddy is better than bloody.,ลง! โคลนดีกว่าเปื้อนเลือด,แคมเปญไทเกอร์เอซ (บทพูดเยอรมัน),6020890
6020900,We shouldn't get too engaged. They'll bring reinforcements.,เราไม่ควรมีส่วนร่วมมากเกินไป พวกเขาจะนำกำลังเสริมมา,แคมเปญไทเกอร์เอซ (บทพูดเยอรมัน),6020900
6020901,Tommy sappers are approaching.  Don't engage unless ordered to!,ทอมมี่แซปเปอร์กำลังใกล้เข้ามา อย่ามีส่วนร่วมเว้นแต่ได้รับคำสั่งให้ทำ!,แคมเปญไทเกอร์เอซ (บทพูดเยอรมัน),6020901|6020963
6020902,Achtung! Sappers! Tommy sappers!  ,อัคตุง! แซปเปอร์! ทอมมี่ แซปเปอร์!,แคมเปญไทเกอร์เอซ (บทพูดเยอรมัน),6020902|6020964
6020903,Sappers!  They might block our escape! Schnell!,แซปเปอร์! พวกมันอาจขัดขวางการหลบหนีของเรา! ชเนล!,แคมเปญไทเกอร์เอซ (บทพูดเยอรมัน),6020903|6020965
6020904,"Get down, we've got Sappers on patrol.",ลงไป เรามีแซปเปอร์ลาดตระเวน,แคมเปญไทเกอร์เอซ (บทพูดเยอรมัน),6020904|6020966
6020905,Stay alert!  We've got a sniper nearby!,ระวังตัว! เรามีมือปืนอยู่ใกล้ๆ!,แคมเปญไทเกอร์เอซ (บทพูดเยอรมัน),6020905|6020967
6020906,"Achtung! Scharfschütze, sniper!",อัคตุง! ชาฟชึทเซอ สไนเปอร์!,แคมเปญไทเกอร์เอซ (บทพูดเยอรมัน),6020906|6020968
6020907,Spielzeugpanzer! Find cover!,สปีลซุกปันเซอร์! หาที่กำบัง!,แคมเปญไทเกอร์เอซ (บทพูดเยอรมัน),6020907|6020970
6020908,Britische Panzer! Get down!,บริติช แพนเซอร์! ลง!,แคมเปญไทเกอร์เอซ (บทพูดเยอรมัน),6020908|6020971
6020910,You want to play soldier? We need to get back in a tank!,คุณต้องการที่จะเล่นทหาร? เราต้องกลับเข้าไปในรถถัง!,แคมเปญไทเกอร์เอซ (บทพูดเยอรมัน),6020910
6020911,Patrol! Tigergruppe! Find cover!,ตระเวน! ไทเกอร์กรุ๊ป! หาที่กำบัง!,แคมเปญไทเกอร์เอซ (บทพูดเยอรมัน),6020911|6020972
6020912,Tommy patrol! Raus!,ทอมมี่ตระเวน! เราอุส!,แคมเปญไทเกอร์เอซ (บทพูดเยอรมัน),6020912|6020973
6020913,Patrol! Find cover!,ตระเวน! หาที่กำบัง!,แคมเปญไทเกอร์เอซ (บทพูดเยอรมัน),6020913|6020974
6020914,Verdammt get down! Tommy patrol!,แวร์ดามท์ ลงไป! ทอมมี่ตระเวน!,แคมเปญไทเกอร์เอซ (บทพูดเยอรมัน),6020914|6020975
6020915,Look! Boxes full of munitions! Pick 'em up.,ดู! กระสุนเต็มกล่อง! เลือกเลย,แคมเปญไทเกอร์เอซ (บทพูดเยอรมัน),6020915|6020976
6020916,Target any HMGs or snipers with a satchel charge.,กำหนดเป้าหมาย HMG หรือสไนเปอร์ด้วยการระเบิด Satchel Charge!,แคมเปญไทเกอร์เอซ (บทพูดเยอรมัน),6020916|6020977
6020917,Munitions!  Grab a sack and move!,อาวุธ! คว้ากระสอบแล้วเคลื่อนไหว!,แคมเปญไทเกอร์เอซ (บทพูดเยอรมัน),6020917|6020978
6020918,Munitions! Pick them up. Schnell! ,อาวุธ! หยิบพวกเขาขึ้นมา ชเนล!,แคมเปญไทเกอร์เอซ (บทพูดเยอรมัน),6020918|6020979
6020919,"Grab those munitions, soldier. We might need them later.",คว้าอาวุธเหล่านั้นทหาร เราอาจต้องการพวกเขาในภายหลัง,แคมเปญไทเกอร์เอซ (บทพูดเยอรมัน),6020919|6020980
6020920,I don't know how those fucking infantry do it!,ฉันไม่รู้ว่าทหารราบพวกนั้นทำได้ยังไง!,แคมเปญไทเกอร์เอซ (บทพูดเยอรมัน),6020920
6020930,Halt! Quickly deploy medpaks.,หยุด! ส่งกำลังรบ medpaks อย่างรวดเร็ว,แคมเปญไทเกอร์เอซ (บทพูดเยอรมัน),6020930
6020940,Man down! Man down! Distribute medpacks! Schnell!,ผู้ชายลง! ผู้ชายลง! แจกยา! ชเนล!,แคมเปญไทเกอร์เอซ (บทพูดเยอรมัน),6020940
6020950,Man down! Medpacks! Schnell!,ผู้ชายลง! เมดแพ็กส์! ชเนล!,แคมเปญไทเกอร์เอซ (บทพูดเยอรมัน),6020950
6020951,I've been hit! Gimme a med pack! Now!,ฉันโดน! ส่งยามาให้! ตอนนี้!,แคมเปญไทเกอร์เอซ (บทพูดเยอรมัน),6020951
6020952,Litzke's been hit! We need a med pak over here! Schnell!,ลิทซ์เก้โดนแล้ว! เราต้องการกล่องยาตรงนี้! ชเนล!,แคมเปญไทเกอร์เอซ (บทพูดเยอรมัน),6020952
6020953,Someone get Schroif a med pack! Mach schnell! Schnell!,มีคนเอายามาให้ ชรอยฟ์ แล้ว! มัชเนล! ชเนล!,แคมเปญไทเกอร์เอซ (บทพูดเยอรมัน),6020953
6020954,"Shultz! Shultz! Man down! Get that man a med pack, Tigergruppe!",ชูลทซ์! ชูลทซ์! ผู้ชายลง! ไปเอายามาให้ชายคนนั้น Tigergruppe!,แคมเปญไทเกอร์เอซ (บทพูดเยอรมัน),6020954
6020955,Berndt's gone down. Covering fire! Get a Med pack on him! Schnell!,แบร์นดท์ล้มลงไปแล้ว! ยิงคุ้มกันเร็ว! เอาชุดปฐมพยาบาลมารักษาเขา! เร็วเข้า!,แคมเปญไทเกอร์เอซ (บทพูดเยอรมัน),6020955
6020956,The British are digging in.  We need to soften the fools before they get settled. ,พวกอังกฤษกำลังขุดสนามเพาะตั้งรับ เราต้องเข้าตีพวกมันก่อนที่พวกมันจะตั้งตัวได้!,แคมเปญไทเกอร์เอซ (บทพูดเยอรมัน),6020956
6020957,"Berndt, mark those emplacements and call in artillery!",แบร์นดท์ ระบุพิกัดที่มั่นพวกนั้นแล้วขอยิงปืนใหญ่สนับสนุนเข้ามา!,แคมเปญไทเกอร์เอซ (บทพูดเยอรมัน),6020957
6020958,Anti-tank gun eliminated!,ปืนต่อสู้รถถังถูกกำจัด!,แคมเปญไทเกอร์เอซ (บทพูดเยอรมัน),6020958
6020959,Emplacement destroyed. Mark another one for Germany.,Emplacement destroyed. ทำเครื่องหมายอีกอันสำหรับเยอรมนี,แคมเปญไทเกอร์เอซ (บทพูดเยอรมัน),6020959
6020960,Scheisse! They've occupied that building.,เชส! พวกเขาได้ครอบครองอาคารนั้นแล้ว,แคมเปญไทเกอร์เอซ (บทพูดเยอรมัน),6020960
6020961,Excellent! Targets eliminated. To point 213! Raus! Schnell!,ยอดเยี่ยม! กำจัดเป้าหมายแล้ว ถึงจุดที่ 213! เราอุส! ชเนล!,แคมเปญไทเกอร์เอซ (บทพูดเยอรมัน),6020961
6020962,"Patience, Tigergruppe! We're almost there! Don't rush it; Tommy could be anywhere.",อดทนไว้ ไทเกอร์กรุปเป้! เราเกือบจะถึงแล้ว! อย่ารีบเร่ง; ทอมมี่จะอยู่ที่ไหนก็ได้,แคมเปญไทเกอร์เอซ (บทพูดเยอรมัน),6020962|6022001
6020969,"Sniper on the hunt, keep your head down!",พลซุ่มยิงกำลังเล็งเป้า หมอบลง!,แคมเปญไทเกอร์เอซ (บทพูดเยอรมัน),6020969|6022002
6020981,"Berndt, break silence! Get HQ on the radio!",แบร์นดท์ ทำลายความเงียบ! รับ HQ ทางวิทยุ!,แคมเปญไทเกอร์เอซ (บทพูดเยอรมัน),6020981
6020982,"We need artillery support to cover our retreat, NOW!",เราต้องการปืนใหญ่ยิงคุ้มกันการถอยร่นของเรา เดี๋ยวนี้!,แคมเปญไทเกอร์เอซ (บทพูดเยอรมัน),6020982
6020983,We've been spotted!  Prepare to engage!,เราถูกพบเห็น! เตรียมลงมือ!,แคมเปญไทเกอร์เอซ (บทพูดเยอรมัน),6020983
6020984,Tommy's spotted us!  Open fire.,ทหารอังกฤษ เห็นเราแล้ว! เปิดฉากยิงเลย!,แคมเปญไทเกอร์เอซ (บทพูดเยอรมัน),6020984
6020985,Contact!  We've been spotted! Fire!,พบศัตรู! เราถูกตรวจพบแล้ว! ยิงได้!,แคมเปญไทเกอร์เอซ (บทพูดเยอรมัน),6020985
6020986,Incoming patrol!  Hide in the bushes.,สายตรวจเข้ามาแล้ว! ซ่อนตัวอยู่ในพุ่มไม้,แคมเปญไทเกอร์เอซ (บทพูดเยอรมัน),6020986
6020987,Get down! We've got a patrol moving in.  Hide!,ลง! เรามีหน่วยลาดตระเวนเคลื่อนตัวเข้ามาแล้ว ซ่อน!,แคมเปญไทเกอร์เอซ (บทพูดเยอรมัน),6020987
6020988,"Scheisse! Hide, schnell, before they see us! Raus!",เชส! ซ่อนไว้ ชเนลล์ ก่อนที่พวกมันจะเห็นเรา! เราอุส!,แคมเปญไทเกอร์เอซ (บทพูดเยอรมัน),6020988
6020989,What do we have here? Schwimmwagen?,เรามีอะไรที่นี่? ชวิมวาเกน?,แคมเปญไทเกอร์เอซ (บทพูดเยอรมัน),6020989
6020990,Quickly Tigergruppe to the Schwimmwagen!,Tigergruppe ไปที่ Schwimmwagen อย่างรวดเร็ว!,แคมเปญไทเกอร์เอซ (บทพูดเยอรมัน),6020990
6020991,"Look a Schwimmwagen! Get in, it's my turn to drive.",ดูชวิมวาเกนสิ! เข้ามา ถึงเวลาขับรถของฉันแล้ว,แคมเปญไทเกอร์เอซ (บทพูดเยอรมัน),6020991
6020992,Sniper! Taking fire! Get down!,สไนเปอร์! กำลังโดนยิง! หมอบลงเร็ว!,แคมเปญไทเกอร์เอซ (บทพูดเยอรมัน),6020992
6020993,Raus! Raus! Sniper fire!,เราอุส! เราอุส! สไนเปอร์ยิง!,แคมเปญไทเกอร์เอซ (บทพูดเยอรมัน),6020993
6020994,Sniper! Move! Raus!,สไนเปอร์! เคลื่อนไหว! เราอุส!,แคมเปญไทเกอร์เอซ (บทพูดเยอรมัน),6020994
6022010,Shultz! Shultz! Man down! Get that man a med pack!,ชูลทซ์! ชูลทซ์! มีคนเจ็บ! เอาชุดปฐมพยาบาลมารักษาเขาเร็ว!,แคมเปญไทเกอร์เอซ (บทพูดเยอรมัน),6022010
6022011,Achtung! Scharfschütze!,อัคตุง! ชาฟชุทเซ่!,แคมเปญไทเกอร์เอซ (บทพูดเยอรมัน),6022011|6022012
6029050,Escape from Villers-Bocage!,หลบหนีออกจากวีแลร์-โบกาฌ!,แคมเปญไทเกอร์เอซ (บทพูดเยอรมัน),6029050
6029052,Conduct a fighting withdrawal from Villers-Bocage. Voss and his crew must escape to Point 213 using one of the indicated roads.,ทำการรบถ่วงเวลาและถอนกำลังออกจากวีแลร์-โบกาฌ ร้อยเอกฟอสส์และลูกเรือต้องหลบหนีไปยังเนิน 213 โดยใช้เส้นทางใดเส้นทางหนึ่งที่ระบุไว้,แคมเปญไทเกอร์เอซ (บทพูดเยอรมัน),6029052
6029054,Escaped from Villers-Bocage!,หลบหนีออกจากวีแลร์-โบกาฌสำเร็จ!,แคมเปญไทเกอร์เอซ (บทพูดเยอรมัน),6029054
6029060,Exit here,ออกที่นี่,แคมเปญไทเกอร์เอซ (บทพูดเยอรมัน),6029060
6029062,Pickup Weapons,เก็บอาวุธ/ยุทโธปกรณ์ในสนามรบ,แคมเปญไทเกอร์เอซ (บทพูดเยอรมัน),6029062
6029064,Pickup Munitions,เก็บอาวุธ/ยุทโธปกรณ์ในสนามรบ,แคมเปญไทเกอร์เอซ (บทพูดเยอรมัน),6029064
6029100,Disrupt Town Fortification,ทำลายป้อมปราการเมือง,แคมเปญไทเกอร์เอซ (บทพูดเยอรมัน),6029100
6029104,Fortification Disrupted,ป้อมปราการหยุดชะงัก,แคมเปญไทเกอร์เอซ (บทพูดเยอรมัน),6029104
6029110,Destroy Emplacement,ทำลายตำแหน่ง,แคมเปญไทเกอร์เอซ (บทพูดเยอรมัน),6029110|6049230
6029200,Destroy the British Anti-tank Emplacements,ทำลายฐานต่อต้านรถถังของอังกฤษ,แคมเปญไทเกอร์เอซ (บทพูดเยอรมัน),6029200
6029210,Use the Mark Artillery Reference ability to destroy the British AT Emplacements.,ใช้ความสามารถอ้างอิง Mark Artillery เพื่อทำลายฐาน AT ของอังกฤษ,แคมเปญไทเกอร์เอซ (บทพูดเยอรมัน),6029210
6029220,AT Emplacements Destroyed,ที่ตั้ง AT ถูกทำลาย,แคมเปญไทเกอร์เอซ (บทพูดเยอรมัน),6029220
6029230,Left-click to Mark Target,คลิกซ้ายเพื่อทำเครื่องหมายเป้าหมาย,แคมเปญไทเกอร์เอซ (บทพูดเยอรมัน),6029230
6029240,Target Marked,ทำเครื่องหมายเป้าหมายแล้ว,แคมเปญไทเกอร์เอซ (บทพูดเยอรมัน),6029240
6029250,Mark this Target,ทำเครื่องหมายเป้าหมายนี้,แคมเปญไทเกอร์เอซ (บทพูดเยอรมัน),6029250
6029252,Destroy Anti-Tank Gun,ทำลายปืนต่อสู้รถถัง,แคมเปญไทเกอร์เอซ (บทพูดเยอรมัน),6029252
6029254,Drop weapons the Squad has picked up to customize squad with different firepower,วางอาวุธที่ทีมได้เลือกมาเพื่อปรับแต่งทีมด้วยพลังการยิงที่แตกต่างกัน,แคมเปญไทเกอร์เอซ (บทพูดเยอรมัน),6029254
6029256,Use Hide to move through the village undetected,ใช้ Hide เพื่อเคลื่อนที่ผ่านหมู่บ้านโดยไม่ถูกตรวจพบ,แคมเปญไทเกอร์เอซ (บทพูดเยอรมัน),6029256
6029258,Heal the tank crew and revive fallen members,รักษาลูกเรือรถถังและชุบชีวิตสมาชิกที่ล้มลง,แคมเปญไทเกอร์เอซ (บทพูดเยอรมัน),6029258
6029260,Quickly exit combat to hide again and avoid patrols!,ออกจากการต่อสู้อย่างรวดเร็วเพื่อซ่อนอีกครั้งและหลีกเลี่ยงการลาดตระเวน!,แคมเปญไทเกอร์เอซ (บทพูดเยอรมัน),6029260
6029262,Left-Click and mark Anti-tank Emplacements for artillery strikes,คลิกซ้ายและทำเครื่องหมายตำแหน่งต่อต้านรถถังสำหรับการโจมตีด้วยปืนใหญ่,แคมเปญไทเกอร์เอซ (บทพูดเยอรมัน),6029262
6029300,Left-click to order squad to Hide,คลิกซ้ายเพื่อสั่งหน่วยให้ซ่อน,แคมเปญไทเกอร์เอซ (บทพูดเยอรมัน),6029300
6029301,Left-click to drop picked-up weapons,คลิกซ้ายเพื่อทิ้งอาวุธที่หยิบขึ้นมา,แคมเปญไทเกอร์เอซ (บทพูดเยอรมัน),6029301
6029302,Hide disabled while in combat,ซ่อนปิดการใช้งานขณะอยู่ในการต่อสู้,แคมเปญไทเกอร์เอซ (บทพูดเยอรมัน),6029302
6029303,Squad Revealed!,เผยแล้ว!,แคมเปญไทเกอร์เอซ (บทพูดเยอรมัน),6029303
6029304,Squad Spotted!,พบหน่วยข้าศึก!,แคมเปญไทเกอร์เอซ (บทพูดเยอรมัน),6029304
6029305,Overwhelming Fire!,การระดมยิงถล่มอย่างหนัก!,แคมเปญไทเกอร์เอซ (บทพูดเยอรมัน),6029305
6029306,Morale Break!,ขวัญแตก!,แคมเปญไทเกอร์เอซ (บทพูดเยอรมัน),6029306
6029307,Panic!,ตื่นตกใจ!,แคมเปญไทเกอร์เอซ (บทพูดเยอรมัน),6029307
6029311,Provide medical aid to downed squad member,ให้ความช่วยเหลือทางการแพทย์แก่สมาชิกหน่วยที่ล้ม,แคมเปญไทเกอร์เอซ (บทพูดเยอรมัน),6029311|9419160
6029312,Left-click to Revive squad member,คลิกซ้ายเพื่อฟื้นคืนชีพสมาชิกทีม,แคมเปญไทเกอร์เอซ (บทพูดเยอรมัน),6029312|9419161
6029313,Squad Member Down!,สมาชิกหน่วยลง!,แคมเปญไทเกอร์เอซ (บทพูดเยอรมัน),6029313|9419162
6030503,"That was the last time I saw the interior of a Tiger Tank, the last time I saw Shultz.",นั่นเป็นครั้งสุดท้ายที่ฉันได้เห็นภายในของรถถังไทเกอร์ และเป็นครั้งสุดท้ายที่ฉันได้เห็นชูลทซ์,แคมเปญไทเกอร์เอซ (บทพูดเยอรมัน),6030503
6030510,"He went on to command the 502 Tigergruppe. On August 9th, 1944, he held the advancing Americans at Autry long enough to allow our division to escape Normandy. He died in his Tiger.",ต่อมาเขาได้ไปบังคับบัญชากลุ่มไทเกอร์ที่ 502 เมื่อวันที่ 9 สิงหาคม 1944 เขาสกัดกั้นกองทัพอเมริกันที่กำลังรุกคืบที่โอทรี ไว้นานพอให้กองพลของเราหนีออกจากนอร์มังดีได้สำเร็จ และเขาได้สละชีพในรถถังไทเกอร์ของเขา,แคมเปญไทเกอร์เอซ (บทพูดเยอรมัน),6030510
6030520,By September what was left of our division redeployed to Holland. I assumed command of the Panzer Lehr Division as Majorgeneral.,ภายในเดือนกันยายน สิ่งที่เหลืออยู่ในแผนกของเราก็ถูกส่งไปประจำการที่ฮอลแลนด์ ฉันรับหน้าที่เป็นผู้บังคับบัญชากองพลยานเกราะเลห์เป็นพลตรี,แคมเปญไทเกอร์เอซ (บทพูดเยอรมัน),6030520
6030521,"It had seemed so clear, so necessary. But in the end, Senior Command had lost its way, and unfortunately the fatherland followed.",มันดูเหมือนชัดเจนมาก จำเป็นมาก แต่ท้ายที่สุดแล้ว ผู้บัญชาการอาวุโสก็หลงทาง และน่าเสียดายที่ปิตุภูมิตามมา,แคมเปญไทเกอร์เอซ (บทพูดเยอรมัน),6030521
6030590,"This is Panzergruppe Lehr, taking your lead.",นี่คือ Panzergruppe Lehr เป็นผู้นำของคุณ,แคมเปญไทเกอร์เอซ (บทพูดเยอรมัน),6030590
6030600,"This is Gruppe Lehr, taking your lead.",นี่คือ Gruppe Lehr เป็นผู้นำของคุณ,แคมเปญไทเกอร์เอซ (บทพูดเยอรมัน),6030600
6030610,"This is Panzergruppe 501, taking your lead.",นี่คือ Panzergruppe 501 เป็นผู้นำของคุณ,แคมเปญไทเกอร์เอซ (บทพูดเยอรมัน),6030610
6030620,Hauptmann Voss Sir! Standing by to take your lead.,เฮาพท์มันน์ วอสส์ ครับ! พร้อมทำตามคำสั่งของท่าน,แคมเปญไทเกอร์เอซ (บทพูดเยอรมัน),6030620
6030670,"Requesting target, Hauptmann.",ขออนุมัติกำลังรบจากเป้าหมาย เฮาพท์มันน์,แคมเปญไทเกอร์เอซ (บทพูดเยอรมัน),6030670
6030680,Heavy fire from the rear!,ยิงหนักจากด้านหลัง!,แคมเปญไทเกอร์เอซ (บทพูดเยอรมัน),6030680
6030690,Critical fire from the rear!,ยิงคริติคอลจากด้านหลัง!,แคมเปญไทเกอร์เอซ (บทพูดเยอรมัน),6030690
6030700,Left flank! Heavy fire.,ปีกซ้าย! โดนยิงอย่างหนัก!,แคมเปญไทเกอร์เอซ (บทพูดเยอรมัน),6030700
6030710,"This is Panzergruppe Lehr, do we have new orders?",นี่คือ Panzergruppe Lehr เรามีคำสั่งใหม่หรือไม่?,แคมเปญไทเกอร์เอซ (บทพูดเยอรมัน),6030710
6030720,"This is Gruppe Lehr, do we have new orders?",นี่คือ Gruppe Lehr เรามีคำสั่งใหม่หรือไม่?,แคมเปญไทเกอร์เอซ (บทพูดเยอรมัน),6030720
6030730,"This is Panzergruppe 3-13, do we have new orders?",นี่คือ Panzergruppe 3-13 เรามีคำสั่งใหม่หรือไม่?,แคมเปญไทเกอร์เอซ (บทพูดเยอรมัน),6030730
6030740,"Hauptmann Voss, sir! Do we have new orders?",ร้อยเอกฟอสส์ครับท่าน! เรามีคำสั่งใหม่เข้ามาหรือไม่?,แคมเปญไทเกอร์เอซ (บทพูดเยอรมัน),6030740
6030750,Taking A-P Rounds to left flank.,นำ A-P Rounds ไปทางปีกซ้าย,แคมเปญไทเกอร์เอซ (บทพูดเยอรมัน),6030750
6030760,Taking heavy fire from the right!,ยิงหนักจากทางขวา!,แคมเปญไทเกอร์เอซ (บทพูดเยอรมัน),6030760
6030770,Heavy fire. Right side!,โดนยิงอย่างหนักจากทางขวา!,แคมเปญไทเกอร์เอซ (บทพูดเยอรมัน),6030770
6030780,Firefly on approach. Will notify when in range.,ไฟร์ฟลายกำลังเข้าใกล้ จะแจ้งให้ทราบเมื่ออยู่ในระยะ,แคมเปญไทเกอร์เอซ (บทพูดเยอรมัน),6030780
6030790,Firefly!  Ready to load A-P. ,รถถังไฟร์ฟลาย! พร้อมโหลด A-P.,แคมเปญไทเกอร์เอซ (บทพูดเยอรมัน),6030790
6030800,There's a Spielzeugpanzer out there.,มีสปีลซุกแพนเซอร์อยู่ข้างนอกนั่น,แคมเปญไทเกอร์เอซ (บทพูดเยอรมัน),6030800
6030810,Lady Luck has favored us again! ,เลดี้ลัคเข้าข้างเราอีกแล้ว!,แคมเปญไทเกอร์เอซ (บทพูดเยอรมัน),6030810
6030811,Where are we going to put all the medals?,เราจะเอาเหรียญทั้งหมดไปไว้ที่ไหน?,แคมเปญไทเกอร์เอซ (บทพูดเยอรมัน),6030811
6030812,Treuloses Glück has picked us again! ,Treuloses Glück เลือกเราอีกแล้ว!,แคมเปญไทเกอร์เอซ (บทพูดเยอรมัน),6030812
6030820,Spielzeugpanzer. Will notify when in range.,สปีลซุกปันเซอร์. จะแจ้งให้ทราบเมื่ออยู่ในระยะ,แคมเปญไทเกอร์เอซ (บทพูดเยอรมัน),6030820
6030850,Ha! Tommy cooker. Ready A-P. ,ฮ่า! ทอมมี่ คุกเกอร์. พร้อมเอ-พี.,แคมเปญไทเกอร์เอซ (บทพูดเยอรมัน),6030850
6030860,Cooker spotted! Ready rounds.,รถถังเชอร์แมนพบเห็น! รอบพร้อม.,แคมเปญไทเกอร์เอซ (บทพูดเยอรมัน),6030860
6030862,Panzer Grenadiers have received orders and are en route.,แพนเซอร์เกรนาเดียร์ ได้รับคำสั่งแล้วและกำลังเดินทาง,แคมเปญไทเกอร์เอซ (บทพูดเยอรมัน),6030862
6030864,"Panzer Grenadiers are on their way, Hauptmann.",แพนเซอร์เกรนาเดียร์ กำลังเดินทางมาแล้ว เฮาพท์มันน์,แคมเปญไทเกอร์เอซ (บทพูดเยอรมัน),6030864
6030866,"Additional Grenadier support is on its way, Herr Hauptmann.",การสนับสนุน เกรนาเดียร์ เพิ่มเติมกำลังมาถึง Herr เฮาพท์มันน์,แคมเปญไทเกอร์เอซ (บทพูดเยอรมัน),6030866
6030870,Heavy tank spotted.  Prepare to engage!,พบรถถังหนัก เตรียมลงมือ!,แคมเปญไทเกอร์เอซ (บทพูดเยอรมัน),6030870
6030880,Heavy panzer coming. Move in.,ยานเกราะหนักกำลังมา ย้ายเข้า.,แคมเปญไทเกอร์เอซ (บทพูดเยอรมัน),6030880
6030890,Pak nearby! Ready the canon.,พบปืนต่อสู้รถถัง Pak ใกล้ๆ! เตรียมปืนใหญ่ให้พร้อม!,แคมเปญไทเกอร์เอซ (บทพูดเยอรมัน),6030890
6030900,British Six-Pounder nearby!  All guns ready fire on my command.,British Six-Pounder ใกล้ตัว! ปืนทุกกระบอกพร้อมยิงตามคำสั่งของฉัน,แคมเปญไทเกอร์เอซ (บทพูดเยอรมัน),6030900
6030910,HQ has allocated 3rd company for support.,กองบัญชาการได้จัดสรรกองร้อยที่ 3 เพื่อรองรับ,แคมเปญไทเกอร์เอซ (บทพูดเยอรมัน),6030910
6030940,Verdammt!  We've got Tommies with A-T weapons!,เวอร์ดัมท์! เรามีทอมมี่พร้อมอาวุธ A-T!,แคมเปญไทเกอร์เอซ (บทพูดเยอรมัน),6030940
6030950,"Anti-panzer troops nearby, ready high-explosive rounds!",กองทหารต่อต้านยานเกราะอยู่ใกล้ๆ เตรียมระเบิดแรงสูง!,แคมเปญไทเกอร์เอซ (บทพูดเยอรมัน),6030950
6030960,AT infantry sighted.  Load the H-E rounds.,ตรวจพบหน่วยทหารราบต่อสู้รถถัง โหลดกระสุน H-E,แคมเปญไทเกอร์เอซ (บทพูดเยอรมัน),6030960
6030962,Heavy tank spotted. Stay quiet.,พบรถถังหนัก อยู่เงียบๆ.,แคมเปญไทเกอร์เอซ (บทพูดเยอรมัน),6030962|6030963
6030970,"Move, schnell! Heavy tanks!",ย้ายชเนลล์! รถถังหนัก!,แคมเปญไทเกอร์เอซ (บทพูดเยอรมัน),6030970|6030971
6030980,Spielzeugpanzer! Stay out of sight.,สปีลซุกปันเซอร์! อยู่ห่างจากสายตา,แคมเปญไทเกอร์เอซ (บทพูดเยอรมัน),6030980|6030981
6030990,Grenadiers reporting sniper fire. Requesting support.,กองทัพบกรายงานการยิงสไนเปอร์ ขอรับการสนับสนุน.,แคมเปญไทเกอร์เอซ (บทพูดเยอรมัน),6030990
6031000,"Grenadiers report sniper contact, support requested.",กองทัพบกรายงานการติดต่อสไนเปอร์ ขอการสนับสนุน,แคมเปญไทเกอร์เอซ (บทพูดเยอรมัน),6031000
6031010,"Grenadiers report M-G contact, support requested.",เกรนาเดียร์รายงานการปะทะกับปืนกล ขอการสนับสนุน,แคมเปญไทเกอร์เอซ (บทพูดเยอรมัน),6031010
6031020,Grenadiers reporting M-G fire. Requesting support.,กองทัพบกรายงานเหตุเพลิงไหม้ M-G ขอรับการสนับสนุน.,แคมเปญไทเกอร์เอซ (บทพูดเยอรมัน),6031020
6031030,"Grenadiers report incoming mortar, support requested.",กองทัพบกรายงานครกที่เข้ามา ขอการสนับสนุน,แคมเปญไทเกอร์เอซ (บทพูดเยอรมัน),6031030
6031040,Grenadiers reporting mortar contact. Requesting support.,พลเกรนาเดียร์รายงานการปะทะกับครกข้าศึก ขอการสนับสนุน,แคมเปญไทเกอร์เอซ (บทพูดเยอรมัน),6031040
6031050,"Grenadiers report Britische Panzer contact, support requested.",เกรนาเดียร์รายงานการปะทะกับแพนเซอร์อังกฤษ ขอการสนับสนุน,แคมเปญไทเกอร์เอซ (บทพูดเยอรมัน),6031050
6031060,Grenadiers reporting Britische Panzer contact. Requesting support.,กองทัพบกรายงานการติดต่อของบริติช แพนเซอร์ ขอรับการสนับสนุน.,แคมเปญไทเกอร์เอซ (บทพูดเยอรมัน),6031060
6031070,"Panzer on patrol, get down!",ยานเกราะลาดตระเวน ลงไป!,แคมเปญไทเกอร์เอซ (บทพูดเยอรมัน),6031070|6031071
6031080,Cooker. Keep your heads down.,รถถังเชอร์แมน ก้มหน้าลง,แคมเปญไทเกอร์เอซ (บทพูดเยอรมัน),6031080|6031081
6031090,"HQ, this is Lehr. Britische aircraft on approach. Send reinforcements!",กองบัญชาการ นี่คือกองพลเลร์ เครื่องบินอังกฤษกำลังบินเข้ามา ขอกำลังเสริมด่วน!,แคมเปญไทเกอร์เอซ (บทพูดเยอรมัน),6031090
6031100,"A-A support has been dispatched, sir. ",A-A ได้ส่งการสนับสนุนไปแล้วครับท่าน,แคมเปญไทเกอร์เอซ (บทพูดเยอรมัน),6031100
6031110,"Lehr, this is HQ, Flugabwehr reinforcements have arrived.",เลห์ นี่คือกองบัญชาการ กำลังเสริมของฟลูกาบเวห์มาถึงแล้ว,แคมเปญไทเกอร์เอซ (บทพูดเยอรมัน),6031110
6031120,Panzer.  Gehen wir!,ยานเกราะ เกเฮนวีร์!,แคมเปญไทเกอร์เอซ (บทพูดเยอรมัน),6031120
6031121,Panzer.  Auf geht's.,ยานเกราะ เอาฟเกจ.,แคมเปญไทเกอร์เอซ (บทพูดเยอรมัน),6031121
6031130,On guard! Sniper!,ระวัง! สไนเปอร์!,แคมเปญไทเกอร์เอซ (บทพูดเยอรมัน),6031130|6031131
6031140,Achtung! Sniper in our sector.,ระวัง! สไนเปอร์ในเซกเตอร์ของเรา,แคมเปญไทเกอร์เอซ (บทพูดเยอรมัน),6031140|6031141
6031150,M-G! Adjust around its firing arc.,ม-จี! ปรับรอบส่วนโค้งการยิง,แคมเปญไทเกอร์เอซ (บทพูดเยอรมัน),6031150|6031151
6031160,"H-M-G! Flank it, schnell.",ฮ-เอ็ม-จี! ขนาบข้างมัน ชเนลล์,แคมเปญไทเกอร์เอซ (บทพูดเยอรมัน),6031160|6031161
6031170,"Watch it, M-G! ",ดูมันนะ เอ็ม-จี!,แคมเปญไทเกอร์เอซ (บทพูดเยอรมัน),6031170|6031171
6031180,We are unstoppable!,เราผ่านพ้นไม่ได้!,แคมเปญไทเกอร์เอซ (บทพูดเยอรมัน),6031180
6031190,"Limit contact, or we'll draw unwanted attention.",จำกัดการติดต่อ ไม่เช่นนั้นเราจะดึงดูดความสนใจที่ไม่ต้องการ,แคมเปญไทเกอร์เอซ (บทพูดเยอรมัน),6031190|6031191
6031200,Tommies! Don't expose yourself.,ทอมมี่! อย่าเปิดเผยตัวเอง,แคมเปญไทเกอร์เอซ (บทพูดเยอรมัน),6031200|6031201
6031210,Don't engage Tommy unless I order you to!,อย่ายุ่งกับทอมมี่ เว้นแต่ฉันจะสั่งคุณ!,แคมเปญไทเกอร์เอซ (บทพูดเยอรมัน),6031210|6031211
6031220,Stay in cover! Infantry approaching.,อยู่ในที่กำบัง! ทหารราบกำลังใกล้เข้ามา,แคมเปญไทเกอร์เอซ (บทพูดเยอรมัน),6031220|6031221
6031230,Keep that infantry away from the tank! Fire the S-Mine Launcher!,เก็บทหารราบนั้นให้ห่างจากรถถัง! ยิง S-Mine Launcher!,แคมเปญไทเกอร์เอซ (บทพูดเยอรมัน),6031230
6031240,"Ja, mein Kommandant.",รับทราบ ผู้บังคับบัญชา.,แคมเปญไทเกอร์เอซ (บทพูดเยอรมัน),6031240|6031250|6031260|6031270
6031280,Verdammt! Tommy! Fire defensive systems.,เวอร์ดัมท์! ทอมมี่! ระบบป้องกันอัคคีภัย,แคมเปญไทเกอร์เอซ (บทพูดเยอรมัน),6031280
6031290,Load High-Explosive rounds. Target that building!,โหลดกระสุนระเบิดแรงสูง กำหนดเป้าหมายไปที่อาคารนั้น!,แคมเปญไทเกอร์เอซ (บทพูดเยอรมัน),6031290
6031310,"I say again, Villers-Bocage is now secure.",ฉันพูดอีกครั้งว่า Villers-Bocage ปลอดภัยแล้ว,แคมเปญไทเกอร์เอซ (บทพูดเยอรมัน),6031310
6031410,"High-Explosive rounds, target structure.",กระสุนระเบิดแรงสูง โครงสร้างเป้าหมาย,แคมเปญไทเกอร์เอซ (บทพูดเยอรมัน),6031410
6031420,Bury them alive. High-Explosive rounds on target.,ฝังพวกเขาทั้งเป็น กระสุนระเบิดแรงสูงเข้าเป้า,แคมเปญไทเกอร์เอซ (บทพูดเยอรมัน),6031420
6031430,"Shultz, reserve the A-P munitions for tanks! The M-G will take out lighter vehicles.",ชูลทซ์ เก็บกระสุนเจาะเกราะ ไว้สำหรับรถถัง! ใช้ปืนกลจัดการพวกยานเกราะเบา,แคมเปญไทเกอร์เอซ (บทพูดเยอรมัน),6031430
6031470,Shultz! Do not waste our A-P ammo. We may need it.,ชูลทซ์! อย่ายิงกระสุนเจาะเกราะ ทิ้งขว้าง เราอาจจำเป็นต้องใช้มัน!,แคมเปญไทเกอร์เอซ (บทพูดเยอรมัน),6031470
6031480,Verdammt! Are you looking for a demotion Shultz?  A-P is for the tanks! ,ให้ตายสิ! แกอยากโดนลดขั้นรึไง ชูลทซ์? กระสุนเจาะเกราะ มีไว้สำหรับรถถัง!,แคมเปญไทเกอร์เอซ (บทพูดเยอรมัน),6031480
6031490,Ram that building! Bury the Tommies!,รามตึกนั้น! ฝังศพทอมมี่!,แคมเปญไทเกอร์เอซ (บทพูดเยอรมัน),6031490
6031500,Arno! Plow through that building! Schnell!,อาร์โน! ไถผ่านอาคารนั้น! ชเนล!,แคมเปญไทเกอร์เอซ (บทพูดเยอรมัน),6031500
6031510,We need smoke cover!  Launch the smoke barrage! Schnell!,เราต้องการที่กำบังควัน! เปิดตัวชุดควัน! ชเนล!,แคมเปญไทเกอร์เอซ (บทพูดเยอรมัน),6031510
6031520,Launch Smoke Barrage. Mach Schnell! ,ยิงม่านควันปูพรมกำบัง ดำเนินการเร็วเข้า!,แคมเปญไทเกอร์เอซ (บทพูดเยอรมัน),6031520
6031700,More reinforcements are on their way.,กำลังเสริมเพิ่มเติมกำลังเดินทางมา,แคมเปญไทเกอร์เอซ (บทพูดเยอรมัน),6031700
6031701,Additional reinforcements have been dispatched.,ได้ส่งกำลังเสริมเพิ่มเติมแล้ว,แคมเปญไทเกอร์เอซ (บทพูดเยอรมัน),6031701
6031702,Reinforcements are in route.,กำลังเสริมอยู่ระหว่างทาง,แคมเปญไทเกอร์เอซ (บทพูดเยอรมัน),6031702
6031703,Incoming Reinforcements.,กำลังเสริมที่กำลังเข้ามา,แคมเปญไทเกอร์เอซ (บทพูดเยอรมัน),6031703
6031704,Sending additional grenadier support.,ส่งการสนับสนุนเพิ่มเติมของกองทัพบก,แคมเปญไทเกอร์เอซ (บทพูดเยอรมัน),6031704
6031705,We've got reinforcements on the way.,เรามีกำลังเสริมระหว่างทาง,แคมเปญไทเกอร์เอซ (บทพูดเยอรมัน),6031705
6031706,Grenadiers reporting that a sector of town is secure.,กองทัพบกรายงานว่าพื้นที่ส่วนหนึ่งของเมืองปลอดภัย,แคมเปญไทเกอร์เอซ (บทพูดเยอรมัน),6031706
6031707,Central sector of Villers-Bocage is secure.,เซกเตอร์ใจกลางเมืองวีแลร์-โบกาฌปลอดภัยแล้ว,แคมเปญไทเกอร์เอซ (บทพูดเยอรมัน),6031707
6031708,Grenadiers report that the ammo dump is secure.,กองทัพบกรายงานว่าที่ทิ้งกระสุนปลอดภัย,แคมเปญไทเกอร์เอซ (บทพูดเยอรมัน),6031708
6031709,Town sector has been captured and is secure.,เซกเตอร์ในเมืองถูกยึดและปลอดภัยแล้ว,แคมเปญไทเกอร์เอซ (บทพูดเยอรมัน),6031709
6031710,Counterattack! Cover your flanks!  Incoming panzers!,ศัตรูตีโต้ตอบ! ระวังปีกข้างของคุณ! รถถังข้าศึกกำลังเข้ามา!,แคมเปญไทเกอร์เอซ (บทพูดเยอรมัน),6031710
6031711,Weapons free! Protect the infantry.,อาวุธฟรี! ปกป้องทหารราบ,แคมเปญไทเกอร์เอซ (บทพูดเยอรมัน),6031711
6031712,Clear the roads of all enemy emplacements! We can't take the town alone.,เคลียร์ถนนของที่ตั้งศัตรูทั้งหมด! เราไม่สามารถยึดเมืองโดยลำพังได้,แคมเปญไทเกอร์เอซ (บทพูดเยอรมัน),6031712
6031713,Turn this tank around Schroif! We need grenadier reinforcements before assaulting Villers-Bocage.,กลับลำรถถังเดี๋ยวนี้ ชรอยฟ์! เราต้องรอกำลังเสริมจากทหารเกรนาเดียร์ก่อนจะเข้าตีวีแลร์-โบกาฌ,แคมเปญไทเกอร์เอซ (บทพูดเยอรมัน),6031713
6031714,"Stop fucking around, Schroif!  You'll get us all killed!  We need to clear the roads!",เลิกเล่นบ้าๆ ซะที ชรอยฟ์! แกจะพาพวกเราตายกันหมด! เราต้องกวาดล้างเส้นทางบนถนน!,แคมเปญไทเกอร์เอซ (บทพูดเยอรมัน),6031714
6031715,Mobile artillery has been neutralized!,ปืนใหญ่เคลื่อนที่ถูกทำลายแล้ว!,แคมเปญไทเกอร์เอซ (บทพูดเยอรมัน),6031715
6031716,"Back it up, we're taking too much fire.",ถอยออกไป เรากำลังโดนยิงถล่มหนักเกินไปแล้ว!,แคมเปญไทเกอร์เอซ (บทพูดเยอรมัน),6031716
6031717,Back up! Back up!  We need to get out of range.,ถอยหลัง! ถอยหลัง! เราต้องออกจากระยะยิง,แคมเปญไทเกอร์เอซ (บทพูดเยอรมัน),6031717
6031718,"Reposition this tank, Schroif! Protect our flanks!",เปลี่ยนตำแหน่งรถถังเดี๋ยวนี้ ชรอยฟ์! ป้องกันปีกข้างของเราไว้!,แคมเปญไทเกอร์เอซ (บทพูดเยอรมัน),6031718
6031719,Schroif!  Face the front towards incoming fire.,ชรอยฟ์! หันเกราะหน้าไปทางทิศที่กระสุนยิงเข้ามา!,แคมเปญไทเกอร์เอซ (บทพูดเยอรมัน),6031719
6031720,Reposition tank!  Our flanks are taking fire!,เลื่อนรถถัง! ปีกของเรากำลังถูกยิง!,แคมเปญไทเกอร์เอซ (บทพูดเยอรมัน),6031720
6031721,Launch the smoke screen! Evasive maneuvers!,เปิดตัวม่านควัน! หลบหลีก!,แคมเปญไทเกอร์เอซ (บทพูดเยอรมัน),6031721
6031722,"We're under heavy fire, launching the smoke screen!",เรากำลังถูกโจมตีอย่างหนัก กำลังปล่อยม่านควัน!,แคมเปญไทเกอร์เอซ (บทพูดเยอรมัน),6031722
6031723,We've got Tommy under our treads! Firing the S-Mines!,เรามีทอมมี่อยู่ใต้บันไดของเรา! ยิง S-Mines!,แคมเปญไทเกอร์เอซ (บทพูดเยอรมัน),6031723
6031724,Infantry closing in. Launching schrapnelle mines!,ทหารราบศัตรูกำลังประชิดเข้ามา! ยิงทุ่นระเบิดสะเก็ดระเบิด ออกไป!,แคมเปญไทเกอร์เอซ (บทพูดเยอรมัน),6031724
6031725,"Schroif, initiate field repairs.",ชรอยฟ์ เริ่มการซ่อมแซมสนามได้,แคมเปญไทเกอร์เอซ (บทพูดเยอรมัน),6031725
6031727,"We need repairs!  Schroif, get on it!",เราต้องซ่อมรถถัง! ชรอยฟ์ จัดการเลย!,แคมเปญไทเกอร์เอซ (บทพูดเยอรมัน),6031727
6031728,We're safe for the moment.  Start field repairs.,ขณะนี้เราปลอดภัยแล้ว เริ่มการซ่อมแซมสนาม,แคมเปญไทเกอร์เอซ (บทพูดเยอรมัน),6031728
6031729,TRIGGER: Speech to indicate repairing has finished,ทริกเกอร์: เสียงพูดเพื่อระบุว่าการซ่อมเสร็จสิ้นแล้ว,แคมเปญไทเกอร์เอซ (บทพูดเยอรมัน),6031729
6031730,That's the best we can do for now.  Let's move out.,นั่นคือสิ่งที่ดีที่สุดที่เราสามารถทำได้ในตอนนี้ ย้ายออกกันเถอะ,แคมเปญไทเกอร์เอซ (บทพูดเยอรมัน),6031730
6031731,"Field repairs are done, move out.",ซ่อมแซมสนามเสร็จแล้วย้ายออก,แคมเปญไทเกอร์เอซ (บทพูดเยอรมัน),6031731
6031732,"We don't have any more time for repairs, get moving!",เราไม่มีเวลาซ่อมแซมอีกต่อไปแล้ว เคลื่อนตัวได้เลย!,แคมเปญไทเกอร์เอซ (บทพูดเยอรมัน),6031732
6031733,MG Emplacement neutralized.,ตำแหน่งปืนกลถูกทำลายแล้ว,แคมเปญไทเกอร์เอซ (บทพูดเยอรมัน),6031733
6031734,Emplacement destroyed!  Keep up the good work.,ตำแหน่งถูกทำลาย! ติดตามการทำงานที่ดี,แคมเปญไทเกอร์เอซ (บทพูดเยอรมัน),6031734
6031735,Good shot Shultz!  MG Emplacement down.,ยิงได้ดีมาก ชูลทซ์! ฐานปืนกลศัตรูถูกทำลายแล้ว,แคมเปญไทเกอร์เอซ (บทพูดเยอรมัน),6031735
6031737,This is a Tiger to make Deutschland proud!,นี่คือรถถังไทเกอร์ที่จะทำให้เยอรมนีภาคภูมิใจ!,แคมเปญไทเกอร์เอซ (บทพูดเยอรมัน),6031737
6031738,Haha! Tommy will tremble before us!,ฮ่าๆ! ทอมมี่จะตัวสั่นต่อหน้าเรา!,แคมเปญไทเกอร์เอซ (บทพูดเยอรมัน),6031738
6031739,This Tiger will surley become a part of history.,รถถังไทเกอร์คันนี้จะต้องกลายเป็นตำนานแห่งประวัติศาสตร์อย่างแน่นอน,แคมเปญไทเกอร์เอซ (บทพูดเยอรมัน),6031739
6031740,What a beauty the Stahlvormund has become.,Stahlvormund กลายเป็นสิ่งสวยงามจริงๆ,แคมเปญไทเกอร์เอซ (บทพูดเยอรมัน),6031740
6031741,This is the finest Tigergruppe to serve Deutschland!,นี่คือ Tigergruppe ที่ดีที่สุดในการให้บริการ Deutschland!,แคมเปญไทเกอร์เอซ (บทพูดเยอรมัน),6031741
6031743,Just look at us now tigergruppe!,เพียงแค่มองมาที่เราตอนนี้ Tigergruppe!,แคมเปญไทเกอร์เอซ (บทพูดเยอรมัน),6031743
6031744,I wish my mother was here to see us.,ฉันหวังว่าแม่ของฉันจะมาพบเราที่นี่,แคมเปญไทเกอร์เอซ (บทพูดเยอรมัน),6031744
6031745,We be pimpin' now my brothers! ,ตอนนี้พวกเราพร้อมลุยเต็มสูบแล้ว พี่น้องเอ๋ย!,แคมเปญไทเกอร์เอซ (บทพูดเยอรมัน),6031745
6040500,"Since our escape, the 7th Armored Division has dug in around Villers-Bocage.",กองร้อยยานเกราะแพนเซอร์เกรนาเดียร์พร้อมบุกแล้ว ร้อยเอกฟอสส์,แคมเปญไทเกอร์เอซ (บทพูดเยอรมัน),6040500
6040510,We need to clear the roads for Panzer Grenadier support.,เราจำเป็นต้องเคลียร์ถนนเพื่อรับการสนับสนุน Panzer เกรนาเดียร์,แคมเปญไทเกอร์เอซ (บทพูดเยอรมัน),6040510
6040520,Destroy all Britische defensive emplacements along these routes.,ทำลายฐานป้องกันของ Britische ทั้งหมดตามเส้นทางเหล่านี้,แคมเปญไทเกอร์เอซ (บทพูดเยอรมัน),6040520
6040530,Once that is accomplished assault the town and help the Grenadiers lock down these strategic sectors.,เมื่อปฏิบัติการนั้นสำเร็จ ให้เข้าตีเมืองและช่วยทหารเกรนาเดียร์ยึดครองเซกเตอร์ยุทธศาสตร์เหล่านี้ไว้,แคมเปญไทเกอร์เอซ (บทพูดเยอรมัน),6040530
6040540,Let's show Tommy our fatherland's resolve.,มาแสดงความมุ่งมั่นของปิตุภูมิให้กับทอมมี่กันเถอะ,แคมเปญไทเกอร์เอซ (บทพูดเยอรมัน),6040540
6040550,The Tiger's strength!,พลังแห่งรถถังไทเกอร์!,แคมเปญไทเกอร์เอซ (บทพูดเยอรมัน),6040550
6040560,Achtung! Blitz the remaining forces. Schnell.,อัคตุง! โจมตีกองกำลังที่เหลือ ชเนลล์.,แคมเปญไทเกอร์เอซ (บทพูดเยอรมัน),6040560
6040570,A-P rounds. Watch for infantry.,รอบเอ-พี. ระวังทหารราบ,แคมเปญไทเกอร์เอซ (บทพูดเยอรมัน),6040570
6040580,"Fire at will, Joseph.",ยิงได้ตามใจเลยโจเซฟ,แคมเปญไทเกอร์เอซ (บทพูดเยอรมัน),6040580
6040590,"Fire at will, Schultz.",ยิงได้ตามใจ ชูลทซ์,แคมเปญไทเกอร์เอซ (บทพูดเยอรมัน),6040590
6040600,"Feldwebel Shultz, fire at will.",จ่าสิบเอกชูลทซ์ ยิงได้อย่างอิสระ,แคมเปญไทเกอร์เอซ (บทพูดเยอรมัน),6040600
6040610,Keep pushing. The British regroup. Schnell!,ดันต่อไป. อังกฤษจัดกลุ่มใหม่ ชเนล!,แคมเปญไทเกอร์เอซ (บทพูดเยอรมัน),6040610
6040620,Keep pushing. The British regroup.,ดันต่อไป. อังกฤษจัดกลุ่มใหม่,แคมเปญไทเกอร์เอซ (บทพูดเยอรมัน),6040620
6040630,"Panzergruppe, this is Hauptmann Voss, all targets cleared! We've stopped the assault!",Panzergruppe นี่คือ เฮาพท์มันน์ วอสส์ เคลียร์เป้าหมายทั้งหมดแล้ว! เราหยุดการโจมตีได้แล้ว!,แคมเปญไทเกอร์เอซ (บทพูดเยอรมัน),6040630
6040640,"Panzergruppe, this is Hauptmann Voss, all targets cleared!",Panzergruppe นี่คือ เฮาพท์มันน์ วอสส์ เคลียร์เป้าหมายทั้งหมดแล้ว!,แคมเปญไทเกอร์เอซ (บทพูดเยอรมัน),6040640
6040650,"Panzergruppe, this is Lehr, all targets cleared!",Panzergruppe นี่คือ Lehr เป้าหมายทั้งหมดเคลียร์แล้ว!,แคมเปญไทเกอร์เอซ (บทพูดเยอรมัน),6040650
6040660,"Panzergruppe, this is Hauptmann Voss. We've stopped the assault. All targets are cleared. ",กลุ่มยานเกราะ นี่คือร้อยเอกฟอสส์ (เฮาพท์มันน์ วอสส์) เราหยุดการบุกของข้าศึกได้แล้ว เป้าหมายทั้งหมดถูกกวาดล้างเรียบร้อย,แคมเปญไทเกอร์เอซ (บทพูดเยอรมัน),6040660
6040670,Victorious against all odds.,มีชัยเหนือทุกสรรพสิ่ง,แคมเปญไทเกอร์เอซ (บทพูดเยอรมัน),6040670
6040680,Eliminate the Britische defenses.,กำจัดการป้องกันของ Britische,แคมเปญไทเกอร์เอซ (บทพูดเยอรมัน),6040680
6040690,Open the roads for the Panzer Grenadiers. Schnell!,เปิดถนนสำหรับ แพนเซอร์เกรนาเดียร์ ชเนล!,แคมเปญไทเกอร์เอซ (บทพูดเยอรมัน),6040690
6040700,The Britische defensive perimeter is destroyed.,ขอบเขตการป้องกันของ Britische ถูกทำลาย,แคมเปญไทเกอร์เอซ (บทพูดเยอรมัน),6040700
6040710,Tell them the roads are clear for entry!,บอกพวกเขาว่าถนนเข้าได้ชัดเจน!,แคมเปญไทเกอร์เอซ (บทพูดเยอรมัน),6040710
6040720,"HQ, this is Panzergruppe Lehr requesting additional Grenadier support. All roads are clear. I say again, all roads are clear.",ศูนย์บัญชาการ นี่คือ Panzergruppe Lehr กำลังขอการสนับสนุนจาก เกรนาเดียร์ เพิ่มเติม ถนนทุกสายชัดเจน ฉันพูดอีกครั้งถนนทุกสายชัดเจน,แคมเปญไทเกอร์เอซ (บทพูดเยอรมัน),6040720
6040730,"All roads are clear. I say again, all roads are clear.",ถนนทุกสายชัดเจน ฉันพูดอีกครั้งถนนทุกสายชัดเจน,แคมเปญไทเกอร์เอซ (บทพูดเยอรมัน),6040730
6040740,"Now we make sure the town is in German hands, Tigergruppe!",ตอนนี้เราแน่ใจว่าเมืองนี้อยู่ในมือของชาวเยอรมันแล้ว Tigergruppe!,แคมเปญไทเกอร์เอซ (บทพูดเยอรมัน),6040740
6040750,Escort the Panzer Grenadiers into the village to secure it.,นำ แพนเซอร์เกรนาเดียร์ เข้าไปในหมู่บ้านเพื่อรักษาความปลอดภัย,แคมเปญไทเกอร์เอซ (บทพูดเยอรมัน),6040750
6040760,Verdammt! Panzer down. I told them to stay close.,เวอร์ดัมท์! แพนเซอร์ลง ฉันบอกให้พวกเขาอยู่ใกล้ๆ,แคมเปญไทเกอร์เอซ (บทพูดเยอรมัน),6040760
6040770,Verdammt! Tiger down. I told them to stay close.,ให้ตายสิ! รถถังไทเกอร์ถูกยิงพัง ฉันบอกพวกมันแล้วให้อยู่เกาะกลุ่มกันไว้,แคมเปญไทเกอร์เอซ (บทพูดเยอรมัน),6040770
6040780,Verdammt! Panzer support destroyed.,เวอร์ดัมท์! การสนับสนุนยานเกราะถูกทำลาย,แคมเปญไทเกอร์เอซ (บทพูดเยอรมัน),6040780
6040790,Fate rests in our hands Tigergruppe!,โชคชะตาอยู่ในมือเรา Tigergruppe!,แคมเปญไทเกอร์เอซ (บทพูดเยอรมัน),6040790
6040800,Jabos on approach!,Jabos ใกล้เข้ามาแล้ว!,แคมเปญไทเกอร์เอซ (บทพูดเยอรมัน),6040800
6040810,"Verdammt noch mal! Berndt, radio HQ. Request anti-aircraft support.",บ้าฉิบหาย! แบร์นดท์ วิทยุแจ้งกองบัญชาการ ขอการสนับสนุนต่อสู้อากาศยานด่วน!,แคมเปญไทเกอร์เอซ (บทพูดเยอรมัน),6040810
6040820,Jabos approaching our sector!,เครื่องบินจาโบส์ กำลังบินเข้ามาในเซกเตอร์ของเรา!,แคมเปญไทเกอร์เอซ (บทพูดเยอรมัน),6040820
6040830,Jabos Incoming. ,จาบอสกำลังมา,แคมเปญไทเกอร์เอซ (บทพูดเยอรมัน),6040830
6040840,Britische Aircraft! Jabos inbound.,เครื่องบินอังกฤษ! ฝูงบินจาโบส์กำลังเข้ามา!,แคมเปญไทเกอร์เอซ (บทพูดเยอรมัน),6040840
6040850,Tigergruppe!  Destroy that artillery. Macht schnell!,ไทเกอร์กรุ๊ป! ทำลายปืนใหญ่นั่นซะ มัคชเนลล์!,แคมเปญไทเกอร์เอซ (บทพูดเยอรมัน),6040850
6040860,Inform HQ that it is safe for Grenadiers to continue operations.,แจ้งกองบัญชาการว่าปลอดภัยสำหรับเกรนาเดียร์ที่จะปฏิบัติการต่อ,แคมเปญไทเกอร์เอซ (บทพูดเยอรมัน),6040860
6040870,We're done! Berndt - report Villers-Bocage secure! It's the fatherland's now!,พวกเราทำสำเร็จแล้ว! แบร์นดท์ — รายงานว่าวีแลร์-โบกาฌปลอดภัยแล้ว! ตอนนี้ตกเป็นของปิตุภูมิแล้ว!,แคมเปญไทเกอร์เอซ (บทพูดเยอรมัน),6040870
6040901,"Tommy put up a good fight, but the German people thought our tanks were unstoppable. We had to return to Villers-Bocage to show them that they were.",Tommy ต่อสู้ได้ดี แต่ชาวเยอรมันคิดว่ารถถังของเราไม่มีใครหยุดยั้งได้ เราต้องกลับไปที่ Villers-Bocage เพื่อแสดงให้พวกเขาเห็นว่าเป็นเช่นนั้น,แคมเปญไทเกอร์เอซ (บทพูดเยอรมัน),6040901
6040904,I wish my mother was here to see this.,ฉันอยากให้แม่มาเห็นสิ่งนี้,แคมเปญไทเกอร์เอซ (บทพูดเยอรมัน),6040904
6040910,"Achtung, Tigergruppe! Gather your courage!","อัจตุง, ไทเกอร์กรุปเป้! รวบรวมความกล้า!",แคมเปญไทเกอร์เอซ (บทพูดเยอรมัน),6040910
6040930,Prepare for contact! ,เตรียมติดต่อ!,แคมเปญไทเกอร์เอซ (บทพูดเยอรมัน),6040930
6049100,Destroy the advancing British Armor ,ทำลายยานเกราะอังกฤษที่กำลังรุกคืบ,แคมเปญไทเกอร์เอซ (บทพูดเยอรมัน),6049100
6049110,"The Desert Rats' armor is attempting to break-out of the Villers-Bocage area, stop them and contain the advance.",ยานเกราะของหน่วยหนูทะเลทราย กำลังพยายามตีฝ่าออกจากพื้นที่วีแลร์-โบกาฌ จงสกัดกั้นและหยุดยั้งการรุกคืบของพวกมัน,แคมเปญไทเกอร์เอซ (บทพูดเยอรมัน),6049110
6049120,Advancing British Armor Destroyed,การรุกคืบของเกราะอังกฤษถูกทำลาย,แคมเปญไทเกอร์เอซ (บทพูดเยอรมัน),6049120
6049200,Destroy the M-G Emplacements defending the road,ทำลายฐาน M-G ที่ปกป้องถนน,แคมเปญไทเกอร์เอซ (บทพูดเยอรมัน),6049200
6049210,"Destroy the M-G Emplacements defending the road into Villers-Bocage.  Once destroyed, additional Infantry Support will be available.",ทำลายรังปืนกลที่ป้องกันถนนเข้าสู่วีแลร์-โบกาฌ เมื่อทำลายแล้ว จะได้รับการสนับสนุนทหารราบเพิ่มเติม,แคมเปญไทเกอร์เอซ (บทพูดเยอรมัน),6049210
6049220,M-G Emplacements Destroyed,ตำแหน่ง M-G ถูกทำลาย,แคมเปญไทเกอร์เอซ (บทพูดเยอรมัน),6049220
6049300,Secure Villers-Bocage,ยึดครองวีแลร์-โบกาฌ,แคมเปญไทเกอร์เอซ (บทพูดเยอรมัน),6049300
6049310,Clear the indicated Strategic Points of British defenders to allow the Grenadiers to capture and secure Villers-Bocage.,กวาดล้างทหารอังกฤษที่ป้องกันจุดยุทธศาสตร์ที่ระบุไว้ เพื่อให้กองร้อยเกรนาเดียร์สามารถเข้ายึดและรักษาเมืองวีแลร์-โบกาฌได้,แคมเปญไทเกอร์เอซ (บทพูดเยอรมัน),6049310
6049320,Villers-Bocage Secured,ยึดครองวีแลร์-โบกาฌได้สำเร็จแล้ว,แคมเปญไทเกอร์เอซ (บทพูดเยอรมัน),6049320
6049330,Clear area of British Defenders,เคลียร์พื้นที่ของผู้พิทักษ์อังกฤษ,แคมเปญไทเกอร์เอซ (บทพูดเยอรมัน),6049330
6049340,Allied Infantry Support,การสนับสนุนทหารราบพันธมิตร,แคมเปญไทเกอร์เอซ (บทพูดเยอรมัน),6049340
6049400,Secure Villers-Bocage in %1NUMBER% Minutes,ยึดครองวีแลร์-โบกาฌภายใน %1NUMBER% นาที,แคมเปญไทเกอร์เอซ (บทพูดเยอรมัน),6049400
6049410,Clear and secure Villers-Bocage within the required time limit.,กวาดล้างและยึดครองวีแลร์-โบกาฌภายในเวลาที่กำหนด,แคมเปญไทเกอร์เอซ (บทพูดเยอรมัน),6049410
9384470,Steel Pact (6),สนธิสัญญาเหล็ก (6),แคมเปญไทเกอร์เอซ (บทพูดเยอรมัน),9384470
9384480,"One of the few train yards in northern France that still works, controlling this steel factory is the essential for the Axis and Allied strategies.  Both sides have fought to a stalemate so far, but as forces continue to build up in the region, a decisive battle is inevitable.  The steel pact, made up of narrow passages and concrete walls, will favor commanders that are quick to react and support their allies to achieve victory.",หนึ่งในลานรถไฟไม่กี่แห่งทางตอนเหนือของฝรั่งเศสที่ยังคงใช้งานได้ การควบคุมโรงงานเหล็กแห่งนี้ถือเป็นสิ่งสำคัญสำหรับกลยุทธ์ฝ่ายอักษะและพันธมิตร จนถึงตอนนี้ทั้งสองฝ่ายได้ต่อสู้จนมุม แต่ในขณะที่กองกำลังยังคงก่อตัวขึ้นในภูมิภาคนี้ การสู้รบขั้นเด็ดขาดจึงเป็นสิ่งที่หลีกเลี่ยงไม่ได้ สนธิสัญญาเหล็กที่ประกอบด้วยทางเดินแคบๆ และกำแพงคอนกรีต จะเอื้ออำนวยต่อผู้บังคับบัญชาที่ตอบสนองอย่างรวดเร็วและสนับสนุนพันธมิตรของตนเพื่อให้บรรลุชัยชนะ,แคมเปญไทเกอร์เอซ (บทพูดเยอรมัน),9384480|11005454
9384490,Carpiquet (2),กักปิเกต์ปิเก้ (2),แคมเปญไทเกอร์เอซ (บทพูดเยอรมัน),9384490
9384500,"The airfield at Carpiquet is critical link for the Allied assault on the Axis forces in northern France.  However, the costs will be high to capture the airfield.  Located on high ground and surrounded by forest, the area can be easily defended.  Open fields to the east and south of the airfield allow unhindered movement of vehicles and infantry.  The hangars and support structures to the east offer great cover for infantry, but vehicles may have difficulty navigating through the confined region.",สนามบินที่ Carpiquet เป็นจุดเชื่อมต่อที่สำคัญสำหรับการโจมตีของฝ่ายสัมพันธมิตรต่อกองกำลังฝ่ายอักษะทางตอนเหนือของฝรั่งเศส อย่างไรก็ตาม ค่าใช้จ่ายจะสูงในการยึดสนามบิน ตั้งอยู่บนที่สูงและล้อมรอบด้วยป่าไม้สามารถป้องกันพื้นที่ได้ง่าย ช่องเปิดทางทิศตะวันออกและทิศใต้ของสนามบินช่วยให้ยานพาหนะและทหารราบเคลื่อนที่ได้ไม่จำกัด โรงเก็บเครื่องบินและโครงสร้างรองรับทางทิศตะวันออกเป็นที่กำบังทหารราบได้อย่างดี แต่ยานพาหนะอาจประสบปัญหาในการสัญจรผ่านพื้นที่จำกัด,แคมเปญไทเกอร์เอซ (บทพูดเยอรมัน),9384500
9390000,Hangin’ a louie in twenty minutes! One hundred and twenty two clicks to Chambois.,Hangin' a louie ในยี่สิบนาที! คลิกหนึ่งร้อยยี่สิบสองครั้งเพื่อ Cambois,แคมเปญไทเกอร์เอซ (บทพูดเยอรมัน),9390000
9390010,"Dirty Kraut, what are they doin going West? Do they really think they can take out Patton?",Dirty Kraut พวกเขากำลังทำอะไรไปทางตะวันตก? พวกเขาคิดว่าพวกเขาสามารถเอา Patton ออกไปได้จริงหรือ?,แคมเปญไทเกอร์เอซ (บทพูดเยอรมัน),9390010
9390020,Let em try. With the Brits pushin’ down from the North?,ให้พวกเขาลอง เมื่อชาวอังกฤษผลักลงมาจากทางเหนือเหรอ?,แคมเปญไทเกอร์เอซ (บทพูดเยอรมัน),9390020
9390030,…and the 12th coming up from the South. We’re pinching their entire 7th army right off.,...และลำที่ 12 ขึ้นมาจากทางใต้ เรากำลังบีบกองทัพที่ 7 ทั้งหมดของพวกเขาออกไปทันที,แคมเปญไทเกอร์เอซ (บทพูดเยอรมัน),9390030
9390040,"Chambois, and Trun. Take these two towns, and we got em.",แชมบอยส์ และตรุน เอาสองเมืองนี้ไป เราก็เจอพวกมันแล้ว,แคมเปญไทเกอร์เอซ (บทพูดเยอรมัน),9390040
9390050,Then we just bomb em to high hell.  ,จากนั้นเราก็ทิ้งระเบิดลงนรกสูง,แคมเปญไทเกอร์เอซ (บทพูดเยอรมัน),9390050
9390060,*Light Laughter*,*เสียงหัวเราะเบาๆ*,แคมเปญไทเกอร์เอซ (บทพูดเยอรมัน),9390060|9390070
9390080,This is the 9th Grenadier stationed in Chambois! We’ve got enemies on all sides. We can’t move! The bombs!,นี่คือ เกรนาเดียร์ ที่ 9 ที่ประจำการอยู่ที่ Chambois! เรามีศัตรูอยู่ทุกด้าน เราขยับไม่ได้! ระเบิด!,แคมเปญไทเกอร์เอซ (บทพูดเยอรมัน),9390080
9390090,Come in! Come in! Come in!,เข้ามา! เข้ามา! เข้ามา!,แคมเปญไทเกอร์เอซ (บทพูดเยอรมัน),9390090
9390100,Here they come... ,พวกเขามาที่นี่...,แคมเปญไทเกอร์เอซ (บทพูดเยอรมัน),9390100
9390110,Did you hear that? That came from Chambois. The Americans must have taken over.,คุณได้ยินไหม? นั่นมาจากแชมบอยส์ ชาวอเมริกันจะต้องเข้ายึดครอง,แคมเปญไทเกอร์เอซ (บทพูดเยอรมัน),9390110
9390120,This far east already? And Tommy coming down from the north. We’ll be trapped!,มาไกลถึงทิศตะวันออกขนาดนี้แล้วหรือ? แถมพวกทหารอังกฤษ ยังลงมาจากทางเหนืออีก เราจะติดกับดัก!,แคมเปญไทเกอร์เอซ (บทพูดเยอรมัน),9390120
9390130,We have to go warn the Luftwaffe!,เราต้องไปเตือนกองทัพ!,แคมเปญไทเกอร์เอซ (บทพูดเยอรมัน),9390130
9390140,Do you think we will finally see some Americans?,คุณคิดว่าในที่สุดเราจะได้เห็นคนอเมริกันบ้างไหม?,แคมเปญไทเกอร์เอซ (บทพูดเยอรมัน),9390140
9390150,I think we will see more than a few Americans very soon.,ฉันคิดว่าเราจะได้เห็นชาวอเมริกันมากกว่าสองสามคนในเร็วๆ นี้,แคมเปญไทเกอร์เอซ (บทพูดเยอรมัน),9390150
9390160,Hauptmann Funke! We have urgent news!,เฮาพท์มันน์ ฟังเคอ! เรามีข่าวด่วน!,แคมเปญไทเกอร์เอซ (บทพูดเยอรมัน),9390160
9390170,"What is it, Hess? This better be important.",อะไรนะเฮสส์? เรื่องนี้สำคัญกว่า,แคมเปญไทเกอร์เอซ (บทพูดเยอรมัน),9390170
9390180,"The Americans, they have taken Chambois!",พวกอเมริกัน พวกเขายึด Chambois แล้ว!,แคมเปญไทเกอร์เอซ (บทพูดเยอรมัน),9390180
9390210,Deploy the 88s. We don't want to be caught unprepared.,ส่งกำลังรบปืนใหญ่ 88 มม. เราไม่ต้องการที่จะถูกจับโดยไม่ได้เตรียมตัว,แคมเปญไทเกอร์เอซ (บทพูดเยอรมัน),9390210
9390240,"Alert the men, they've had enough rest. We would not want them to be caught offguard.",แจ้งเตือนพวกทหาร พวกเขาพักผ่อนเพียงพอแล้ว เราไม่อยากให้พวกเขาถูกจับได้ว่าขุ่นเคือง,แคมเปญไทเกอร์เอซ (บทพูดเยอรมัน),9390240
9390260,Why do we need to build 88s to protect our Panzers? They are undefeatable.,ทำไมเราต้องสร้างปืนใหญ่ 88 มม. เพื่อปกป้องยานเกราะของเรา? พวกเขาไม่สามารถเอาชนะได้,แคมเปญไทเกอร์เอซ (บทพูดเยอรมัน),9390260
9390270,Our Panzer are superior to the American tanks.,Panzer ของเราเหนือกว่ารถถังอเมริกา,แคมเปญไทเกอร์เอซ (บทพูดเยอรมัน),9390270
9390300,But even superior machines cannot defeat something they cannot attack.,แต่แม้แต่เครื่องจักรที่เหนือกว่าก็ไม่สามารถเอาชนะสิ่งที่พวกเขาไม่สามารถโจมตีได้,แคมเปญไทเกอร์เอซ (บทพูดเยอรมัน),9390300
9390310,Incoming! American planes!,กำลังมา! เครื่องบินอเมริกา!,แคมเปญไทเกอร์เอซ (บทพูดเยอรมัน),9390310
9390320,That was a spotter plane. Must have been looking for potential targets.,นั่นคือเครื่องบินพลชี้เป้า คงต้องมองหาเป้าหมายที่เป็นไปได้,แคมเปญไทเกอร์เอซ (บทพูดเยอรมัน),9390320
9390330,I am sure they have found them. We need those 88s up now!,ฉันแน่ใจว่าพวกเขาพบพวกเขาแล้ว เราต้องการปืนใหญ่ 88 มม. ขึ้นไปตอนนี้!,แคมเปญไทเกอร์เอซ (บทพูดเยอรมัน),9390330
9390340,And get the men battle ready! We must be prepared.,และเตรียมการต่อสู้ให้พร้อม! เราต้องเตรียมตัวให้พร้อม,แคมเปญไทเกอร์เอซ (บทพูดเยอรมัน),9390340
9390360,Get up! Get up you fools! The Americans are here!,ลุกขึ้น! ลุกขึ้นมานะพวกโง่! ชาวอเมริกันมาแล้ว!,แคมเปญไทเกอร์เอซ (บทพูดเยอรมัน),9390360
9390370,Wake up! Get your weapons! Americans attack!,ตื่น! รับอาวุธของคุณ! ชาวอเมริกันโจมตี!,แคมเปญไทเกอร์เอซ (บทพูดเยอรมัน),9390370
9390380,"Hauptmann's orders, everyone outside! The Americans are here!",คำสั่งของ เฮาพท์มันน์ ทุกคนที่อยู่ข้างนอก! ชาวอเมริกันมาแล้ว!,แคมเปญไทเกอร์เอซ (บทพูดเยอรมัน),9390380
9390390,Wake up you fools! The Allies are attacking Trun!,ตื่นได้แล้วพวกโง่! พันธมิตรกำลังโจมตีทรุน!,แคมเปญไทเกอร์เอซ (บทพูดเยอรมัน),9390390
9390400,Do you not hear what is going on outside!? Get up and fight!,ไม่ได้ยินว่าเกิดอะไรขึ้นข้างนอก!? ลุกขึ้นสู้!,แคมเปญไทเกอร์เอซ (บทพูดเยอรมัน),9390400
9390410,The Americans are attacking Trun! All guns outside!,ชาวอเมริกันกำลังโจมตี Trun! ปืนทั้งหมดอยู่ข้างนอก!,แคมเปญไทเกอร์เอซ (บทพูดเยอรมัน),9390410
9390411,Oh no! They are dropping paratroopers!,ไม่นะ! พวกเขากำลังทิ้งพลร่ม!,แคมเปญไทเกอร์เอซ (บทพูดเยอรมัน),9390411
9390412,More paratroopers dropping down from the sky! Scheisse!,พลร่มจำนวนมากตกลงมาจากท้องฟ้า! เชส!,แคมเปญไทเกอร์เอซ (บทพูดเยอรมัน),9390412
9390413,We must dispose of the paratroopers. ,เราต้องกำจัดพลร่ม,แคมเปญไทเกอร์เอซ (บทพูดเยอรมัน),9390413
9390414,We must stop them from spotting our tanks!,เราต้องหยุดพวกเขาไม่ให้มองเห็นรถถังของเรา!,แคมเปญไทเกอร์เอซ (บทพูดเยอรมัน),9390414
9390415,The paratroopers are burying mines!,พลร่มกำลังฝังทุ่นระเบิด!,แคมเปญไทเกอร์เอซ (บทพูดเยอรมัน),9390415
9390416,"Hess, Bormann, deal with them!",เฮส บอร์มันน์ จัดการกับพวกมัน!,แคมเปญไทเกอร์เอซ (บทพูดเยอรมัน),9390416
9390417,Watch your step!,ระวังขั้นตอนของคุณ!,แคมเปญไทเกอร์เอซ (บทพูดเยอรมัน),9390417
9390418,The paratroopers are digging in!,เหล่าพลร่มกำลังขุดสนามเพลาะตั้งรับ!,แคมเปญไทเกอร์เอซ (บทพูดเยอรมัน),9390418
9390419,We need to get them out of those buildings!,เราต้องพาพวกเขาออกไปจากอาคารเหล่านั้น!,แคมเปญไทเกอร์เอซ (บทพูดเยอรมัน),9390419
9390420,Funke! deal with these Americans. They are scratching the paint on my Panzers.,ฟังค์! จัดการพวกอเมริกันพวกนั้นที พวกมันยิงจนสีตัวถังรถถังเราถลอกหมดแล้ว!,แคมเปญไทเกอร์เอซ (บทพูดเยอรมัน),9390420
9390421,Funke! deal with these Americans. They are scratching the paint off my Panzer.,ฟังค์! จัดการพวกอเมริกันพวกนั้นที พวกมันยิงขูดสีตัวถังรถถังเราหมดแล้ว!,แคมเปญไทเกอร์เอซ (บทพูดเยอรมัน),9390421
9390430,Hess! Get some men over to the Oberst Panzer. They are NOT to be shot at!,เฮส! พาคนไปที่ Oberst Panzer พวกเขาไม่ควรถูกยิง!,แคมเปญไทเกอร์เอซ (บทพูดเยอรมัน),9390430
9390440,Get the Paratroopers off our backs Funke!,เอาพลร่มออกจากหลังของเรา Funke!,แคมเปญไทเกอร์เอซ (บทพูดเยอรมัน),9390440
9390441,"Good job, everyone. The Paratroopers are fleeing.",ทำได้ดีมากทุกคน พวกพลร่มกำลังหลบหนี,แคมเปญไทเกอร์เอซ (บทพูดเยอรมัน),9390441
9390442,But the American cowards are sure to return.,แต่คนขี้ขลาดอเมริกันจะกลับมาอย่างแน่นอน,แคมเปญไทเกอร์เอซ (บทพูดเยอรมัน),9390442
9390520,The Americans are on their way.,ชาวอเมริกันกำลังเดินทาง,แคมเปญไทเกอร์เอซ (บทพูดเยอรมัน),9390520
9390530,We must present a strong defense. ,เราต้องแสดงการป้องกันที่แข็งแกร่ง,แคมเปญไทเกอร์เอซ (บทพูดเยอรมัน),9390530
9390531,Keep the Panzer hidden and safe until nightfall.,เก็บ Panzer ไว้เป็นความลับและปลอดภัยจนถึงค่ำ,แคมเปญไทเกอร์เอซ (บทพูดเยอรมัน),9390531
9390540,"Stop them Hess. Defend against the assault, Don't fail me again.",หยุดพวกมันได้แล้วเฮส ป้องกันการจู่โจม อย่าทำให้ฉันผิดหวังอีก,แคมเปญไทเกอร์เอซ (บทพูดเยอรมัน),9390540
9390541,The Americans are trying to catch us off guard.,ชาวอเมริกันกำลังพยายามจับเราไม่ระวัง,แคมเปญไทเกอร์เอซ (บทพูดเยอรมัน),9390541
9390542,Stop those spielezeugepanzer.,หยุด spielezeugepanzer เหล่านั้น,แคมเปญไทเกอร์เอซ (บทพูดเยอรมัน),9390542
9390543,The Americans are arriving in force.,ชาวอเมริกันกำลังเข้ามาบังคับ,แคมเปญไทเกอร์เอซ (บทพูดเยอรมัน),9390543
9390544,They must not find the tanks! Defend the Panzer at ALL costs!,พวกเขาจะต้องไม่พบรถถัง! ปกป้อง Panzer ด้วยทุกวิถีทาง!,แคมเปญไทเกอร์เอซ (บทพูดเยอรมัน),9390544
9390545,What is that!?,นั่นอะไรน่ะ!?,แคมเปญไทเกอร์เอซ (บทพูดเยอรมัน),9390545
9390546,That is a Hellcat Jagdpanzer.,นั่นคือเฮลแคท แจ็กด์แพนเซอร์,แคมเปญไทเกอร์เอซ (บทพูดเยอรมัน),9390546
9390547,"If you see one, shoot it in the rear with a Panzershrek.",หากคุณเห็นสิ่งนั้น ให้ยิงมันไปทางด้านหลังด้วย Panzershrek,แคมเปญไทเกอร์เอซ (บทพูดเยอรมัน),9390547
9390548,Oh no! Jabos!,ไม่นะ! เครื่องบินจาโบส์ มาแล้ว!,แคมเปญไทเกอร์เอซ (บทพูดเยอรมัน),9390548
9390549,The American rockets are destroying my tanks!,จรวดของพวกอเมริกากำลังถล่มรถถังของฉัน!,แคมเปญไทเกอร์เอซ (บทพูดเยอรมัน),9390549
9390550,Our panzer will cut a swathe through their lines like a scythe through grass. We’ll give the Americans a taste of German Engineering.,ยานเกราะของเราจะตัดแนวของมันเหมือนเคียวผ่านหญ้า เราจะให้ชาวอเมริกันได้ลิ้มรสทหารช่างสนามรมเยอรมัน,แคมเปญไทเกอร์เอซ (บทพูดเยอรมัน),9390550
9390560,This is unacceptable! Get those swine away from us!,นี่เป็นที่ยอมรับไม่ได้! เอาหมูพวกนั้นออกไปจากพวกเรา!,แคมเปญไทเกอร์เอซ (บทพูดเยอรมัน),9390560
9390561,The Americans are leaving?,ชาวอเมริกันกำลังจะจากไป?,แคมเปญไทเกอร์เอซ (บทพูดเยอรมัน),9390561
9390562,The cowards do not fight in the dark.,คนขี้ขลาดไม่ต่อสู้ในความมืด,แคมเปญไทเกอร์เอซ (บทพูดเยอรมัน),9390562
9390563,"OBERST HEIMCHLAR to all Panzer crews, darkness has fallen; now we move.",โอเบิร์สท์ ไฮม์คลาร์ ถึงลูกเรือแพนเซอร์ทุกคน ความมืดมาเยือนแล้ว ตอนนี้เราเคลื่อนพล,แคมเปญไทเกอร์เอซ (บทพูดเยอรมัน),9390563
9390564,"You have failed the Fatherland, Funke. Go home. You should be pushing papers, not commanding Kampfgruppen.",คุณล้มเหลวในปิตุภูมิ Funke กลับบ้าน. คุณควรจะดันเอกสาร ไม่ใช่ออกคำสั่งคัมพฟ์กรุปเปน,แคมเปญไทเกอร์เอซ (บทพูดเยอรมัน),9390564
9390565,"Hauptman, against my expectations, you were not a complete failure today. ",Hauptman เทียบกับความคาดหวังของฉัน วันนี้คุณไม่ได้ล้มเหลวโดยสิ้นเชิง,แคมเปญไทเกอร์เอซ (บทพูดเยอรมัน),9390565
9390566,"Hauptman, you did well here today. I will pass on my recommendations to High Command.",ฮาพท์แมน วันนี้คุณทำได้ดีที่นี่ ฉันจะส่งต่อคำแนะนำของฉันไปยังผู้บัญชาการระดับสูง,แคมเปญไทเกอร์เอซ (บทพูดเยอรมัน),9390566
9390567,Now I will show you real leadership!,ตอนนี้ฉันจะแสดงให้คุณเห็นความเป็นผู้นำที่แท้จริง!,แคมเปญไทเกอร์เอซ (บทพูดเยอรมัน),9390567
9390570,As long as the American planes -,ตราบใดที่เครื่องบินอเมริกัน -,แคมเปญไทเกอร์เอซ (บทพูดเยอรมัน),9390570
9390590,Our steel is strong! The American bombs will fall upon our Panzer like rain on rock.,เหล็กเราแกร่ง! ระเบิดของอเมริกาจะตกลงใส่ยานเกราะของเราเหมือนฝนบนก้อนหิน,แคมเปญไทเกอร์เอซ (บทพูดเยอรมัน),9390590
9390600,What is he doing? He’s driving straight into the Allied front lines!,เขากำลังทำอะไรอยู่? เขากำลังขับตรงเข้าสู่แนวหน้าของฝ่ายสัมพันธมิตร!,แคมเปญไทเกอร์เอซ (บทพูดเยอรมัน),9390600
9390610,High Command has ordered him to attack. What else can he do?,กองบัญชาการสูงสุดสั่งให้เขาโจมตี เขาทำอะไรได้อีก?,แคมเปญไทเกอร์เอซ (บทพูดเยอรมัน),9390610
9390620,I don’t think anyone has any idea what’s going on anymore.,ฉันไม่คิดว่าจะมีใครรู้ว่าเกิดอะไรขึ้นอีกต่อไป,แคมเปญไทเกอร์เอซ (บทพูดเยอรมัน),9390620
9390630,"Good luck, Oberst.",โชคดีนะโอเบิร์ท,แคมเปญไทเกอร์เอซ (บทพูดเยอรมัน),9390630
9390640,"Luck is for the weak, Hauptmann.",โชคมีไว้สำหรับผู้อ่อนแอ เฮาพท์มันน์,แคมเปญไทเกอร์เอซ (บทพูดเยอรมัน),9390640
9391701,Defend the every shrinking western front against the inevitable Allied advance.,ปกป้องแนวรบด้านตะวันตกที่หดตัวทุกด้านจากการรุกคืบของฝ่ายพันธมิตรอย่างหลีกเลี่ยงไม่ได้,แคมเปญไทเกอร์เอซ (บทพูดเยอรมัน),9391701
9391704,"To unlock, please purchase Company of Heroes: Tales of Valor",หากต้องการปลดลค โปรดซื้อ Company of Heroes: Tales of Valor,แคมเปญไทเกอร์เอซ (บทพูดเยอรมัน),9391704|9419791
9391705,Trun: Swatting Flies,Trun: ตบแมลงวัน,แคมเปญไทเกอร์เอซ (บทพูดเยอรมัน),9391705
9391706,TRUN1,ทรู1,แคมเปญไทเกอร์เอซ (บทพูดเยอรมัน),9391706
9391707,"The Allies close in on Trun, and target our Panzers with their planes. Protect the Panzers until nightfall, until they can move out under the cover of darkness.",ฝ่ายพันธมิตรเข้าใกล้ Trun และมุ่งเป้าไปที่ยานเกราะ Panzer ของเราด้วยเครื่องบินของพวกเขา ปกป้องพวกแพนเซอร์จนถึงค่ำ จนกว่าพวกเขาจะเคลื่อนตัวออกไปภายใต้ความมืดมิดได้,แคมเปญไทเกอร์เอซ (บทพูดเยอรมัน),9391707
9391708,City Under Siege,เมืองภายใต้การล้อม,แคมเปญไทเกอร์เอซ (บทพูดเยอรมัน),9391708
9391709,TRUN2,ทรัน2,แคมเปญไทเกอร์เอซ (บทพูดเยอรมัน),9391709
9391710,It will only be a matter of time until the Americans make another move on Trun. Fortify the town and repel any remaining Allied forces before another American push occurs.,มันจะเป็นเรื่องของเวลาเท่านั้นจนกว่าชาวอเมริกันจะเคลื่อนไหวกับ Trun อีกครั้ง เสริมกำลังเมืองและขับไล่กองกำลังพันธมิตรที่เหลืออยู่ก่อนที่จะมีการรุกของอเมริกาอีกครั้ง,แคมเปญไทเกอร์เอซ (บทพูดเยอรมัน),9391710
9391711,The Exodus Begins,การอพยพเริ่มต้นขึ้น,แคมเปญไทเกอร์เอซ (บทพูดเยอรมัน),9391711
9391712,TRUN3,ทรัน3,แคมเปญไทเกอร์เอซ (บทพูดเยอรมัน),9391712
9391713,Hold Trun and keep the door open for our comrades. The final defense against the American and Commonwealth forces has begun. This is the last stand.,จับ Trun แล้วเปิดประตูให้พันธมิตรของเรา การป้องกันขั้นสุดท้ายต่อกองกำลังอเมริกันและเครือจักรภพได้เริ่มต้นขึ้นแล้ว นี่คือจุดยืนสุดท้าย,แคมเปญไทเกอร์เอซ (บทพูดเยอรมัน),9391713
9391714,The Battle of The Falaise Pocket,แคมเปญวงล้อมฟาเลส์,แคมเปญไทเกอร์เอซ (บทพูดเยอรมัน),9391714
9391715,Falaise,ฟาเลซ,แคมเปญไทเกอร์เอซ (บทพูดเยอรมัน),9391715
9391716,Trun,ตรุน,แคมเปญไทเกอร์เอซ (บทพูดเยอรมัน),9391716
9391717,Trun_FalaisePocket,Trun_FalaisePocket,แคมเปญไทเกอร์เอซ (บทพูดเยอรมัน),9391717
9391718,"Trun, Normandy.","ตรุน, นอร์มงดี.",แคมเปญไทเกอร์เอซ (บทพูดเยอรมัน),9391718|9391720|9391722|9391724
9391719,0717hrs. August 15th 1944,0717น. 15 สิงหาคม 1944,แคมเปญไทเกอร์เอซ (บทพูดเยอรมัน),9391719
9391721,1026hrs. August 17th 1944,"1,026น. 17 สิงหาคม 1944",แคมเปญไทเกอร์เอซ (บทพูดเยอรมัน),9391721
9391723,1602hrs. August 18th 1944,16.02 น. 18 สิงหาคม 1944,แคมเปญไทเกอร์เอซ (บทพูดเยอรมัน),9391723
9391725,1602hrs. August 20th 1944,16.02 น. 20 สิงหาคม 1944,แคมเปญไทเกอร์เอซ (บทพูดเยอรมัน),9391725
9391726,"346th Infantry Division, LXXXVI Corps ",กองพลทหารราบที่ 346 กองพล LXXXVI,แคมเปญไทเกอร์เอซ (บทพูดเยอรมัน),9391726
9391727,"16th Luftwaffe Field Division, LXXXVI Corps","กองพลสนามกองทัพที่ 16, กองพล LXXXVI",แคมเปญไทเกอร์เอซ (บทพูดเยอรมัน),9391727
9391728,US 90th Division,ดิวิชั่น 90 สหรัฐ,แคมเปญไทเกอร์เอซ (บทพูดเยอรมัน),9391728
9391729,Polish 1st Armoured Division,กองพลยานเกราะที่ 1 ของโปแลนด์,แคมเปญไทเกอร์เอซ (บทพูดเยอรมัน),9391729
9391730,Canadian 4th Armoured Division,กองพลยานเกราะที่ 4 ของแคนาดา,แคมเปญไทเกอร์เอซ (บทพูดเยอรมัน),9391730
9391731,"21st Panzer Division, LXXXVI Corps",กองพลยานเกราะที่ 21 กองพล LXXXVI,แคมเปญไทเกอร์เอซ (บทพูดเยอรมัน),9391731
9391732,Limit of 5: Deployed 88 Emplacements,จำกัดที่ 5: ส่งกำลังรบ 88 ตำแหน่ง,แคมเปญไทเกอร์เอซ (บทพูดเยอรมัน),9391732
9394050,The US 90th Division has been repelled for now.,ขณะนี้กองพลที่ 90 ของสหรัฐฯ ถูกขับไล่ไปแล้ว,แคมเปญไทเกอร์เอซ (บทพูดเยอรมัน),9394050
9394051,The Panzer Division has been crushed.,กองยานเกราะถูกบดขยี้,แคมเปญไทเกอร์เอซ (บทพูดเยอรมัน),9394051
9394504,Report to the Church,ไปรายงานตัวที่โบสถ์,แคมเปญไทเกอร์เอซ (บทพูดเยอรมัน),9394504
9394505,Alert Hauptmann Funke at the Church. He must be alerted of the possible invasion.,แจ้งเตือน เฮาพท์มันน์ Funke ที่โบสถ์ เขาจะต้องได้รับการแจ้งเตือนถึงการบุกรุกที่อาจเกิดขึ้น,แคมเปญไทเกอร์เอซ (บทพูดเยอรมัน),9394505
9394506,Hauptmann Alerted,เฮาพท์มันน์ แจ้งเตือน,แคมเปญไทเกอร์เอซ (บทพูดเยอรมัน),9394506
9394507,Build 88 Emplacement,สร้างตำแหน่ง 88,แคมเปญไทเกอร์เอซ (บทพูดเยอรมัน),9394507
9394508,Order the Luftwaffe to build at least one 88 emplacement and protect the church from Allied Aircraft.,สั่งการให้กองทัพอากาศ สร้างฐานปืน Flak 88 อย่างน้อยหนึ่งแห่ง และปกป้องโบสถ์จากเครื่องบินของฝ่ายสัมพันธมิตร,แคมเปญไทเกอร์เอซ (บทพูดเยอรมัน),9394508
9394509,88 Emplacement Built,88 ตำแหน่งที่สร้างขึ้น,แคมเปญไทเกอร์เอซ (บทพูดเยอรมัน),9394509
9394510,Alert the Garrisons,แจ้งเตือนเข้าประจำการในอาคาร,แคมเปญไทเกอร์เอซ (บทพูดเยอรมัน),9394510
9394511,Rouse the soldiers within the garrisons and alert them of the incoming Allies.,ปลุกทหารในเข้าประจำการในอาคารและแจ้งเตือนพวกเขาถึงพันธมิตรที่เข้ามา,แคมเปญไทเกอร์เอซ (บทพูดเยอรมัน),9394511
9394512,All Garrisons Alerted,เข้าประจำการในอาคารทั้งหมดได้รับการแจ้งเตือน,แคมเปญไทเกอร์เอซ (บทพูดเยอรมัน),9394512
9394513,Intercept Allied Recon,สกัดกั้นหน่วยลาดตระเวนของฝ่ายสัมพันธมิตร,แคมเปญไทเกอร์เอซ (บทพูดเยอรมัน),9394513
9394514,Stop the Allied recon forces before they locate the Panzers.,หยุดกองกำลังลาดตระเวนของฝ่ายพันธมิตรก่อนที่พวกเขาจะค้นหา Panzers,แคมเปญไทเกอร์เอซ (บทพูดเยอรมัน),9394514
9394515,Allied Recon Forces Elliminated,กองกำลังรีคอนพันธมิตรถูกกำจัด,แคมเปญไทเกอร์เอซ (บทพูดเยอรมัน),9394515
9394516,Shield the Panzers,ปกป้องแพนเซอร์,แคมเปญไทเกอร์เอซ (บทพูดเยอรมัน),9394516
9394517,Keep the Panzers free from Allied harassment.  Ensure that the paratroopers and planes do not find them.,รักษา Panzers ให้ปลอดจากการคุกคามของฝ่ายพันธมิตร ตรวจสอบให้แน่ใจว่าพลร่มและเครื่องบินไม่พบพวกเขา,แคมเปญไทเกอร์เอซ (บทพูดเยอรมัน),9394517
9394518,Panzers Protected,ยานเกราะได้รับการปกป้อง,แคมเปญไทเกอร์เอซ (บทพูดเยอรมัน),9394518
9394519,Stop the Allied recon forces from destroying the Panzers.,หยุดกองกำลังลาดตระเวนของพันธมิตรจากการทำลายยานเกราะ,แคมเปญไทเกอร์เอซ (บทพูดเยอรมัน),9394519
9394525,Prevent Any Panzer Casualties,ป้องกันการบาดเจ็บล้มตายของยานเกราะ,แคมเปญไทเกอร์เอซ (บทพูดเยอรมัน),9394525
9394526,Do not let any harm come to the Panzer division. Not a single tank can be lost.,อย่าปล่อยให้อันตรายใดๆ มาสู่ฝ่ายยานเกราะ รถถังคันเดียวไม่สามารถสูญหายได้,แคมเปญไทเกอร์เอซ (บทพูดเยอรมัน),9394526
9394527,No Panzers Lost,ไม่มียานเกราะที่สูญหาย,แคมเปญไทเกอร์เอซ (บทพูดเยอรมัน),9394527
9394600,Select Builder Unit,เลือกหน่วยตัวสร้าง,แคมเปญไทเกอร์เอซ (บทพูดเยอรมัน),9394600
9394601,Build 88 Emplacement Here,สร้างตำแหน่ง 88 ที่นี่,แคมเปญไทเกอร์เอซ (บทพูดเยอรมัน),9394601
9394602,Axis Garrison,กองทหารฝ่ายอักษะ,แคมเปญไทเกอร์เอซ (บทพูดเยอรมัน),9394602|9399602|9404602
9394603,Enter Garrison,เข้าสู่เข้าประจำการในอาคาร,แคมเปญไทเกอร์เอซ (บทพูดเยอรมัน),9394603|9399603|9404612
9394604,Securing Garrisons unlocks additional unit types,การรักษาความปลอดภัยป้อมปราการจะปลดลคประเภทยูนิตเพิ่มเติม,แคมเปญไทเกอร์เอซ (บทพูดเยอรมัน),9394604
9394605,New Vehicle,ยานพาหนะใหม่,แคมเปญไทเกอร์เอซ (บทพูดเยอรมัน),9394605|9399607
9394606,New Infantry,ทหารราบใหม่,แคมเปญไทเกอร์เอซ (บทพูดเยอรมัน),9394606|9399606
9394607,Armored Car Garrison,กองพันรถหุ้มเกราะ,แคมเปญไทเกอร์เอซ (บทพูดเยอรมัน),9394607
9394608,Pioneer Garrison,ไพโอเนียร์ แกร์ริสัน,แคมเปญไทเกอร์เอซ (บทพูดเยอรมัน),9394608|9399614
9394609,HMG42 Garrison,กองพัน HMG42,แคมเปญไทเกอร์เอซ (บทพูดเยอรมัน),9394609|9399610
9394610,Heavy MG Garrison,กองทหาร MG หนัก,แคมเปญไทเกอร์เอซ (บทพูดเยอรมัน),9394610
9394611,Grenadier Garrison,เข้าประจำการในอาคาร เกรนาเดียร์,แคมเปญไทเกอร์เอซ (บทพูดเยอรมัน),9394611|9399611
9394613,Puma Garrison,พูม่า แกร์ริสัน,แคมเปญไทเกอร์เอซ (บทพูดเยอรมัน),9394613|9399615
9394614,Luftwaffe Garrision,กองทหารกองทัพบก,แคมเปญไทเกอร์เอซ (บทพูดเยอรมัน),9394614
9394615,Volksgrenadier Garrison,กองทหาร Volksgrenadier,แคมเปญไทเกอร์เอซ (บทพูดเยอรมัน),9394615|9399617
9394616,Halftrack Garrison,เข้าประจำการในอาคาร รถสายพานกึ่งล้อยาง,แคมเปญไทเกอร์เอซ (บทพูดเยอรมัน),9394616
9394617,Snipers Nest,รังสไนเปอร์,แคมเปญไทเกอร์เอซ (บทพูดเยอรมัน),9394617
9394618,Manpower + ,กำลังพล +,แคมเปญไทเกอร์เอซ (บทพูดเยอรมัน),9394618
9394619,Fuel +,เชื้อเพลิง +,แคมเปญไทเกอร์เอซ (บทพูดเยอรมัน),9394619|9399627|9404615
9394620,Munition +,อาวุธยุทโธปกรณ์ +,แคมเปญไทเกอร์เอซ (บทพูดเยอรมัน),9394620|9399626|9404614
9394621,Raise Flag,ยกธง,แคมเปญไทเกอร์เอซ (บทพูดเยอรมัน),9394621|9399601
9394623,Paratroopers have planted an anti-personnel mine,พลร่มได้วางทุ่นระเบิดต่อต้านบุคคล,แคมเปญไทเกอร์เอซ (บทพูดเยอรมัน),9394623
9394624,Alert the Luftwaffe,แจ้งเตือนกองทัพบก,แคมเปญไทเกอร์เอซ (บทพูดเยอรมัน),9394624
9394625,"Village of trun, 346th Infantry Division Radio OP",หมู่บ้านตรุน วิทยุ กองพลทหารราบที่ 346,แคมเปญไทเกอร์เอซ (บทพูดเยอรมัน),9394625
9394626,Resource Granted,ได้รับทรัพยากรแล้ว,แคมเปญไทเกอร์เอซ (บทพูดเยอรมัน),9394626|9399624
9394627,Activate Direct Fire,เปิดใช้งานการเล็งยิงโดยตรง,แคมเปญไทเกอร์เอซ (บทพูดเยอรมัน),9394627
9394628,Use Direct Fire,ใช้การเล็งยิงโดยตรง,แคมเปญไทเกอร์เอซ (บทพูดเยอรมัน),9394628
9394629,Direct Fire Flamethrower,การเล็งยิงโดยตรง: เครื่องพ่นไฟ,แคมเปญไทเกอร์เอซ (บทพูดเยอรมัน),9394629
9394630,Direct Fire Sniper Rifle,การเล็งยิงโดยตรง: ปืนไรเฟิลซุ่มยิง,แคมเปญไทเกอร์เอซ (บทพูดเยอรมัน),9394630
9394631,Direct Fire Flak 88,การเล็งยิงโดยตรง: ปืน Flak 88,แคมเปญไทเกอร์เอซ (บทพูดเยอรมัน),9394631
9394632,Oberst Heimchlar,โอเบิร์สท์ ไฮม์คลาร์,แคมเปญไทเกอร์เอซ (บทพูดเยอรมัน),9394632
9394633,Panzer Division,กองยานเกราะ,แคมเปญไทเกอร์เอซ (บทพูดเยอรมัน),9394633
9394634,Inactive Panzer,ยานเกราะที่ไม่ใช้งาน,แคมเปญไทเกอร์เอซ (บทพูดเยอรมัน),9394634
9394635,Critical Damage,ความเสียหายร้ายแรง,แคมเปญไทเกอร์เอซ (บทพูดเยอรมัน),9394635|9404643
9394636,Panzer Lost,แพนเซอร์แพ้แล้ว,แคมเปญไทเกอร์เอซ (บทพูดเยอรมัน),9394636
9394637,Defend Panzer,ปกป้องยานเกราะ,แคมเปญไทเกอร์เอซ (บทพูดเยอรมัน),9394637
9394638,Panzer Spotted,ยานเกราะถูกพบเห็น,แคมเปญไทเกอร์เอซ (บทพูดเยอรมัน),9394638
9394639,Build 88 here,สร้าง 88 ที่นี่,แคมเปญไทเกอร์เอซ (บทพูดเยอรมัน),9394639
9394640,Defend Crossroad,ปกป้องทางแยก,แคมเปญไทเกอร์เอซ (บทพูดเยอรมัน),9394640
9394641,Warning Mine,คำเตือน: ทุ่นระเบิด,แคมเปญไทเกอร์เอซ (บทพูดเยอรมัน),9394641
9394642,Defuse Mine,กู้ทุ่นระเบิด,แคมเปญไทเกอร์เอซ (บทพูดเยอรมัน),9394642
9394644,Enemy Recon,ศัตรูรีคอน,แคมเปญไทเกอร์เอซ (บทพูดเยอรมัน),9394644
9394645,Destroy Enemy Recon,ทำลายศัตรูรีคอน,แคมเปญไทเกอร์เอซ (บทพูดเยอรมัน),9394645
9394646,Destroy Enemy Squad,ทำลายหน่วยศัตรู,แคมเปญไทเกอร์เอซ (บทพูดเยอรมัน),9394646
9394647,Propaganda Ability,ความสามารถในการโฆษณาชวนเชื่อ,แคมเปญไทเกอร์เอซ (บทพูดเยอรมัน),9394647
9394648,Inspired Assault Ability,ความสามารถในการโจมตีที่ได้รับแรงบันดาลใจ,แคมเปญไทเกอร์เอซ (บทพูดเยอรมัน),9394648
9394649,Blitzkrieg Assault Ability,ความสามารถในการโจมตีแบบสายฟ้าแลบ,แคมเปญไทเกอร์เอซ (บทพูดเยอรมัน),9394649
9394651,Booby Trap Point,จุดกับดักบูบี้,แคมเปญไทเกอร์เอซ (บทพูดเยอรมัน),9394651
9394653,Butterfly Bombs Ability,ความสามารถในการระเบิดผีเสื้อ,แคมเปญไทเกอร์เอซ (บทพูดเยอรมัน),9394653
9394654,Firestorm Ability,ความสามารถของพายุไฟ,แคมเปญไทเกอร์เอซ (บทพูดเยอรมัน),9394654
9394655,V1 Rocket Ability,ความสามารถของจรวด V1,แคมเปญไทเกอร์เอซ (บทพูดเยอรมัน),9394655
9394656,Henschel Bombing Run Ability,ความสามารถในการวิ่งด้วยระเบิดของ Henschel,แคมเปญไทเกอร์เอซ (บทพูดเยอรมัน),9394656
9394657,Call In Henschel Airstrike,เรียกการโจมตีทางอากาศของ Henschel,แคมเปญไทเกอร์เอซ (บทพูดเยอรมัน),9394657
9394658,Drop Butterfly Bombs,วางระเบิดผีเสื้อ,แคมเปญไทเกอร์เอซ (บทพูดเยอรมัน),9394658
9394659,Call In V1 Rocket,โทรเข้า V1 Rocket,แคมเปญไทเกอร์เอซ (บทพูดเยอรมัน),9394659
9394660,Call In Firestorm,โทรหา Firestorm,แคมเปญไทเกอร์เอซ (บทพูดเยอรมัน),9394660
9394661,Drop Propaganda,วางโฆษณาชวนเชื่อ,แคมเปญไทเกอร์เอซ (บทพูดเยอรมัน),9394661
9394662,Panzer Under Attack,ยานเกราะภายใต้การโจมตี,แคมเปญไทเกอร์เอซ (บทพูดเยอรมัน),9394662
9394663,+ %1Amount% Manpower ,+ %1Amount% กำลังพล,แคมเปญไทเกอร์เอซ (บทพูดเยอรมัน),9394663
9394664,+ %1Amount% Fuel ,+ %1Amount% น้ำมันเชื้อเพลิง,แคมเปญไทเกอร์เอซ (บทพูดเยอรมัน),9394664
9394665,+ %1Amount% Munition,+ %1Amount% กระสุน,แคมเปญไทเกอร์เอซ (บทพูดเยอรมัน),9394665
9395060,Hauptmann Funke has delegated responsibility to me. So listen up.,เฮาพท์มันน์ Funke มอบหมายความรับผิดชอบให้ฉันแล้ว ดังนั้นจงฟังให้ดี,แคมเปญไทเกอร์เอซ (บทพูดเยอรมัน),9395060
9395061,The Americans could be here at any moment.,ชาวอเมริกันอาจอยู่ที่นี่เมื่อใดก็ได้,แคมเปญไทเกอร์เอซ (บทพูดเยอรมัน),9395061
9395062,"They will not underestimate us again, so expect a much larger force.",พวกเขาจะไม่ดูถูกเราอีก ดังนั้นจงคาดหวังถึงพลังที่ใหญ่กว่านี้มาก,แคมเปญไทเกอร์เอซ (บทพูดเยอรมัน),9395062
9395063,Our garrisons must be defended.,กองทหารของเราจะต้องได้รับการปกป้อง,แคมเปญไทเกอร์เอซ (บทพูดเยอรมัน),9395063
9395064,"If the battle looks grim, focus all defences around the river crossings.",หากการต่อสู้ดูน่ากลัว ให้เน้นการป้องกันทั้งหมดบริเวณทางข้ามแม่น้ำ,แคมเปญไทเกอร์เอซ (บทพูดเยอรมัน),9395064
9395065,"And no matter what, defend the church. ",และไม่ว่าจะเกิดอะไรขึ้น จงปกป้องโบสถ์เอาไว้,แคมเปญไทเกอร์เอซ (บทพูดเยอรมัน),9395065
9395066,"If we lose that, all hope is lost.",ถ้าเราสูญเสียสิ่งนั้นไป ความหวังทั้งหมดก็จะสูญสลายไป,แคมเปญไทเกอร์เอซ (บทพูดเยอรมัน),9395066
9395070,What is this? American troops!,นี่คืออะไร? กองทหารอเมริกัน!,แคมเปญไทเกอร์เอซ (บทพูดเยอรมัน),9395070
9395080,Without any warning?,โดยไม่มีคำเตือนใดๆ?,แคมเปญไทเกอร์เอซ (บทพูดเยอรมัน),9395080
9395090,Leutnant Hess! Orders!,ลอยแนนต์ เฮสส์! คำสั่ง!,แคมเปญไทเกอร์เอซ (บทพูดเยอรมัน),9395090
9395160,Sir! The Americans are pressing to the east!,ท่าน! ชาวอเมริกันเร่งไปทางตะวันออก!,แคมเปญไทเกอร์เอซ (บทพูดเยอรมัน),9395160
9395170,Hauptmann Funke! This is not just an advance force! This is a full-out invasion!,เฮาพท์มันน์ ฟังเคอ! นี่ไม่ใช่แค่กำลังล่วงหน้า! นี่มันเป็นการบุกรุกเต็มรูปแบบ!,แคมเปญไทเกอร์เอซ (บทพูดเยอรมัน),9395170
9395180,Hauptmann! The Americans are gaining ground! We need orders!,เฮาพท์มันน์! ชาวอเมริกันเริ่มเข้มข้น! เราต้องการคำสั่ง!,แคมเปญไทเกอร์เอซ (บทพูดเยอรมัน),9395180
9395190,Sir! We need orders! What do we do?,ท่าน! เราต้องการคำสั่ง! เราจะทำอย่างไร?,แคมเปญไทเกอร์เอซ (บทพูดเยอรมัน),9395190
9395200,"The situation is dire Hauptmann, if we do nothing, we will be overrun!",สถานการณ์ย่ำแย่ เฮาพท์มันน์ หากเราไม่ทำอะไรเลย เราจะถูกบุกรุก!,แคมเปญไทเกอร์เอซ (บทพูดเยอรมัน),9395200
9395210,"We can not handle this force with our limited resource, Funke. This is too much!",เราไม่สามารถรับมือกับพลังนี้ด้วยทรัพยากรอันจำกัดของเรา Funke นี่มันมากเกินไปแล้ว!,แคมเปญไทเกอร์เอซ (บทพูดเยอรมัน),9395210
9395230,"The Americans are crossing to the North, we WILL be overrun!",อเมริกากำลังจะข้ามไปทางเหนือ พวกเราจะถูกบุกรุก!,แคมเปญไทเกอร์เอซ (บทพูดเยอรมัน),9395230
9395240,WHAT do we DO Hauptmann! We need leadership! Now!,เราทำอะไร เฮาพท์มันน์! เราต้องการผู้นำ! ตอนนี้!,แคมเปญไทเกอร์เอซ (บทพูดเยอรมัน),9395240
9395250,The Americans? . . .they arrived so quickly.,ชาวอเมริกัน? . . .พวกเขามาถึงเร็วมาก,แคมเปญไทเกอร์เอซ (บทพูดเยอรมัน),9395250
9395260,Man the defenses! Every soldier to his post! ,แมนผู้พิทักษ์! ทหารทุกคนไปยังตำแหน่งของเขา!,แคมเปญไทเกอร์เอซ (บทพูดเยอรมัน),9395260
9395261,". . . Bormann, ready my staff car!",. . . บอร์มันน์ เตรียมรถประจำตำแหน่งของฉันให้พร้อม!,แคมเปญไทเกอร์เอซ (บทพูดเยอรมัน),9395261
9395270,Hold them back! Believe in the strength of your German guns!,จับพวกเขาไว้! เชื่อในความแข็งแกร่งของปืนเยอรมันของคุณ!,แคมเปญไทเกอร์เอซ (บทพูดเยอรมัน),9395270
9395280,Give me time to think! Keep the bridgeways secured!,ให้เวลาฉันคิด! รักษาทางสะพานให้ปลอดภัย!,แคมเปญไทเกอร์เอซ (บทพูดเยอรมัน),9395280
9395290,What do you think you should do? Push them back!,คุณคิดว่าคุณควรทำอย่างไร? ผลักพวกเขากลับ!,แคมเปญไทเกอร์เอซ (บทพูดเยอรมัน),9395290
9395300,Shoot them! Kill them! Do not fail me!,ยิงพวกมัน! ฆ่าพวกมัน! อย่าทำให้ฉันผิดหวัง!,แคมเปญไทเกอร์เอซ (บทพูดเยอรมัน),9395300
9395301,Reinforcements have arrived! We are saved!,กำลังเสริมมาแล้ว! เรารอดแล้ว!,แคมเปญไทเกอร์เอซ (บทพูดเยอรมัน),9395301
9395330,"We must take back all ground lost, at ANY cost!",เราต้องทวงคืนพื้นที่ที่สูญเสียไปทั้งหมดคืน ไม่ว่าด้วยวิธีใดก็ตาม!,แคมเปญไทเกอร์เอซ (บทพูดเยอรมัน),9395330
9395331,They are attacking the church!,พวกเขากำลังโจมตีโบสถ์!,แคมเปญไทเกอร์เอซ (บทพูดเยอรมัน),9395331
9395340,"I do not have any orders, just kill them! Kill the Americans!",ฉันไม่มีคำสั่งใดๆ แค่ฆ่าพวกมันซะ! ฆ่าชาวอเมริกัน!,แคมเปญไทเกอร์เอซ (บทพูดเยอรมัน),9395340
9395341,"The Americans, where are they going?",คนอเมริกันพวกเขาจะไปไหน?,แคมเปญไทเกอร์เอซ (บทพูดเยอรมัน),9395341
9395342,It appears the Americans are easing off.,ดูเหมือนชาวอเมริกันจะผ่อนคลายลงแล้ว,แคมเปญไทเกอร์เอซ (บทพูดเยอรมัน),9395342
9395350,Hauptmann Funke! We have radio contact with High Command!,เฮาพท์มันน์ ฟังเคอ! เรามีการติดต่อทางวิทยุกับหน่วยบัญชาการสูงสุด!,แคมเปญไทเกอร์เอซ (บทพูดเยอรมัน),9395350
9395360,They wish to speak to you to relay orders!,พวกเขาต้องการพูดคุยกับคุณเพื่อส่งต่อคำสั่ง!,แคมเปญไทเกอร์เอซ (บทพูดเยอรมัน),9395360
9395370,It is about time! We are getting out of here.,มันถึงเวลาแล้ว! เรากำลังออกไปจากที่นี่,แคมเปญไทเกอร์เอซ (บทพูดเยอรมัน),9395370
9395380,Please repeat! The signal is very weak.,กรุณาทำซ้ำ! สัญญาณอ่อนมาก.,แคมเปญไทเกอร์เอซ (บทพูดเยอรมัน),9395380
9395390,Your orders are as follows: You must hold Trun until the entire 7th army has evacuated the pocket.,คำสั่งของคุณคือ: คุณต้องยึดตรัง ไว้ให้ได้จนกว่ากองทัพที่ 7 ทั้งหมดจะถอนกำลังออกจากวงล้อม,แคมเปญไทเกอร์เอซ (บทพูดเยอรมัน),9395390
9395400,"No, we’re still not hearing you. Here, let me try something.",ไม่ เรายังไม่ได้ยินคุณ นี่ให้ฉันลองอะไรหน่อยสิ,แคมเปญไทเกอร์เอซ (บทพูดเยอรมัน),9395400
9395410,These are your orders!,นี่คือคำสั่งของคุณ!,แคมเปญไทเกอร์เอซ (บทพูดเยอรมัน),9395410
9395420,"Gentlemen, I suggest that we leave immediately.",ท่านสุภาพบุรุษ ฉันขอแนะนำให้เราออกไปทันที,แคมเปญไทเกอร์เอซ (บทพูดเยอรมัน),9395420
9395430,"Leave? As long as Germans are fighting their way to Trun, we must keep the door open!",ออกจาก? ตราบใดที่ชาวเยอรมันยังต่อสู้เพื่อมุ่งสู่ Trun เราต้องเปิดประตูไว้!,แคมเปญไทเกอร์เอซ (บทพูดเยอรมัน),9395430
9395440,"Well then Hess, congratulations. You are hereby promoted OBERLEUTNANT effective immediately. You can stay if you want to.",ถ้าอย่างนั้นเฮสส์ ขอแสดงความยินดีด้วย คุณได้รับการเลื่อนตำแหน่ง OBERLEUTNANT ให้มีผลทันที คุณสามารถอยู่ได้ถ้าคุณต้องการ,แคมเปญไทเกอร์เอซ (บทพูดเยอรมัน),9395440
9395450,"The 7th has not made it to the town. If you go now, you are disobeying a direct order from High Command.",วันที่ 7 ยังไม่เข้าเมือง หากคุณไปตอนนี้ คุณกำลังฝ่าฝืนคำสั่งโดยตรงจากผู้บัญชาการระดับสูง,แคมเปญไทเกอร์เอซ (บทพูดเยอรมัน),9395450
9395460,"As far as high command knows, that order never made it to Trun.",เท่าที่ผู้บังคับบัญชาระดับสูงรู้ คำสั่งนั้นไม่เคยส่งถึง Trun,แคมเปญไทเกอร์เอซ (บทพูดเยอรมัน),9395460
9395470,"Anyone that doesn’t want to die here is free to join me. Otherwise, good luck gentlemen.",ใครที่ไม่อยากตายที่นี่ก็เข้าร่วมกับฉันได้ฟรี มิฉะนั้น ขอให้โชคดีนะสุภาพบุรุษ,แคมเปญไทเกอร์เอซ (บทพูดเยอรมัน),9395470
9399001,Another day draws to a close and Trun is still held.,ใกล้จะผ่านไปอีกวันแล้ว Trun ก็ยังคงยังคงอยู่,แคมเปญไทเกอร์เอซ (บทพูดเยอรมัน),9399001
9399002,The Allies have crushed the Falaise Pocket too soon.,ฝ่ายสัมพันธมิตรทำลายวงล้อมฟาเลส์เร็วเกินไป,แคมเปญไทเกอร์เอซ (บทพูดเยอรมัน),9399002
9399504,Hold Garrisons,ยึดเข้าประจำการในอาคาร,แคมเปญไทเกอร์เอซ (บทพูดเยอรมัน),9399504
9399505,Maintain control over the Axis garrisons. Do not let them fall to the Americans.,รักษาการควบคุมกองกำลังฝ่ายอักษะ อย่าปล่อยให้พวกเขาตกเป็นของชาวอเมริกัน,แคมเปญไทเกอร์เอซ (บทพูดเยอรมัน),9399505
9399506,Garrisons Held,เข้าประจำการในอาคาร,แคมเปญไทเกอร์เอซ (บทพูดเยอรมัน),9399506
9399507,Hold All Territory,ยึดครองดินแดนทั้งหมด,แคมเปญไทเกอร์เอซ (บทพูดเยอรมัน),9399507
9399508,Do not let the Allies claim any of the Trun territory.  Retake any lost territory before the day ends.,อย่าปล่อยให้พันธมิตรอ้างสิทธิ์ในดินแดนตรุน ยึดคืนดินแดนที่เสียไปก่อนที่จะหมดวัน,แคมเปญไทเกอร์เอซ (บทพูดเยอรมัน),9399508
9399509,All Territory Held,ดินแดนทั้งหมดที่ถูกยึดครอง,แคมเปญไทเกอร์เอซ (บทพูดเยอรมัน),9399509
9399600,New Recruit,รับสมัครใหม่,แคมเปญไทเกอร์เอซ (บทพูดเยอรมัน),9399600
9399604,The Allies have crushed the Falaise Pocket too soon!,ฝ่ายสัมพันธมิตรทำลายวงล้อมฟาเลส์เร็วเกินไป!,แคมเปญไทเกอร์เอซ (บทพูดเยอรมัน),9399604
9399605,Select Unit,เลือกหน่วย,แคมเปญไทเกอร์เอซ (บทพูดเยอรมัน),9399605
9399608,Goliath Depot,คลังโกลิอัท,แคมเปญไทเกอร์เอซ (บทพูดเยอรมัน),9399608
9399609,Stormtrooper Garrison,กองพันสตอร์มทรูปเปอร์,แคมเปญไทเกอร์เอซ (บทพูดเยอรมัน),9399609
9399612,Stug Garrison,กองทหารสตัค,แคมเปญไทเกอร์เอซ (บทพูดเยอรมัน),9399612
9399616,Luftwaffe Garrison,กองทหารกองทัพบก,แคมเปญไทเกอร์เอซ (บทพูดเยอรมัน),9399616
9399618,Sniper's Nest,รังของสไนเปอร์,แคมเปญไทเกอร์เอซ (บทพูดเยอรมัน),9399618
9399619,Marder III Garrison,กองทหารมาร์เดอร์ที่ 3,แคมเปญไทเกอร์เอซ (บทพูดเยอรมัน),9399619
9399620,Geschutzwagen Garrison,กองทหาร Geschutzwagen,แคมเปญไทเกอร์เอซ (บทพูดเยอรมัน),9399620
9399621,HotchKiss Garrison,กองทหาร HotchKiss,แคมเปญไทเกอร์เอซ (บทพูดเยอรมัน),9399621
9399622,Schwimmwagen Garrison,กองพันชวิมวาเกน,แคมเปญไทเกอร์เอซ (บทพูดเยอรมัน),9399622
9399623,Pak38 Garrison,กองพัน Pak38,แคมเปญไทเกอร์เอซ (บทพูดเยอรมัน),9399623
9399625,Manpower +,กำลังพล +,แคมเปญไทเกอร์เอซ (บทพูดเยอรมัน),9399625|9404613
9399629,Destroy Bridge,ทำลายสะพาน,แคมเปญไทเกอร์เอซ (บทพูดเยอรมัน),9399629
9399630,Recapture Garrison,ยึดคืนเข้าประจำการในอาคาร,แคมเปญไทเกอร์เอซ (บทพูดเยอรมัน),9399630
9399631,Recapture Strategic Point,ยึดจุดยุทธศาสตร์,แคมเปญไทเกอร์เอซ (บทพูดเยอรมัน),9399631|9404611|9404628
9399632,Recapture Victory Point,ยึดคะแนนชัยชนะกลับคืนมา,แคมเปญไทเกอร์เอซ (บทพูดเยอรมัน),9399632|9404629
9399633,Destroy Enemy Tank,ทำลายรถถังศัตรู,แคมเปญไทเกอร์เอซ (บทพูดเยอรมัน),9399633
9399634,Eliminate Enemy Squad,กำจัดหน่วยศัตรู,แคมเปญไทเกอร์เอซ (บทพูดเยอรมัน),9399634
9399635,Build Tank Traps,สร้างกับดักรถถัง,แคมเปญไทเกอร์เอซ (บทพูดเยอรมัน),9399635|9404521|9404633
9399636,Build Barbed Wire,สร้างลวดหนาม,แคมเปญไทเกอร์เอซ (บทพูดเยอรมัน),9399636
9399637,Bury Landmines,ฝังทุ่นระเบิด,แคมเปญไทเกอร์เอซ (บทพูดเยอรมัน),9399637
9399638,Build Sandbags,สร้างกระสอบทราย,แคมเปญไทเกอร์เอซ (บทพูดเยอรมัน),9399638
9399639,Defend Position,ปกป้องตำแหน่ง,แคมเปญไทเกอร์เอซ (บทพูดเยอรมัน),9399639|9404631
9400000,Mein Gott.  The Americans knew exactly where they would be.  Damn High Command!,มีน ก๊อต. ชาวอเมริกันรู้ดีว่าพวกเขาจะอยู่ที่ไหน กองบัญชาการใหญ่ประณาม!,แคมเปญไทเกอร์เอซ (บทพูดเยอรมัน),9400000
9400010,All of this is starting to feel like one giant suicide mission.  ,ทั้งหมดนี้เริ่มรู้สึกเหมือนเป็นภารกิจฆ่าตัวตายครั้งใหญ่,แคมเปญไทเกอร์เอซ (บทพูดเยอรมัน),9400010
9400020,Our Panzers are destroyed - what hope do we possibly have? ,Panzers ของเราถูกทำลาย - เราจะมีความหวังอะไรได้บ้าง?,แคมเปญไทเกอร์เอซ (บทพูดเยอรมัน),9400020
9400030,We've stayed longer than anyone could expect!,เราพักนานกว่าใครจะคาดคิดได้!,แคมเปญไทเกอร์เอซ (บทพูดเยอรมัน),9400030
9400040,Expected by whom? By cowards! By idiots!  I will not leave my fellow countrymen behind to be swallowed up by the Americans.,คาดหวังจากใคร? โดยคนขี้ขลาด! โดยคนโง่! ฉันจะไม่ทิ้งเพื่อนร่วมชาติไว้ข้างหลังให้ชาวอเมริกันกลืนกิน,แคมเปญไทเกอร์เอซ (บทพูดเยอรมัน),9400040
9400050,WE will not leave them behind.,เราจะไม่ทิ้งพวกเขาไว้ข้างหลัง,แคมเปญไทเกอร์เอซ (บทพูดเยอรมัน),9400050
9400060,"But without communication from High Command, we won't know when to... ",แต่หากไม่มีการสื่อสารจากกองบัญชาการใหญ่ เราจะไม่รู้ว่าเมื่อใดควร...,แคมเปญไทเกอร์เอซ (บทพูดเยอรมัน),9400060
9400070,Fuck High Command! Our last orders were to stay. So we stay.,กองบัญชาการใหญ่บ้าเอ๊ย! คำสั่งสุดท้ายของเราคือให้อยู่ต่อ ดังนั้นเราจึงอยู่,แคมเปญไทเกอร์เอซ (บทพูดเยอรมัน),9400070
9400090,Then what will you have us do?!,แล้วจะให้พวกเราทำยังไงล่ะ!,แคมเปญไทเกอร์เอซ (บทพูดเยอรมัน),9400090
9400110,"In mere moments, our brothers will be streaming in from the North, hopefully with some remnants of the Oberst’s Panzers.",อีกไม่นาน พี่น้องของเราจะหลั่งไหลเข้ามาจากทางเหนือ โดยหวังว่าจะมียานเกราะของ Oberst หลงเหลืออยู่บ้าง,แคมเปญไทเกอร์เอซ (บทพูดเยอรมัน),9400110
9400120,"If we let the Allies take positions across the river, our men will run into a hail of bullets. ",ถ้าเราปล่อยให้พันธมิตรยึดตำแหน่งข้ามแม่น้ำ คนของเราจะโดนกระสุนจำนวนมาก,แคมเปญไทเกอร์เอซ (บทพูดเยอรมัน),9400120
9400121,We need to keep the Allies contained.,เราจำเป็นต้องรักษาพันธมิตรไว้,แคมเปญไทเกอร์เอซ (บทพูดเยอรมัน),9400121
9400122,"Set up defenses along the river here, here and here.",ตั้งแนวป้องกันริมแม่น้ำที่นี่ ที่นี่ และที่นี่,แคมเปญไทเกอร์เอซ (บทพูดเยอรมัน),9400122
9400125,Members of the 7th army have arrived!,สมาชิกกองทัพที่ 7 มาแล้ว!,แคมเปญไทเกอร์เอซ (บทพูดเยอรมัน),9400125
9400126,"Good.  We must keep the Allies out of their way, and keep the evacuation route open!",ดี. เราต้องป้องกันไม่ให้ฝ่ายสัมพันธมิตรออกไป และเปิดเส้นทางอพยพไว้!,แคมเปญไทเกอร์เอซ (บทพูดเยอรมัน),9400126
9400127,Oberleutnant! The Canadians are trying to cross the river!,โอเบอร์ลอยท์แนนท์! ชาวแคนาดาพยายามข้ามแม่น้ำ!,แคมเปญไทเกอร์เอซ (บทพูดเยอรมัน),9400127
9400128,We cannot let that happen! All men to the river! Push them back!,เราไม่สามารถปล่อยให้มันเกิดขึ้นได้! ทหารทุกคนไปที่แม่น้ำ! ผลักพวกเขากลับ!,แคมเปญไทเกอร์เอซ (บทพูดเยอรมัน),9400128
9400129,This cannot end here!,เรื่องนี้ไม่สามารถจบเพียงแค่นี้!,แคมเปญไทเกอร์เอซ (บทพูดเยอรมัน),9400129
9400130,"Good job, men. The Canadians have retreated back across the river.",ทำได้ดีมาก ทหาร! ชาวแคนาดาถอยทัพข้ามแม่น้ำ,แคมเปญไทเกอร์เอซ (บทพูดเยอรมัน),9400130
9400131,Shore up the river crossing points.,ขึ้นฝั่งตามจุดข้ามแม่น้ำ,แคมเปญไทเกอร์เอซ (บทพูดเยอรมัน),9400131
9400132,"Build tank traps, barbed wire; plug them up!",สร้างกับดักรถถัง ขึงลวดหนาม แล้วอุดช่องว่างให้หมด!,แคมเปญไทเกอร์เอซ (บทพูดเยอรมัน),9400132
9400133,Where are the traps? We need them down now!,กับดักอยู่ที่ไหน? เราต้องการพวกมันลงเดี๋ยวนี้!,แคมเปญไทเกอร์เอซ (บทพูดเยอรมัน),9400133
9400134,"Good job, men. That should keep those dogs back for now. Now, defend the line!",ทำได้ดีมาก ทหาร! นั่นควรจะเก็บสุนัขเหล่านั้นกลับมาในตอนนี้ ตอนนี้ปกป้องแนว!,แคมเปญไทเกอร์เอซ (บทพูดเยอรมัน),9400134
9400135,The bridge! The Americans are trying to take the bridge!,สะพาน! ชาวอเมริกันพยายามขึ้นสะพาน!,แคมเปญไทเกอร์เอซ (บทพูดเยอรมัน),9400135
9400136,Force them back!,บังคับพวกเขากลับมา!,แคมเปญไทเกอร์เอซ (บทพูดเยอรมัน),9400136
9400137,We did it! We pushed them back!,เราทำได้แล้ว! เราผลักพวกเขากลับ!,แคมเปญไทเกอร์เอซ (บทพูดเยอรมัน),9400137
9400138,It's not time to celebrate. The Americans won't give up that easily.,มันไม่ใช่เวลาที่จะเฉลิมฉลอง ชาวอเมริกันจะไม่ยอมแพ้ง่ายๆ,แคมเปญไทเกอร์เอซ (บทพูดเยอรมัน),9400138
9400139,"Whatever their plans, we won't make it easy for them. Destroy the bridge!",ไม่ว่าพวกเขาจะมีแผนอะไรก็ตาม เราจะไม่ทำให้มันง่ายสำหรับพวกเขา ทำลายสะพาน!,แคมเปญไทเกอร์เอซ (บทพูดเยอรมัน),9400139
9400140,Can you hear that? American tanks! They're trying to cut us off!,คุณได้ยินไหม? รถถังอเมริกา! พวกเขากำลังพยายามตัดเราออก!,แคมเปญไทเกอร์เอซ (บทพูดเยอรมัน),9400140
9400141,We must keep the church square!,เราต้องรักษาจัตุรัสของโบสถ์ไว้!,แคมเปญไทเกอร์เอซ (บทพูดเยอรมัน),9400141
9400142,Ober! The Canadians are back with more troops!,โอเบอร์! ชาวแคนาดากลับมาพร้อมทหารเพิ่ม!,แคมเปญไทเกอร์เอซ (บทพูดเยอรมัน),9400142
9400143,The 7th is almost through! Everyone! Push them back! This is it! ,วันที่ 7 ใกล้จะผ่านไปแล้ว! ทุกคน! ผลักพวกเขากลับ! นี่มัน!,แคมเปญไทเกอร์เอซ (บทพูดเยอรมัน),9400143
9400144,"Good job, men!  We're almost through!",ทำได้ดีมาก ทหาร! ใกล้จะจบแล้ว!,แคมเปญไทเกอร์เอซ (บทพูดเยอรมัน),9400144
9400145,Sir! That was the last of the 7th! We must leave before they crush us!,ท่าน! นั่นเป็นครั้งสุดท้ายของวันที่ 7! เราต้องไปก่อนที่พวกเขาจะบดขยี้เรา!,แคมเปญไทเกอร์เอซ (บทพูดเยอรมัน),9400145
9400146,I know!,ฉันรู้!,แคมเปญไทเกอร์เอซ (บทพูดเยอรมัน),9400146
9400147,I can't leave anyone behind!,ฉันไม่สามารถทิ้งใครไว้ข้างหลังได้!,แคมเปญไทเกอร์เอซ (บทพูดเยอรมัน),9400147
9400148,We've done our duty! We can go!,เราได้ทำหน้าที่ของเราแล้ว! เราไปกันได้!,แคมเปญไทเกอร์เอซ (บทพูดเยอรมัน),9400148
9400149,Ruhe in Frieden.,รูเฮอในฟรีเดน,แคมเปญไทเกอร์เอซ (บทพูดเยอรมัน),9400149
9400150,Rest in peace brothers.,หลับให้สบายครับพี่น้อง,แคมเปญไทเกอร์เอซ (บทพูดเยอรมัน),9400150
9400180,The Americans are trying to repair the bridge! ,ชาวอเมริกันพยายามซ่อมแซมสะพาน!,แคมเปญไทเกอร์เอซ (บทพูดเยอรมัน),9400180
9400300,Sir! We should leave now! The Americans have taken over!,ท่าน! เราควรออกไปเดี๋ยวนี้! ชาวอเมริกันเข้ายึดครองแล้ว!,แคมเปญไทเกอร์เอซ (บทพูดเยอรมัน),9400300
9400310,We must leave! Now!,เราต้องไปแล้ว! ตอนนี้!,แคมเปญไทเกอร์เอซ (บทพูดเยอรมัน),9400310
9400360,Trun has fallen! I don't want to die here!,ทรูนล้ม! ฉันไม่อยากตายที่นี่!,แคมเปญไทเกอร์เอซ (บทพูดเยอรมัน),9400360
9400450,"When the pocket collapsed, the corridor that led my German brothers to safety became an alleyway of death.  ",เมื่อวงล้อมฟาเลส์ถูกตีแตก เส้นทางที่นำพี่น้องทหารเยอรมันของเราไปสู่ที่ปลอดภัยก็ปิดฉากลง,แคมเปญไทเกอร์เอซ (บทพูดเยอรมัน),9400450
9400451,Ten thousand died. Forty thousand loyal German troops were captured.,หมื่นคนเสียชีวิต ทหารเยอรมันผู้ภักดีสี่หมื่นคนถูกยึด,แคมเปญไทเกอร์เอซ (บทพูดเยอรมัน),9400451
9400452,"But because of the bravery at Trun, many more escaped.",แต่เพราะความกล้าหาญที่ตรุนทำให้มีผู้หลบหนีอีกมากมาย,แคมเปญไทเกอร์เอซ (บทพูดเยอรมัน),9400452
9400453,"My Gruppe did not contain heroes, nor martyrs.",กลุ่มของฉันไม่มีวีรบุรุษหรือผู้พลีชีพ,แคมเปญไทเกอร์เอซ (บทพูดเยอรมัน),9400453
9400454,"We stayed in Trun, and fought because we wouldn’t have been able to live with the alternative:",เราอยู่ใน Trun และต่อสู้เพราะเราไม่สามารถอยู่ร่วมกับทางเลือกอื่นได้:,แคมเปญไทเกอร์เอซ (บทพูดเยอรมัน),9400454
9400460,sleepless nights filled with the memories of those we had left behind.,คืนนอนไม่หลับเต็มไปด้วยความทรงจำของคนที่เราทิ้งไว้ข้างหลัง,แคมเปญไทเกอร์เอซ (บทพูดเยอรมัน),9400460
9400470,"I spared my men that, even if they hated me for it . . . because at least we did something.",ฉันละเว้นคนของฉันแม้ว่าพวกเขาจะเกลียดฉันก็ตาม . . เพราะอย่างน้อยเราก็ได้ทำอะไรบางอย่าง,แคมเปญไทเกอร์เอซ (บทพูดเยอรมัน),9400470
9400480,At least we tried. ,อย่างน้อยเราก็พยายามแล้ว,แคมเปญไทเกอร์เอซ (บทพูดเยอรมัน),9400480
9400490,May God have mercy on those who ran.,ขอพระเจ้าเมตตาผู้ที่หนีไปด้วย,แคมเปญไทเกอร์เอซ (บทพูดเยอรมัน),9400490
9404001,Say a prayer for those left behind.,กล่าวคำอธิษฐานเพื่อผู้ถูกทิ้งไว้ข้างหลัง,แคมเปญไทเกอร์เอซ (บทพูดเยอรมัน),9404001
9404002,LXXXVI Corps has failed to support the evacuation.,กองกำลัง LXXXVI ล้มเหลวในการสนับสนุนการอพยพ,แคมเปญไทเกอร์เอซ (บทพูดเยอรมัน),9404002
9404504,Reclaim Garrisons,เรียกคืนเข้าประจำการในอาคาร,แคมเปญไทเกอร์เอซ (บทพูดเยอรมัน),9404504
9404505,Take back all the territory and garrisons in Trun.  The garrisons grant invaluable resources.,ยึดดินแดนและเข้าประจำการในอาคารใน Trun กลับคืน เข้าประจำการในอาคารมอบทรัพยากรอันล้ำค่า,แคมเปญไทเกอร์เอซ (บทพูดเยอรมัน),9404505
9404506,Garrisons Reclaimed!,ยึดป้อมประจำการคืนได้แล้ว!,แคมเปญไทเกอร์เอซ (บทพูดเยอรมัน),9404506
9404507,Stop the Canadian Attack,หยุดการโจมตีของแคนาดา,แคมเปญไทเกอร์เอซ (บทพูดเยอรมัน),9404507
9404508,The Canadians are attempting to ford the river! Push them back from the evacuating forces!,ชาวแคนาดาพยายามลุยแม่น้ำ! ผลักพวกเขากลับจากกองกำลังอพยพ!,แคมเปญไทเกอร์เอซ (บทพูดเยอรมัน),9404508
9404509,Canadians Pushed Back,ชาวแคนาดาถูกผลักกลับ,แคมเปญไทเกอร์เอซ (บทพูดเยอรมัน),9404509
9404510,Defend the Evacuation,ปกป้องการอพยพ,แคมเปญไทเกอร์เอซ (บทพูดเยอรมัน),9404510
9404511,The 7th Army is using the road to escape.  Keep the Allies at bay and the road to safety open.,กองทัพที่ 7 ใช้ถนนหลบหนี รักษาพันธมิตรให้อยู่ในอ่าวและเปิดถนนสู่ความปลอดภัย,แคมเปญไทเกอร์เอซ (บทพูดเยอรมัน),9404511
9404512,Evacuation Complete,การอพยพเสร็จสมบูรณ์,แคมเปญไทเกอร์เอซ (บทพูดเยอรมัน),9404512|9404518
9404513,Ensure all Evacuees Exit,ตรวจสอบให้แน่ใจว่าผู้อพยพทั้งหมดออกจากพื้นที่แล้ว,แคมเปญไทเกอร์เอซ (บทพูดเยอรมัน),9404513
9404514,"Do not give up, hold the crossroads open until the last of the evacuees arrive in town.",อย่ายอมแพ้ เปิดทางแยกไว้จนกว่าผู้อพยพคนสุดท้ายจะมาถึงเมือง,แคมเปญไทเกอร์เอซ (บทพูดเยอรมัน),9404514
9404515,All Evacuees Rescued,ผู้อพยพทั้งหมดได้รับการช่วยเหลือแล้ว,แคมเปญไทเกอร์เอซ (บทพูดเยอรมัน),9404515
9404516,Defend Trun,ปกป้องตรุน,แคมเปญไทเกอร์เอซ (บทพูดเยอรมัน),9404516
9404517,"Control the town garrisons, build defenses, and hold off the Allied advance.",ควบคุมกองทหารประจำเมือง สร้างการป้องกัน และสกัดกั้นการรุกคืบของฝ่ายพันธมิตร,แคมเปญไทเกอร์เอซ (บทพูดเยอรมัน),9404517
9404519,Evacuate From Trun,อพยพออกจากตรุน,แคมเปญไทเกอร์เอซ (บทพูดเยอรมัน),9404519
9404520,It's time for the 346th Infantry Division to evacuate Trun.,ถึงเวลาที่กองพลทหารราบที่ 346 จะต้องอพยพตรุน,แคมเปญไทเกอร์เอซ (บทพูดเยอรมัน),9404520
9404522,Build enough Tank Traps to close off the gap in the river.,สร้างกับดักรถถังให้เพียงพอเพื่อปิดช่องว่างในแม่น้ำ,แคมเปญไทเกอร์เอซ (บทพูดเยอรมัน),9404522
9404523,Push Back the Americans,ผลักดันชาวอเมริกันกลับ,แคมเปญไทเกอร์เอซ (บทพูดเยอรมัน),9404523
9404524,The Americans are attempting to cross the river. Prevent them from capturing the Victory Point.,ชาวอเมริกันกำลังพยายามข้ามแม่น้ำ ป้องกันไม่ให้พวกเขายึด Victory Point,แคมเปญไทเกอร์เอซ (บทพูดเยอรมัน),9404524
9404525,Destroy the Bridge,ทำลายสะพาน,แคมเปญไทเกอร์เอซ (บทพูดเยอรมัน),9404525|9404607
9404526,"Use Goliaths, artillery, or focused fire to destroy the bridge.",ใช้โกลิอัท ปืนใหญ่ หรือการยิงแบบรวมศูนย์เพื่อทำลายสะพาน,แคมเปญไทเกอร์เอซ (บทพูดเยอรมัน),9404526
9404527,Intercept American Panzers,สกัดกั้นยานเกราะอเมริกัน,แคมเปญไทเกอร์เอซ (บทพูดเยอรมัน),9404527
9404528,American panzers are pushing across the river to the South.  Stop them.,ยานเกราะของอเมริกากำลังเคลื่อนตัวข้ามแม่น้ำไปทางทิศใต้ หยุดพวกเขา,แคมเปญไทเกอร์เอซ (บทพูดเยอรมัน),9404528
9404529,Prevent the American panzer company from flanking the evacuation route.,ป้องกันไม่ให้กองร้อยยานเกราะอเมริกันขนาบข้างเส้นทางอพยพ,แคมเปญไทเกอร์เอซ (บทพูดเยอรมัน),9404529
9404600,Squad Recruited,รับสมัครทีมงาน,แคมเปญไทเกอร์เอซ (บทพูดเยอรมัน),9404600
9404601,Raise the Flag,ยกธง,แคมเปญไทเกอร์เอซ (บทพูดเยอรมัน),9404601
9404603,Defend the Territory,ปกป้องดินแดน,แคมเปญไทเกอร์เอซ (บทพูดเยอรมัน),9404603
9404604,Denied: Popcap Full,ถูกปฏิเสธ: Popcap เต็ม,แคมเปญไทเกอร์เอซ (บทพูดเยอรมัน),9404604
9404606,Push back the Americans,ผลักดันชาวอเมริกันกลับ,แคมเปญไทเกอร์เอซ (บทพูดเยอรมัน),9404606
9404608,Canadians Spotted,ชาวแคนาดาถูกพบเห็น,แคมเปญไทเกอร์เอซ (บทพูดเยอรมัน),9404608
9404609,Squad Enlisted,รับสมัครทีมงาน,แคมเปญไทเกอร์เอซ (บทพูดเยอรมัน),9404609
9404610,Canadians spotted to the north,ชาวแคนาดาพบเห็นทางตอนเหนือ,แคมเปญไทเกอร์เอซ (บทพูดเยอรมัน),9404610
9404616,Man the Nebelwerfer,มนุษย์เนเบลเวอร์เฟอร์,แคมเปญไทเกอร์เอซ (บทพูดเยอรมัน),9404616
9404617,Man the Pak 38,เข้าประจำการปืน PaK 38,แคมเปญไทเกอร์เอซ (บทพูดเยอรมัน),9404617
9404618,Defend South Crossing,ปกป้องทางข้ามใต้,แคมเปญไทเกอร์เอซ (บทพูดเยอรมัน),9404618
9404619,Defend North Crossing,ปกป้องทางเหนือ,แคมเปญไทเกอร์เอซ (บทพูดเยอรมัน),9404619
9404621,Block Crossing with Tank Traps,บลกการข้ามด้วยกับดักรถถัง,แคมเปญไทเกอร์เอซ (บทพูดเยอรมัน),9404621
9404622,Incoming Artillery,ปืนใหญ่ที่เข้ามา,แคมเปญไทเกอร์เอซ (บทพูดเยอรมัน),9404622
9404623,Canadian artillery batteries are opening fire,ปืนใหญ่ของแคนาดากำลังเปิดฉากยิง,แคมเปญไทเกอร์เอซ (บทพูดเยอรมัน),9404623
9404624,American artillery batteries are opening fire,ปืนใหญ่ของอเมริกากำลังเปิดฉากยิง,แคมเปญไทเกอร์เอซ (บทพูดเยอรมัน),9404624
9404625,Bridge Being Repaired,สะพานกำลังซ่อมแซม,แคมเปญไทเกอร์เอซ (บทพูดเยอรมัน),9404625
9404626,Stop the engineers from repairing the bridge,หยุดทหารช่างสนามจากการซ่อมสะพาน,แคมเปญไทเกอร์เอซ (บทพูดเยอรมัน),9404626
9404630,Rally Evacuees Here,ผู้อพยพชุมนุมที่นี่,แคมเปญไทเกอร์เอซ (บทพูดเยอรมัน),9404630
9404632,Ambush Position,ตำแหน่งซุ่มโจมตี,แคมเปญไทเกอร์เอซ (บทพูดเยอรมัน),9404632
9404634,Build Bunker,สร้างบังเกอร์,แคมเปญไทเกอร์เอซ (บทพูดเยอรมัน),9404634
9404635,Build 88,สร้าง 88,แคมเปญไทเกอร์เอซ (บทพูดเยอรมัน),9404635
9404636,Troops Evacuated: ,ทหารอพยพ:,แคมเปญไทเกอร์เอซ (บทพูดเยอรมัน),9404636
9404637,Tank Traps Built:,กับดักรถถังที่สร้างขึ้น:,แคมเปญไทเกอร์เอซ (บทพูดเยอรมัน),9404637
9404638,Exit Point,จุดออก,แคมเปญไทเกอร์เอซ (บทพูดเยอรมัน),9404638
9404639,Destroy Enemy Mortar,ทำลายครกศัตรู,แคมเปญไทเกอร์เอซ (บทพูดเยอรมัน),9404639
9404640,Incoming Mortar Fire,ระวังกระสุนครกถล่มเข้ามา!,แคมเปญไทเกอร์เอซ (บทพูดเยอรมัน),9404640
9404641,Destroy Pershing,ทำลายเพอร์ชิง,แคมเปญไทเกอร์เอซ (บทพูดเยอรมัน),9404641
9404642,Destroy Enemy Panzer,ทำลายศัตรูยานเกราะ,แคมเปญไทเกอร์เอซ (บทพูดเยอรมัน),9404642
9404644,Supply Garrison,จัดหาเข้าประจำการในอาคาร,แคมเปญไทเกอร์เอซ (บทพูดเยอรมัน),9404644
9404645,Troops Evacuated: %1Amount%,ทหารอพยพแล้ว: %1Amount%,แคมเปญไทเกอร์เอซ (บทพูดเยอรมัน),9404645
9404646,Tank Traps Built: %1Amount%,กับดักรถถังที่สร้างขึ้น: %1Amount%,แคมเปญไทเกอร์เอซ (บทพูดเยอรมัน),9404646
9410000,War.     ,สงคราม.,แคมเปญไทเกอร์เอซ (บทพูดเยอรมัน),9410000
9410002,"Broken down into its simplest parts, it becomes a game of numbers.",เมื่อแยกย่อยออกเป็นส่วนที่ง่ายที่สุด มันจึงกลายเป็นเกมแห่งตัวเลข,แคมเปญไทเกอร์เอซ (บทพูดเยอรมัน),9410002
9410003,Sometimes the numbers are on your side.,บางครั้งตัวเลขก็เข้าข้างคุณ,แคมเปญไทเกอร์เอซ (บทพูดเยอรมัน),9410003
9410004,And sometimes the numbers are against you.,และบางครั้งตัวเลขก็ขัดกับคุณ,แคมเปญไทเกอร์เอซ (บทพูดเยอรมัน),9410004
9410006,But sometimes the numbers can be misleading.,แต่บางครั้งตัวเลขอาจทำให้เข้าใจผิดได้,แคมเปญไทเกอร์เอซ (บทพูดเยอรมัน),9410006
9410008,"June 9th, 1944. Out of the one hundred and twelve men who first charged the La Fiere Causeway...",9 มิถุนายน 1944 จากจำนวนชายหนึ่งร้อยสิบสองคนที่บุกโจมตี La Fiere Causeway เป็นครั้งแรก...,แคมเปญไทเกอร์เอซ (บทพูดเยอรมัน),9410008
9410009,Only one man made it across alive.,มีชายเพียงคนเดียวเท่านั้นที่ผ่านชีวิตไปได้,แคมเปญไทเกอร์เอซ (บทพูดเยอรมัน),9410009
9410014,One succeeded where a hundred failed.,หนึ่งคนประสบความสำเร็จ โดยที่หนึ่งร้อยล้มเหลว,แคมเปญไทเกอร์เอซ (บทพูดเยอรมัน),9410014
9410015,"But sometimes, ONE can make all the difference.",แต่บางครั้ง ONE ก็สามารถสร้างความแตกต่างได้,แคมเปญไทเกอร์เอซ (บทพูดเยอรมัน),9410015
9410070,When you face death... ,เมื่อต้องเผชิญกับความตาย...,แคมเปญไทเกอร์เอซ (บทพูดเยอรมัน),9410070
9410071,the voices of doubt just disappear. ,เสียงแห่งความสงสัยก็หายไป,แคมเปญไทเกอร์เอซ (บทพูดเยอรมัน),9410071
9410072,"Parents, wives, children, fallen comrades...",พ่อแม่ ภรรยา ลูก พันธมิตรผู้ล่วงลับ...,แคมเปญไทเกอร์เอซ (บทพูดเยอรมัน),9410072
9410073,...they all vanish... ,...พวกมันทั้งหมดก็หายไป...,แคมเปญไทเกอร์เอซ (บทพูดเยอรมัน),9410073
9410074,...and all that is left...,...และสิ่งที่เหลืออยู่...,แคมเปญไทเกอร์เอซ (บทพูดเยอรมัน),9410074
9410076,...is clarity.,...คือความชัดเจน,แคมเปญไทเกอร์เอซ (บทพูดเยอรมัน),9410076
9410100,Where the hell is craft?,ไอ้คราฟต์มันไปมุดหัวอยู่ที่ไหนวะ?,แคมเปญไทเกอร์เอซ (บทพูดเยอรมัน),9410100
9410110,Good landing Able squad.,ลงจอดได้ดีมาก หน่วยเอเบิล,แคมเปญไทเกอร์เอซ (บทพูดเยอรมัน),9410110
9410130,Where's Craft?,คราฟต์อยู่ไหน?,แคมเปญไทเกอร์เอซ (บทพูดเยอรมัน),9410130
9410150,I knew he'd mess this up.,ฉันรู้ว่าเขาจะทำให้เรื่องนี้ยุ่งเหยิง,แคมเปญไทเกอร์เอซ (บทพูดเยอรมัน),9410150
9410160,"Able, we're taking the Manor alone. Move out.",เอาล่ะ เราจะยึดคฤหาสน์คนเดียว ย้ายออก.,แคมเปญไทเกอร์เอซ (บทพูดเยอรมัน),9410160
9410180,Keep your eyes peeled for Baker squad.,จับตาดูทีม Baker ให้ดี,แคมเปญไทเกอร์เอซ (บทพูดเยอรมัน),9410180
9410190,Fire! Fire! MOVE and fire Able!,ยิง! ยิงเลย! เคลื่อนที่แล้วยิง กองร้อยเอเบิล!,แคมเปญไทเกอร์เอซ (บทพูดเยอรมัน),9410190
9410231,You think Baker even made the jump?,คุณคิดว่า Baker กระโดดได้หรือไม่?,แคมเปญไทเกอร์เอซ (บทพูดเยอรมัน),9410231
9410440,"Tracks are to the East, follow the Causeway road and you'll get there.",เส้นทางอยู่ทางทิศตะวันออก ไปตามถนนคอสเวย์ แล้วคุณจะไปถึงที่นั่น,แคมเปญไทเกอร์เอซ (บทพูดเยอรมัน),9410440
9410460,"The tracks are to the East. Stay low, the Krauts are taking pot shots at whatever they can see.",รางรถไฟอยู่ทางทิศตะวันออก อยู่ต่ำๆ พวก Krauts กำลังเล็งเป้าไปที่สิ่งที่พวกเขามองเห็น,แคมเปญไทเกอร์เอซ (บทพูดเยอรมัน),9410460
9410500,Stick to the Causeway road and you'll get there.,ตรงไปที่ถนนคอสเวย์แล้วคุณจะไปถึงที่นั่น,แคมเปญไทเกอร์เอซ (บทพูดเยอรมัน),9410500
9410520,The tracks are to the East. Watch out for Kraut troops.,รางรถไฟอยู่ทางทิศตะวันออก ระวังกองกำลัง Kraut,แคมเปญไทเกอร์เอซ (บทพูดเยอรมัน),9410520
9410530,Kraut ambush! Get down!,เคราท์ซุ่มโจมตี! ลง!,แคมเปญไทเกอร์เอซ (บทพูดเยอรมัน),9410530
9410540,HMG's got Able pinned! Keep low.,ปืนกลหนัก ยิงตรึงกองร้อยเอเบิลไว้แล้ว! หมอบต่ำไว้!,แคมเปญไทเกอร์เอซ (บทพูดเยอรมัน),9410540
9410550,"Baker, take em out!",เบเกอร์ เอาพวกมันออกไป!,แคมเปญไทเกอร์เอซ (บทพูดเยอรมัน),9410550
9410560,"What the hell were you waitin’ for Craft, an invitation? Now get your squad together.",มัวรออะไรอยู่ คราฟต์ รอการ์ดเชิญรึไง? รวบรวมหมู่ของนายเดี๋ยวนี้,แคมเปญไทเกอร์เอซ (บทพูดเยอรมัน),9410560
9410580,God knows where the five-oh-nine have pissed off to but we can’t wait for them any longer. ,พระเจ้ารู้ดีว่าห้าเก้าคนโกรธตรงไหน แต่เราไม่สามารถรอพวกเขาได้อีกต่อไป,แคมเปญไทเกอร์เอซ (บทพูดเยอรมัน),9410580
9410582,We must capture the Causeway--The boys on the beach NEED THIS ROAD.,เราต้องยึดคอสเวย์ให้ได้ เด็กๆ บนชายหาดต้องการถนนสายนี้,แคมเปญไทเกอร์เอซ (บทพูดเยอรมัน),9410582
9410590,"First, clear the Manor covering the Causeway.",ขั้นแรก เคลียร์คฤหาสน์ที่ปกคลุมคอสเวย์,แคมเปญไทเกอร์เอซ (บทพูดเยอรมัน),9410590
9410600,"Once it’s clear, we’ll move to Chef du Pont, capturing this side of the bridgehead.",เมื่อชัดเจนแล้ว เราจะย้ายไปที่ Chef du Pont โดยจับภาพหัวสะพานฝั่งนี้,แคมเปญไทเกอร์เอซ (บทพูดเยอรมัน),9410600
9410610,"From there, we’ll cross the Causeway, and if the five-oh-nine is doing their job, they’ll have captured Cauquigny.",จากนั้น เราจะข้ามคอสเวย์ และถ้าห้าโมงเก้าทำหน้าที่ของพวกเขา พวกเขาจะจับคอควินญีได้,แคมเปญไทเกอร์เอซ (บทพูดเยอรมัน),9410610
9410611,"Expect heavy resistance at both the Manor, and along the water. Jerry knows we're comin' and he’ll be sure to give us hell.",คาดว่าจะมีการต่อต้านอย่างหนักทั้งที่คฤหาสน์และริมน้ำ เจอร์รี่รู้ว่าเรากำลังจะมา และเขาจะทำให้เราตกนรกแน่นอน,แคมเปญไทเกอร์เอซ (บทพูดเยอรมัน),9410611
9410620,"Craft, just try to keep up.",คราฟต์ แค่ตามให้ทันก็พอ,แคมเปญไทเกอร์เอซ (บทพูดเยอรมัน),9410620
9410661,"More Krauts ahead Airborne, careful!",Krauts ข้างหน้า Airborne มากขึ้น ระวัง!,แคมเปญไทเกอร์เอซ (บทพูดเยอรมัน),9410661
9410662,MG! Take em out!,เอ็มจี! พาพวกเขาออกไป!,แคมเปญไทเกอร์เอซ (บทพูดเยอรมัน),9410662
9410670,Head through the west gate! ,มุ่งหน้าไปทางประตูทิศตะวันตก!,แคมเปญไทเกอร์เอซ (บทพูดเยอรมัน),9410670
9410680,Charging head on is suicide!,การชาร์จหัวคือการฆ่าตัวตาย!,แคมเปญไทเกอร์เอซ (บทพูดเยอรมัน),9410680
9410682,Let's get some pineapples over that wall. Blow 'em to kingdom come!,หยิบสับปะรดข้ามกำแพงกันเถอะ พัดพาพวกเขาไปสู่อาณาจักรมา!,แคมเปญไทเกอร์เอซ (บทพูดเยอรมัน),9410682
9410683,More Jerries with LMGs!,เจอร์รีเพิ่มเติมกับ LMG!,แคมเปญไทเกอร์เอซ (บทพูดเยอรมัน),9410683
9410685,Wilson! Get outta there! You're risking all our lives by pulling stunts like this!,วิลสัน! ออกไปจากที่นั่น! คุณกำลังเสี่ยงชีวิตพวกเราด้วยการโชว์โลดโผนแบบนี้!,แคมเปญไทเกอร์เอซ (บทพูดเยอรมัน),9410685
9410690,I'm not runnin from a handfulla Kraut!,ฉันไม่ได้วิ่งหนีจาก Kraut หนึ่งกำมือ!,แคมเปญไทเกอร์เอซ (บทพูดเยอรมัน),9410690
9410691,Ready the Satchel Charges!,เตรียมระเบิด Satchel Charge!ให้พร้อม!,แคมเปญไทเกอร์เอซ (บทพูดเยอรมัน),9410691
9410692,The front guns are suppressed! Charge!,ปืนหน้าถูกยิงกดดันตรึงพื้นที่! ค่าใช้จ่าย!,แคมเปญไทเกอร์เอซ (บทพูดเยอรมัน),9410692
9410710,Fight through it men! Show them what you're made of!,สู้ ๆ นะพวกทหาร! แสดงให้พวกเขาเห็นว่าคุณทำมาจากอะไร!,แคมเปญไทเกอร์เอซ (บทพูดเยอรมัน),9410710
9410730,Suppressing fire.  Pour it on!,ยิงกดดันไว้ ระดมยิงเข้าไป!,แคมเปญไทเกอร์เอซ (บทพูดเยอรมัน),9410730
9410740,Blow a hole in the wall.,เจาะรูที่ผนัง,แคมเปญไทเกอร์เอซ (บทพูดเยอรมัน),9410740
9410800,"These Kraut are untrained, push-overs. Let's move on to Chef du Pont. ",Kraut เหล่านี้ไม่ได้รับการฝึกฝนและวิดพื้น มาดูเชฟดูปองกันดีกว่า,แคมเปญไทเกอร์เอซ (บทพูดเยอรมัน),9410800
9410820,We should wait for the rest of five-oh-seven.,เราควรรอหน่วยที่ 507 ที่เหลือ,แคมเปญไทเกอร์เอซ (บทพูดเยอรมัน),9410820
9410830,And lose momentum? ,และสูญเสียโมเมนตัม?,แคมเปญไทเกอร์เอซ (บทพูดเยอรมัน),9410830
9410835,"Stay here and wait, but I'm going.  Able, head out.",อยู่ที่นี่และรอ แต่ฉันจะไป ได้เลย ออกไปซะ,แคมเปญไทเกอร์เอซ (บทพูดเยอรมัน),9410835
9410870,Mortars! They got us zeroed in!  Spread out!,ครก! พวกมันเล็งเป้าเราได้แล้ว! กระจาย!,แคมเปญไทเกอร์เอซ (บทพูดเยอรมัน),9410870
9410880,Oh shit!  FIND SOME COVER!,ฉิบหายแล้ว! หาที่กำบัง!,แคมเปญไทเกอร์เอซ (บทพูดเยอรมัน),9410880
9410910,Take 'em out!,พาพวกเขาออกไป!,แคมเปญไทเกอร์เอซ (บทพูดเยอรมัน),9410910
9410940,"Retreat! The Krauts have taken Cauquigny, they're comin' up the road!",ถอย! พวก Krauts ได้ยึด Cauquigny ไปแล้ว พวกมันกำลังจะมาแล้ว!,แคมเปญไทเกอร์เอซ (บทพูดเยอรมัน),9410940
9410942,We've got incoming armor. Find cover!,ยานเกราะศัตรูกำลังเข้ามา! หาที่กำบังเร็ว!,แคมเปญไทเกอร์เอซ (บทพูดเยอรมัน),9410942
9410944,Target those vehicles with the recoilless!,กำหนดเป้าหมายยานพาหนะเหล่านั้นแบบไร้การหดตัว!,แคมเปญไทเกอร์เอซ (บทพูดเยอรมัน),9410944
9410946,"Able, sticky bombs!",ได้ ระเบิดเหนียวดักรถถัง!,แคมเปญไทเกอร์เอซ (บทพูดเยอรมัน),9410946
9410961,Mortar incoming! Look out!,ครกเข้ามา! ระวัง,แคมเปญไทเกอร์เอซ (บทพูดเยอรมัน),9410961
9410990,"Launch your satchel charges, take em out!",เปิดตัวดินระเบิดกระเป๋าของคุณ เอาพวกมันออกไป!,แคมเปญไทเกอร์เอซ (บทพูดเยอรมัน),9410990
9410991,BAR's I want disciplined firing!,BAR's ฉันต้องการการยิงที่มีระเบียบวินัย!,แคมเปญไทเกอร์เอซ (บทพูดเยอรมัน),9410991
9411000,"Get those tanks disabled, any way possible!",ปิดการใช้งานรถถังเหล่านั้น ในทุกวิถีทางที่เป็นไปได้!,แคมเปญไทเกอร์เอซ (บทพูดเยอรมัน),9411000
9411010,"Boss, the five-oh-nine have abandoned Cauquigny!",บอส ห้าโมงเก้าละทิ้ง Cauquigny แล้ว!,แคมเปญไทเกอร์เอซ (บทพูดเยอรมัน),9411010
9411020,Ich ergebe mich! Ich ergebe mich!,ฉันยอมแพ้! ฉันยอมแพ้!,แคมเปญไทเกอร์เอซ (บทพูดเยอรมัน),9411020
9411030,"Private, get rid of ‘im.",ส่วนตัวกำจัด 'ฉัน',แคมเปญไทเกอร์เอซ (บทพูดเยอรมัน),9411030
9411040,We can't shoot P.O.W.s. He surrendered.,เราไม่สามารถยิง P.O.W.s. เขายอมแพ้แล้ว,แคมเปญไทเกอร์เอซ (บทพูดเยอรมัน),9411040
9411050,The five-oh-nine have failed to secure Cauquigny.  We DON’T have the luxury of babysitting this German.,ห้าเก้าล้มเหลวในการรักษาความปลอดภัย Cauquigny เราไม่มีความหรูหราในการรับเลี้ยงเด็กชาวเยอรมันคนนี้,แคมเปญไทเกอร์เอซ (บทพูดเยอรมัน),9411050
9411060,Stand DOWN private. Take the prisoner inside.,พักได้แล้วพลทหาร นำนักโทษเข้าไปข้างใน,แคมเปญไทเกอร์เอซ (บทพูดเยอรมัน),9411060
9411080,What next? We give them our guns too? Kraut lover…,อะไรต่อไป? เราให้ปืนพวกเขาด้วยเหรอ? คนรักเคราท์…,แคมเปญไทเกอร์เอซ (บทพูดเยอรมัน),9411080
9411081,...not while I'm commanding Baker.,...ไม่ใช่ในขณะที่ฉันกำลังสั่งเบเกอร์,แคมเปญไทเกอร์เอซ (บทพูดเยอรมัน),9411081
9411090,What a waste of time.  We shoot him and we move out. ,ช่างเป็นการเสียเวลา เรายิงเขาแล้วเราก็ย้ายออกไป,แคมเปญไทเกอร์เอซ (บทพูดเยอรมัน),9411090
9411130,"Nein! Bitte, bitte. Wollen Sie Zigaretten? Ich habe welche!",เนเน่! บิท บิท . วอลเลน ซี ซิกาเร็ตเทน? เอาล่ะ เวลเช่!,แคมเปญไทเกอร์เอซ (บทพูดเยอรมัน),9411130
9411140,"Anything to eat in here, Jerry?",มีอะไรกินที่นี่ไหมเจอร์รี่?,แคมเปญไทเกอร์เอซ (บทพูดเยอรมัน),9411140
9411150,"Yeah, fancy cooking us up some schnitzel, fraulein?",ใช่ ลองปรุงเหล้าชนิทเซลให้เราดูมั้ย ฟราลีน?,แคมเปญไทเกอร์เอซ (บทพูดเยอรมัน),9411150
9411170,Überall sind Fallen. Nichts anfassen! Bitte!,Überall บาป Fallen. นิชท์ส อันฟาสเซ่น! บิท!,แคมเปญไทเกอร์เอซ (บทพูดเยอรมัน),9411170
9411175,Sprechen ze english!,Sprechen ze ภาษาอังกฤษ!,แคมเปญไทเกอร์เอซ (บทพูดเยอรมัน),9411175
9411185,Nein!  Nein!  Nicht den Schrank öffnen! ,เนเน่! เนเน่! นิช เดน ชรังค์ เอิฟเฟน!,แคมเปญไทเกอร์เอซ (บทพูดเยอรมัน),9411185
9411186,Fassen Sie ihn nicht an!,ฟาสเซน ซี่ นิช อัน!,แคมเปญไทเกอร์เอซ (บทพูดเยอรมัน),9411186
9411190,Oh shit!,ฉิบหายแล้ว!,แคมเปญไทเกอร์เอซ (บทพูดเยอรมัน),9411190
9419000,Locate Baker,ค้นหาเบเกอร์,แคมเปญไทเกอร์เอซ (บทพูดเยอรมัน),9419000
9419010,Locate Baker and clear the La Fière Manor.,ค้นหา Baker และเคลียร์ La Fière Manor,แคมเปญไทเกอร์เอซ (บทพูดเยอรมัน),9419010
9419020,Rally with Baker Squad,ชุมนุมกับ Baker Squad,แคมเปญไทเกอร์เอซ (บทพูดเยอรมัน),9419020
9419030,Find Sgt. Craft and rally with Baker Squad prior to assaulting the La Fière Manor.,ค้นหา จ่าคราฟต์ และรวมพลกับหมู่เบเกอร์ ก่อนเข้าตีคฤหาสน์ลาฟีแยร์,แคมเปญไทเกอร์เอซ (บทพูดเยอรมัน),9419030
9419031,Baker Squad Located,ทีมเบเกอร์ตั้งอยู่,แคมเปญไทเกอร์เอซ (บทพูดเยอรมัน),9419031
9419032,Keep Able Squad and Baker Squad Alive,รักษา Able Squad และ Baker Squad ให้คงอยู่,แคมเปญไทเกอร์เอซ (บทพูดเยอรมัน),9419032
9419033,Able and Baker Squad must be kept alive in order to successfully complete the mission.,ทีมเอเบิลและเบเกอร์จะต้องมีชีวิตอยู่เพื่อที่จะทำภารกิจให้สำเร็จ,แคมเปญไทเกอร์เอซ (บทพูดเยอรมัน),9419033
9419034,Able and Baker Squad Kept Alive,ทีมเอเบิลและเบเกอร์ยังมีชีวิตอยู่,แคมเปญไทเกอร์เอซ (บทพูดเยอรมัน),9419034
9419035,Able Squad has been Killed,Able Squad ถูกสังหารแล้ว,แคมเปญไทเกอร์เอซ (บทพูดเยอรมัน),9419035
9419036,Baker Squad has been Killed	,ทีมเบเกอร์ถูกสังหารแล้ว,แคมเปญไทเกอร์เอซ (บทพูดเยอรมัน),9419036
9419040,Storm La Fière Manor and eliminate any German resistance.,พายุ La Fière Manor และกำจัดการต่อต้านของเยอรมัน,แคมเปญไทเกอร์เอซ (บทพูดเยอรมัน),9419040
9419050,Clear the La Fière Manor,เคลียร์คฤหาสน์ La Fière,แคมเปญไทเกอร์เอซ (บทพูดเยอรมัน),9419050
9419060,Clear out Chef du Pont,กำจัดเชฟดูปองต์ออกไป,แคมเปญไทเกอร์เอซ (บทพูดเยอรมัน),9419060
9419070,La Fière Manor Cleared,คฤหาสน์ La Fière เคลียร์แล้ว,แคมเปญไทเกอร์เอซ (บทพูดเยอรมัน),9419070
9419071,Chef du Pont Cleared,ยึดหัวสะพาน ได้แล้ว,แคมเปญไทเกอร์เอซ (บทพูดเยอรมัน),9419071|9419100
9419080,Hold Chef du Pont,ถือเชฟดูปองต์,แคมเปญไทเกอร์เอซ (บทพูดเยอรมัน),9419080|9429150
9419090,Clear Chef du Pont,เคลียร์เชฟดูปองท์,แคมเปญไทเกอร์เอซ (บทพูดเยอรมัน),9419090
9419110,Clear the cluster of buildings of German defenders known as Chef du Pont at the near end of the Causeway.,เคลียร์กลุ่มอาคารของผู้พิทักษ์ชาวเยอรมันที่รู้จักกันในชื่อ Chef du Pont ที่บริเวณใกล้สุดของคอสเวย์,แคมเปญไทเกอร์เอซ (บทพูดเยอรมัน),9419110
9419120,The Manor and Chef du Pont have been cleared of German defenders. ,คฤหาสน์และหัวสะพานถูกกำจัดทหารเยอรมันจนหมดแล้ว,แคมเปญไทเกอร์เอซ (บทพูดเยอรมัน),9419120
9419130,The Germans have successfully held on to Causeway.,เยอรมันยึดคอสเวย์ได้สำเร็จ,แคมเปญไทเกอร์เอซ (บทพูดเยอรมัน),9419130
9419131,Left-click to suppress enemy,คลิกซ้ายเพื่อยิงกดดันตรึงพื้นที่ศัตรู,แคมเปญไทเกอร์เอซ (บทพูดเยอรมัน),9419131
9419132,Left-click to throw Smoke Grenade,คลิกซ้ายเพื่อขว้างระเบิดควัน,แคมเปญไทเกอร์เอซ (บทพูดเยอรมัน),9419132
9419134,Use Med Kit,ใช้ชุดยา,แคมเปญไทเกอร์เอซ (บทพูดเยอรมัน),9419134
9419135,Left-click to activate Direct Fire,คลิกซ้ายเพื่อเปิดใช้งานการเล็งยิงโดยตรง,แคมเปญไทเกอร์เอซ (บทพูดเยอรมัน),9419135
9419136,Button Down Vehicle,ปุ่มลงยานพาหนะ,แคมเปญไทเกอร์เอซ (บทพูดเยอรมัน),9419136
9419137,Throw Sticky Bombs,โยนระเบิดเหนียวดักรถถัง,แคมเปญไทเกอร์เอซ (บทพูดเยอรมัน),9419137
9419138,Apply Field Dressing,ใช้การตกแต่งสนาม,แคมเปญไทเกอร์เอซ (บทพูดเยอรมัน),9419138
9419139,"Press the ""D"" key to enter Direct Fire mode","กดปุ่ม ""D"" เพื่อเข้าสู่โหมดการเล็งยิงโดยตรง",แคมเปญไทเกอร์เอซ (บทพูดเยอรมัน),9419139
9419140,Left-click to exit Direct Fire mode,คลิกซ้ายเพื่อออกจากโหมดการเล็งยิงโดยตรง,แคมเปญไทเกอร์เอซ (บทพูดเยอรมัน),9419140
9419141,"Press ""Escape"" to exit Direct Fire mode","กด ""Escape"" เพื่อออกจากโหมดการเล็งยิงโดยตรง",แคมเปญไทเกอร์เอซ (บทพูดเยอรมัน),9419141
9419142,Use Recoilless Rifle,ใช้ปืนไรเฟิลไร้แรงสะท้อน,แคมเปญไทเกอร์เอซ (บทพูดเยอรมัน),9419142
9419181,Ensure that the Germans do not take back Chef du Pont.,ตรวจสอบให้แน่ใจว่าชาวเยอรมันไม่เอาเชฟดูปองต์กลับ,แคมเปญไทเกอร์เอซ (บทพูดเยอรมัน),9419181
9419200,Find Lost Paratroopers,ค้นหาพลร่มที่หายไป,แคมเปญไทเกอร์เอซ (บทพูดเยอรมัน),9419200
9419210,Hunt the surrounding countryside seeking out lost paratroopers from the 82nd and send them on their way.,ออกล่าพื้นที่ชนบทโดยรอบเพื่อค้นหาพลร่มที่สูญหายจากหน่วยที่ 82 และส่งพวกเขาไปตามทาง,แคมเปญไทเกอร์เอซ (บทพูดเยอรมัน),9419210
9419220,All Allies Found,พบพันธมิตรทั้งหมดแล้ว,แคมเปญไทเกอร์เอซ (บทพูดเยอรมัน),9419220
9419230,Target with Recoilless Rifle,กำหนดเป้าหมายด้วยปืนไรเฟิลไร้แรงสะท้อน,แคมเปญไทเกอร์เอซ (บทพูดเยอรมัน),9419230
9419240,Rally With Baker,ชุมนุมกับเบเกอร์,แคมเปญไทเกอร์เอซ (บทพูดเยอรมัน),9419240
9419610,Battle for the La Fière Causeway,การต่อสู้เพื่อทางหลวง La Fière,แคมเปญไทเกอร์เอซ (บทพูดเยอรมัน),9419610
9419620,LaFière,ลาเฟียร์,แคมเปญไทเกอร์เอซ (บทพูดเยอรมัน),9419620
9419630,LaFière_Causeway,LaFière_Causeway,แคมเปญไทเกอร์เอซ (บทพูดเยอรมัน),9419630
9419631,"D-Day +1, Wednesday June 7th, 1944",ดีเดย์ +1 วันพุธที่ 7 มิถุนายน พ.ศ. 2487,แคมเปญไทเกอร์เอซ (บทพูดเยอรมัน),9419631
9419632,"D-Day, Tuesday June 6th, 1944",ดีเดย์ วันอังคารที่ 6 มิถุนายน พ.ศ. 2487,แคมเปญไทเกอร์เอซ (บทพูดเยอรมัน),9419632
9419633,"D-Day, A Day Earlier",ดีเดย์ หนึ่งวันก่อนหน้านี้,แคมเปญไทเกอร์เอซ (บทพูดเยอรมัน),9419633
9419634,"Market Garden D-Day +4, Sergeant Craft led a defense at the Maas Bridge.",ปฏิบัติการมาร์เก็ตการ์เดน ดีเดย์ +4 จ่าคราฟต์ นำการตั้งรับที่สะพานมาส,แคมเปญไทเกอร์เอซ (บทพูดเยอรมัน),9419634
9419635,"Sergeant Craft was killed in action, but the defense held. ",จ่าคราฟต์ เสียชีวิตในการรบ แต่แนวป้องกันยังคงยืนหยัดอยู่ได้,แคมเปญไทเกอร์เอซ (บทพูดเยอรมัน),9419635
9419636,"Sergeant Blaine Wilson, posthumously awarded the Medal of Honor for bravery.",จ่าสิบเอกเบลน วิลสัน ได้รับรางวัลเหรียญเกียรติยศจากความกล้าหาญหลังมรณกรรม,แคมเปญไทเกอร์เอซ (บทพูดเยอรมัน),9419636
9419637,"La Fière, Normandy","ลา เฟียร์, นอร์มงดี",แคมเปญไทเกอร์เอซ (บทพูดเยอรมัน),9419637
9419638,"Near Cauquigny, France","ใกล้ Cauquigny, ฝรั่งเศส",แคมเปญไทเกอร์เอซ (บทพูดเยอรมัน),9419638
9419639,"A Day Earlier. D-Day, June 6th, 1944",วันก่อน. ดีเดย์ 6 มิถุนายน พ.ศ. 2487,แคมเปญไทเกอร์เอซ (บทพูดเยอรมัน),9419639
9419650,Mission Failed: Able Squad Lost,ภารกิจล้มเหลว: Able Squad แพ้,แคมเปญไทเกอร์เอซ (บทพูดเยอรมัน),9419650
9419660,Mission Failed: Baker Squad Lost,ภารกิจล้มเหลว: Baker Squad แพ้,แคมเปญไทเกอร์เอซ (บทพูดเยอรมัน),9419660
9419661,Keep Sgt. Craft Alive,ปกป้อง จ่าคราฟต์ ให้มีชีวิตรอด,แคมเปญไทเกอร์เอซ (บทพูดเยอรมัน),9419661
9419662,Sgt. Craft must survive in order to successfully complete the mission,จ่าคราฟต์ จะต้องรอดชีวิตเพื่อให้ภารกิจสำเร็จลุล่วง,แคมเปญไทเกอร์เอซ (บทพูดเยอรมัน),9419662
9419663,Sgt. Craft Survived ,จ่าคราฟต์ รอดชีวิต,แคมเปญไทเกอร์เอซ (บทพูดเยอรมัน),9419663
9419664,Sgt. Craft has been killed in action	,จ่าคราฟต์ เสียชีวิตในการรบ,แคมเปญไทเกอร์เอซ (บทพูดเยอรมัน),9419664
9419670,"As D+1 comes to an end, the 505th join up with the 509th and dig in for the night",เมื่อดีเดย์+1 จบลง หน่วยที่ 505 เข้าร่วมกับหน่วยที่ 509 และขุดหลุมตั้งรับตลอดคืน,แคมเปญไทเกอร์เอซ (บทพูดเยอรมัน),9419670
9419680,"Cauquigny, France","Cauquigny, ฝรั่งเศส",แคมเปญไทเกอร์เอซ (บทพูดเยอรมัน),9419680
9419681,"1632 hrs. D-Day, June 6th, 1944",1632 น. ดีเดย์ 6 มิถุนายน พ.ศ. 2487,แคมเปญไทเกอร์เอซ (บทพูดเยอรมัน),9419681
9419682,"Chef du Pont, France",เชฟดูปองต์ ประเทศฝรั่งเศส,แคมเปญไทเกอร์เอซ (บทพูดเยอรมัน),9419682
9419683,"0447 hrs. D-Day+1, June 7th, 1944",0447 น. ดีเดย์+1 7 มิถุนายน 1944,แคมเปญไทเกอร์เอซ (บทพูดเยอรมัน),9419683
9419684,He was posthumously awarded the Silver Star for bravery.,เขาได้รับรางวัล Silver Star จากความกล้าหาญหลังมรณกรรม,แคมเปญไทเกอร์เอซ (บทพูดเยอรมัน),9419684
9419710,Cauquigny: Drop on the Causeway,Cauquigny: หย่อนลงบนทางหลวง,แคมเปญไทเกอร์เอซ (บทพูดเยอรมัน),9419710
9419711,CAUS1,สาเหตุ1,แคมเปญไทเกอร์เอซ (บทพูดเยอรมัน),9419711
9419712,"June 6th, 1944.  The 82nd Airborne are dropping a number of paratroopers around the La Fière causeway.  The lead elements of the 505th PIR, Able and Baker squads are to capture and secure the La Fière Manor.","6 มิถุนายน 1944 กองบิน 82 กำลังทิ้งพลร่มจำนวนหนึ่งบริเวณรอบๆ ทางหลวง La Fière องค์ประกอบหลักของหน่วย PIR, Able และ Baker ที่ 505 คือการยึดและรักษาคฤหาสน์ La Fière",แคมเปญไทเกอร์เอซ (บทพูดเยอรมัน),9419712
9419713,Battle Over Cauquigny,การต่อสู้เพื่อ Cauquigny,แคมเปญไทเกอร์เอซ (บทพูดเยอรมัน),9419713
9419714,CAUS2,สาเหตุ2,แคมเปญไทเกอร์เอซ (บทพูดเยอรมัน),9419714
9419715,"La Fière has been flushed and the Causeway cleared. With these crucial access points secured, the 505th must cross the landbridge and retake Cauquigny.",La Fière ถูกล้าง และคอสเวย์เคลียร์แล้ว เมื่อเข้าถึงจุดเชื่อมต่อที่สำคัญเหล่านี้ได้อย่างปลอดภัยแล้ว หน่วยที่ 505 จะต้องข้ามสะพานและยึด Cauquigny กลับคืนมา,แคมเปญไทเกอร์เอซ (บทพูดเยอรมัน),9419715
9419716,The Grey Castle,ปราสาทสีเทา,แคมเปญไทเกอร์เอซ (บทพูดเยอรมัน),9419716
9419717,CAUS3,สาเหตุ3,แคมเปญไทเกอร์เอซ (บทพูดเยอรมัน),9419717
9419718,"Able, Baker and the rest of the 82nd Airborne have been pushed from Cauquigny with little time remaining to secure their objectives. The Germans have bunkered down, their machine guns trained on the Causeway road. ",เอเบิล เบเกอร์ และกองบิน 82 ที่เหลือถูกผลักออกจาก Cauquigny โดยมีเวลาเหลือเพียงเล็กน้อยในการบรรลุวัตถุประสงค์ ชาวเยอรมันได้ซ่อนบังเกอร์ไว้แล้ว ปืนกลของพวกเขาได้รับการฝึกฝนบนถนนคอสเวย์,แคมเปญไทเกอร์เอซ (บทพูดเยอรมัน),9419718
9419750,505th Parachute Infantry Regiment,กองพันทหารราบร่มชูชีพที่ 505,แคมเปญไทเกอร์เอซ (บทพูดเยอรมัน),9419750
9419755,509th Parachute Infantry Regiment,กองพันทหารราบร่มชูชีพที่ 509,แคมเปญไทเกอร์เอซ (บทพูดเยอรมัน),9419755
9419760,1057th Panzer Grenadier Regiment ,"กองพันยานเกราะ เกรนาเดียร์ ที่ 1,057",แคมเปญไทเกอร์เอซ (บทพูดเยอรมัน),9419760
9419765,82nd Airborne Division,กองพลทหารอากาศที่ 82,แคมเปญไทเกอร์เอซ (บทพูดเยอรมัน),9419765
9419766,6th Armored Group,กลุ่มยานเกราะที่ 6,แคมเปญไทเกอร์เอซ (บทพูดเยอรมัน),9419766
9419770,"Capture the La Fière causeway, the main bottleneck preventing the Allied advance to the ports of Cherbourg.",ยึดทางหลวง La Fière ซึ่งเป็นจุดคอขวดหลักที่ขัดขวางไม่ให้ฝ่ายพันธมิตรรุกคืบไปยังท่าเรือ Cherbourg,แคมเปญไทเกอร์เอซ (บทพูดเยอรมัน),9419770
9419780,Start the Causeway Campaign,เริ่มแคมเปญสมรภูมิคอสเวย์,แคมเปญไทเกอร์เอซ (บทพูดเยอรมัน),9419780
9419790,Continue the Causeway Campaign,เล่นต่อแคมเปญสมรภูมิคอสเวย์,แคมเปญไทเกอร์เอซ (บทพูดเยอรมัน),9419790
9420000,You cost me two men Craft. For one stinkin' Kraut.,แกทำฉันเสียคนไปสองคนนะคราฟต์ เพื่อแลกกับไอ้เยอรมันโสโครกคนเดียวเนี่ยนะ,แคมเปญไทเกอร์เอซ (บทพูดเยอรมัน),9420000
9420010,"I don't know how you're gonna do it, but you're GOING to make it up to them.",ฉันไม่รู้ว่าคุณจะทำยังไง แต่คุณจะชดใช้ให้พวกเขา,แคมเปญไทเกอร์เอซ (บทพูดเยอรมัน),9420010
9420020,"They died following an order, Wilson. It could've been any of us.",พวกเขาตายตามคำสั่ง วิลสัน มันอาจจะเป็นพวกเราคนใดก็ได้,แคมเปญไทเกอร์เอซ (บทพูดเยอรมัน),9420020
9420030,You owe those men something before you die.,คุณเป็นหนี้คนพวกนั้นก่อนที่คุณจะตาย,แคมเปญไทเกอร์เอซ (บทพูดเยอรมัน),9420030
9420040,I don't plan on dying.,ฉันไม่ได้วางแผนที่จะตาย,แคมเปญไทเกอร์เอซ (บทพูดเยอรมัน),9420040
9420050,"We're all dead men Craft. We're all dead men. The problem is, some of us don't know it yet.",พวกเราทุกคนมันก็แค่คนตายไปแล้วทั้งนั้นแหละคราฟต์... ปัญหาก็คือ บางคนในพวกเรายังไม่รู้ตัวเท่านั้นเอง,แคมเปญไทเกอร์เอซ (บทพูดเยอรมัน),9420050
9420060,"If you believe that, then why bother? Why bother with ANY of this?",ถ้าเชื่ออย่างนั้นจะกังวลไปทำไม? ทำไมต้องกังวลกับเรื่องนี้?,แคมเปญไทเกอร์เอซ (บทพูดเยอรมัน),9420060
9420080,"Because if you're lucky, you'll find a GOOD place to die--with your rifle in hand and your men beside you. ",เพราะถ้าคุณโชคดี คุณจะพบสถานที่ดีๆ ที่จะตาย โดยมีปืนไรเฟิลอยู่ในมือและคนของคุณอยู่ข้างๆ,แคมเปญไทเกอร์เอซ (บทพูดเยอรมัน),9420080
9420085,Not in some Frenchmen's kitchen.,ไม่ได้อยู่ในครัวของชาวฝรั่งเศสบางคน,แคมเปญไทเกอร์เอซ (บทพูดเยอรมัน),9420085
9420100,"Welcome to Cauquigny men, gather round. ",ยินดีต้อนรับสู่พวก Cauquigny รวมตัวกัน,แคมเปญไทเกอร์เอซ (บทพูดเยอรมัน),9420100
9420120,Five-oh-nine Scouts report a build up of German forces outside Cauquigny.  ,หน่วยสอดแนมห้าเก้าคนรายงานการเสริมทัพของเยอรมันนอกเมือง Cauquigny,แคมเปญไทเกอร์เอซ (บทพูดเยอรมัน),9420120
9420130,They're preparing to Counterattack.,พวกเขากำลังเตรียมการตอบโต้,แคมเปญไทเกอร์เอซ (บทพูดเยอรมัน),9420130
9420140,"We should move back to Chef du Pont, the narrow road provides a better defensive position.",เราควรย้ายกลับไปหาเชฟดูปองต์ ถนนแคบๆ ให้ตำแหน่งการป้องกันที่ดีกว่า,แคมเปญไทเกอร์เอซ (บทพูดเยอรมัน),9420140
9420150,"Orders are to hold the Causeway, not half of it. ",คำสั่งให้ยึดคอสเวย์ ไม่ใช่ครึ่งหนึ่ง,แคมเปญไทเกอร์เอซ (บทพูดเยอรมัน),9420150
9420155,Set up defenses along these main roads.,ตั้งแนวป้องกันตามถนนสายหลักเหล่านี้,แคมเปญไทเกอร์เอซ (บทพูดเยอรมัน),9420155
9420160,We must hold Cauquigny at all costs.,เราต้องควบคุม Cauquigny ไว้ทุกวิถีทาง,แคมเปญไทเกอร์เอซ (บทพูดเยอรมัน),9420160
9420210,"Take the other way around, jerry!",ไปทางอื่นเจอร์รี่!,แคมเปญไทเกอร์เอซ (บทพูดเยอรมัน),9420210
9420220,I don't think the Frenchies are going to like what we're doing to their road.,ฉันไม่คิดว่าชาวฝรั่งเศสจะชอบสิ่งที่เราทำบนถนนของพวกเขา,แคมเปญไทเกอร์เอซ (บทพูดเยอรมัน),9420220
9420230,At least the dead Jerries are fillin up the damn pot holes.,อย่างน้อยเจอร์รีส์ที่ตายแล้ว ก็มาอุดหลุมบ้าๆ พวกนี้,แคมเปญไทเกอร์เอซ (บทพูดเยอรมัน),9420230
9420300,"It's too quiet, it's given me the creeps.",มันเงียบเกินไป มันทำให้ฉันขนลุก,แคมเปญไทเกอร์เอซ (บทพูดเยอรมัน),9420300
9420330,Focus. The Kraut aren't done with us yet.,จุดสนใจ. Kraut ยังไม่เสร็จกับเรา,แคมเปญไทเกอร์เอซ (บทพูดเยอรมัน),9420330
9420360,You're temptin fate with your mouth over there.,นี่กำลังยั่วชะตากรรมด้วยปากนะ,แคมเปญไทเกอร์เอซ (บทพูดเยอรมัน),9420360
9420410,We got more incoming.,เรามีเข้ามามากขึ้น,แคมเปญไทเกอร์เอซ (บทพูดเยอรมัน),9420410
9420426,Can the 509 spare a few bodies? We need them up here!,509 สามารถไว้สำรองศพไม่กี่ศพได้หรือไม่? เราต้องการพวกมันที่นี่!,แคมเปญไทเกอร์เอซ (บทพูดเยอรมัน),9420426
9420429,Get those five oh seven up here!,เอาห้าเจ็ดนั่นขึ้นไปที่นี่!,แคมเปญไทเกอร์เอซ (บทพูดเยอรมัน),9420429
9420430,Was that it sir?,นั่นนายเหรอ?,แคมเปญไทเกอร์เอซ (บทพูดเยอรมัน),9420430
9420460,Why do they keep coming at us like this!,ทำไมพวกมันถึงมาหาเราแบบนี้อีก!,แคมเปญไทเกอร์เอซ (บทพูดเยอรมัน),9420460
9420490,Orders sir? We stayin!?,คำสั่งนายเหรอ? เราอยู่!?,แคมเปญไทเกอร์เอซ (บทพูดเยอรมัน),9420490
9420511,Keep moving Airborne. Stow the chatter.,เคลื่อนที่ต่อไปในอากาศ เก็บเรื่องไร้สาระ.,แคมเปญไทเกอร์เอซ (บทพูดเยอรมัน),9420511
9420514,Get good lines of fire. The Germans will be coming right down the main road.,หาแนวยิงที่ได้เปรียบไว้ พวกเยอรมันจะยกพลบุกมาตามถนนสายหลักแน่นอน,แคมเปญไทเกอร์เอซ (บทพูดเยอรมัน),9420514
9420522,Baker! Button down those Germans!,เบเกอร์! ปุ่มลงชาวเยอรมันเหล่านั้น!,แคมเปญไทเกอร์เอซ (บทพูดเยอรมัน),9420522
9420525,"Ok people, tighten up those defenses before the Krauts hit us again.",โอเค ทุกคน กระชับการป้องกันเหล่านั้นให้แน่นขึ้น ก่อนที่พวกเคราท์จะโจมตีเราอีกครั้ง,แคมเปญไทเกอร์เอซ (บทพูดเยอรมัน),9420525
9420550,Craft you're useful for something after all.,คราฟต์ นายก็มีประโยชน์ในที่สุดสินะ,แคมเปญไทเกอร์เอซ (บทพูดเยอรมัน),9420550
9420560,Who wudda thought.,ใครคิด..,แคมเปญไทเกอร์เอซ (บทพูดเยอรมัน),9420560
9420570,"We're all dead anyways, right? ",ยังไงซะเราก็ตายกันหมดแล้วใช่ไหม?,แคมเปญไทเกอร์เอซ (บทพูดเยอรมัน),9420570
9420580,Keep talking that way and I might just have to respect ya. ,พูดแบบนั้นต่อไปและฉันอาจจะต้องเคารพคุณ,แคมเปญไทเกอร์เอซ (บทพูดเยอรมัน),9420580
9420590,Here we go boys! ,เอาล่ะเด็กๆ!,แคมเปญไทเกอร์เอซ (บทพูดเยอรมัน),9420590
9420592,I don't know if we got enough ammo for fighting tanks!,ฉันไม่รู้ว่าเรามีกระสุนเพียงพอสำหรับการสู้รถถังหรือเปล่า!,แคมเปญไทเกอร์เอซ (บทพูดเยอรมัน),9420592
9420600,Armor! Heavy Armor! Incoming!,เกราะ! เกราะหนัก! กำลังมา!,แคมเปญไทเกอร์เอซ (บทพูดเยอรมัน),9420600
9420630,To the left! German infantry coming in from the left!,ไปทางซ้าย! ทหารราบเยอรมันเข้ามาจากซ้าย!,แคมเปญไทเกอร์เอซ (บทพูดเยอรมัน),9420630
9420730,Suppressive fire! Keep those Germans too scared to move!,ยิงกดดันไว้! ตรึงไอ้พวกเยอรมันไม่ให้กล้าขยับ!,แคมเปญไทเกอร์เอซ (บทพูดเยอรมัน),9420730
9420780,Another line on it's way!,มาอีกเส้นแล้ว!,แคมเปญไทเกอร์เอซ (บทพูดเยอรมัน),9420780
9420781,The air is gettig awfully hot.,อากาศมันร้อนมาก.,แคมเปญไทเกอร์เอซ (บทพูดเยอรมัน),9420781
9420782,These Krauts are taking back this town. They won't stop.,Krauts เหล่านี้กำลังยึดเมืองนี้กลับคืนมา พวกเขาจะไม่หยุด,แคมเปญไทเกอร์เอซ (บทพูดเยอรมัน),9420782
9420800,"More infantry, coming from mid left, cutting in. Fire! Fire!",มีทหารราบศัตรูเข้ามาอีก มาจากตรงกลางซ้าย กำลังตัดเข้ามา ยิงเลย! ยิง!,แคมเปญไทเกอร์เอซ (บทพูดเยอรมัน),9420800
9420801,Able! Baker! Incoming Germans! ,เอเบิล! เบเกอร์! เยอรมันบุกมา!,แคมเปญไทเกอร์เอซ (บทพูดเยอรมัน),9420801
9420802,Get into position.  All eyes on the main road!,เข้ารับตำแหน่ง. สะกดทุกสายตาบนถนนสายหลัก!,แคมเปญไทเกอร์เอซ (บทพูดเยอรมัน),9420802
9420820,There are too many of them. We have to set up a defensive line!,มีมากเกินไป เราต้องตั้งแนวรับ!,แคมเปญไทเกอร์เอซ (บทพูดเยอรมัน),9420820
9420830,There's no time! ,ไม่มีเวลา!,แคมเปญไทเกอร์เอซ (บทพูดเยอรมัน),9420830
9420860,Stop thinking and just shoot! Just SHOOT!,หยุดคิดแล้วยิงเลย! เพียงแค่ยิง!,แคมเปญไทเกอร์เอซ (บทพูดเยอรมัน),9420860
9420890,They're gone. We held them back!,พวกเขาไปแล้ว เรารั้งพวกเขาไว้!,แคมเปญไทเกอร์เอซ (บทพูดเยอรมัน),9420890
9420900,For now. They'll regroup and attempt another push in minutes.,สำหรับตอนนี้. พวกเขาจะจัดกลุ่มใหม่และพยายามผลักดันอีกครั้งในไม่กี่นาที,แคมเปญไทเกอร์เอซ (บทพูดเยอรมัน),9420900
9420910,"Lay down mines on the main roads, any demo charges, if you got em.",วางทุ่นระเบิดบนถนนสายหลัก เสียดินระเบิดการสาธิต หากคุณมีพวกมัน,แคมเปญไทเกอร์เอซ (บทพูดเยอรมัน),9420910
9420920,"Good thinking Craft, only God knows what is going to come down that roadway next.",คิดได้ดีมาก คราฟต์ พระเจ้าเท่านั้นที่รู้ว่าจะมีอะไรโผล่มาตามถนนเส้นนั้นอีก,แคมเปญไทเกอร์เอซ (บทพูดเยอรมัน),9420920
9420930,Here they come again!,พวกเขามาอีกแล้ว!,แคมเปญไทเกอร์เอซ (บทพูดเยอรมัน),9420930
9420940,"There's so many of them, where the hell are they all coming from?",มีเยอะมาก แล้วพวกนี้มาจากไหนกันล่ะ?,แคมเปญไทเกอร์เอซ (บทพูดเยอรมัน),9420940
9420957,We'll make our stand on the east side of the Causeway.,เราจะยืนอยู่ฝั่งตะวันออกของคอสเวย์,แคมเปญไทเกอร์เอซ (บทพูดเยอรมัน),9420957
9420958,Let's get the hell out of here!,ออกไปจากที่นี่กันเถอะ!,แคมเปญไทเกอร์เอซ (บทพูดเยอรมัน),9420958
9420960,They're all just running right at us like it's nothin.,พวกมันวิ่งเข้ามาหาเราเหมือนไม่มีอะไรเลย,แคมเปญไทเกอร์เอซ (บทพูดเยอรมัน),9420960
9420970,"Mortars! Left side road, mortars!",ครก! ถนนฝั่งซ้ายมีครก!,แคมเปญไทเกอร์เอซ (บทพูดเยอรมัน),9420970
9420980,Mortars comin from the main road!,ครกมาจากถนนสายหลัก!,แคมเปญไทเกอร์เอซ (บทพูดเยอรมัน),9420980
9420983,I'm makin a stand. Here.,ฉันกำลังยืนหยัด ที่นี่.,แคมเปญไทเกอร์เอซ (บทพูดเยอรมัน),9420983
9420984,"Run! Run, ya dumb bastard!",วิ่ง! วิ่งไปนะไอ้สารเลว!,แคมเปญไทเกอร์เอซ (บทพูดเยอรมัน),9420984
9420985,"Thank god, they eased up.",ขอบคุณพระเจ้า พวกเขาสบายใจขึ้นแล้ว,แคมเปญไทเกอร์เอซ (บทพูดเยอรมัน),9420985
9420986,"Stay sharp, they'll pour back on us once they get their balls back.",ใจเย็นไว้ พวกมันจะเทกลับใส่เราทันทีเมื่อพวกเขาได้บอลคืนแล้ว,แคมเปญไทเกอร์เอซ (บทพูดเยอรมัน),9420986
9420988,They're throwing everything at us now! Keep it together!,พวกเขากำลังขว้างทุกอย่างใส่เราตอนนี้! เก็บไว้ด้วยกัน!,แคมเปญไทเกอร์เอซ (บทพูดเยอรมัน),9420988
9420990,This is too much! We need to fall back.,นี่มันมากเกินไปแล้ว! เราต้องถอยหลัง,แคมเปญไทเกอร์เอซ (บทพูดเยอรมัน),9420990
9421000,GO! I'll hold them off until you're clear. GO!,ไป! ฉันจะระงับพวกเขาไว้จนกว่าคุณจะชัดเจน ไป!,แคมเปญไทเกอร์เอซ (บทพูดเยอรมัน),9421000
9421001,SFX < Wilson Dies >,เอสเอฟเอ็กซ์ < Wilson Dies >,แคมเปญไทเกอร์เอซ (บทพูดเยอรมัน),9421001
9421002,SFX < Wilson Dies Short >,เอสเอฟเอ็กซ์ < Wilson Dies Short >,แคมเปญไทเกอร์เอซ (บทพูดเยอรมัน),9421002
9421003,SFX < Wilson Dies Grunt >,เอสเอฟเอ็กซ์ < Wilson Dies Grunt >,แคมเปญไทเกอร์เอซ (บทพูดเยอรมัน),9421003
9421010,Able! Retreat!,เอเบิล! ถอย!,แคมเปญไทเกอร์เอซ (บทพูดเยอรมัน),9421010
9421020,Back across the Causeway! ,กลับข้ามคอสเวย์!,แคมเปญไทเกอร์เอซ (บทพูดเยอรมัน),9421020
9421030,Stop those tanks!,หยุดรถถังเหล่านั้น!,แคมเปญไทเกอร์เอซ (บทพูดเยอรมัน),9421030
9421040,"Use whatever you have left! Satchel charges, sticky bombs, everything!",ใช้สิ่งที่คุณเหลือ! ค่ากระเป๋า ระเบิดเหนียวดักรถถัง ทุกอย่าง!,แคมเปญไทเกอร์เอซ (บทพูดเยอรมัน),9421040
9421050,We MUST HOLD the Causeway!,เราต้องยึดคอสเวย์ไว้!,แคมเปญไทเกอร์เอซ (บทพูดเยอรมัน),9421050
9421051,They're done.,พวกเขาเสร็จแล้ว,แคมเปญไทเกอร์เอซ (บทพูดเยอรมัน),9421051
9421052,"The causeway is too clogged, they're not stupid enough to cross it now.",ทางหลวงอุดตันเกินไป พวกเขาไม่โง่พอที่จะข้ามไปตอนนี้,แคมเปญไทเกอร์เอซ (บทพูดเยอรมัน),9421052
9421053,Here they come! Germans inbound!,พวกเขามาแล้ว! เยอรมันรุก!,แคมเปญไทเกอร์เอซ (บทพูดเยอรมัน),9421053
9421054,This is a full attack! This is the real deal men!,นี่คือการโจมตีเต็มรูปแบบ! นี่แหละทหารตัวจริง!,แคมเปญไทเกอร์เอซ (บทพูดเยอรมัน),9421054
9421055,We did it men. We did it.,เราทำได้แล้วทหาร เราทำได้แล้ว,แคมเปญไทเกอร์เอซ (บทพูดเยอรมัน),9421055
9421060,I . . I . . can't believe we just left him there. ,ฉัน . . ฉัน . . ไม่อยากเชื่อเลยว่าเราทิ้งเขาไว้ที่นั่น,แคมเปญไทเกอร์เอซ (บทพูดเยอรมัน),9421060
9421070,"If we stayed, we all would have died. What then Maloney?",ถ้าเราอยู่ เราคงตายกันหมด แล้วมาโลนี่ล่ะ?,แคมเปญไทเกอร์เอซ (บทพูดเยอรมัน),9421070
9421080,We're going back across.,เราจะกลับข้ามไป,แคมเปญไทเกอร์เอซ (บทพูดเยอรมัน),9421080
9421090,What? You gotta be kiddin me! There ain't no one comin' back from that!,อะไร คุณต้องล้อเล่นฉัน! ไม่มีใครกลับมาจากเรื่องนั้นอีกแล้ว!,แคมเปญไทเกอร์เอซ (บทพูดเยอรมัน),9421090
9421100,"We're taking the Causeway and securing Cauquigny by oh nine hundred. Get some rest, we charge at dawn.",เรากำลังไปที่คอสเวย์ และยึดคอควินญีได้เก้าร้อยคน พักผ่อนซะ เราชาร์จตอนรุ่งสาง,แคมเปญไทเกอร์เอซ (บทพูดเยอรมัน),9421100
9429000,Hold The Causeway	,ยึดถนนคอสเวย์ไว้,แคมเปญไทเกอร์เอซ (บทพูดเยอรมัน),9429000
9429010,The Germans are trying to cross the Causeway into Chef du Pont.  Stop them.,ชาวเยอรมันพยายามข้ามคอสเวย์ไปยังเชฟดูปองต์ หยุดพวกเขา,แคมเปญไทเกอร์เอซ (บทพูดเยอรมัน),9429010
9429020,Causeway Held,คอสเวย์จัดขึ้น,แคมเปญไทเกอร์เอซ (บทพูดเยอรมัน),9429020
9429021,Set Up Defenses	,ตั้งค่าการป้องกัน,แคมเปญไทเกอร์เอซ (บทพูดเยอรมัน),9429021
9429022,"The Germans are preparing to attack Caquigny.  Lay Barbed Wire, Sandbags and Mines to defend the town.",พวกเยอรมันกำลังเตรียมเข้าตีโกกิญญี วางลวดหนาม กระสอบทราย และทุ่นระเบิดเพื่อป้องกันเมือง,แคมเปญไทเกอร์เอซ (บทพูดเยอรมัน),9429022
9429023,Defenses Established,การป้องกันที่จัดตั้งขึ้น,แคมเปญไทเกอร์เอซ (บทพูดเยอรมัน),9429023
9429030,Stop the German tanks from advancing on Cauquigny.,หยุดรถถังเยอรมันไม่ให้รุกคืบ Cauquigny,แคมเปญไทเกอร์เอซ (บทพูดเยอรมัน),9429030
9429040,Destroy the German Tanks,ทำลายรถถังเยอรมัน,แคมเปญไทเกอร์เอซ (บทพูดเยอรมัน),9429040
9429050,The Germans will not stop. Prepare for a secondary counterattack while the German forces assemble.,ชาวเยอรมันจะไม่หยุด เตรียมพร้อมสำหรับการตอบโต้ครั้งที่สองในขณะที่กองทัพเยอรมันรวมตัวกัน,แคมเปญไทเกอร์เอซ (บทพูดเยอรมัน),9429050
9429060,"German forces are already assembling for a secondary assault on Cauquigny, prepare defenses for their arrival.",กองกำลังเยอรมันกำลังรวบรวมการโจมตีครั้งที่สองที่ Cauquigny เพื่อเตรียมการป้องกันสำหรับการมาถึงของพวกเขา,แคมเปญไทเกอร์เอซ (บทพูดเยอรมัน),9429060
9429070,Prepare for Second Counterattack,เตรียมตอบโต้ครั้งที่สอง,แคมเปญไทเกอร์เอซ (บทพูดเยอรมัน),9429070
9429080,"The Germans are on the attack once again, defend Cauquigny at all costs!",เยอรมันโจมตีอีกครั้ง ป้องกัน Cauquigny ได้ทุกวิถีทาง!,แคมเปญไทเกอร์เอซ (บทพูดเยอรมัน),9429080
9429090,The Germans have returned.,ชาวเยอรมันกลับมาแล้ว,แคมเปญไทเกอร์เอซ (บทพูดเยอรมัน),9429090
9429100,"The Germans are on the attack once again, keep them off of the Causeway at all costs.",ชาวเยอรมันโจมตีอีกครั้ง ให้พวกเขาอยู่ห่างจากคอสเวย์ไม่ว่าจะด้วยวิธีใดก็ตาม,แคมเปญไทเกอร์เอซ (บทพูดเยอรมัน),9429100
9429110,Hold Back Second Counterattack,ระงับการตอบโต้ครั้งที่สอง,แคมเปญไทเกอร์เอซ (บทพูดเยอรมัน),9429110
9429111,Defend Against Third Counterattack,ป้องกันการตอบโต้ครั้งที่สาม,แคมเปญไทเกอร์เอซ (บทพูดเยอรมัน),9429111
9429112,The Germans are using armor to make a final push for Cauquigny.  Make sure they do not succeed.,พวกเยอรมันกำลังส่งยานเกราะเข้าบุกโกกิญญีเป็นระลอกสุดท้าย จงหยุดพวกมันให้ได้,แคมเปญไทเกอร์เอซ (บทพูดเยอรมัน),9429112
9429120,"Defend the east side of the Causeway in order to retain access to the Causeway. If this position is lost, we will have failed.",ปกป้องฝั่งตะวันออกของคอสเวย์เพื่อรักษาการเข้าถึงคอสเวย์ หากตำแหน่งนี้หายไปเราคงล้มเหลว,แคมเปญไทเกอร์เอซ (บทพูดเยอรมัน),9429120
9429130,Defend the eastern side of the Causeway at all costs.,ปกป้องฝั่งตะวันออกของคอสเวย์ด้วยทุกวิถีทาง,แคมเปญไทเกอร์เอซ (บทพูดเยอรมัน),9429130
9429140,"Do not let the Germans into Chef du Pont, you must stop them here.",อย่าปล่อยให้ชาวเยอรมันเข้าไปใน Chef du Pont คุณต้องหยุดพวกเขาที่นี่,แคมเปญไทเกอร์เอซ (บทพูดเยอรมัน),9429140
9429151,Chef du Pont Held,เชฟดูปองท์เฮลด์,แคมเปญไทเกอร์เอซ (บทพูดเยอรมัน),9429151
9429152,Retreat to Chef du Pont,ถอยทัพไปหาเชฟดูปองต์,แคมเปญไทเกอร์เอซ (บทพูดเยอรมัน),9429152
9429153,Order all the squads to retreat back across the Causeway to Chef du pont.,สั่งให้ทุกหน่วยถอยทัพข้ามคอสเวย์ไปหาเชฟดูปองต์,แคมเปญไทเกอร์เอซ (บทพูดเยอรมัน),9429153
9429160,As D-Day +1 comes to a bloody end the 505th and 509th dig in for the night. Craft's destiny awaits the light of the morning sun.,เมื่อวันดีเดย์ +1 สิ้นสุดลงด้วยการสู้รบอันนองเลือด กรมทหารที่ 505 และ 509 จึงขุดสนามเพลาะตั้งรับในยามค่ำคืน ชะตากรรมของจ่าคราฟต์รอคอยแสงตะวันยามเช้า,แคมเปญไทเกอร์เอซ (บทพูดเยอรมัน),9429160
9429170,"Exhausted, the 505th and 509th dig in for the night, wary of the dangers that tomorrow will bring.",ด้วยความเหนื่อยล้า หน่วยที่ 505 และ 509 จึงออกหากินในคืนนี้ ระวังอันตรายที่จะเกิดขึ้นพรุ่งนี้,แคมเปญไทเกอร์เอซ (บทพูดเยอรมัน),9429170
9429180,"As D-Day comes to a close, the 505th and 509th are behind schedule. If they do not take Cauquigny at first light, this will all have been for nothing.",เมื่อดีเดย์ใกล้เข้ามา วันที่ 505 และ 509 ก็ล่าช้ากว่ากำหนดการ หากพวกเขาไม่ยอมรับ Cauquigny ตั้งแต่แสงแรก ทั้งหมดนี้ก็จะไร้ประโยชน์,แคมเปญไทเกอร์เอซ (บทพูดเยอรมัน),9429180
9429190,The Germans have successfully retaken the Causeway.,เยอรมันยึดคืนคอสเวย์ได้สำเร็จ,แคมเปญไทเกอร์เอซ (บทพูดเยอรมัน),9429190
9429191,Destroy Armored Spearhead,ทำลายหัวหอกหุ้มเกราะ,แคมเปญไทเกอร์เอซ (บทพูดเยอรมัน),9429191
9429192,Destroy all of the tanks in the German's initial assault.,ทำลายรถถังทั้งหมดในการโจมตีครั้งแรกของเยอรมัน,แคมเปญไทเกอร์เอซ (บทพูดเยอรมัน),9429192
9429193,Armored Spearhead Destroyed,หัวหอกหุ้มเกราะถูกทำลาย,แคมเปญไทเกอร์เอซ (บทพูดเยอรมัน),9429193
9429322,"As D+1 comes to an end, the men of the 505th Airborne join up with the 509th and dig in for the night.",เมื่อดีเดย์+1 จบลง ทหารพลร่มที่ 505 เข้าร่วมกับหน่วยที่ 509 และขุดหลุมตั้งรับตลอดคืน,แคมเปญไทเกอร์เอซ (บทพูดเยอรมัน),9429322
9429400,Grab Munitions Here,หยิบอาวุธยุทโธปกรณ์ที่นี่,แคมเปญไทเกอร์เอซ (บทพูดเยอรมัน),9429400
9429401,Pre-emptively fortify Cauquigny on its three main roads to keep the Germans out.,เสริมกำลัง Cauquigny ไว้ล่วงหน้าบนถนนสายหลักสามสายเพื่อป้องกันไม่ให้ชาวเยอรมันออกไป,แคมเปญไทเกอร์เอซ (บทพูดเยอรมัน),9429401
9429402,Build Defenses Here,สร้างการป้องกันที่นี่,แคมเปญไทเกอร์เอซ (บทพูดเยอรมัน),9429402
9429410,Hold East Causeway,ยึดทางตะวันออกคอสเวย์,แคมเปญไทเกอร์เอซ (บทพูดเยอรมัน),9429410
9429420,Defend the East,ปกป้องตะวันออก,แคมเปญไทเกอร์เอซ (บทพูดเยอรมัน),9429420
9429430,Fall back and defend the east end of the causeway,ถอยทัพและปกป้องฝั่งตะวันออกของทางหลวง,แคมเปญไทเกอร์เอซ (บทพูดเยอรมัน),9429430
9429440,Prepare for the Second Assault,เตรียมรับการโจมตีครั้งที่สอง,แคมเปญไทเกอร์เอซ (บทพูดเยอรมัน),9429440
9429450,How to Complete Objective,วิธีการบรรลุวัตถุประสงค์,แคมเปญไทเกอร์เอซ (บทพูดเยอรมัน),9429450
9429460,Second Counterattack Defeated,การตอบโต้ครั้งที่สองพ่ายแพ้,แคมเปญไทเกอร์เอซ (บทพูดเยอรมัน),9429460
9429461,Defeat the Second Counterattack,เอาชนะการตอบโต้ครั้งที่สอง,แคมเปญไทเกอร์เอซ (บทพูดเยอรมัน),9429461
9429470,Repel the German Infiltrators,ขับไล่ผู้บุกรุกชาวเยอรมัน,แคมเปญไทเกอร์เอซ (บทพูดเยอรมัน),9429470
9429480,Kill or cause the retreat of the German Infantry attacking Cauquigny,สังหารหรือทำให้เกิดการล่าถอยของทหารราบเยอรมันที่โจมตี Cauquigny,แคมเปญไทเกอร์เอซ (บทพูดเยอรมัน),9429480
9429490,Defend Cauquigny,ปกป้องคอควินญี,แคมเปญไทเกอร์เอซ (บทพูดเยอรมัน),9429490
9429491,Defend Cauquigny at all costs. Ensure that the German counterattack does not succeed.,ปกป้อง Cauquigny ด้วยทุกวิถีทาง ตรวจสอบให้แน่ใจว่าการตีโต้ของเยอรมันไม่สำเร็จ,แคมเปญไทเกอร์เอซ (บทพูดเยอรมัน),9429491
9429500,Order the Paratroopers to take up defensive positions inside the village of Cauquigny.,สั่งให้พลร่มเข้าประจำตำแหน่งป้องกันภายในหมู่บ้าน Cauquigny,แคมเปญไทเกอร์เอซ (บทพูดเยอรมัน),9429500
9429501,Cauquigny Occupied,Cauquigny ยึดครอง,แคมเปญไทเกอร์เอซ (บทพูดเยอรมัน),9429501
9429530,Move to Cauquigny,ย้ายไปที่คอกีญี,แคมเปญไทเกอร์เอซ (บทพูดเยอรมัน),9429530
9430000,We are OUT OF TIME. Fourth Infantry needs this road.,เราหมดเวลาแล้ว กองทหารราบที่สี่ต้องการถนนสายนี้,แคมเปญไทเกอร์เอซ (บทพูดเยอรมัน),9430000
9430010,"First and Second platoon will make the first charge on Cauquigny, followed by the Third and Fourth.",หมวดที่หนึ่งและสองจะเข้าโจมตี Cauquigny เป็นครั้งแรก ตามด้วยหมวดที่สามและสี่,แคมเปญไทเกอร์เอซ (บทพูดเยอรมัน),9430010
9430020,He. . .he’s kidding right? He can’t send anyone out there!,เขา. . .เขาล้อเล่นใช่มั้ย? เขาไม่สามารถส่งใครออกไปที่นั่นได้!,แคมเปญไทเกอร์เอซ (บทพูดเยอรมัน),9430020
9430030,Do NOT stop running. Just follow the man in front and KEEP MOVING.,อย่าหยุดวิ่ง เพียงติดตามชายข้างหน้าและเคลื่อนไหวต่อไป,แคมเปญไทเกอร์เอซ (บทพูดเยอรมัน),9430030
9430040,"My God, they’re bein’ ripped apart!",พระเจ้า พวกเขากำลังถูกฉีกเป็นชิ้น ๆ แล้ว!,แคมเปญไทเกอร์เอซ (บทพูดเยอรมัน),9430040
9430050,MOVE! MOVE! GET UP! GET UP!,เคลื่อนไหว! เคลื่อนไหว! ลุกขึ้น! ลุกขึ้น!,แคมเปญไทเกอร์เอซ (บทพูดเยอรมัน),9430050
9430060,Follow me and DON’T STOP RUNNING!!,ติดตามฉันและอย่าหยุดวิ่ง!!,แคมเปญไทเกอร์เอซ (บทพูดเยอรมัน),9430060
9430070,This is crazy!,นี่มันบ้าไปแล้ว!,แคมเปญไทเกอร์เอซ (บทพูดเยอรมัน),9430070
9430080,Was it crazy to run straight into the German defense? ,มันบ้าไปแล้วเหรอที่ต้องวิ่งตรงเข้าไปในแนวรับของเยอรมัน?,แคมเปญไทเกอร์เอซ (บทพูดเยอรมัน),9430080
9430085,"Probably, but I wasn't thinking about that.",อาจเป็นไปได้ แต่ฉันไม่ได้คิดถึงเรื่องนั้น,แคมเปญไทเกอร์เอซ (บทพูดเยอรมัน),9430085
9430090,One of us had to be the first to make it across. It had to be me.,พวกเราคนหนึ่งต้องเป็นคนแรกที่จะข้ามมันไปได้ มันต้องเป็นฉัน,แคมเปญไทเกอร์เอซ (บทพูดเยอรมัน),9430090
9430100,He made it!,เขาทำมัน!,แคมเปญไทเกอร์เอซ (บทพูดเยอรมัน),9430100
9430110,He made it! He actually made it!,เขาทำมัน! เขาทำมันได้จริงๆ!,แคมเปญไทเกอร์เอซ (บทพูดเยอรมัน),9430110
9430120,We gotta get over there! WE GOTTA GET OVER THERE! CHARGE!,เราต้องไปที่นั่น! เราต้องไปที่นั่นให้ได้! ค่าใช้จ่าย!,แคมเปญไทเกอร์เอซ (บทพูดเยอรมัน),9430120
9430130,We can do this! We can do this!,เราทำได้! เราทำได้!,แคมเปญไทเกอร์เอซ (บทพูดเยอรมัน),9430130
9430140,I can't believe I'm putting my shit on the line for this fucking road!,ฉันไม่อยากจะเชื่อเลยว่าฉันจะต้องเสี่ยงกับเส้นทางบ้าๆ นี้!,แคมเปญไทเกอร์เอซ (บทพูดเยอรมัน),9430140
9430160,Just get me to the other side!,แค่พาฉันไปอีกด้านหนึ่ง!,แคมเปญไทเกอร์เอซ (บทพูดเยอรมัน),9430160
9430190,"If I'm going to die, it's going to be running at the Germans, not away from em!",ถ้าฉันจะตาย มันจะวิ่งไปหาเยอรมัน ไม่ใช่หนีจากเอ็ม!,แคมเปญไทเกอร์เอซ (บทพูดเยอรมัน),9430190
9430210,"Killed my buddies, now I'm gonna kill krauts!",พวกมันฆ่าเพื่อนร่วมรบของฉัน ตอนนี้ถึงตาฉันเชือดพวกเยอรมันบ้างล่ะ!,แคมเปญไทเกอร์เอซ (บทพูดเยอรมัน),9430210
9430250,Get over there! Get over there!,ไปที่นั่น! ไปที่นั่น!,แคมเปญไทเกอร์เอซ (บทพูดเยอรมัน),9430250
9430270,Run! Run! Don't stop!,วิ่ง! วิ่ง! อย่าหยุด!,แคมเปญไทเกอร์เอซ (บทพูดเยอรมัน),9430270
9430280,If we stop here we're dead!,ถ้าเราหยุดที่นี่เราตายแล้ว!,แคมเปญไทเกอร์เอซ (บทพูดเยอรมัน),9430280
9430310,"Sgt. Craft, that was incredible.",จ่าคราฟต์ ฝีมือยอดเยี่ยมเหลือเชื่อมาก,แคมเปญไทเกอร์เอซ (บทพูดเยอรมัน),9430310
9430320,I can't believe you made it sir.,ฉันไม่อยากจะเชื่อเลยว่านายทำมันสำเร็จ,แคมเปญไทเกอร์เอซ (บทพูดเยอรมัน),9430320
9430340,"Christ sarge, you pull off a few more stunts like that and you'll make us all look like shmucks!",คริส แกทำท่าผาดโผนแบบนั้นอีกสักหน่อย แล้วจะทำให้พวกเราทุกคนดูเหมือนคนขี้อาย!,แคมเปญไทเกอร์เอซ (บทพูดเยอรมัน),9430340
9430350,Good to see you in one piece!,ดีใจที่ได้พบคุณในชิ้นเดียว!,แคมเปญไทเกอร์เอซ (บทพูดเยอรมัน),9430350
9430360,I didn't think I would see YOU again.,ฉันไม่คิดว่าจะได้เจอคุณอีก,แคมเปญไทเกอร์เอซ (บทพูดเยอรมัน),9430360
9430370,"We’ve taken Cauquigny. Good job men! Now, let's bring the fight to them.",เราเอา Cauquigny ไปแล้ว ทหารงานดี! เอาล่ะ เรามาต่อสู้กับพวกเขากันเถอะ,แคมเปญไทเกอร์เอซ (บทพูดเยอรมัน),9430370
9430380,The Germans are retreating here ... to Grey Castle.,ชาวเยอรมันกำลังล่าถอยที่นี่ ... ไปยังปราสาทสีเทา,แคมเปญไทเกอร์เอซ (บทพูดเยอรมัน),9430380
9430382,They're setting up anti-tank defenses to cover their retreat.,พวกมันกำลังตั้งแนวป้องกันต่อต้านรถถังเพื่อคุ้มกันการถอยร่นของพวกมัน,แคมเปญไทเกอร์เอซ (บทพูดเยอรมัน),9430382
9430384,"Our first objective, is to clear this road of AT for the armored cav.",เป้าหมายแรกของเรา คือการเคลียร์ถนนของ AT สำหรับรถหุ้มเกราะ,แคมเปญไทเกอร์เอซ (บทพูดเยอรมัน),9430384
9430390,"Our second, is to neutralize the supporting artillery.",ประการที่สองคือการต่อต้านปืนใหญ่สนับสนุน,แคมเปญไทเกอร์เอซ (บทพูดเยอรมัน),9430390
9430400,"Once destroyed, double back and assault Grey Castle in full force. ",เมื่อถูกทำลายแล้ว ให้ถอยทัพไปและโจมตีปราสาทสีเทาอย่างเต็มกำลัง,แคมเปญไทเกอร์เอซ (บทพูดเยอรมัน),9430400
9430410,Let’s end this. Move out.,เรามาจบเรื่องนี้กันเถอะ ย้ายออก.,แคมเปญไทเกอร์เอซ (บทพูดเยอรมัน),9430410
9430430,That was an ace shot sir!,นั่นมันเอซชตนะท่าน!,แคมเปญไทเกอร์เอซ (บทพูดเยอรมัน),9430430
9430440,Thank God you're on our side Craft!,ขอบคุณพระเจ้าที่นายอยู่ข้างเรา คราฟต์!,แคมเปญไทเกอร์เอซ (บทพูดเยอรมัน),9430440
9430450,"Wild, Craft!  That was wild!",สุดยอดไปเลย คราฟต์! โคตรบ้าคลั่งจริงๆ!,แคมเปญไทเกอร์เอซ (บทพูดเยอรมัน),9430450
9430460,Thank god they’re here! Does that mean we get to go home now?,ขอบคุณพระเจ้าที่พวกเขาอยู่ที่นี่! หมายความว่าเราจะกลับบ้านตอนนี้เหรอ?,แคมเปญไทเกอร์เอซ (บทพูดเยอรมัน),9430460
9430470,"We’re soldiers, private. We ARE home.",เราเป็นทหารเอกชน เราถึงบ้านแล้ว,แคมเปญไทเกอร์เอซ (บทพูดเยอรมัน),9430470
9430480,A soldier once told me that you'll know when you find yourself in a good place to die.,ทหารเคยบอกฉันว่าคุณจะรู้เมื่อคุณพบว่าตัวเองอยู่ในที่ที่ดีที่จะตาย,แคมเปญไทเกอร์เอซ (บทพูดเยอรมัน),9430480
9430490,"It won't feel like a sacrifice, it will feel like an opportunity. This moment, will be obvious, and clear.",จะไม่รู้สึกเหมือนเป็นการเสียสละ แต่จะรู้สึกเหมือนเป็นโอกาส ช่วงเวลานี้จะชัดเจนและชัดเจน,แคมเปญไทเกอร์เอซ (บทพูดเยอรมัน),9430490
9430500,The decision will be simple.,การตัดสินใจจะเป็นเรื่องง่าย,แคมเปญไทเกอร์เอซ (บทพูดเยอรมัน),9430500
9430510,"The decision, will be made for you.",การตัดสินใจจะทำเพื่อคุณ,แคมเปญไทเกอร์เอซ (บทพูดเยอรมัน),9430510
9430550,When hundreds of lives are at stake one doesn’t seem so significant.,เมื่อหลายร้อยชีวิตตกอยู่ในความเสี่ยง ชีวิตหนึ่งก็ดูไม่สำคัญนัก,แคมเปญไทเกอร์เอซ (บทพูดเยอรมัน),9430550
9430560,"But sometimes, one can make all the difference.",แต่บางครั้งเราก็สามารถสร้างความแตกต่างได้ทั้งหมด,แคมเปญไทเกอร์เอซ (บทพูดเยอรมัน),9430560
9430570,We have to get past those MG nests! Take them out!,เราต้องผ่านรัง MG พวกนั้นให้ได้! พาพวกเขาออกไป!,แคมเปญไทเกอร์เอซ (บทพูดเยอรมัน),9430570
9430580,Lay some fire on those nests now!,เผารังพวกนั้นเดี๋ยวนี้!,แคมเปญไทเกอร์เอซ (บทพูดเยอรมัน),9430580
9430590,"Mg nests destroyed, move forward on Cauquigny!",รัง Mg ถูกทำลาย เดินหน้าต่อไปที่ Cauquigny!,แคมเปญไทเกอร์เอซ (บทพูดเยอรมัน),9430590
9430600,Let's go men! Moving forward!,ไปกันเถอะทหาร! ก้าวไปข้างหน้า!,แคมเปญไทเกอร์เอซ (บทพูดเยอรมัน),9430600
9430610,Take out those AT guns! We have to open the road!,เอาปืน AT พวกนั้นออกไป! เราต้องเปิดถนน!,แคมเปญไทเกอร์เอซ (บทพูดเยอรมัน),9430610
9430620,All AT are destroyed; the road should be clear now.,AT ทั้งหมดถูกทำลาย ตอนนี้ถนนควรจะโล่งแล้ว,แคมเปญไทเกอร์เอซ (บทพูดเยอรมัน),9430620
9430630,Now we'll get some support!,ตอนนี้เราจะได้รับการสนับสนุน!,แคมเปญไทเกอร์เอซ (บทพูดเยอรมัน),9430630
9430640,We need to take out that artillery!,เราต้องเอาปืนใหญ่นั่นออกไป!,แคมเปญไทเกอร์เอซ (บทพูดเยอรมัน),9430640
9430650,God knows what those guns are doing to the boys on the beach.,พระเจ้ารู้ดีว่าปืนพวกนั้นทำอะไรกับเด็กๆ บนชายหาด,แคมเปญไทเกอร์เอซ (บทพูดเยอรมัน),9430650
9430660,"Good job men, keep your gear on, we're not done yet.",สู้ ๆ นะทุกคน สู้ ๆ นะ เรายังไม่เสร็จเลย,แคมเปญไทเกอร์เอซ (บทพูดเยอรมัน),9430660
9430662,It is time to clear out Grey Castle.,ถึงเวลาเคลียร์ปราสาทสีเทาแล้ว,แคมเปญไทเกอร์เอซ (บทพูดเยอรมัน),9430662
9430664,"This is it men, one last push.",นี่แหละทหาร กดดันครั้งสุดท้าย,แคมเปญไทเกอร์เอซ (บทพูดเยอรมัน),9430664
9430670,That's the tank that ran over Wilson.,นั่นคือรถถังที่วิ่งทับวิลสัน,แคมเปญไทเกอร์เอซ (บทพูดเยอรมัน),9430670
9430680,Rip it to pieces.,ฉีกมันเป็นชิ้นๆ,แคมเปญไทเกอร์เอซ (บทพูดเยอรมัน),9430680
9430682,Grey castle is ours. The threat has been eliminated.,ปราสาทสีเทาเป็นของเรา ภัยคุกคามได้ถูกกำจัดออกไปแล้ว,แคมเปญไทเกอร์เอซ (บทพูดเยอรมัน),9430682
9430684,"Take a break men, you've earned it.",พักก่อนพวกนาย คุณได้รับมันแล้ว,แคมเปญไทเกอร์เอซ (บทพูดเยอรมัน),9430684
9439000,Cross the Causeway,ข้ามคอสเวย์,แคมเปญไทเกอร์เอซ (บทพูดเยอรมัน),9439000
9439010,"In order to take back Cauquigny, you must cross the Causeway. Order the paratroopers to make the charge.",เพื่อที่จะนำ Cauquigny กลับคืนมา คุณต้องข้าม Causeway สั่งให้พลร่มเข้าโจมตี,แคมเปญไทเกอร์เอซ (บทพูดเยอรมัน),9439010
9439020,Destroy HMGs ,ทำลาย HMG,แคมเปญไทเกอร์เอซ (บทพูดเยอรมัน),9439020
9439030,Neutralize the HMGs to let the rest of the paratroopers cross.,ทำลายปืนกลหนัก เพื่อให้พลร่มที่เหลือข้ามไปได้,แคมเปญไทเกอร์เอซ (บทพูดเยอรมัน),9439030
9439040,Destroy the HMGs so the paratroopers can rally on the west side of the Causeway.,ทำลาย HMG เพื่อให้พลร่มสามารถระดมพลได้ทางฝั่งตะวันตกของคอสเวย์,แคมเปญไทเกอร์เอซ (บทพูดเยอรมัน),9439040
9439050,Clear the Road of Anti-tank Guns,เคลียร์ถนนของปืนต่อสู้รถถัง,แคมเปญไทเกอร์เอซ (บทพูดเยอรมัน),9439050
9439060,Seek out and destroy the Anti-tank Guns so that Allied Armor can pass through safely.,ค้นหาและทำลายปืนต่อสู้รถถัง เพื่อให้ยานเกราะฝ่ายสัมพันธมิตรสามารถเคลื่อนผ่านได้อย่างปลอดภัย,แคมเปญไทเกอร์เอซ (บทพูดเยอรมัน),9439060
9439070,Hunt down and eliminate the anti-tank emplacements the Germans have entrenched around Cauquigny.,ตามล่าและกำจัดฐานต่อต้านรถถังที่เยอรมันยึดครองไว้รอบๆ Cauquigny,แคมเปญไทเกอร์เอซ (บทพูดเยอรมัน),9439070
9439080,Neutralize German Howitzers,ต่อต้านปืนใหญ่วิถีโค้งเยอรมัน,แคมเปญไทเกอร์เอซ (บทพูดเยอรมัน),9439080
9439081,Destroy AT Gun,ทำลาย AT Gun,แคมเปญไทเกอร์เอซ (บทพูดเยอรมัน),9439081
9439090,Destroy the artillery emplacements firing on Allied troops.,ทำลายฐานปืนใหญ่ที่ยิงใส่กองทหารพันธมิตร,แคมเปญไทเกอร์เอซ (บทพูดเยอรมัน),9439090
9439100,Neutralize the artillery emplacements ravaging the troops on the beaches.,ทำลายฐานปืนใหญ่ที่ถล่มกองทหารบนชายหาด,แคมเปญไทเกอร์เอซ (บทพูดเยอรมัน),9439100
9439101,German Howitzers Destroyed,ปืนใหญ่วิถีโค้งเยอรมันถูกทำลาย,แคมเปญไทเกอร์เอซ (บทพูดเยอรมัน),9439101
9439110,Clear Grey Castle,ปราสาทสีเทาใส,แคมเปญไทเกอร์เอซ (บทพูดเยอรมัน),9439110
9439120,The remnants of the German force have retreated to Grey Castle. Destroy these last vestiges of the German threat.,กองกำลังเยอรมันที่เหลือได้ถอยทัพไปยังปราสาทสีเทาแล้ว ทำลายร่องรอยสุดท้ายของภัยคุกคามของเยอรมัน,แคมเปญไทเกอร์เอซ (บทพูดเยอรมัน),9439120
9439130,Grey Castle Cleared,ปราสาทสีเทาเคลียร์แล้ว,แคมเปญไทเกอร์เอซ (บทพูดเยอรมัน),9439130
9439131,Clear the Crossroads,เคลียร์ทางแยก,แคมเปญไทเกอร์เอซ (บทพูดเยอรมัน),9439131
9439132,Clear out the crossroads near the Grey Castle so that the Allied Armor can move forward.,เคลียร์ทางแยกใกล้กับปราสาทสีเทา เพื่อให้ยานเกราะฝ่ายสัมพันธมิตรสามารถรุกคืบต่อไปได้,แคมเปญไทเกอร์เอซ (บทพูดเยอรมัน),9439132
9439133,Crossroads Cleared,ทางแยกเคลียร์แล้ว,แคมเปญไทเกอร์เอซ (บทพูดเยอรมัน),9439133
9439140,Mission Failed: Able Squad has fallen,ภารกิจล้มเหลว: Able Squad ล้มลงแล้ว,แคมเปญไทเกอร์เอซ (บทพูดเยอรมัน),9439140
9439150,Mission Failed: Baker Squad has fallen,ภารกิจล้มเหลว: Baker Squad ล้มลงแล้ว,แคมเปญไทเกอร์เอซ (บทพูดเยอรมัน),9439150
9439170,Able & Baker captured the La Fière Causeway and cleared the road to Cherbourg,Able & Baker ยึดทางหลวง La Fière และเคลียร์ถนนไปยัง Cherbourg,แคมเปญไทเกอร์เอซ (บทพูดเยอรมัน),9439170
9439180,Order a Charge,สั่งการเข้าตีประจัญบาน,แคมเปญไทเกอร์เอซ (บทพูดเยอรมัน),9439180
9439190,Mission Failed: Sgt. Craft has fallen,ภารกิจล้มเหลว: จ่าคราฟต์ เสียชีวิตแล้ว,แคมเปญไทเกอร์เอซ (บทพูดเยอรมัน),9439190
