id,english,thai,context,all_ids
90000,The Squad will throw a Model 24 Stielgranate.,ทีมจะขว้างโมเดล 24 สติลกราเนต,ยูนิต: ชื่อหน่วย/อาวุธ/อาคาร/สกิล,90000|2090000
90051,105mm Howitzer Barrage,กระสุนปืนครกฮาวอิตเซอร์ 105 มม,ยูนิต: ชื่อหน่วย/อาวุธ/อาคาร/สกิล,90051
90100,Suppression Fire,การยิงกดดัน,ยูนิต: ชื่อหน่วย/อาวุธ/อาคาร/สกิล,90100|106701|2090100|2106701
90101,Suppression Fire can pin Enemy Troops.,การยิงกดดัน สามารถยิงตรึงทหารศัตรูได้,ยูนิต: ชื่อหน่วย/อาวุธ/อาคาร/สกิล,90101|106700|2090101|2106700
90102,Left-click icon to initiate Suppression Fire.,คลิกซ้ายที่ไอคอนเพื่อเริ่มการยิงยิงกดดันตรึงพื้นที่,ยูนิต: ชื่อหน่วย/อาวุธ/อาคาร/สกิล,90102|90950|106703|2090102|2090950|2106703
90151,Airborne Infantry,ทหารพลร่ม,ยูนิต: ชื่อหน่วย/อาวุธ/อาคาร/สกิล,90151|97153|97250|97300|97350|97400|97450|97500|97550
90201,Repair,ซ่อมแซม,ยูนิต: ชื่อหน่วย/อาวุธ/อาคาร/สกิล,90201|1319410|2090201|2246951
90202,Left-click icon and then Left-click target.,ไอคอนคลิกซ้าย จากนั้นคลิกซ้ายเป้าหมาย,ยูนิต: ชื่อหน่วย/อาวุธ/อาคาร/สกิล,90202|118853|132050|2090202|2118853|2132050
90250,A small Reinforcement Division is available.,มีกองเสริมกำลังขนาดเล็ก,ยูนิต: ชื่อหน่วย/อาวุธ/อาคาร/สกิล,90250|97100|166650|2090151|2097101|2133001|2166650
90251,Call in Reinforcements,เรียกกำลังเสริมเข้ามา,ยูนิต: ชื่อหน่วย/อาวุธ/อาคาร/สกิล,90251
90301,Throw Grenade,ขว้างระเบิดมือ,ยูนิต: ชื่อหน่วย/อาวุธ/อาคาร/สกิล,90301|409271|2090301
90351,Fire-Up,วิ่งฮึกเหิม,ยูนิต: ชื่อหน่วย/อาวุธ/อาคาร/สกิล,90351|2090351
90352,Left-click icon to Fire-Up Squad.,คลิกซ้ายที่ไอคอนเพื่อ Fire-Up Squad,ยูนิต: ชื่อหน่วย/อาวุธ/อาคาร/สกิล,90352|2090352
90451,Camouflage,พรางตัว,ยูนิต: ชื่อหน่วย/อาวุธ/อาคาร/สกิล,90451
90452,Left-click to toggle Camouflage stance.,คลิกซ้ายเพื่อสลับท่าทางพรางตัว,ยูนิต: ชื่อหน่วย/อาวุธ/อาคาร/สกิล,90452|2090452
90500,.30 cal Machine Gun,ปืนกล .30 แคล,ยูนิต: ชื่อหน่วย/อาวุธ/อาคาร/สกิล,90500|124750|2124750
90551,Wehrmacht Quarters,ย่านแวร์มัคท์,ยูนิต: ชื่อหน่วย/อาวุธ/อาคาร/สกิล,90551|2090551
90600,Supply Drops,อุปทานลดลง,ยูนิต: ชื่อหน่วย/อาวุธ/อาคาร/สกิล,90600|155251|2090600|2155251
90650,Heroic Charge,ชาร์จฮีโร่,ยูนิต: ชื่อหน่วย/อาวุธ/อาคาร/สกิล,90650|2090650|2241550|2241600|2246651
90652,Area of Effect,พื้นที่ได้รับผลกระทบ,ยูนิต: ชื่อหน่วย/อาวุธ/อาคาร/สกิล,90652|2090652
90653,Left-click to activate.,คลิกซ้ายเพื่อเปิดใช้งาน,ยูนิต: ชื่อหน่วย/อาวุธ/อาคาร/สกิล,90653|111302|113052|115701|116702|119702|129102|129753|2090653|2111302|2113052|2115701|2116702|2119702|2129102|2129753
90700,Fuel Point Low,จุดเชื้อเพลิงต่ำ,ยูนิต: ชื่อหน่วย/อาวุธ/อาคาร/สกิล,90700|2090700
90701,Generate more Fuel by securing this Point.,สร้างเชื้อเพลิงมากขึ้นโดยรักษาจุดนี้ไว้,ยูนิต: ชื่อหน่วย/อาวุธ/อาคาร/สกิล,90701|2090701
90850,M3 Halftrack,M3 ฮาล์ฟแทร็ก,ยูนิต: ชื่อหน่วย/อาวุธ/อาคาร/สกิล,90850|92301|2091652|2091752|2136450|2151800|2151850|2152601
90900,Heavy Machine Gun Team,ทีมงานปืนกลหนัก,ยูนิต: ชื่อหน่วย/อาวุธ/อาคาร/สกิล,90900|91100|91650|91700|102101|103251|104101|152051|409264|2090900|2091100|2091700|2103251|2104101|2136850|2136900|2143302|2152051|2153600|2153650|2200101|2204352
90902,Reinforce Weapon,เติมพลประจำอาวุธ,ยูนิต: ชื่อหน่วย/อาวุธ/อาคาร/สกิล,90902|91103|91252|95552|95652|95702|95852|99852
91000,P47 Thunderbolt,P47 สายฟ้า,ยูนิต: ชื่อหน่วย/อาวุธ/อาคาร/สกิล,91000|91150|91200|2091000|2091150|2091200
91050,M1 57mm Anti Tank Gun,ปืนต่อต้านรถถัง M1 57มม,ยูนิต: ชื่อหน่วย/อาวุธ/อาคาร/สกิล,91050
91250,Mortar Team,ทีมครก,ยูนิต: ชื่อหน่วย/อาวุธ/อาคาร/สกิล,91250|91750|91800|99850|104151|104201|152100|2091250|2091800|2099850|2104201|2136950|2137000|2137050|2144552|2152100|2154250|2200151|2204302
91301,Logistik Kompanie,Logistik Kompanie,ยูนิต: ชื่อหน่วย/อาวุธ/อาคาร/สกิล,91301|110550|2091301|2110550
91350,Pak 38 50mm Anti Tank Gun,ปืนต่อต้านรถถัง Pak 38 50mm,ยูนิต: ชื่อหน่วย/อาวุธ/อาคาร/สกิล,91350|91500|91950|98450|98500
91452,Build Defensive Structures,สร้างโครงสร้างการป้องกัน,ยูนิต: ชื่อหน่วย/อาวุธ/อาคาร/สกิล,91452|98702|98802|98902|99553|99603|101351|409571|2098702|2098802|2098902|2140901|2142903|2143201|2198501|2198551|2198703|2198753|2199001|2199051
91453,Construct Basic Field Defenses.,สร้างการป้องกันภาคสนามขั้นพื้นฐาน,ยูนิต: ชื่อหน่วย/อาวุธ/อาคาร/สกิล,91453|98701|98801|99554|99604|101201|2098701|2098801|2142904|2143104|2198704|2198754|2198904|2198954
91454,Build Base Structures,สร้างโครงสร้างพื้นฐาน,ยูนิต: ชื่อหน่วย/อาวุธ/อาคาร/สกิล,91454|99551|99601|101203|409570|2102100|2102150|2142901|2143101|2198701|2198751|2198901|2198951
91455,Construct Base Structures.,สร้างโครงสร้างพื้นฐาน,ยูนิต: ชื่อหน่วย/อาวุธ/อาคาร/สกิล,91455|99552|99602|101202|2102101|2102151|2142902|2143102|2198702|2198752|2198902|2198952
91550,Rangers,เรนเจอร์,ยูนิต: ชื่อหน่วย/อาวุธ/อาคาร/สกิล,91550|105651|105701|154851|2136550|2144902|2153350|2153450|2154851|2199250|2200201|2204202
91600,Repair Engineer,ทหารช่างสนามซ่อม,ยูนิต: ชื่อหน่วย/อาวุธ/อาคาร/สกิล,91600|2091600
91850,M2 105mm Howitzer,ปืนใหญ่วิถีโค้ง M2 105 มม,ยูนิต: ชื่อหน่วย/อาวุธ/อาคาร/สกิล,91850|94901
91900,Medic,แพทย์,ยูนิต: ชื่อหน่วย/อาวุธ/อาคาร/สกิล,91900|93650|103150|103200|106000|135200|135250|135350|2091550|2106000|2135350|2137650|2140600|2143850|2143900|2148300|2148350|2155900|2199400|2199450|2199500
92001,88mm Flak 36 AT/AA,กระสุน 88 มม. 36 AT/AA,ยูนิต: ชื่อหน่วย/อาวุธ/อาคาร/สกิล,92001|104000|104050|105851|105901|106301|118150|118200|149400|2092001|2104000|2104050|2105851|2105901|2106301|2118150|2118200|2149400
92050,Officer,เจ้าหน้าที่,ยูนิต: ชื่อหน่วย/อาวุธ/อาคาร/สกิล,92050|92750|93750
92052,Only one Officer available.,มีเจ้าหน้าที่เพียงคนเดียวเท่านั้น,ยูนิต: ชื่อหน่วย/อาวุธ/อาคาร/สกิล,92052
92100,Troop Transport,กองขนส่ง,ยูนิต: ชื่อหน่วย/อาวุธ/อาคาร/สกิล,92100|2137750|2137800
92101,Sdkfz 251 Halftrack,Sdkfz 251 ฮาล์ฟแทร็ก,ยูนิต: ชื่อหน่วย/อาวุธ/อาคาร/สกิล,92101|94450|2137752|2137802|2142050|2142100
92150,Lowers recharge on abilities,ลดการชาร์จความสามารถ,ยูนิต: ชื่อหน่วย/อาวุธ/อาคาร/สกิล,92150|2092150
92151,Munitions Halftrack,กระสุนครึ่งทาง,ยูนิต: ชื่อหน่วย/อาวุธ/อาคาร/สกิล,92151|127100|1479417|2092151|2127100
92201,M26 Pershing,M26 เพอร์ชิง,ยูนิต: ชื่อหน่วย/อาวุธ/อาคาร/สกิล,92201|93950|2137952|2141150|2141200|2200451|2204602
92203,Only two Pershings available.,มีเพียง Pershings สองตัวเท่านั้น,ยูนิต: ชื่อหน่วย/อาวุธ/อาคาร/สกิล,92203
92251,Priest,รถปืนใหญ่อัตตาจรพรีสต์,ยูนิต: ชื่อหน่วย/อาวุธ/อาคาร/สกิล,92251
92252,Lightly armored mobile artillery,ปืนใหญ่เคลื่อนที่หุ้มเกราะเบา,ยูนิต: ชื่อหน่วย/อาวุธ/อาคาร/สกิล,92252
92300,Transport Troops,กองกำลังขนส่ง,ยูนิต: ชื่อหน่วย/อาวุธ/อาคาร/สกิล,92300|145102|2091650|2091750
92351,Command Tank,รถถังสั่งการ,ยูนิต: ชื่อหน่วย/อาวุธ/อาคาร/สกิล,92351
92401,Jeep,รถจี๊ป,ยูนิต: ชื่อหน่วย/อาวุธ/อาคาร/สกิล,92401|93050|144700|2139052|2139800|2198150|2200300|2204452
92452,Place Incendiary Trap,วางกับดักเพลิงไหม้,ยูนิต: ชื่อหน่วย/อาวุธ/อาคาร/สกิล,92452|2094400
92453,Scorched Earth Tactics,ยุทธการเผาทำลาย,ยูนิต: ชื่อหน่วย/อาวุธ/อาคาร/สกิล,92453|120001|122453|151551|2120001|2122453
92500,Deuce and Half,ดิวซ์และฮาล์ฟ,ยูนิต: ชื่อหน่วย/อาวุธ/อาคาร/สกิล,92500|2092500
92600,150mm Nebelwerfer Rocket Battery,แบตเตอรี่จรวด Nebelwerfer ขนาด 150 มม,ยูนิต: ชื่อหน่วย/อาวุธ/อาคาร/สกิล,92600
92650,Sprint Ability,ความสามารถในการวิ่ง,ยูนิต: ชื่อหน่วย/อาวุธ/อาคาร/สกิล,92650|2092650
92700,V1,V1,ยูนิต: ชื่อหน่วย/อาวุธ/อาคาร/สกิล,92700|2092700
92801,Incendiary Trap,กับดักเพลิง,ยูนิต: ชื่อหน่วย/อาวุธ/อาคาร/สกิล,92801|2262100
92850,Sniper,สไนเปอร์,ยูนิต: ชื่อหน่วย/อาวุธ/อาคาร/สกิล,92850|93350|93600|102151|107451|107501|152200|2092300|2093600|2140200|2143402|2145802|2152200|2181802|2198000|2198050|2198300|2198350|2200252|2204252
92901,Tiger,รถถังไทเกอร์,ยูนิต: ชื่อหน่วย/อาวุธ/อาคาร/สกิล,92901|93101|94550|1479425|2092402|2093501|2139452|2142250|2142300
92951,M4 Sherman,เอ็ม 4 เชอร์แมน,ยูนิต: ชื่อหน่วย/อาวุธ/อาคาร/สกิล,92951|95251|2092600|2092750|2103550|2142602|2200501|2204652
93001,M10 Tank Destroyer,ยานพิฆาตรถถัง M10,ยูนิต: ชื่อหน่วย/อาวุธ/อาคาร/สกิล,93001|93150|329300|2092852|2092950|2139900|2200400|2204552
93103,Only two Tigers available.,มีไทเกอร์พร้อมใช้งานเพียง 2 คันเท่านั้น,ยูนิต: ชื่อหน่วย/อาวุธ/อาคาร/สกิล,93103
93200,Commandos,หน่วยคอมมานโด,ยูนิต: ชื่อหน่วย/อาวุธ/อาคาร/สกิล,93200|115501|2093200|2115501
93202,Commando Demolition Charges,ดินระเบิดรื้อถอนคอมมานโด,ยูนิต: ชื่อหน่วย/อาวุธ/อาคาร/สกิล,93202|2093202
93206,Reinforce Commando Section,เสริมกำลังหน่วยคอมมานโด,ยูนิต: ชื่อหน่วย/อาวุธ/อาคาร/สกิล,93206|2093206
93250,25 Pounder Gun Howitzer,ปืนใหญ่วิถีโค้ง 25 ปอนด์,ยูนิต: ชื่อหน่วย/อาวุธ/อาคาร/สกิล,93250|99000
93300,Knight's Cross Holders,ผู้ถือไม้กางเขนของอัศวิน,ยูนิต: ชื่อหน่วย/อาวุธ/อาคาร/สกิล,93300|108251|108301|2139950|2140100|2146402|2146452|2257000
93400,MG42 Heavy Machine Gun,ปืนกลหนัก MG42,ยูนิต: ชื่อหน่วย/อาวุธ/อาคาร/สกิล,93400|98150|105251|105351|106801|106851|124600|129701|153000|229315|2098150|2105251|2105351|2106851|2124600|2129701|2140250|2140300|2145052|2145102|2153000
93450,Stormtroopers,สตอร์มทรูปเปอร์,ยูนิต: ชื่อหน่วย/อาวุธ/อาคาร/สกิล,93450|93500|108450|108500|2140400|2146851|2151501|2166100|2182101|2199350
93550,Grenadiers,เกรนาเดียร์,ยูนิต: ชื่อหน่วย/อาวุธ/อาคาร/สกิล,93550|101352|108151|2140450|2140500|2143200|2146352|2182002|2182052|2199050
93700,Gr. 34 8cm Mortar Team,ทีมปืนครก Gr. 34 ขนาด 8 ซม.,ยูนิต: ชื่อหน่วย/อาวุธ/อาคาร/สกิล,93700|106901|106951|2106951|2140650|2140700|2145152|2145302
93800,Volksgrenadiers,โวลคสเกรนาเดียร์,ยูนิต: ชื่อหน่วย/อาวุธ/อาคาร/สกิล,93800|108651|108701|2108701|2140900|2147352|2179652|2198550
93850,Weapon Crew,ลูกเรืออาวุธ,ยูนิต: ชื่อหน่วย/อาวุธ/อาคาร/สกิล,93850|98950|103301|126251|126500|2098950|2103301|2126500|2140950|2141000|2147950|2148050
93900,Supply Truck,รถบรรทุกอุปทาน,ยูนิต: ชื่อหน่วย/อาวุธ/อาคาร/สกิล,93900|96400|135500|2096400|2141050|2141100|2148400|2148450
94000,Sherman Calliope,เชอร์แมน คาไลโอพี,ยูนิต: ชื่อหน่วย/อาวุธ/อาคาร/สกิล,94000|102800|2141250|2141300|2143751|2143801
94050,"M4 ""Crocodile"" Sherman","M4 ""คร็อกโคไดล์"" เชอร์แมน",ยูนิต: ชื่อหน่วย/อาวุธ/อาคาร/สกิล,94050|2141350|2141400
94100,M8 Armored Car,รถหุ้มเกราะเอ็ม 8,ยูนิต: ชื่อหน่วย/อาวุธ/อาคาร/สกิล,94100|102351|2141450|2141500|2143502|2200551|2204702
94150,Motorcycle,รถจักรยานยนต์,ยูนิต: ชื่อหน่วย/อาวุธ/อาคาร/สกิล,94150|94601|2141600|2142402|2180352|2198650
94200,Opel Blitz,โอเปิ้ล บลิทซ์,ยูนิต: ชื่อหน่วย/อาวุธ/อาคาร/สกิล,94200|107800|2141650|2141700|2146000|2146050
94250,Panther,รถถังแพนเธอร์,ยูนิต: ชื่อหน่วย/อาวุธ/อาคาร/สกิล,94250|107001|107051|329030|1479426|2102850|2107051|2141750|2141800|2145352|2145402
94300,Panzer IV,แพนเซอร์ที่ 4,ยูนิต: ชื่อหน่วย/อาวุธ/อาคาร/สกิล,94300|107101|1479423|2103200|2141850|2141900|2145452|2145502
94350,Ostwind Flakpanzer,ออสต์วินด์ ฟลัคแพนเซอร์,ยูนิต: ชื่อหน่วย/อาวุธ/อาคาร/สกิล,94350|108551|116650|2093152|2146952|2147850|2147900
94400,Stug IV,สตุกที่ 4,ยูนิต: ชื่อหน่วย/อาวุธ/อาคาร/สกิล,94400
94500,Sdkfz 234 Armored Car,Sdkfz 234 รถหุ้มเกราะ,ยูนิต: ชื่อหน่วย/อาวุธ/อาคาร/สกิล,94500|107301|107351|2142150|2142200|2145652|2145702
94650,King Tiger,คิงไทเกอร์,ยูนิต: ชื่อหน่วย/อาวุธ/อาคาร/สกิล,94650|108850|131901|149250|157000|2093401|2094250|2131901|2142450|2142500|2147751|2149250|2157000
94700,Tiger Ace,ไทเกอร์ เอซ,ยูนิต: ชื่อหน่วย/อาวุธ/อาคาร/สกิล,94700|108900|559230|713515|2094700|6000000
94800,Reinforce Heavy Machine Gun Team,เสริมทัพทีมปืนกลหนัก,ยูนิต: ชื่อหน่วย/อาวุธ/อาคาร/สกิล,94800|102103|104103|2094800|2104103|2143303|2200103|2204354
94851,Sherman Firefly,เชอร์แมน ไฟร์ฟลาย,ยูนิต: ชื่อหน่วย/อาวุธ/อาคาร/สกิล,94851|106200|111901|2106200|2111901
94852,A sherman with an enormous turret,เชอร์แมนที่มีป้อมปืนขนาดมหึมา,ยูนิต: ชื่อหน่วย/อาวุธ/อาคาร/สกิล,94852
94951,Scout Car,รถลาดตระเวน (รถลาดตระเวน),ยูนิต: ชื่อหน่วย/อาวุธ/อาคาร/สกิล,94951|106501|126800|127900|128902|128903|409822|1479410|2094951|2106501|2126800|2127900|2128902|2128903
95051,Soldiers HQ,กองบัญชาการทหาร,ยูนิต: ชื่อหน่วย/อาวุธ/อาคาร/สกิล,95051|111951|128400|2128400
95100,Strategic Point,จุดยุทธศาสตร์,ยูนิต: ชื่อหน่วย/อาวุธ/อาคาร/สกิล,95100|95150|150500|150503|150505|150901|166750|2095100|2095150|2121300|2121301|2150500|2150901|2166750
95201,25 Pounder,25 ปอนด์,ยูนิต: ชื่อหน่วย/อาวุธ/อาคาร/สกิล,95201
95202,Kind of like a Howitzer.,เหมือนปืนครกเลย,ยูนิต: ชื่อหน่วย/อาวุธ/อาคาร/สกิล,95202
95300,Bofors 40mm Cannon,ปืนใหญ่โบฟอร์ส 40มม,ยูนิต: ชื่อหน่วย/อาวุธ/อาคาร/สกิล,95300|2095300
95350,StuH 42,สตูH 42,ยูนิต: ชื่อหน่วย/อาวุธ/อาคาร/สกิล,95350|107551|107601|2093052|2142650|2142700|2145852
95400,Awarded for causing heavy Axis casualties,ได้รับรางวัลจากการก่อให้เกิดการบาดเจ็บล้มตายของฝ่ายอักษะอย่างหนัก,ยูนิต: ชื่อหน่วย/อาวุธ/อาคาร/สกิล,95400|2095400
95501,Churchill,เชอร์ชิลล์,ยูนิต: ชื่อหน่วย/อาวุธ/อาคาร/สกิล,95501|102751|2102600
95502,Big Tank,รถถังใหญ่,ยูนิต: ชื่อหน่วย/อาวุธ/อาคาร/สกิล,95502
95550,150mm Nebelwerfer,เนเบลเวอร์เฟอร์ 150 มม,ยูนิต: ชื่อหน่วย/อาวุธ/อาคาร/สกิล,95550|95650|2095550|2095650
95700,Mortar,ครก,ยูนิต: ชื่อหน่วย/อาวุธ/อาคาร/สกิล,95700|95750|2095700|2095750
95752,Reiforce Weapon,เสริมกำลังอาวุธ,ยูนิต: ชื่อหน่วย/อาวุธ/อาคาร/สกิล,95752|2095752
95850,Nebelwerfer,เนเบลเวอร์เฟอร์,ยูนิต: ชื่อหน่วย/อาวุธ/อาคาร/สกิล,95850|103750|289042|2095850|2103750
95851,Fire a salvo of 150mm Nebelwerfer Rockets,ระดมยิงจรวด Nebelwerfer 150 มม,ยูนิต: ชื่อหน่วย/อาวุธ/อาคาร/สกิล,95851|103751|2095851|2103751
96450,Boat,เรือ,ยูนิต: ชื่อหน่วย/อาวุธ/อาคาร/สกิล,96450|2096450
96500,Tank Shock,แทงค์ช็อก,ยูนิต: ชื่อหน่วย/อาวุธ/อาคาร/สกิล,96500|139001|139151|139850|140951|2096500
96503,Not being Hull Down,ไม่ถูกฮัลล์ดาวน์,ยูนิต: ชื่อหน่วย/อาวุธ/อาคาร/สกิล,96503|2096503
96504,Left-click icon and then Left-click Target.,คลิกซ้ายที่ไอคอน จากนั้นคลิกซ้ายที่เป้าหมาย,ยูนิต: ชื่อหน่วย/อาวุธ/อาคาร/สกิล,96504|113153|116103|116454|117102|117502|118954|119803|119853|119904|120654|129152|137554|2096504|2113153|2116103|2116454|2117102|2117502|2118954|2119803|2119853|2119904|2120654|2129152|2137554|2243053
96600,$104500 No Key,$104500 No Key,ยูนิต: ชื่อหน่วย/อาวุธ/อาคาร/สกิล,96600|96650|96700|96750|96800|96850|96900|96950|97000|97050
97101,Off-Map Combat Group,กลุ่มการต่อสู้นอกแผนที่,ยูนิต: ชื่อหน่วย/อาวุธ/อาคาร/สกิล,97101|154901|2097100|2154901
97200,bleh bleh,เบล เบล,ยูนิต: ชื่อหน่วย/อาวุธ/อาคาร/สกิล,97200|2097200
97600,Goliath,โกลิอัท,ยูนิต: ชื่อหน่วย/อาวุธ/อาคาร/สกิล,97600|106401|108751|108801|134850|134900|329101|2093352|2097600|2106401|2108801|2134900|2147502|2148200|2148250
97650,Panzerfaust,แพนเซอร์เฟาสท์,ยูนิต: ชื่อหน่วย/อาวุธ/อาคาร/สกิล,97650|97700|98250|98300|100751|124800|2097650|2098250|2098300|2100751|2124800
97750,.50 cal Machine Gun,ปืนกล .50 แคล,ยูนิต: ชื่อหน่วย/อาวุธ/อาคาร/สกิล,97750|124450|2097750|2124450
97800,Recoilless Rifle,ไรเฟิลไร้รีคอยล์,ยูนิต: ชื่อหน่วย/อาวุธ/อาคาร/สกิล,97800
97850,Bar Rifle,บาร์ไรเฟิล,ยูนิต: ชื่อหน่วย/อาวุธ/อาคาร/สกิล,97850|2255900
97900,M1919 Light Machine Gun,M1919 ปืนกลเบา,ยูนิต: ชื่อหน่วย/อาวุธ/อาคาร/สกิล,97900|2097900
97950,Thompson Sub Machine Gun,ปืนกลมือทอมป์สัน,ยูนิต: ชื่อหน่วย/อาวุธ/อาคาร/สกิล,97950|2097950
98000,Flammenwerfer,ฟลาเมนเวอร์เฟอร์,ยูนิต: ชื่อหน่วย/อาวุธ/อาคาร/สกิล,98000|2098000
98050,81mm Mortar,ครก 81 มม.,ยูนิต: ชื่อหน่วย/อาวุธ/อาคาร/สกิล,98050|2098050
98100,MG42,MG42,ยูนิต: ชื่อหน่วย/อาวุธ/อาคาร/สกิล,98100|153001|2098100|2153001
98200,MP 44,ส.ส.44,ยูนิต: ชื่อหน่วย/อาวุธ/อาคาร/สกิล,98200|2098200
98350,Bombing Run,วิ่งวางระเบิด,ยูนิต: ชื่อหน่วย/อาวุธ/อาคาร/สกิล,98350|134201|134251|2098350|2134251|2178351|2178401
98550,Bren Carrier,เบรน แคเรียร์,ยูนิต: ชื่อหน่วย/อาวุธ/อาคาร/สกิล,98550|99100|2098550|2099100
98552,Transport. Good vs. Infantry,ขนส่ง. ดีกับทหารราบ,ยูนิต: ชื่อหน่วย/อาวุธ/อาคาร/สกิล,98552
98600,Captain,ร้อยเอก,ยูนิต: ชื่อหน่วย/อาวุธ/อาคาร/สกิล,98600|104551|112551|560011|560031|608058|614011|2098600|2112551
98650,Lieutenant,ร้อยโท,ยูนิต: ชื่อหน่วย/อาวุธ/อาคาร/สกิล,98650|103550|112900|560030|2098650|2179852|2179902|2179952
98700,Sapper,ทหารช่างสนาม,ยูนิต: ชื่อหน่วย/อาวุธ/อาคาร/สกิล,98700|2098700
98752,Armored Car,รถหุ้มเกราะ,ยูนิต: ชื่อหน่วย/อาวุธ/อาคาร/สกิล,98752|126750|1479411|2098752|2126750
98800,Infantry,ทหารราบ,ยูนิต: ชื่อหน่วย/อาวุธ/อาคาร/สกิล,98800|104301|710001|2098800|2260163
98851,M2HB .50 cal Machine Gun,ปืนกล M2HB .50 cal,ยูนิต: ชื่อหน่วย/อาวุธ/อาคาร/สกิล,98851|100251|115801|2098851|2100251|2115801
98900,Commando,คอมมานโด,ยูนิต: ชื่อหน่วย/อาวุธ/อาคาร/สกิล,98900|2098900|2255200|2259450
99050,Bofors 40mm,โบฟอร์ส 40mm,ยูนิต: ชื่อหน่วย/อาวุธ/อาคาร/สกิล,99050|136650|136651|136950|136951|137000|137250|137450|137451|143450|143451|2099050
99150,Churchill MK IV,เชอร์ชิลล์ เอ็มเค 4,ยูนิต: ชื่อหน่วย/อาวุธ/อาคาร/สกิล,99150|2099150
99200,Churchill AVRE,เชอร์ชิลล์ AVRE,ยูนิต: ชื่อหน่วย/อาวุธ/อาคาร/สกิล,99200|102850|110000|110002|112351|115851|2099200|2110000|2110002|2112351|2115851
99250,Supplies,เสบียง,ยูนิต: ชื่อหน่วย/อาวุธ/อาคาร/สกิล,99250|124900|2099250|2124900
99301,Reich Headquarters,กองบัญชาการแห่งไรช์,ยูนิต: ชื่อหน่วย/อาวุธ/อาคาร/สกิล,99301
99350,Awarded for securing port facility intact.,ได้รับรางวัลสำหรับการรักษาความปลอดภัยของท่าเรือให้สมบูรณ์,ยูนิต: ชื่อหน่วย/อาวุธ/อาคาร/สกิล,99350|2099350
99400,Allies,ฝ่ายสัมพันธมิตร,ยูนิต: ชื่อหน่วย/อาวุธ/อาคาร/สกิล,99400|99650|165100|559103|561778|600263|605028|605046|610257|610263|704519|2099400|2099650
99401,American,อเมริกัน,ยูนิต: ชื่อหน่วย/อาวุธ/อาคาร/สกิล,99401|2099401
99402,USA,สหรัฐอเมริกา,ยูนิต: ชื่อหน่วย/อาวุธ/อาคาร/สกิล,99402|2099402
99450,Axis,ฝ่ายอักษะ,ยูนิต: ชื่อหน่วย/อาวุธ/อาคาร/สกิล,99450|99500|158689|165150|409006|508283|559104|561779|600265|704516|2099450|2099500|2158689
99451,Wehrmacht,แวร์มัคท์,ยูนิต: ชื่อหน่วย/อาวุธ/อาคาร/สกิล,99451|2099451
99452,Wehr,แวร์,ยูนิต: ชื่อหน่วย/อาวุธ/อาคาร/สกิล,99452|2099452
99501,Panzer Elite,ยานเกราะชั้นยอด,ยูนิต: ชื่อหน่วย/อาวุธ/อาคาร/สกิล,99501|608052|617043|2099501
99502,Pnzr,Pnzr,ยูนิต: ชื่อหน่วย/อาวุธ/อาคาร/สกิล,99502|2099502
99550,Engineers,ทหารช่างสนาม,ยูนิต: ชื่อหน่วย/อาวุธ/อาคาร/สกิล,99550|99600|219800|409572
99651,British,กองทัพอังกฤษ,ยูนิต: ชื่อหน่วย/อาวุธ/อาคาร/สกิล,99651|2099651
99652,Brit,บริท,ยูนิต: ชื่อหน่วย/อาวุธ/อาคาร/สกิล,99652|2099652
99701,Barbed Wire,ลวดหนาม,ยูนิต: ชื่อหน่วย/อาวุธ/อาคาร/สกิล,99701|99751|104601|104651|2099701|2099751|2104601|2104651
99801,Tank Traps,กับดักรถถัง,ยูนิต: ชื่อหน่วย/อาวุธ/อาคาร/สกิล,99801|101701|102201|2099801|2101701|2102201
99901,Medic Station,สถานีแพทย์,ยูนิต: ชื่อหน่วย/อาวุธ/อาคาร/สกิล,99901|2099901
99902,Only five Aid Stations available.,มีสถานีช่วยเหลือเพียงห้าแห่งเท่านั้น,ยูนิต: ชื่อหน่วย/อาวุธ/อาคาร/สกิล,99902|99952|2099902|2099952
99951,Casualty Clearing Station,สถานีเคลียร์ผู้ประสบภัย,ยูนิต: ชื่อหน่วย/อาวุธ/อาคาร/สกิล,99951|2099951
100001,Machine Gun Emplacement,ฐานที่ตั้งปืนกล,ยูนิต: ชื่อหน่วย/อาวุธ/อาคาร/สกิล,100001|2100001
100051,Escalate to Skirmish Phase,ยกระดับไปสู่ช่วงการประจัญบาน,ยูนิต: ชื่อหน่วย/อาวุธ/อาคาร/สกิล,100051|2100051
100101,Escalate to Assault Phase,ยกระดับไปสู่ระยะจู่โจม,ยูนิต: ชื่อหน่วย/อาวุธ/อาคาร/สกิล,100101|2100101
100151,Escalate to Battle Phase,ยกระดับสู่ระยะยุทธการรบ,ยูนิต: ชื่อหน่วย/อาวุธ/อาคาร/สกิล,100151|2100151
100201,Off-Map Artillery Strike,การโจมตีด้วยปืนใหญ่นอกแผนที่,ยูนิต: ชื่อหน่วย/อาวุธ/อาคาร/สกิล,100201|2151902
100250,Adds a M2HB .50 cal Machine Gun.,เพิ่มปืนกล M2HB .50 cal,ยูนิต: ชื่อหน่วย/อาวุธ/อาคาร/สกิล,100250|2100250
100301,Mk2 'Pineapple' Grenade,ระเบิดขว้างสังหาร Mk2 'ลูกน้อยหน่า',ยูนิต: ชื่อหน่วย/อาวุธ/อาคาร/สกิล,100301|2203901
100351,Quad .50 cal Maxson Mount,Quad .50 cal Maxson Mount,ยูนิต: ชื่อหน่วย/อาวุธ/อาคาร/สกิล,100351|2100351
100352,Improve Anti Infantry effectiveness,ปรับปรุงประสิทธิภาพต่อต้านทหารราบ,ยูนิต: ชื่อหน่วย/อาวุธ/อาคาร/สกิล,100352|2100352
100400,Stuart Light Tank,รถถังเบาสจวร์ต,ยูนิต: ชื่อหน่วย/อาวุธ/อาคาร/สกิล,100400|112401|2100400|2112401
100451,Headquarters,กองบัญชาการ,ยูนิต: ชื่อหน่วย/อาวุธ/อาคาร/สกิล,100451|100501|101651|1419500|2100451|2101651
100502,Calls in Solider and Armored HQs.,เรียกกองบัญชาการทหารราบและยานเกราะ,ยูนิต: ชื่อหน่วย/อาวุธ/อาคาร/สกิล,100502
100503,Call for additional support HQs.,โทรติดต่อกองบัญชาการฝ่ายสนับสนุนเพิ่มเติม,ยูนิต: ชื่อหน่วย/อาวุธ/อาคาร/สกิล,100503|128252|2128252
100551,M1 57mm Anti Tank Gun,ปืนต่อสู้รถถัง M1 57มม,ยูนิต: ชื่อหน่วย/อาวุธ/อาคาร/สกิล,100551|100601|102501|103900|103950|2100551|2100601|2103900|2103950|2136500|2143602|2152900|2152950|2153150|2200352|2204502
100553,Reinforce Weapon,เสริมกำลังอาวุธ,ยูนิต: ชื่อหน่วย/อาวุธ/อาคาร/สกิล,100553|100603|102952|103002|103752|103901|103952|2090902|2091103|2091252|2095552|2095652|2095702|2095852|2099852|2100553|2100603|2102952|2103002|2103752|2103901|2103952
100701,MG42 Light Machine Gun,ปืนกลเบา MG42,ยูนิต: ชื่อหน่วย/อาวุธ/อาคาร/สกิล,100701|124550|147701|229314|2100701|2124550|2147701
100702,Improved Anti Infantry effectiveness,ปรับปรุงประสิทธิภาพการต่อต้านทหารราบ,ยูนิต: ชื่อหน่วย/อาวุธ/อาคาร/สกิล,100702|2100702
100801,RPzB 54 Panzerschreck,เครื่องยิงจรวดต่อสู้รถถัง RPzB 54 พันเซอร์เชร็ค,ยูนิต: ชื่อหน่วย/อาวุธ/อาคาร/สกิล,100801|2100801
100851,M2 105mm Howitzer,ปืนใหญ่วิถีโค้ง M2 105 มม,ยูนิต: ชื่อหน่วย/อาวุธ/อาคาร/สกิล,100851|104500|104700|2091850|2094901|2100851|2100901|2104500|2104700
100852,Deliver a Barrage of 105mm Shells.,ระดมยิงปูพรมด้วยกระสุนขนาด 105 มม.,ยูนิต: ชื่อหน่วย/อาวุธ/อาคาร/สกิล,100852|2100852
100901,Artillery,ปืนใหญ่,ยูนิต: ชื่อหน่วย/อาวุธ/อาคาร/สกิล,100901
100902,Deliver a Barrage of Howitzer Shells.,ระดมยิงปูพรมด้วยกระสุนปืนใหญ่วิถีโค้ง,ยูนิต: ชื่อหน่วย/อาวุธ/อาคาร/สกิล,100902|2100902
100950,Flak 38 Quad 20mm,ฟลัค 38 ควอด 20มม,ยูนิต: ชื่อหน่วย/อาวุธ/อาคาร/สกิล,100950|101000|104900|2100950|2101000|2104900
100951,Rapid fire quad 20mm cannon.,ปืนใหญ่ยิงเร็วขนาด 20 มม.,ยูนิต: ชื่อหน่วย/อาวุธ/อาคาร/สกิล,100951|101001|2100951|2101001
101102,Only one Supply Depot can be constructed.,สามารถสร้างคลังพัสดุได้เพียงแห่งเดียวเท่านั้น,ยูนิต: ชื่อหน่วย/อาวุธ/อาคาร/สกิล,101102|101252|2101102|2101252
101150,Build Field Defenses,สร้างการป้องกันภาคสนาม,ยูนิต: ชื่อหน่วย/อาวุธ/อาคาร/สกิล,101150|101200|2143001|2143103|2198801|2198851|2198903|2198953
101152,Riflemen,นักแม่นปืน,ยูนิต: ชื่อหน่วย/อาวุธ/อาคาร/สกิล,101152|104251|152150|409574|2143000|2144652|2152150|2180802|2198850|2204152
101204,Pioneers,ผู้บุกเบิก,ยูนิต: ชื่อหน่วย/อาวุธ/อาคาร/สกิล,101204|107201|1459078|2143100|2145602|2181602|2198950
101300,Triage Centers heals any nearby Soldiers.,Triage Centers จะรักษาทหารที่อยู่ใกล้เคียง,ยูนิต: ชื่อหน่วย/อาวุธ/อาคาร/สกิล,101300|101400|2101300|2101400
101301,Triage Center,ศูนย์ไตรเอจ,ยูนิต: ชื่อหน่วย/อาวุธ/อาคาร/สกิล,101301|101401|147051|2101301|2101401|2147051
101350,Construct Sandbags and Barb Wire Fences.,สร้างกระสอบทรายและรั้วลวดหนาม,ยูนิต: ชื่อหน่วย/อาวุธ/อาคาร/สกิล,101350|2140902|2143202|2198502|2198552|2199002|2199052
101451,Observation Post,โพสต์สังเกตการณ์,ยูนิต: ชื่อหน่วย/อาวุธ/อาคาร/สกิล,101451|101501|102651|105301|409577|2101451|2105301
101550,Destroyed HQ,กองบัญชาการที่ถูกทำลาย,ยูนิต: ชื่อหน่วย/อาวุธ/อาคาร/สกิล,101550|101600|103050|103100|162050|162100|2101550|2103050|2103100
101750,Sand bags provide Troops with cover.,ถุงทรายให้ทหารมีที่กำบัง,ยูนิต: ชื่อหน่วย/อาวุธ/อาคาร/สกิล,101750|101800|2101750|2101800
101751,Sand Bags,ถุงทราย,ยูนิต: ชื่อหน่วย/อาวุธ/อาคาร/สกิล,101751|101801|104801|104851|2101751|2101801|2104801|2104851
101851,Royal Canadian HQ,กองบัญชาการรอยัลแคนาดา,ยูนิต: ชื่อหน่วย/อาวุธ/อาคาร/สกิล,101851|112101
101901,Weapons Support Center,ศูนย์สนับสนุนอาวุธ,ยูนิต: ชื่อหน่วย/อาวุธ/อาคาร/สกิล,101901|2101901
101951,Armored HQ,กองบัญชาการหุ้มเกราะ,ยูนิต: ชื่อหน่วย/อาวุธ/อาคาร/สกิล,101951|112151|128451|2128451
102000,Halftrack,ฮาล์ฟแทร็ก,ยูนิต: ชื่อหน่วย/อาวุธ/อาคาร/สกิล,102000|1479413|2102000
102250,Fire Smoke Shell,ยิงกระสุนควัน,ยูนิต: ชื่อหน่วย/อาวุธ/อาคาร/สกิล,102250|409891|2256702
102252,Left-click icon then Left-click target area.,ไอคอนคลิกซ้าย จากนั้นคลิกซ้ายพื้นที่เป้าหมาย,ยูนิต: ชื่อหน่วย/อาวุธ/อาคาร/สกิล,102252|2256700
102253,Provides Temporary Cover,ให้ความคุ้มครองชั่วคราว,ยูนิต: ชื่อหน่วย/อาวุธ/อาคาร/สกิล,102253|2256701
102301,Road Blocks,บล็อกถนน,ยูนิต: ชื่อหน่วย/อาวุธ/อาคาร/สกิล,102301|2102301
102401,Panzer-Jager Kommand,แพนเซอร์-ยาเกอร์ คอมมันด์,ยูนิต: ชื่อหน่วย/อาวุธ/อาคาร/สกิล,102401|2102401
102451,Cromwell,ครอมเวลล์,ยูนิต: ชื่อหน่วย/อาวุธ/อาคาร/สกิล,102451|112851|2112851
102452,Standard issue Commonwealth Tank,รถถังเครือจักรภพรุ่นมาตรฐาน,ยูนิต: ชื่อหน่วย/อาวุธ/อาคาร/สกิล,102452
102504,Reinforce AT Gun Crew,เสริมกำลังลูกเรือ AT Gun,ยูนิต: ชื่อหน่วย/อาวุธ/อาคาร/สกิล,102504|108003|2143603|2146203|2146253|2200351
102551,Anti Tank Gun,ปืนต่อสู้รถถัง,ยูนิต: ชื่อหน่วย/อาวุธ/อาคาร/สกิล,102551
102601,Sturm Armory,คลังแสงพายุ,ยูนิต: ชื่อหน่วย/อาวุธ/อาคาร/สกิล,102601|105101|2105101
102701,M4 'Crocodile' Sherman,รถถังเชอร์แมนพ่นไฟ คร็อกโคไดล์,ยูนิต: ชื่อหน่วย/อาวุธ/อาคาร/สกิล,102701|2143652|2143702
102750,Good at roasting horsemen in plate armor.,เก่งในการย่างทหารม้าในชุดเกราะ,ยูนิต: ชื่อหน่วย/อาวุธ/อาคาร/สกิล,102750
102753,"Like a Churchill, but with fire.",เหมือนเชอร์ชิลล์ แต่พ่นไฟได้,ยูนิต: ชื่อหน่วย/อาวุธ/อาคาร/สกิล,102753
102802,Only two Calliopes available.,มี Calliopes เพียงสองตัวเท่านั้น,ยูนิต: ชื่อหน่วย/อาวุธ/อาคาร/สกิล,102802|2143752
102851,I'm not sure what this is,ฉันไม่แน่ใจว่านี่คืออะไร,ยูนิต: ชื่อหน่วย/อาวุธ/อาคาร/สกิล,102851
102900,Primary defensive Structure.,โครงสร้างการป้องกันหลัก,ยูนิต: ชื่อหน่วย/อาวุธ/อาคาร/สกิล,102900|128050|2102900|2128050
102901,Bunker,บังเกอร์,ยูนิต: ชื่อหน่วย/อาวุธ/อาคาร/สกิล,102901|105401|134700|134750|219195|2102901|2105401|2134700|2134750|2178301
102950,Heavy Machine Gun,ปืนกลหนัก,ยูนิต: ชื่อหน่วย/อาวุธ/อาคาร/สกิล,102950|103000|2102950|2103000
103350,Churchill Crocodile,รถถังเชอร์ชิลล์ คร็อกโคไดล์,ยูนิต: ชื่อหน่วย/อาวุธ/อาคาร/สกิล,103350|110050|110052|112301|115901|115902|134400|2103350|2110050|2110052|2112301|2115901|2115902|2134400
103400,Cromwell Command Tank,รถถังควบคุมครอมเวลล์,ยูนิต: ชื่อหน่วย/อาวุธ/อาคาร/สกิล,103400|111801|111903|2103400|2111801
103450,Cromwell Tank,รถถังครอมเวลล์,ยูนิต: ชื่อหน่วย/อาวุธ/อาคาร/สกิล,103450|2103450
103500,Command Squad,กองบัญชาการ,ยูนิต: ชื่อหน่วย/อาวุธ/อาคาร/สกิล,103500
103600,Capt. McKay,กัปตันแม็คเคย์,ยูนิต: ชื่อหน่วย/อาวุธ/อาคาร/สกิล,103600|2144150
103650,Primary Builder. Good vs. Buildings.,ผู้สร้างหลัก มีประสิทธิภาพสูงเมื่อปะทะกับอาคาร,ยูนิต: ชื่อหน่วย/อาวุธ/อาคาร/สกิล,103650|103700|2093000|2200750|2204400
103651,Engineers,ทหารช่างสนามสนาม,ยูนิต: ชื่อหน่วย/อาวุธ/อาคาร/สกิล,103651|152001|165251|2093002|2142900|2152001|2165251|2198750|2200752|2204402
103653,Demolition Charges,ดินระเบิดรื้อถอน,ยูนิต: ชื่อหน่วย/อาวุธ/อาคาร/สกิล,103653|103702|103703|112954|2093003|2103703|2112954|2157251|2200753|2243456|2244201
103655,Reinforce Engineers,เสริมสร้างทหารช่างสนาม,ยูนิต: ชื่อหน่วย/อาวุธ/อาคาร/สกิล,103655|103705|2093005|2180655|2180705|2200755|2204404
103701,Sappers.,แซปเปอร์,ยูนิต: ชื่อหน่วย/อาวุธ/อาคาร/สกิล,103701
103709,Requires a Sgt. with demolitions knowledge,ต้องมีจ่าที่มีความรู้ด้านการรื้อถอน,ยูนิต: ชื่อหน่วย/อาวุธ/อาคาร/สกิล,103709|112953|2112953
103800,Normandy Farmhouse Timbered,บ้านไร่นอร์มังดีทำจากไม้,ยูนิต: ชื่อหน่วย/อาวุธ/อาคาร/สกิล,103800
103850,Normandy Town Building,อาคารนอร์มังดีทาวน์,ยูนิต: ชื่อหน่วย/อาวุธ/อาคาร/สกิล,103850
104153,Reinforce Mortar Team,เสริมกำลังทีมครก,ยูนิต: ชื่อหน่วย/อาวุธ/อาคาร/สกิล,104153|104203|106903|106953|2104203|2106953|2144553|2145153|2145303|2200153|2204304
104253,Reinforce Riflemen,เสริมกำลังพลปืนไรเฟิล,ยูนิต: ชื่อหน่วย/อาวุธ/อาคาร/สกิล,104253|104303|2144653|2180803|2180903|2204154
104350,Normandy Barn 01,นอร์มังดี บาร์น 01,ยูนิต: ชื่อหน่วย/อาวุธ/อาคาร/สกิล,104350
104400,17 Pounder AT Gun,ปืนต่อสู้รถถัง 17 ปอนด์,ยูนิต: ชื่อหน่วย/อาวุธ/อาคาร/สกิล,104400|112251|136550|136600|137500|137600|137650|2104400|2112251
104450,Rocket Calliope,จรวดคาไลโอพี,ยูนิต: ชื่อหน่วย/อาวุธ/อาคาร/สกิล,104450|2104450
104751,Krieg Barracks,ค่ายทหารครีก,ยูนิต: ชื่อหน่วย/อาวุธ/อาคาร/สกิล,104751|2104751
104800,Sand Bags provide Troops with cover.,กระสอบทรายมอบที่กำบังให้กับกองทหาร,ยูนิต: ชื่อหน่วย/อาวุธ/อาคาร/สกิล,104800|104850|2104800|2104850
104951,Panzer Command,กองบัญชาการยานเกราะ,ยูนิต: ชื่อหน่วย/อาวุธ/อาคาร/สกิล,104951|105051|2104951
105000,Flakvierling 38 20mm AA,กระสุนปืน Flakvierling 38 20mm AA,ยูนิต: ชื่อหน่วย/อาวุธ/อาคาร/สกิล,105000|105001|118250|118251|118300|133050|133600|2105000|2105001|2118250|2118251|2118300|2133050|2133600
105150,Equip Engineers with the M2 Flamethrower.,จัดเตรียมเครื่องพ่นไฟ M2 ให้ทหารช่างสนามสนาม,ยูนิต: ชื่อหน่วย/อาวุธ/อาคาร/สกิล,105150|2105150
105151,M2 Flamethrower,เครื่องพ่นไฟ M2,ยูนิต: ชื่อหน่วย/อาวุธ/อาคาร/สกิล,105151|129651|2105151|2129651
105152,"Better vs. Infantry, Buildings.",ดีกว่ากับทหารราบอาคาร,ยูนิต: ชื่อหน่วย/อาวุธ/อาคาร/สกิล,105152|105202|2105152|2105202
105201,Flammenwerfer 42,ฟลาเมนเวอร์เฟอร์ 42,ยูนิต: ชื่อหน่วย/อาวุธ/อาคาร/สกิล,105201|2105201
105451,Kampfkraft Centre,คัมฟคราฟต์ เซ็นเตอร์,ยูนิต: ชื่อหน่วย/อาวุธ/อาคาร/สกิล,105451|105501|2105451
105551,Airborne,ทหารพลร่ม,ยูนิต: ชื่อหน่วย/อาวุธ/อาคาร/สกิล,105551|105601|126400|2148150|2181002|2199100|2260162
105553,Reinforce Airborne,เสริมกำลังทางอากาศ,ยูนิต: ชื่อหน่วย/อาวุธ/อาคาร/สกิล,105553|105603|2095804|2144803|2181003|2181053|2181103
105653,Reinforce Rangers,เสริมกำลังเรนเจอร์,ยูนิต: ชื่อหน่วย/อาวุธ/อาคาร/สกิล,105653|105703|2144903|2181253|2181303|2200203|2204204
105750,Paratrooper Anti Tank Gun crew.,ลูกเรือพลร่มต่อต้านรถถัง,ยูนิต: ชื่อหน่วย/อาวุธ/อาคาร/สกิล,105750|105800|2105750
105950,Glider,เครื่องร่อน,ยูนิต: ชื่อหน่วย/อาวุธ/อาคาร/สกิล,105950|134300|135000|136200|229122|2105950|2135000|2136200
105952,Glider troops,กองทหารเครื่องร่อน,ยูนิต: ชื่อหน่วย/อาวุธ/อาคาร/สกิล,105952|2105952
105953,Glider On Approach,เครื่องร่อนบนแนวทาง,ยูนิต: ชื่อหน่วย/อาวุธ/อาคาร/สกิล,105953|2105953
105954,6 Popcap,6 ป๊อปแคป,ยูนิต: ชื่อหน่วย/อาวุธ/อาคาร/สกิล,105954
105955,Cannot land in enemy base sectors.,ไม่สามารถลงจอดในส่วนฐานของศัตรูได้,ยูนิต: ชื่อหน่วย/อาวุธ/อาคาร/สกิล,105955
106051,Crab Mine Flail,ลูกตุ้มกวาดทุ่นระเบิดแคร็บ,ยูนิต: ชื่อหน่วย/อาวุธ/อาคาร/สกิล,106051|2106051
106100,Priest Self-Propelled Artillery,ปืนใหญ่อัตตาจร Priest,ยูนิต: ชื่อหน่วย/อาวุธ/อาคาร/สกิล,106100|111751|116456|2106100|2111751|2116456
106150,Pak 38 50mm Anti Tank Gun,ปืนต่อสู้รถถัง Pak 38 50mm,ยูนิต: ชื่อหน่วย/อาวุธ/อาคาร/สกิล,106150|108001|108101|2091350|2091500|2091950|2098450|2098500|2106150|2108101|2146202|2146252|2153250|2153300
106250,Order the unit to Hold Fire.,สั่งให้หน่วยหยุดยิง,ยูนิต: ชื่อหน่วย/อาวุธ/อาคาร/สกิล,106250|2106250
106251,Hold Fire,ระงับการยิง,ยูนิต: ชื่อหน่วย/อาวุธ/อาคาร/สกิล,106251|2106251
106252,Left-click icon to Hold Fire.,คลิกซ้ายที่ไอคอนเพื่อสั่งหยุดยิง,ยูนิต: ชื่อหน่วย/อาวุธ/อาคาร/สกิล,106252|2106252
106351,Throw Satchel Charge,โยน Satchel Charge,ยูนิต: ชื่อหน่วย/อาวุธ/อาคาร/สกิล,106351|2106351|9419133
106400,Purchase a Goliath Remote Bomb.,ซื้อระเบิดระยะไกลโกลิอัท,ยูนิต: ชื่อหน่วย/อาวุธ/อาคาร/สกิล,106400|2106400
106450,Officer,นายทหารสัญญาบัตร,ยูนิต: ชื่อหน่วย/อาวุธ/อาคาร/สกิล,106450|126350|2092050|2092100|2126350|2140800|2145001|2181401|2198200|2198250|2198400|2198450
106452,Only one Officer available.,มีนายทหารสัญญาบัตรเพียงคนเดียวเท่านั้น,ยูนิต: ชื่อหน่วย/อาวุธ/อาคาร/สกิล,106452|2092052|2181402
106502,Good for securing sectors,ดีสำหรับการยึดเซกเตอร์,ยูนิต: ชื่อหน่วย/อาวุธ/อาคาร/สกิล,106502|2106502
106551,Calliope Barrage,แคลไลโอพี แบร์ราจ,ยูนิต: ชื่อหน่วย/อาวุธ/อาคาร/สกิล,106551|2106551
106600,Mortar Halftrack,ครกฮาล์ฟแทร็ก,ยูนิต: ชื่อหน่วย/อาวุธ/อาคาร/สกิล,106600|127000|1479414|2106600|2127000
106650,Order the unit to Fire.,สั่งหน่วยให้ทำการยิง,ยูนิต: ชื่อหน่วย/อาวุธ/อาคาร/สกิล,106650|2106650
106651,Fire at Will,ยิงได้อิสระ,ยูนิต: ชื่อหน่วย/อาวุธ/อาคาร/สกิล,106651|2106651
106652,Left-click icon to Fire at Will.,คลิกซ้ายที่ไอคอนเพื่อยิงตามต้องการ,ยูนิต: ชื่อหน่วย/อาวุธ/อาคาร/สกิล,106652|2106652
106750,Light AT Halftrack,แสงที่ฮาล์ฟแทร็ก,ยูนิต: ชื่อหน่วย/อาวุธ/อาคาร/สกิล,106750|2106750
106803,Reinforce MG42 Heavy Machine Gun Team,เสริมทัพทีมปืนกลหนัก MG42,ยูนิต: ชื่อหน่วย/อาวุธ/อาคาร/สกิล,106803|106853|2106853|2145053|2145103
107151,Munitions Panzer IV,อาวุธยุทโธปกรณ์ Panzer IV,ยูนิต: ชื่อหน่วย/อาวุธ/อาคาร/สกิล,107151|2107151
107203,Reinforce Pioneers,เสริมสร้างผู้บุกเบิก,ยูนิต: ชื่อหน่วย/อาวุธ/อาคาร/สกิล,107203|2145603|2181603|2181653|2181703
107250,Funkwagen 'Vampire' Halftrack,Funkwagen 'แวมไพร์' รถสายพานกึ่งล้อยาง,ยูนิต: ชื่อหน่วย/อาวุธ/อาคาร/สกิล,107250|2107250
107252,Good for stealing enemy resources,เหมาะสำหรับการขโมยทรัพยากรของศัตรู,ยูนิต: ชื่อหน่วย/อาวุธ/อาคาร/สกิล,107252|2107252
107401,Repair Station,สถานีซ่อม,ยูนิต: ชื่อหน่วย/อาวุธ/อาคาร/สกิล,107401|2107401|10000525
107651,MP44 Sturmgewehr (Assault Rifles),MP44 Sturmgewehr (ปืนไรเฟิลจู่โจม),ยูนิต: ชื่อหน่วย/อาวุธ/อาคาร/สกิล,107651|119051|2107651|2119051
107700,251 Anti Infantry Halftrack,251 กองทหารราบต่อต้าน,ยูนิต: ชื่อหน่วย/อาวุธ/อาคาร/สกิล,107700
107750,251 Anti Tank Halftrack,251 ฮาล์ฟแทร็กต่อต้านรถถัง,ยูนิต: ชื่อหน่วย/อาวุธ/อาคาร/สกิล,107750
107850,Infantry Halftrack,ทหารราบ รถสายพานกึ่งล้อยาง,ยูนิต: ชื่อหน่วย/อาวุธ/อาคาร/สกิล,107850|126850|2107850|2126850
107900,Area of Effect Barrage. Good vs. Infantry,พื้นที่แห่งผลกระทบ ยิงปูพรม มีประสิทธิภาพสูงเมื่อปะทะทหารราบ,ยูนิต: ชื่อหน่วย/อาวุธ/อาคาร/สกิล,107900|107950|145302|2146100|2146150|2218250
107901,150mm Nebelwerfer Rocket Battery,ฐานเครื่องยิงจรวดเนเบิลแวร์เฟอร์ ขนาด 150 มม,ยูนิต: ชื่อหน่วย/อาวุธ/อาคาร/สกิล,107901|107951|2091900|2139100|2146102|2146152|2218252
107902,The Nebelwerfer can launch six 150mm Rockets.,Nebelwerfer สามารถยิงจรวดขนาด 150 มม. ได้ 6 ลูก,ยูนิต: ชื่อหน่วย/อาวุธ/อาคาร/สกิล,107902|107952|2146101|2146151|2218251
107904,Reinforce Nebelwerfer Crew,เสริมกำลังลูกเรือเนเบลเวอร์เฟอร์,ยูนิต: ชื่อหน่วย/อาวุธ/อาคาร/สกิล,107904|2146103|2146153|2218253
108051,Puma 50mm Gun,ปืน พูม่า 50มม,ยูนิต: ชื่อหน่วย/อาวุธ/อาคาร/สกิล,108051|2108051
108056,"Better vs. Vehicles, Tanks.",ดีกว่าเมื่อเทียบกับยานพาหนะ รถถัง,ยูนิต: ชื่อหน่วย/อาวุธ/อาคาร/สกิล,108056|2108056
108153,Reinforce Grenadiers,เสริมกำลังเกรนาเดียร์,ยูนิต: ชื่อหน่วย/อาวุธ/อาคาร/สกิล,108153|118053|118103|2118053|2118103|2146353|2182003|2182053
108200,Luftwaffe Ground Forces,กองกำลังภาคพื้นดินกองทัพบก,ยูนิต: ชื่อหน่วย/อาวุธ/อาคาร/สกิล,108200|118350|2108200|2118350
108253,Reinforce Knight's Cross Holders,เสริมกำลังผู้ถือไม้กางเขนของอัศวิน,ยูนิต: ชื่อหน่วย/อาวุธ/อาคาร/สกิล,108253|108303|2146403|2146453
108351,Stug IV,รถถังพิฆาตยานเกราะ ชตุก IV,ยูนิต: ชื่อหน่วย/อาวุธ/อาคาร/สกิล,108351|2141950|2142000|2146502|2146552
108401,Jagdpanther,จักด์แพนเธอร์,ยูนิต: ชื่อหน่วย/อาวุธ/อาคาร/สกิล,108401|118750|126700|2108401|2118750|2126700
108452,Reinforce Stormtroopers,เสริมกำลังสตอร์มทรูปเปอร์,ยูนิต: ชื่อหน่วย/อาวุธ/อาคาร/สกิล,108452|151500|2202661|2225712|2259050
108601,Hummel Self Propelled Artillery,ปืนใหญ่อัตตาจรฮัมเมล,ยูนิต: ชื่อหน่วย/อาวุธ/อาคาร/สกิล,108601|2108601
108652,Light Infantry with little combat experience.,ทหารราบเบาที่มีประสบการณ์การต่อสู้น้อย,ยูนิต: ชื่อหน่วย/อาวุธ/อาคาร/สกิล,108652|108702|2108702|2147351|2179651
108653,Reinforce Volksgrenadiers,เสริมกำลัง Volksgrenadiers,ยูนิต: ชื่อหน่วย/อาวุธ/อาคาร/สกิล,108653|108703|2108703|2147353|2179653|2179703|2179753
108950,Wespe,เวสเป,ยูนิต: ชื่อหน่วย/อาวุธ/อาคาร/สกิล,108950
109000,Panzer IV Infantry Support Tank,รถถังสนับสนุนทหารราบ Panzer IV,ยูนิต: ชื่อหน่วย/อาวุธ/อาคาร/สกิล,109000|132100|2109000|2132100
109050,Royal Commandos Support,การสนับสนุนหน่วยคอมมานโดรอยัล,ยูนิต: ชื่อหน่วย/อาวุธ/อาคาร/สกิล,109050|2109050
109101,Royal Artillery Support,การสนับสนุนปืนใหญ่หลวง,ยูนิต: ชื่อหน่วย/อาวุธ/อาคาร/สกิล,109101|2109101
109151,Royal Engineers Support,การสนับสนุนทหารช่างสนามรอยัล,ยูนิต: ชื่อหน่วย/อาวุธ/อาคาร/สกิล,109151|2109151
109200,Forward Observation Officers,นายทหารสัญญาบัตรสังเกตการณ์ไปข้างหน้า,ยูนิต: ชื่อหน่วย/อาวุธ/อาคาร/สกิล,109200|2109200
109250,Creeping Barrage,การระดมยิงม่านกระสุนคืบคลาน,ยูนิต: ชื่อหน่วย/อาวุธ/อาคาร/สกิล,109250|109252|114351|114403|114404|1319727|2109250|2109252|2114351|2114403|2114404
109300,Priest 105mm SPG,พรีสต์ 105มม. SPG,ยูนิต: ชื่อหน่วย/อาวุธ/อาคาร/สกิล,109300|2109300
109302,Priest 105mm,พรีสต์ 105มม,ยูนิต: ชื่อหน่วย/อาวุธ/อาคาร/สกิล,109302|2109302
109350,Supercharge Artillery Rounds,รอบปืนใหญ่อัดแน่น,ยูนิต: ชื่อหน่วย/อาวุธ/อาคาร/สกิล,109350|109352|2109350|2109352
109400,Overwatch Artillery,ปืนใหญ่โอเวอร์วอตช์,ยูนิต: ชื่อหน่วย/อาวุธ/อาคาร/สกิล,109400|109402|2109400|2109402
109450,Counter Battery,เคาน์เตอร์แบตเตอรี่,ยูนิต: ชื่อหน่วย/อาวุธ/อาคาร/สกิล,109450|109452|117151|124200|124203|2109450|2109452|2117151|2124200|2124203
109501,Glider-borne  Commandos,หน่วยคอมมานโดที่มีเครื่องร่อน,ยูนิต: ชื่อหน่วย/อาวุธ/อาคาร/สกิล,109501|2109501
109553,Tetrarch Tank,รถถังเททราร์ช,ยูนิต: ชื่อหน่วย/อาวุธ/อาคาร/สกิล,109553|2109553
109600,Glider Headquarters,กองบัญชาการเครื่องร่อน,ยูนิต: ชื่อหน่วย/อาวุธ/อาคาร/สกิล,109600|2109600
109650,Radio Triangulation Detectors,เครื่องตรวจจับสามเหลี่ยม็อด้วยคลื่นวิทยุ,ยูนิต: ชื่อหน่วย/อาวุธ/อาคาร/สกิล,109650|2109650
109700,Ultra Decryption,การถอดรหัสขั้นสูง,ยูนิต: ชื่อหน่วย/อาวุธ/อาคาร/สกิล,109700|2109700
109750,Decoy Artillery,ปืนใหญ่ล่อ,ยูนิต: ชื่อหน่วย/อาวุธ/อาคาร/สกิล,109750|2109750
109800,Improved Emplacements,ตำแหน่งที่ได้รับการปรับปรุง,ยูนิต: ชื่อหน่วย/อาวุธ/อาคาร/สกิล,109800|2109800
109850,Hull Down,ฮัลล์ลง,ยูนิต: ชื่อหน่วย/อาวุธ/อาคาร/สกิล,109850|2096300|2105550|2109850
109852,Hull Down Tactics,แทคติคฮัลล์ดาวน์,ยูนิต: ชื่อหน่วย/อาวุธ/อาคาร/สกิล,109852|2109852
109900,Improved Command Vehicles,ปรับปรุงยานพาหนะสั่งการ,ยูนิต: ชื่อหน่วย/อาวุธ/อาคาร/สกิล,109900|2109900
109902,Improved Mobile Trucks,ปรับปรุงรถบรรทุกเคลื่อนที่,ยูนิต: ชื่อหน่วย/อาวุธ/อาคาร/สกิล,109902|2109902
109950,Churchill Infantry Tank,รถถังทหารราบเชอร์ชิลล์,ยูนิต: ชื่อหน่วย/อาวุธ/อาคาร/สกิล,109950|109952|2109950|2109952
110101,M9 Bazooka,เอ็ม 9 บาซูก้า,ยูนิต: ชื่อหน่วย/อาวุธ/อาคาร/สกิล,110101|110301|124250|124700|229317|2110101|2110301|2124250|2124700
110102,Equip your Infantry with M9 Bazookas.,ติดตั้งทหารราบของคุณด้วย M9 Bazookas,ยูนิต: ชื่อหน่วย/อาวุธ/อาคาร/สกิล,110102|110302|2110102|2110302
110150,Thompson SMG,ทอมป์สัน เอสเอ็มจี,ยูนิต: ชื่อหน่วย/อาวุธ/อาคาร/สกิล,110150|2110150
110151,Equip your Rangers with the Thompson SMG.,จัดเตรียม Thompson SMG ให้เรนเจอร์ของคุณ,ยูนิต: ชื่อหน่วย/อาวุธ/อาคาร/สกิล,110151|2110151
110200,Better vs. Infantry,ดีกว่ากับทหารราบ,ยูนิต: ชื่อหน่วย/อาวุธ/อาคาร/สกิล,110200|115802|2108902|2110200|2115802
110201,M1918 Browning Automatic Rifle (BAR),M1918 ปืนไรเฟิลอัตโนมัติบราวนิ่ง,ยูนิต: ชื่อหน่วย/อาวุธ/อาคาร/สกิล,110201|147550|154201|2110201|2154201
110250,M18 57mm Recoilless Rifle,ปืนไรเฟิลไร้แรงสะท้อน M18 57มม,ยูนิต: ชื่อหน่วย/อาวุธ/อาคาร/สกิล,110250|2110250
110351,Panzerschreck,ยานเกราะ,ยูนิต: ชื่อหน่วย/อาวุธ/อาคาร/สกิล,110351|124500|129551|2110351|2124500|2129551
110400,Recon Element,องค์ประกอบรีคอน,ยูนิต: ชื่อหน่วย/อาวุธ/อาคาร/สกิล,110400|2110400
110402,Can utilize the Lee Enfield Sniper rifle,สามารถใช้ปืนไรเฟิล Lee Enfield Sniper ได้,ยูนิต: ชื่อหน่วย/อาวุธ/อาคาร/สกิล,110402|2110402
110450,Gewehr 43 Package,เกเวร์ 43 แพ็คเกจ,ยูนิต: ชื่อหน่วย/อาวุธ/อาคาร/สกิล,110450|2110450
110500,PIAT,เปียต,ยูนิต: ชื่อหน่วย/อาวุธ/อาคาร/สกิล,110500|132300|152501|2110500|2132300
110600,Kampfgruppe Kompanie,คัมฟ์กรุปเป้กอมปานี,ยูนิต: ชื่อหน่วย/อาวุธ/อาคาร/สกิล,110600|128500|1429122|2110600|2128500
110650,Jager Kommand,จาเกอร์ คอมมันด์,ยูนิต: ชื่อหน่วย/อาวุธ/อาคาร/สกิล,110650|2110650
110702,Artillerie Kommand,ปืนใหญ่ คอมมันด์,ยูนิต: ชื่อหน่วย/อาวุธ/อาคาร/สกิล,110702|2110702
110752,Armament Upgrade,การอัพเกรดอาวุธยุทโธปกรณ์,ยูนิต: ชื่อหน่วย/อาวุธ/อาคาร/สกิล,110752
110800,Increase Building Population Cap,เพิ่มจำนวนประชากรในอาคาร,ยูนิต: ชื่อหน่วย/อาวุธ/อาคาร/สกิล,110800|110851
110900,Eliminate Building Population Cap,ขจัดขีดจำกัดจำนวนประชากรในอาคาร,ยูนิต: ชื่อหน่วย/อาวุธ/อาคาร/สกิล,110900
110950,Disposal and Detection Section,ส่วนการกำจัดและการตรวจจับ,ยูนิต: ชื่อหน่วย/อาวุธ/อาคาร/สกิล,110950|2110950
111000,Expert Engineers,ทหารช่างสนามผู้เชี่ยวชาญ,ยูนิต: ชื่อหน่วย/อาวุธ/อาคาร/สกิล,111000|2111000
111050,Over Repair,การซ่อมบำรุงขั้นสูง,ยูนิต: ชื่อหน่วย/อาวุธ/อาคาร/สกิล,111050|2111050
111100,Sgt. Medical Expert,จ่าจอห์นสัน,ยูนิต: ชื่อหน่วย/อาวุธ/อาคาร/สกิล,111100|2111100
111102,Addition: Area of Effect heal ability,เพิ่มเติม: ความสามารถในการรักษาแบบ Area of ​​Effect,ยูนิต: ชื่อหน่วย/อาวุธ/อาคาร/สกิล,111102|2111102
111150,Get Mobile,รับมือถือ,ยูนิต: ชื่อหน่วย/อาวุธ/อาคาร/สกิล,111150|111301|131951|131952|2111301|2131951|2131952
111152,Mobile,มือถือ,ยูนิต: ชื่อหน่วย/อาวุธ/อาคาร/สกิล,111152
111251,Set Up,ตั้งค่า,ยูนิต: ชื่อหน่วย/อาวุธ/อาคาร/สกิล,111251|124400|2111251|2124400
111253,Immobile,ไม่สามารถเคลื่อนที่ได้,ยูนิต: ชื่อหน่วย/อาวุธ/อาคาร/สกิล,111253
111350,Panzer Grenadier Evolution,วิวัฒนาการของยานเกราะ เกรนาเดียร์,ยูนิต: ชื่อหน่วย/อาวุธ/อาคาร/สกิล,111350|111400|2111350|2111400
111401,Addition: G43 Anti Infantry Rifle Upgrade,เพิ่มเติม: การอัพเกรดปืนไรเฟิลต่อต้านทหารราบ G43,ยูนิต: ชื่อหน่วย/อาวุธ/อาคาร/สกิล,111401|2111401
111450,Addition: Panzerfaust Ability,เพิ่มเติม: ความสามารถของยานเกราะ,ยูนิต: ชื่อหน่วย/อาวุธ/อาคาร/สกิล,111450|2111450
111550,Addition: Panzerschreck Anti Tank Upgrade,เพิ่มเติม: การอัพเกรดรถถังต่อต้าน Panzerschreck,ยูนิต: ชื่อหน่วย/อาวุธ/อาคาร/สกิล,111550|2111550
111850,Secure Toggle,สลับการรักษาความปลอดภัย,ยูนิต: ชื่อหน่วย/อาวุธ/อาคาร/สกิล,111850
111900,Excellent vs. Tanks,ยอดเยี่ยมกับรถถัง,ยูนิต: ชื่อหน่วย/อาวุธ/อาคาร/สกิล,111900|2111900
112001,25 Pounder Gun Howitzer,ปืนใหญ่วิถีโค้ง 25 ปอนด์,ยูนิต: ชื่อหน่วย/อาวุธ/อาคาร/สกิล,112001|116452|136400|136450|137350|2093250|2099000|2112001|2116452
112051,Churchill Mk IV,เชอร์ชิลล์ เอ็มเคที่ 4,ยูนิต: ชื่อหน่วย/อาวุธ/อาคาร/สกิล,112051|2112051
112200,Tetrarch Light Tank,รถถังเบาเตทราร์ช,ยูนิต: ชื่อหน่วย/อาวุธ/อาคาร/สกิล,112200|2112200
112451,Tetrarch,เททราร์ช,ยูนิต: ชื่อหน่วย/อาวุธ/อาคาร/สกิล,112451|2112451
112501,Infantry Section,หมู่ทหารราบ,ยูนิต: ชื่อหน่วย/อาวุธ/อาคาร/สกิล,112501|2112501
112503,Reinforce Infantry Section,เสริมกำลังกองทหารราบ,ยูนิต: ชื่อหน่วย/อาวุธ/อาคาร/สกิล,112503|2112503
112550,Commander. Imparts Defensive Bonuses,ผู้บัญชาการ. ให้โบนัสการป้องกัน,ยูนิต: ชื่อหน่วย/อาวุธ/อาคาร/สกิล,112550|2112550
112553,You may only have one Captain on the field.,คุณสามารถมีกัปตันได้เพียงคนเดียวในสนาม,ยูนิต: ชื่อหน่วย/อาวุธ/อาคาร/สกิล,112553|2112553
112600,Addition: Incindiary Grenade Ability,เพิ่มเติม: ความสามารถในการระเบิดมือแบบ Incindiary,ยูนิต: ชื่อหน่วย/อาวุธ/อาคาร/สกิล,112600|2112600
112751,Vickers Machine Gun Emplacement,การติดตั้งปืนกล Vickers,ยูนิต: ชื่อหน่วย/อาวุธ/อาคาร/สกิล,112751|2112751
112801,"3"" Mortar Emplacement",ฐานปืนครก 3 นิ้ว,ยูนิต: ชื่อหน่วย/อาวุธ/อาคาร/สกิล,112801|2112801
112903,+1 Command Point,+1 จุดสั่งการ,ยูนิต: ชื่อหน่วย/อาวุธ/อาคาร/สกิล,112903|2179854|2179904|2179954
112950,Builds Heavy Defenses. Good vs. Infantry,สร้างการป้องกันที่หนักหน่วง มีประสิทธิภาพสูงเมื่อปะทะทหารราบ,ยูนิต: ชื่อหน่วย/อาวุธ/อาคาร/สกิล,112950|2112950
112951,Sappers,แซปเปอร์,ยูนิต: ชื่อหน่วย/อาวุธ/อาคาร/สกิล,112951|2112951
112956,Reinforce Sappers,เสริมกำลังแซปเปอร์,ยูนิต: ชื่อหน่วย/อาวุธ/อาคาร/สกิล,112956|2112956
113000,Rifle Grenades,ปืนไรเฟิลระเบิด,ยูนิต: ชื่อหน่วย/อาวุธ/อาคาร/สกิล,113000|2113000
113051,Withdraw to Captain's Position,ถอนตัวออกจากตำแหน่งกัปตัน,ยูนิต: ชื่อหน่วย/อาวุธ/อาคาร/สกิล,113051|2113051
113100,Creeping Barrage Artillerty Attack,การโจมตีด้วยปืนใหญ่ที่คืบคลานเข้ามา,ยูนิต: ชื่อหน่วย/อาวุธ/อาคาร/สกิล,113100
113150,Enemy vehicle Buttoned,รถศัตรูติดกระดุมแล้ว,ยูนิต: ชื่อหน่วย/อาวุธ/อาคาร/สกิล,113150|2113150
113151,Button Enemy Vehicle,ยานพาหนะของศัตรูบัตตัน,ยูนิต: ชื่อหน่วย/อาวุธ/อาคาร/สกิล,113151|409892|2113151
113200,25 Pounder Super Charge,25 ปอนด์ซุปเปอร์ชาร์จ,ยูนิต: ชื่อหน่วย/อาวุธ/อาคาร/สกิล,113200|2113200
113250,Timbered 02 M,ทิมเบอร์ด 02 ม,ยูนิต: ชื่อหน่วย/อาวุธ/อาคาร/สกิล,113250
113300,Townbuilding 01 L,อาคารทาวน์เฮาส์ 01 ล,ยูนิต: ชื่อหน่วย/อาวุธ/อาคาร/สกิล,113300
113350,Townbuilding 01 M,อาคารทาวน์เฮาส์ 01 ม,ยูนิต: ชื่อหน่วย/อาวุธ/อาคาร/สกิล,113350
113400,Townbuilding 01 S,อาคารทาวน์เฮาส์ 01 ส,ยูนิต: ชื่อหน่วย/อาวุธ/อาคาร/สกิล,113400|113450
113500,Townbuilding 01 T M,อาคารทาวน์เฮาส์ 01 ต.ม,ยูนิต: ชื่อหน่วย/อาวุธ/อาคาร/สกิล,113500
113550,Townbuilding 03 M,อาคารทาวน์เฮาส์ 03 ม,ยูนิต: ชื่อหน่วย/อาวุธ/อาคาร/สกิล,113550
113600,Townbuilding 03 S,อาคารทาวน์เฮาส์ 03 ส,ยูนิต: ชื่อหน่วย/อาวุธ/อาคาร/สกิล,113600
113650,Townbuilding 04 M,อาคารทาวน์เฮาส์ 04 ม,ยูนิต: ชื่อหน่วย/อาวุธ/อาคาร/สกิล,113650
113700,Townbuilding 04 S,อาคารทาวน์เฮาส์ 04 ส,ยูนิต: ชื่อหน่วย/อาวุธ/อาคาร/สกิล,113700
113750,Townbuilding 04 WDG S,อาคารทาวน์เฮาส์ 04 WDG S,ยูนิต: ชื่อหน่วย/อาวุธ/อาคาร/สกิล,113750
113800,Townbuilding 05 M,อาคารทาวน์เฮาส์ 05 ม,ยูนิต: ชื่อหน่วย/อาวุธ/อาคาร/สกิล,113800
113850,Townbuilding 06 M,อาคารทาวน์เฮาส์ 06 ม,ยูนิต: ชื่อหน่วย/อาวุธ/อาคาร/สกิล,113850
113900,Townbuilding 07 M,อาคารทาวน์เฮาส์ 07 ม,ยูนิต: ชื่อหน่วย/อาวุธ/อาคาร/สกิล,113900
113950,Townbuilding 08 WDG M,อาคารทาวน์เฮาส์ 08 WDG ม,ยูนิต: ชื่อหน่วย/อาวุธ/อาคาร/สกิล,113950
114000,Townbuilding 09 M,อาคารทาวน์เฮาส์ 09 ม,ยูนิต: ชื่อหน่วย/อาวุธ/อาคาร/สกิล,114000
114050,Tripleroof 01,หลังคาสามชั้น 01,ยูนิต: ชื่อหน่วย/อาวุธ/อาคาร/สกิล,114050
114100,25 Pounder Barrage,25 ปอนด์บาร์เรจ,ยูนิต: ชื่อหน่วย/อาวุธ/อาคาร/สกิล,114100|2114100
114150,Detector for Radio Triangulation,เครื่องตรวจจับสามเหลี่ยมวิทยุ,ยูนิต: ชื่อหน่วย/อาวุธ/อาคาร/สกิล,114150|2114150
114152,Only three Detectors required.,ต้องการเครื่องตรวจจับเพียงสามตัวเท่านั้น,ยูนิต: ชื่อหน่วย/อาวุธ/อาคาร/สกิล,114152|2114152
114200,Build 17 Pounder AT Gun,สร้าง 17 Pounder AT Gun,ยูนิต: ชื่อหน่วย/อาวุธ/อาคาร/สกิล,114200
114201,Place 17 Pounder AT gun (TEST),วางปืน 17 Pounder AT (ทดสอบ),ยูนิต: ชื่อหน่วย/อาวุธ/อาคาร/สกิล,114201
114251,Slit Trench,สนามเพลาะ,ยูนิต: ชื่อหน่วย/อาวุธ/อาคาร/สกิล,114251|2114251
114301,Bulldozer,รถปราบดิน,ยูนิต: ชื่อหน่วย/อาวุธ/อาคาร/สกิล,114301|409472|2114301
114352,Main Gun Repaired,ซ่อมปืนหลักแล้ว,ยูนิต: ชื่อหน่วย/อาวุธ/อาคาร/สกิล,114352|114505|116551|117552|118953|120653|127852|129754|2096750|2097000|2114352|2114505|2116551|2117552|2118953|2120653|2127852|2129754
114406,Weapons Repaired,ซ่อมแซมอาวุธแล้ว,ยูนิต: ชื่อหน่วย/อาวุธ/อาคาร/สกิล,114406|2114406
114450,Townbuilding 06 S,อาคารทาวน์เฮาส์ 06 ส,ยูนิต: ชื่อหน่วย/อาวุธ/อาคาร/สกิล,114450
114500,Overwatch Barrage,โอเวอร์วอช การยิงปูพรม,ยูนิต: ชื่อหน่วย/อาวุธ/อาคาร/สกิล,114500|116250|116251|116300|116301|2114500|2116250|2116251
114550,25 Pounder Charge 1,25 ปอนด์ชาร์จ 1,ยูนิต: ชื่อหน่วย/อาวุธ/อาคาร/สกิล,114550
114551,Increased projectile charge boosts max range,ประจุกระสุนปืนที่เพิ่มขึ้นจะช่วยเพิ่มระยะสูงสุด,ยูนิต: ชื่อหน่วย/อาวุธ/อาคาร/สกิล,114551
114601,Bombing Runs,การทิ้งระเบิด,ยูนิต: ชื่อหน่วย/อาวุธ/อาคาร/สกิล,114601|2114601
114650,$113200 No Key,$113200 No Key,ยูนิต: ชื่อหน่วย/อาวุธ/อาคาร/สกิล,114650
114651,$113201 No Key,$113201 No Key,ยูนิต: ชื่อหน่วย/อาวุธ/อาคาร/สกิล,114651
114652,$113202 No Key,$113202 No Key,ยูนิต: ชื่อหน่วย/อาวุธ/อาคาร/สกิล,114652
114750,Defensive Bonus 1,โบนัสการป้องกัน 1,ยูนิต: ชื่อหน่วย/อาวุธ/อาคาร/สกิล,114750|2114750
114751,Gain a Defensive Veterancy Bonus.,รับโบนัสการป้องกัน Veterancy,ยูนิต: ชื่อหน่วย/อาวุธ/อาคาร/สกิล,114751|2114751
114801,Defensive Bonus,โบนัสการป้องกัน,ยูนิต: ชื่อหน่วย/อาวุธ/อาคาร/สกิล,114801|2114801
114850,Offensive Bonus 1,โบนัสโจมตี 1,ยูนิต: ชื่อหน่วย/อาวุธ/อาคาร/สกิล,114850|2114850
114851,Gain an Offensive Veterancy Bonus.,รับโบนัส Veterancy ที่การรุกโจมตี,ยูนิต: ชื่อหน่วย/อาวุธ/อาคาร/สกิล,114851|2114851
114901,Offensive Bonus,โบนัสการรุกโจมตี,ยูนิต: ชื่อหน่วย/อาวุธ/อาคาร/สกิล,114901|2114901
114950,Defensive Bonus 2,โบนัสการป้องกัน 2,ยูนิต: ชื่อหน่วย/อาวุธ/อาคาร/สกิล,114950|115150|2114950|2115150
115000,Defensive Bonus 3,โบนัสการป้องกัน 3,ยูนิต: ชื่อหน่วย/อาวุธ/อาคาร/สกิล,115000|115200|2115000|2115200
115050,Offensive Bonus 2,โบนัสการโจมตี 2,ยูนิต: ชื่อหน่วย/อาวุธ/อาคาร/สกิล,115050|115250|2115050|2115250
115100,Offensive Bonus 3,โบนัสการโจมตี 3,ยูนิต: ชื่อหน่วย/อาวุธ/อาคาร/สกิล,115100|115300|2115100|2115300
115351,25 Pounder Artillery Barrage,การโจมตีด้วยปืนใหญ่ 25 ปอนด์,ยูนิต: ชื่อหน่วย/อาวุธ/อาคาร/สกิล,115351|116000|2116000
115401,105mm Priest Self Propelled Gun,ปืนขับเคลื่อนด้วยตัวเองพรีสต์ 105 มม,ยูนิต: ชื่อหน่วย/อาวุธ/อาคาร/สกิล,115401
115450,"3"" Supercharge Barrage","3"" ซูเปอร์ชาร์จบาร์เรจ",ยูนิต: ชื่อหน่วย/อาวุธ/อาคาร/สกิล,115450|2115450
115500,Royal Commandos,รอยัลคอมมานโด,ยูนิต: ชื่อหน่วย/อาวุธ/อาคาร/สกิล,115500|2115500
115502,Call in a section of Royal Commandos,โทรเข้ามาในส่วนของ Royal Commandos,ยูนิต: ชื่อหน่วย/อาวุธ/อาคาร/สกิล,115502|2115502
115503,Call in Commando Section,โทรในส่วนคอมมานโด,ยูนิต: ชื่อหน่วย/อาวุธ/อาคาร/สกิล,115503|2115503
115551,Glider with Tetrarch,เครื่องร่อนกับ Tetrarch,ยูนิต: ชื่อหน่วย/อาวุธ/อาคาร/สกิล,115551|2115551
115552,Glider tetrarch,เครื่องร่อน tetrarch,ยูนิต: ชื่อหน่วย/อาวุธ/อาคาร/สกิล,115552|2115552
115600,Decoy Artillery Barrage,การระดมยิงปืนใหญ่ลวง,ยูนิต: ชื่อหน่วย/อาวุธ/อาคาร/สกิล,115600|115602|2115600|2115602
115650,Tank Blinds,ม่านบังสายตารถถัง,ยูนิต: ชื่อหน่วย/อาวุธ/อาคาร/สกิล,115650
115702,Hull Down Position,ตำแหน่งตัวถังลง,ยูนิต: ชื่อหน่วย/อาวุธ/อาคาร/สกิล,115702|2115702
115703,Static Defence Ability,ความสามารถในการป้องกันแบบคงที่,ยูนิต: ชื่อหน่วย/อาวุธ/อาคาร/สกิล,115703
115750,Churchill Tank Reinforcement,การเสริมกำลังรถถังเชอร์ชิล,ยูนิต: ชื่อหน่วย/อาวุธ/อาคาร/สกิล,115750|115752
115850,Churchill Armored Vehicle Royal Engineers,ทหารช่างสนามยานยนต์หุ้มเกราะเชอร์ชิลล์,ยูนิต: ชื่อหน่วย/อาวุธ/อาคาร/สกิล,115850|2115850
115950,Tank Crew Commander,ผู้บังคับการรถถัง,ยูนิต: ชื่อหน่วย/อาวุธ/อาคาร/สกิล,115950|2115950
115952,Tank Commander,ผู้บัญชาการรถถัง,ยูนิต: ชื่อหน่วย/อาวุธ/อาคาร/สกิล,115952|2115952|6001010
116051,Churchill Tank,รถถังเชอร์ชิลล์,ยูนิต: ชื่อหน่วย/อาวุธ/อาคาร/สกิล,116051|116053|2116051|2116053
116101,PIAT Ambush Attack,PIAT ซุ่มโจมตี,ยูนิต: ชื่อหน่วย/อาวุธ/อาคาร/สกิล,116101|2116101
116150,105mm Priest Self-Propelled Gun,ปืนอัตตาจรพรีสต์ 105 มม,ยูนิต: ชื่อหน่วย/อาวุธ/อาคาร/สกิล,116150|2116150
116153,Only three Priests available.,มีพระภิกษุเพียงสามคนเท่านั้น,ยูนิต: ชื่อหน่วย/อาวุธ/อาคาร/สกิล,116153|2116153
116200,"Saturate an area with 3"" mortar rounds.",ระดมยิงพื้นที่ด้วยกระสุนครกขนาด 3 นิ้ว,ยูนิต: ชื่อหน่วย/อาวุธ/อาคาร/สกิล,116200|2116200
116201,"3"" Mortar Bombardment",การระดมยิงปืนครก 3 นิ้ว,ยูนิต: ชื่อหน่วย/อาวุธ/อาคาร/สกิล,116201|2116201
116350,Overwatch Barrage Remove,โอเวอร์วอช ยิงปูพรม ลบ,ยูนิต: ชื่อหน่วย/อาวุธ/อาคาร/สกิล,116350|2116350
116351,Cancel the overwatch.,ยกเลิกการโอเวอร์วอช,ยูนิต: ชื่อหน่วย/อาวุธ/อาคาร/สกิล,116351|116401|116500|2116351|2116401
116352,Cancel Overwatch,ยกเลิก โอเวอร์วอตช์,ยูนิต: ชื่อหน่วย/อาวุธ/อาคาร/สกิล,116352|116402|116501|2116352|2116402
116353,Left-click icon to deactivate Overwatch.,คลิกซ้ายที่ไอคอนเพื่อปิดการใช้งาน โอเวอร์วอช,ยูนิต: ชื่อหน่วย/อาวุธ/อาคาร/สกิล,116353|116400|131800|2116353|2116400|2131800
116450,Victor Target,เป้าหมายวิกเตอร์,ยูนิต: ชื่อหน่วย/อาวุธ/อาคาร/สกิล,116450|2116450
116553,Priest 105mm Howitzer Barrage,พรีสต์ 105 มม. ฮาวอิตเซอร์ ยิงปูพรม,ยูนิต: ชื่อหน่วย/อาวุธ/อาคาร/สกิล,116553|2116553
116600,If you see this something is horribly wrong.,หากคุณเห็นสิ่งนี้มีบางอย่างผิดปกติอย่างน่ากลัว,ยูนิต: ชื่อหน่วย/อาวุธ/อาคาร/สกิล,116600|2116600
116602,Victor Targeter,เป้าหมายวิกเตอร์,ยูนิต: ชื่อหน่วย/อาวุธ/อาคาร/สกิล,116602|2116602
116603,Fires all on-map artillery,ยิงปืนใหญ่ทั้งหมดบนแผนที่,ยูนิต: ชื่อหน่วย/อาวุธ/อาคาร/สกิล,116603|2116603
116700,Concealing Smoke,ม่านควันพรางตัว,ยูนิต: ชื่อหน่วย/อาวุธ/อาคาร/สกิล,116700|2116700
116750,Vickers .303 Medium Machine Gun,ปืนกลกลางวิคเกอร์ .303,ยูนิต: ชื่อหน่วย/อาวุธ/อาคาร/สกิล,116750|116751|2116750|2116751
116801,Spotting Scope,ขอบเขตการจำ,ยูนิต: ชื่อหน่วย/อาวุธ/อาคาร/สกิล,116801|2116801
116851,Mine Plow,พลั่วกวาดทุ่นระเบิด,ยูนิต: ชื่อหน่วย/อาวุธ/อาคาร/สกิล,116851|2116851
116901,Convert to MMG Carrier,แปลงเป็นผู้ให้บริการ MMG,ยูนิต: ชื่อหน่วย/อาวุธ/อาคาร/สกิล,116901|2116901
116950,Walking Stuka,เดินสตูก้า,ยูนิต: ชื่อหน่วย/อาวุธ/อาคาร/สกิล,116950|145450|2116950
117000,Flammenwerfers,ฟลาเมนเวอร์เฟอร์,ยูนิต: ชื่อหน่วย/อาวุธ/อาคาร/สกิล,117000|2117000
117002,"Anti Infantry, Anti Building","ต่อต้านทหารราบ, ต่อต้านอาคาร",ยูนิต: ชื่อหน่วย/อาวุธ/อาคาร/สกิล,117002|2117002
117101,Deploy Marksman,ส่งกำลังรบ Marksman,ยูนิต: ชื่อหน่วย/อาวุธ/อาคาร/สกิล,117101|2117101
117200,Left-click to toggle PIAT Ambush,คลิกซ้ายเพื่อสลับ PIAT Ambush,ยูนิต: ชื่อหน่วย/อาวุธ/อาคาร/สกิล,117200|2117200
117202,PIAT Ambush,PIAT ซุ่มโจมตี,ยูนิต: ชื่อหน่วย/อาวุธ/อาคาร/สกิล,117202|2117202
117250,Replacement Command Headquarters,กองบัญชาการทดแทน,ยูนิต: ชื่อหน่วย/อาวุธ/อาคาร/สกิล,117250|2117250
117300,Townbuilding 05 S,อาคารทาวน์เฮาส์ 05 ส,ยูนิต: ชื่อหน่วย/อาวุธ/อาคาร/สกิล,117300
117401,Overwatch Priest Barrage,โอเวอร์วอช Priest ยิงปูพรม,ยูนิต: ชื่อหน่วย/อาวุธ/อาคาร/สกิล,117401|2117401
117450,Secured Resourcing,การจัดหาทรัพยากรที่ปลอดภัย,ยูนิต: ชื่อหน่วย/อาวุธ/อาคาร/สกิล,117450|2117450
117501,Maintain Command Range,รักษาระยะการบังคับบัญชา,ยูนิต: ชื่อหน่วย/อาวุธ/อาคาร/สกิล,117501|2117501
117550,105mm Range Boost,เพิ่มระยะ 105 มม,ยูนิต: ชื่อหน่วย/อาวุธ/อาคาร/สกิล,117550|2117550
117601,HMG Commandos,หน่วยคอมมานโดเอชเอ็มจี,ยูนิต: ชื่อหน่วย/อาวุธ/อาคาร/สกิล,117601|2117601
117602,Reinforce Commando HMG Team,เสริมกำลังทีมคอมมานโด HMG,ยูนิต: ชื่อหน่วย/อาวุธ/อาคาร/สกิล,117602|2117602
117651,Mortar Commandos,คอมมานโดพลครก,ยูนิต: ชื่อหน่วย/อาวุธ/อาคาร/สกิล,117651|2117651
117652,Reinforce Commando Mortar Team,เสริมกำลังทีมครกคอมมานโด,ยูนิต: ชื่อหน่วย/อาวุธ/อาคาร/สกิล,117652|2117652
117701,PIAT Commandos,หน่วยคอมมานโด PIAT,ยูนิต: ชื่อหน่วย/อาวุธ/อาคาร/สกิล,117701|2117701
117702,Reinforce Commando PIAT Section,เสริมกำลังหน่วยคอมมานโด PIAT,ยูนิต: ชื่อหน่วย/อาวุธ/อาคาร/สกิล,117702
117750,Glider HQ,กองบัญชาการเครื่องร่อน,ยูนิต: ชื่อหน่วย/อาวุธ/อาคาร/สกิล,117750|2117750
117801,Littlejohn Adapter,อะแดปเตอร์ Littlejohn,ยูนิต: ชื่อหน่วย/อาวุธ/อาคาร/สกิล,117801|2117801
117802,Triples armor penetration,การเจาะเกราะเป็นสามเท่า,ยูนิต: ชื่อหน่วย/อาวุธ/อาคาร/สกิล,117802|2117802
117851,Adds smoke shell ability,เพิ่มความสามารถยิงกระสุนควัน,ยูนิต: ชื่อหน่วย/อาวุธ/อาคาร/สกิล,117851|2117851
117852,"3"" Close Support Gun","3"" ปิดปืนสนับสนุน",ยูนิต: ชื่อหน่วย/อาวุธ/อาคาร/สกิล,117852|2117852
117900,Face Weapon,อาวุธหน้า,ยูนิต: ชื่อหน่วย/อาวุธ/อาคาร/สกิล,117900|2117900
117902,Left-click to face weapon.,คลิกซ้ายเพื่อเผชิญหน้ากับอาวุธ,ยูนิต: ชื่อหน่วย/อาวุธ/อาคาร/สกิล,117902|2117902
117950,Air-Dropped SD-2 Butterfly Bombs,ระเบิดผีเสื้อ SD-2 ที่ทิ้งกลางอากาศ,ยูนิต: ชื่อหน่วย/อาวุธ/อาคาร/สกิล,117950|2117950
118000,Tank Awareness,การรับรู้รถถัง,ยูนิต: ชื่อหน่วย/อาวุธ/อาคาร/สกิล,118000|2118000
118050,Good when amassed,ดีเมื่อรวบรวม,ยูนิต: ชื่อหน่วย/อาวุธ/อาคาร/สกิล,118050|2118050
118051,Luftwaffe Squad,หน่วยกองทัพบก,ยูนิต: ชื่อหน่วย/อาวุธ/อาคาร/สกิล,118051|144950|2118051
118052,This should not be read anywhere,เรื่องนี้ไม่ควรอ่านที่ไหนเลย,ยูนิต: ชื่อหน่วย/อาวุธ/อาคาร/สกิล,118052|2118052
118100,Good in large numbers,ดีในปริมาณมาก,ยูนิต: ชื่อหน่วย/อาวุธ/อาคาร/สกิล,118100|2118100
118101,Panzer Grenadiers,แพนเซอร์เกรนาเดียร์,ยูนิต: ชื่อหน่วย/อาวุธ/อาคาร/สกิล,118101|2118101
118301,Construct a Flakvierling 38 20mm.,สร้าง Flakvierling 38 20mm.,ยูนิต: ชื่อหน่วย/อาวุธ/อาคาร/สกิล,118301|2118301
118400,Wirblewind Flakpanzer,เวอร์เบิลวินด์ ฟลัคแพนเซอร์,ยูนิต: ชื่อหน่วย/อาวุธ/อาคาร/สกิล,118400|2118400
118450,Flak 36 88mm Cannon,ปืนใหญ่ Flak 36 88 มม,ยูนิต: ชื่อหน่วย/อาวุธ/อาคาร/สกิล,118450|2118450
118500,Butterfly Bombs,ระเบิดผีเสื้อ,ยูนิต: ชื่อหน่วย/อาวุธ/อาคาร/สกิล,118500|135400|148050|2118500|2135400
118550,Fallschirmjager Infiltration,การแทรกซึมของฟอลส์เชิร์มเยเกอร์,ยูนิต: ชื่อหน่วย/อาวุธ/อาคาร/สกิล,118550|118600|2118550|2118600
118552,Target buildings,อาคารเป้าหมาย,ยูนิต: ชื่อหน่วย/อาวุธ/อาคาร/สกิล,118552|2118552
118651,Jagdpanther Tank Destroyer,ยานพิฆาตรถถัง Jagdpanther,ยูนิต: ชื่อหน่วย/อาวุธ/อาคาร/สกิล,118651|2118651
118701,Hetzer Tank,รถถังเฮทเซอร์,ยูนิต: ชื่อหน่วย/อาวุธ/อาคาร/สกิล,118701|2118701
118801,Hetzer,เฮตเซอร์,ยูนิต: ชื่อหน่วย/อาวุธ/อาคาร/สกิล,118801|118900|127250|1479419|2118801|2118900|2127250
118803,Only four Hetzers Available.,มี Hetzers สี่ตัวเท่านั้น,ยูนิต: ชื่อหน่วย/อาวุธ/อาคาร/สกิล,118803|2118803
118850,Throw Anti Tank Grenade,โยนระเบิดต่อต้านรถถัง,ยูนิต: ชื่อหน่วย/อาวุธ/อาคาร/สกิล,118850|2118850
118851,Bad vs. Infantry in Cover,แย่กับทหารราบในที่กำบัง,ยูนิต: ชื่อหน่วย/อาวุธ/อาคาร/สกิล,118851|2118851
118950,Fire Petard Mortar Round,ยิงกระสุนครกเปตาร์ด,ยูนิต: ชื่อหน่วย/อาวุธ/อาคาร/สกิล,118950|2118950
119000,Upgrade to Reinforce Point,อัพเกรดเป็น Reinforce Point,ยูนิต: ชื่อหน่วย/อาวุธ/อาคาร/สกิล,119000
119100,Assault Grenadier Heavy Infantry,กองพลจู่โจม เกรนาเดียร์ ทหารราบหนัก,ยูนิต: ชื่อหน่วย/อาวุธ/อาคาร/สกิล,119100|2119100
119150,Tank Buster Heavy Infantry,รถถังบัสเตอร์ทหารราบหนัก,ยูนิต: ชื่อหน่วย/อาวุธ/อาคาร/สกิล,119150|2119150
119201,Build Menu,สร้างเมนู,ยูนิต: ชื่อหน่วย/อาวุธ/อาคาร/สกิล,119201|1429121|2119201
119204,Panzer Grenadier,แพนเซอร์ เกรนาเดียร์,ยูนิต: ชื่อหน่วย/อาวุธ/อาคาร/สกิล,119204|2119204
119250,Wirbelwind Flak Panzer,เวอร์เบลวินด์ ฟลัค แพนเซอร์,ยูนิต: ชื่อหน่วย/อาวุธ/อาคาร/สกิล,119250|132350
119300,Wirbelwind,เวอร์เบลวินด์,ยูนิต: ชื่อหน่วย/อาวุธ/อาคาร/สกิล,119300
119350,Double Infantry AT Efforts,ความพยายามของทหารราบคู่,ยูนิต: ชื่อหน่วย/อาวุธ/อาคาร/สกิล,119350|2119350
119400,Bergetiger Repair and Recovery vehicle,ยานพาหนะซ่อมแซมและกู้คืนของ Bergetiger,ยูนิต: ชื่อหน่วย/อาวุธ/อาคาร/สกิล,119400|2119400
119450,Teller Mines,ทุ่นระเบิดเทลเลอร์,ยูนิต: ชื่อหน่วย/อาวุธ/อาคาร/สกิล,119450|122750|147501|150750|2119450|2122750|9394652
119500,Construct Defenses,สร้างการป้องกัน,ยูนิต: ชื่อหน่วย/อาวุธ/อาคาร/สกิล,119500|2119500
119502,Luftwaffe Infantry,ทหารราบกองทัพบก,ยูนิต: ชื่อหน่วย/อาวุธ/อาคาร/สกิล,119502|145001|2119502
119552,Marder III Tank Hunter,นักล่ารถถัง Marder III,ยูนิต: ชื่อหน่วย/อาวุธ/อาคาร/สกิล,119552|2119552
119600,Smoke Area,ยิงม่านควันปกคลุมพื้นที่,ยูนิต: ชื่อหน่วย/อาวุธ/อาคาร/สกิล,119600|2119600
119602,Smoke Barrage,การระดมยิงม่านควัน,ยูนิต: ชื่อหน่วย/อาวุธ/อาคาร/สกิล,119602|123751|135551|2119602|2123751|2135551
119650,Fallschirmjager,ฟอลส์เชิร์มเยเกอร์,ยูนิต: ชื่อหน่วย/อาวุธ/อาคาร/สกิล,119650|119750|2119650|2119750
119651,Fallshirmjager Infiltration Squad,หน่วยแทรกซึม Fallhirmjager,ยูนิต: ชื่อหน่วย/อาวุธ/อาคาร/สกิล,119651|2119651
119700,Flank Speed,ความเร็วด้านข้าง,ยูนิต: ชื่อหน่วย/อาวุธ/อาคาร/สกิล,119700|140901|2105600|2108950|2110750|2110851|2110902|2119700
119751,Fallschirmjager infiltration squad,หน่วยแทรกซึมของฟอลส์เชิร์มเยเกอร์,ยูนิต: ชื่อหน่วย/อาวุธ/อาคาร/สกิล,119751|2119751
119801,Fire Canister Round,ยิงกระสุนลูกปราย,ยูนิต: ชื่อหน่วย/อาวุธ/อาคาร/สกิล,119801|2119801
119804,Repair Main Gun,ซ่อมปืนหลัก,ยูนิต: ชื่อหน่วย/อาวุธ/อาคาร/สกิล,119804|2119804
119851,Creates smoke cover,ทำให้เกิดควันปกคลุม,ยูนิต: ชื่อหน่วย/อาวุธ/อาคาร/สกิล,119851|145951|2119851
119852,Rifle Smoke Grenade,ไรเฟิล ระเบิดควัน,ยูนิต: ชื่อหน่วย/อาวุธ/อาคาร/สกิล,119852|2119852
119900,Suppressive Volley Fire,การยิงวอลเลย์กดดันตรึงพื้นที่,ยูนิต: ชื่อหน่วย/อาวุธ/อาคาร/สกิล,119900|2119900
119903,Slowed,ช้าลง,ยูนิต: ชื่อหน่วย/อาวุธ/อาคาร/สกิล,119903|2119903
119951,Luftwaffe Tactics,ยุทธวิธีของกองทัพบก,ยูนิต: ชื่อหน่วย/อาวุธ/อาคาร/สกิล,119951|135150|148154|2119951|2135150
120051,Tank Destroyer Tactics,กลยุทธ์รถถังพิฆาต,ยูนิต: ชื่อหน่วย/อาวุธ/อาคาร/สกิล,120051|135050|135100|147202|2120051
120101,Henschel 'PanzerKnacker' support,การสนับสนุน Henschel 'PanzerKnacker',ยูนิต: ชื่อหน่วย/อาวุธ/อาคาร/สกิล,120101|2120101
120151,Henschel Combat Air Patrol,หน่วยลาดตระเวนทางอากาศรบ Henschel,ยูนิต: ชื่อหน่วย/อาวุธ/อาคาร/สกิล,120151|147752|2120151
120201,APCR Rounds,รอบ APCR,ยูนิต: ชื่อหน่วย/อาวุธ/อาคาร/สกิล,120201|2120201
120250,Left-click to toggle this ability on / off.,คลิกซ้ายเพื่อเปิด/ปิดความสามารถนี้,ยูนิต: ชื่อหน่วย/อาวุธ/อาคาร/สกิล,120250|120300|120454|123352|131503|2120250|2120300|2120454|2123352|2131503
120252,Site Main Gun,ปืนหลักของไซต์,ยูนิต: ชื่อหน่วย/อาวุธ/อาคาร/สกิล,120252|2107550|2114452|2120252
120302,Rapid Fire Artillery,ปืนใหญ่ยิงเร็ว,ยูนิต: ชื่อหน่วย/อาวุธ/อาคาร/สกิล,120302|2120302
120351,Munitions Halftrack Goliath Drop,อาวุธยุทโธปกรณ์ รถสายพานกึ่งล้อยาง Goliath Drop,ยูนิต: ชื่อหน่วย/อาวุธ/อาคาร/สกิล,120351|2120351
120400,Panzer Elite Mines,ทุ่นระเบิดยานเกราะชั้นยอด,ยูนิต: ชื่อหน่วย/อาวุธ/อาคาร/สกิล,120400|2120400
120450,RAPID FIRE,ระดมยิงรวดเร็ว,ยูนิต: ชื่อหน่วย/อาวุธ/อาคาร/สกิล,120450|2120450|2261400
120452,Rapid Fire,ระดมยิงรวดเร็ว (ยิงเร็ว),ยูนิต: ชื่อหน่วย/อาวุธ/อาคาร/สกิล,120452|140100|140701|2107800|2120452|2261401
120501,FG42 Assault Rifle,ปืนไรเฟิลจู่โจม FG42,ยูนิต: ชื่อหน่วย/อาวุธ/อาคาร/สกิล,120501|2120501
120550,Scorched Earth,ยุทธการเผาทำลาย,ยูนิต: ชื่อหน่วย/อาวุธ/อาคาร/สกิล,120550|120552|123301|2120550|2120552|2123301
120600,Mark Strongpoint,มาร์ค จุดแข็ง,ยูนิต: ชื่อหน่วย/อาวุธ/อาคาร/สกิล,120600|2120600
120602,Mark Strongpoint.,มาร์ค จุดแข็ง.,ยูนิต: ชื่อหน่วย/อาวุธ/อาคาร/สกิล,120602|2120602
120650,Aimed Shot,เล็งยิง,ยูนิต: ชื่อหน่วย/อาวุธ/อาคาร/สกิล,120650|2120650
120652,Tread Breaker,ทำลายตีนตะขาบ,ยูนิต: ชื่อหน่วย/อาวุธ/อาคาร/สกิล,120652|2105700|2120652
120701,Hummel Self-Propelled Artillery,ปืนใหญ่อัตตาจรฮัมเมล,ยูนิต: ชื่อหน่วย/อาวุธ/อาคาร/สกิล,120701|120702|2120701|2120702
120750,Sector Artillery,ปืนใหญ่ภาค,ยูนิต: ชื่อหน่วย/อาวุธ/อาคาร/สกิล,120750|120752|123550|2120750|2120752|2123550
120800,FG42,เอฟจี42,ยูนิต: ชื่อหน่วย/อาวุธ/อาคาร/สกิล,120800|2120800
120801,FG42s excel at killing groups of infantry.,FG42 เก่งในการสังหารกลุ่มทหารราบ,ยูนิต: ชื่อหน่วย/อาวุธ/อาคาร/สกิล,120801|2120801
120850,Booby Trap Building,อาคารกับดักบูบี้,ยูนิต: ชื่อหน่วย/อาวุธ/อาคาร/สกิล,120850|147950|2120850|9394650
120901,Booby Trap Strategic Point,จุดยุทธศาสตร์กับดัก Booby,ยูนิต: ชื่อหน่วย/อาวุธ/อาคาร/สกิล,120901|147351|2120901
120902,Booby Trap,กับดักบูบี้,ยูนิต: ชื่อหน่วย/อาวุธ/อาคาร/สกิล,120902|147352|2120902
120950,Roadblocks,สิ่งกีดขวางบนถนน,ยูนิต: ชื่อหน่วย/อาวุธ/อาคาร/สกิล,120950|2120950
121050,brick01_3x2_tripleroof_01,brick01_3x2_tripleroof_01,ยูนิต: ชื่อหน่วย/อาวุธ/อาคาร/สกิล,121050
121150,brick01_5x2_roundroof_01,brick01_5x2_roundroof_01,ยูนิต: ชื่อหน่วย/อาวุธ/อาคาร/สกิล,121150
121200,brick01_4x4_stepped_01,brick01_4x4_stepped_01,ยูนิต: ชื่อหน่วย/อาวุธ/อาคาร/สกิล,121200
121250,roughstone_3x3_barn_01,roughstone_3x3_barn_01,ยูนิต: ชื่อหน่วย/อาวุธ/อาคาร/สกิล,121250
121300,brick01_7x3_factory_01,brick01_7x3_factory_01,ยูนิต: ชื่อหน่วย/อาวุธ/อาคาร/สกิล,121300
121450,Church,โบสถ์,ยูนิต: ชื่อหน่วย/อาวุธ/อาคาร/สกิล,121450|135450|239201|239202|2135450
121900,Speed Governors,ผู้ว่าราชการความเร็ว,ยูนิต: ชื่อหน่วย/อาวุธ/อาคาร/สกิล,121900|2121900
122000,Brick House,บ้านอิฐ,ยูนิต: ชื่อหน่วย/อาวุธ/อาคาร/สกิล,122000|122200|122250|122550|125100|125150
122050,Brick Civic Building,อาคารอิฐเทศบาล,ยูนิต: ชื่อหน่วย/อาวุธ/อาคาร/สกิล,122050
122150,Plaster Building,อาคารปูนปลาสเตอร์,ยูนิต: ชื่อหน่วย/อาวุธ/อาคาร/สกิล,122150|125250|125700|129500|129800|129850|129950|130350
122302,Leave a nasty surprise for enemy units.,ทิ้งความประหลาดใจอันการรุกโจมตีให้กับหน่วยศัตรู,ยูนิต: ชื่อหน่วย/อาวุธ/อาคาร/สกิล,122302|122452|2122302|2122452
122800,Anti Building Incendiary Device,อุปกรณ์ระเบิดเพลิงทำลายอาคาร,ยูนิต: ชื่อหน่วย/อาวุธ/อาคาร/สกิล,122800|2122800
123250,Point Enabled,เปิดใช้งานจุดแล้ว,ยูนิต: ชื่อหน่วย/อาวุธ/อาคาร/สกิล,123250|2123250
123251,Repair a damaged point,ซ่อมแซมจุดที่เสียหาย,ยูนิต: ชื่อหน่วย/อาวุธ/อาคาร/สกิล,123251|2123251
123252,Enable Point,เปิดใช้งานจุด,ยูนิต: ชื่อหน่วย/อาวุธ/อาคาร/สกิล,123252|2123252
123300,Point Disabled!,แต้มถูกปิดการใช้งาน!,ยูนิต: ชื่อหน่วย/อาวุธ/อาคาร/สกิล,123300|2123300
123350,Divert Supplies,โอนอุปกรณ์,ยูนิต: ชื่อหน่วย/อาวุธ/อาคาร/สกิล,123350|2123350
123400,Throw Incendiary Grenade,ขว้างระเบิดเพลิง,ยูนิต: ชื่อหน่วย/อาวุธ/อาคาร/สกิล,123400|2123400
123450,Rudimentary Repair,การซ่อมแซมเบื้องต้น,ยูนิต: ชื่อหน่วย/อาวุธ/อาคาร/สกิล,123450|2123450
123500,Advanced Repair,การซ่อมแซมขั้นสูง,ยูนิต: ชื่อหน่วย/อาวุธ/อาคาร/สกิล,123500|127551|128650|2123500|2127551|2128650
123552,Sector Attack,การโจมตีภาค,ยูนิต: ชื่อหน่วย/อาวุธ/อาคาร/สกิล,123552|2123552
123600,Incendiary Mortar Round,กระสุนครกเพลิง,ยูนิต: ชื่อหน่วย/อาวุธ/อาคาร/สกิล,123600|2123600
123651,Generator,เครื่องกำเนิดไฟฟ้า,ยูนิต: ชื่อหน่วย/อาวุธ/อาคาร/สกิล,123651
123700,Produce Troops from this Structure.,สร้างกองกำลังจากโครงสร้างนี้,ยูนิต: ชื่อหน่วย/อาวุธ/อาคาร/สกิล,123700|2123700
123701,Upgrade to Barracks,อัปเกรดเป็นค่ายทหาร,ยูนิต: ชื่อหน่วย/อาวุธ/อาคาร/สกิล,123701|409587|1449153|2123701
123752,Good Cover,ปกดี,ยูนิต: ชื่อหน่วย/อาวุธ/อาคาร/สกิล,123752|2123752
123850,Overdrive,โอเวอร์ไดรฟ์,ยูนิต: ชื่อหน่วย/อาวุธ/อาคาร/สกิล,123850|2107750|2110800|2123850
123900,Sprint,วิ่ง,ยูนิต: ชื่อหน่วย/อาวุธ/อาคาร/สกิล,123900|141651|2123900|2139650|2143451
123951,Makes available: Tank Buster squads,ทำให้พร้อมใช้งาน: ทีม Tank Buster,ยูนิต: ชื่อหน่วย/อาวุธ/อาคาร/สกิล,123951|2123951
123952,Kampfgruppe Kompanie Upgrade,อัปเกรดคัมฟ์กรุปเป้กอมปานี,ยูนิต: ชื่อหน่วย/อาวุธ/อาคาร/สกิล,123952|2123952
124000,Lieutenant ( Available From Command HQ ),ผู้หมวด,ยูนิต: ชื่อหน่วย/อาวุธ/อาคาร/สกิล,124000|2124000
124100,Logistik Kompanie Upgrade,อัพเกรด Logistik Kompanie,ยูนิต: ชื่อหน่วย/อาวุธ/อาคาร/สกิล,124100|2124100
124150,M1918 BAR (Browning Automatic Rifle),M1918 BAR (ปืนไรเฟิลอัตโนมัติบราวนิ่ง),ยูนิต: ชื่อหน่วย/อาวุธ/อาคาร/สกิล,124150|2124150
124300,Cancel Counter Battery,ยกเลิกเคาน์เตอร์แบตเตอรี่,ยูนิต: ชื่อหน่วย/อาวุธ/อาคาร/สกิล,124300|2124300
124301,Cancel the Counter Battery,ยกเลิกแบตเตอรี่ตัวนับ,ยูนิต: ชื่อหน่วย/อาวุธ/อาคาร/สกิล,124301|2124301
124303,Cancel the Counter Battery order.,ยกเลิกคำสั่งแบตเตอรี่เคาน์เตอร์,ยูนิต: ชื่อหน่วย/อาวุธ/อาคาร/สกิล,124303|2124303
124351,Support Kommand Upgrade,รองรับการอัพเกรด Kommand,ยูนิต: ชื่อหน่วย/อาวุธ/อาคาร/สกิล,124351|2124351
124402,Order HQ to Set Up,สั่งให้กองบัญชาการตั้งฐาน,ยูนิต: ชื่อหน่วย/อาวุธ/อาคาร/สกิล,124402|2124402
124403,Left-click icon and then Left-click area.,ไอคอนคลิกซ้าย จากนั้นคลิกพื้นที่คลิกซ้าย,ยูนิต: ชื่อหน่วย/อาวุธ/อาคาร/สกิล,124403|2124403
124650,Satchel Charge,ค่ากระเป๋า,ยูนิต: ชื่อหน่วย/อาวุธ/อาคาร/สกิล,124650|2124650
124651,Equip this Squad with a Satchel Charge.,เตรียมหน่วยนี้ด้วย Satchel Charge,ยูนิต: ชื่อหน่วย/อาวุธ/อาคาร/สกิล,124651|2124651
124701,Equip this Squad with an M9 Bazooka.,ติดตั้ง M9 Bazooka ให้หน่วยนี้,ยูนิต: ชื่อหน่วย/อาวุธ/อาคาร/สกิล,124701|2124701
124801,Equip this Squad with a Panzerfaust.,ติดตั้งหน่วยนี้ด้วย Panzerfaust,ยูนิต: ชื่อหน่วย/อาวุธ/อาคาร/สกิล,124801|2124801
124901,Gives 60 Manpower,ให้กำลังพล 60 คน,ยูนิต: ชื่อหน่วย/อาวุธ/อาคาร/สกิล,124901|2124901
124950,Ammo Box,กล่องกระสุน,ยูนิต: ชื่อหน่วย/อาวุธ/อาคาร/สกิล,124950|2124950
124951,Gives Munitions,มอบอาวุธยุทโธปกรณ์,ยูนิต: ชื่อหน่วย/อาวุธ/อาคาร/สกิล,124951|2124951
125000,Fuel Can,กระป๋องน้ำมันเชื้อเพลิง,ยูนิต: ชื่อหน่วย/อาวุธ/อาคาร/สกิล,125000|2125000
125001,Gives Fuel,ให้เชื้อเพลิง,ยูนิต: ชื่อหน่วย/อาวุธ/อาคาร/สกิล,125001|2125001
125050,Gives 25 Action Points,ให้คะแนนการดำเนินการ 25 คะแนน,ยูนิต: ชื่อหน่วย/อาวุธ/อาคาร/สกิล,125050|2125050
125051,Lucky Strikes,ลัคกี้สไตรค์,ยูนิต: ชื่อหน่วย/อาวุธ/อาคาร/สกิล,125051|2125051
125200,brick02_2x3_arch_01,brick02_2x3_arch_01,ยูนิต: ชื่อหน่วย/อาวุธ/อาคาร/สกิล,125200
125300,plaster01_2x2_nis_03,plaster01_2x2_nis_03,ยูนิต: ชื่อหน่วย/อาวุธ/อาคาร/สกิล,125300
125350,plaster01_2x3_arch_01,plaster01_2x3_arch_01,ยูนิต: ชื่อหน่วย/อาวุธ/อาคาร/สกิล,125350
125801,Logistik car can secure territory,รถยนต์ Logistik สามารถรักษาดินแดนได้,ยูนิต: ชื่อหน่วย/อาวุธ/อาคาร/สกิล,125801|2125801
125802,Secure Sector,ยึดเซกเตอร์,ยูนิต: ชื่อหน่วย/อาวุธ/อาคาร/สกิล,125802|131501|131701|2125802|2131501|2131701
125803,Left-click icon to activate.,คลิกซ้ายที่ไอคอนเพื่อเปิดใช้งาน,ยูนิต: ชื่อหน่วย/อาวุธ/อาคาร/สกิล,125803|129203|2125803|2129203|2259850
125850,Brick Factory,โรงงานอิฐ,ยูนิต: ชื่อหน่วย/อาวุธ/อาคาร/สกิล,125850|126000
125900,Makes available: Marder III Tank Hunter,ทำให้พร้อมใช้งาน: Marder III Tank Hunter,ยูนิต: ชื่อหน่วย/อาวุธ/อาคาร/สกิล,125900|2125900
125901,Jager Kommand Upgrade,การอัพเกรด Jager Kommand,ยูนิต: ชื่อหน่วย/อาวุธ/อาคาร/สกิล,125901|2125901
126150,Improved Armor,เกราะที่ได้รับการปรับปรุง,ยูนิต: ชื่อหน่วย/อาวุธ/อาคาร/สกิล,126150|2126150
126151,Armor Skirts,กระโปรงเกราะ,ยูนิต: ชื่อหน่วย/อาวุธ/อาคาร/สกิล,126151|128950|2126151|2128950
126200,Maintain Support Range,รักษาระยะแนวรับ,ยูนิต: ชื่อหน่วย/อาวุธ/อาคาร/สกิล,126200|2126200
126300,Piper,ไพเพอร์,ยูนิต: ชื่อหน่วย/อาวุธ/อาคาร/สกิล,126300|2126300
126402,Construct Basic Field Emplacements.,สร้างตำแหน่งสนามขั้นพื้นฐาน,ยูนิต: ชื่อหน่วย/อาวุธ/อาคาร/สกิล,126402|2148152|2199102|2199152
126403,Build Field Emplacements,สร้างตำแหน่งสนาม,ยูนิต: ชื่อหน่วย/อาวุธ/อาคาร/สกิล,126403|2148151|2199101|2199151
126450,Heavy Infantry,ทหารราบหนัก,ยูนิต: ชื่อหน่วย/อาวุธ/อาคาร/สกิล,126450|2126450
126550,Command Truck,รถบังคับการ,ยูนิต: ชื่อหน่วย/อาวุธ/อาคาร/สกิล,126550|2126550
126600,Field Support Truck,รถบรรทุกสนับสนุนภาคสนาม,ยูนิต: ชื่อหน่วย/อาวุธ/อาคาร/สกิล,126600|128002|2126600|2128002
126650,Armor Command Truck,รถบังคับเกราะ,ยูนิต: ชื่อหน่วย/อาวุธ/อาคาร/สกิล,126650|127652|1349157|1349173|2126650|2127652
126901,Detonate the Goliath,ระเบิดโกลิอัท,ยูนิต: ชื่อหน่วย/อาวุธ/อาคาร/สกิล,126901|2126901
126902,Left-click icon to detonate the Goliath.,คลิกซ้ายที่ไอคอนเพื่อระเบิดโกลิอัท,ยูนิต: ชื่อหน่วย/อาวุธ/อาคาร/สกิล,126902|2126902
126950,AT Halftrack,ที่ฮาล์ฟแทร็ก,ยูนิต: ชื่อหน่วย/อาวุธ/อาคาร/สกิล,126950|2126950
127050,"Funkwagen ""Vampire""","ฟังค์วาเก้น ""แวมไพร์""",ยูนิต: ชื่อหน่วย/อาวุธ/อาคาร/สกิล,127050|2127050
127150,Henschel Hs. 129,เฮนเชล เอช. 129,ยูนิต: ชื่อหน่วย/อาวุธ/อาคาร/สกิล,127150|127200|2127200
127300,Hummel,ฮุมเมล,ยูนิต: ชื่อหน่วย/อาวุธ/อาคาร/สกิล,127300|1479420|2127300
127351,Panther Battle Group,กลุ่มรบแพนเธอร์,ยูนิต: ชื่อหน่วย/อาวุธ/อาคาร/สกิล,127351|2127351
127401,Registered Artillery,ปืนใหญ่ที่ลงทะเบียน,ยูนิต: ชื่อหน่วย/อาวุธ/อาคาร/สกิล,127401|155602|158750|2127401|2155602|2158750
127450,Marder III,มาร์เดอร์ที่ 3,ยูนิต: ชื่อหน่วย/อาวุธ/อาคาร/สกิล,127450|1449057|2127450
127500,Panzer IV F Infantry Support Tank,รถถังสนับสนุนทหารราบ Panzer IV F,ยูนิต: ชื่อหน่วย/อาวุธ/อาคาร/สกิล,127500|2127500
127654,Only one Armor Command Truck Available,มีรถบรรทุกเกราะสั่งการเพียงคันเดียวเท่านั้น,ยูนิต: ชื่อหน่วย/อาวุธ/อาคาร/สกิล,127654|2127654
127701,Armor Piercing Burst,ระเบิดเจาะเกราะ,ยูนิต: ชื่อหน่วย/อาวุธ/อาคาร/สกิล,127701|158500|2127701|2158500
127752,Headquarters Command Truck,รถบังคับการกองบัญชาการ,ยูนิต: ชื่อหน่วย/อาวุธ/อาคาร/สกิล,127752|128250|2127752|2128250
127800,Recovers destroyed vehicles,กู้คืนยานพาหนะที่ถูกทำลาย,ยูนิต: ชื่อหน่วย/อาวุธ/อาคาร/สกิล,127800|2127800
127802,Bergetiger Repair and Recovery Vehicle,ยานพาหนะซ่อมแซมและกู้คืน Bergetiger,ยูนิต: ชื่อหน่วย/อาวุธ/อาคาร/สกิล,127802|2127802
127851,Hummel 150mm Howitzer Barrage,ฮัมเมล 150 มม. ฮาวอิตเซอร์ ยิงปูพรม,ยูนิต: ชื่อหน่วย/อาวุธ/อาคาร/สกิล,127851|2127851
127951,Armor Piercing Rounds,กระสุนเจาะเกราะ,ยูนิต: ชื่อหน่วย/อาวุธ/อาคาร/สกิล,127951|2127951
128004,Only one Field Support Truck available.,มีรถสนับสนุนภาคสนามเพียงคันเดียวเท่านั้น,ยูนิต: ชื่อหน่วย/อาวุธ/อาคาร/สกิล,128004|2128004
128150,Creeping Smoke Barrage,ควันคืบคลานเข้ามา,ยูนิต: ชื่อหน่วย/อาวุธ/อาคาร/สกิล,128150|2128150
128152,Create a line of smoke cover.,สร้างเส้นบังควัน,ยูนิต: ชื่อหน่วย/อาวุธ/อาคาร/สกิล,128152|2128152
128300,Pack up Logistik Car,แพ็ครถ Logistik,ยูนิต: ชื่อหน่วย/อาวุธ/อาคาร/สกิล,128300|2128300
128350,Panzer-Support Kommand,คอมมานด์-สนับสนุนยานเกราะ,ยูนิต: ชื่อหน่วย/อาวุธ/อาคาร/สกิล,128350|2128350
128401,Call in a Soldiers Headquarters,เรียกกองบัญชาการทหาร,ยูนิต: ชื่อหน่วย/อาวุธ/อาคาร/สกิล,128401|2128401
128452,Call in a Armored Headquarters,เรียกกองบัญชาการติดอาวุธเข้ามา,ยูนิต: ชื่อหน่วย/อาวุธ/อาคาร/สกิล,128452|2128452
128550,Field Craft,ทักษะการพรางตัวในสนามรบ,ยูนิต: ชื่อหน่วย/อาวุธ/อาคาร/สกิล,128550
128600,Anti Tank Grenades,ระเบิดต่อต้านรถถัง,ยูนิต: ชื่อหน่วย/อาวุธ/อาคาร/สกิล,128600|2128600
128700,Increase Grenadier Squad Size,เพิ่มขนาดหมู่ทหารราบเกรนาเดียร์,ยูนิต: ชื่อหน่วย/อาวุธ/อาคาร/สกิล,128700
128750,Veteran Sergeant,จ่าทหารผ่านศึก,ยูนิต: ชื่อหน่วย/อาวุธ/อาคาร/สกิล,128750|2128750
128800,Group Zeal,ความกระตือรือร้นของกลุ่ม,ยูนิต: ชื่อหน่วย/อาวุธ/อาคาร/สกิล,128800|2128800
128850,Increase Squad Sizes,เพิ่มขนาดทีม,ยูนิต: ชื่อหน่วย/อาวุธ/อาคาร/สกิล,128850|2128850
128900,Logistik Upgrade,การอัพเกรดโลจิสติกส์,ยูนิต: ชื่อหน่วย/อาวุธ/อาคาร/สกิล,128900|2128900
129000,Nebelwerfer Barrage,การระดมยิงเนเบิลแวร์เฟอร์,ยูนิต: ชื่อหน่วย/อาวุธ/อาคาร/สกิล,129000|2129000
129051,Upgrades the Panzer IV with an MG42 gunner.,อัพเกรด Panzer IV ด้วยพลปืน MG42,ยูนิต: ชื่อหน่วย/อาวุธ/อาคาร/สกิล,129051|2129051
129052,MG42 gunner,มือปืน MG42,ยูนิต: ชื่อหน่วย/อาวุธ/อาคาร/สกิล,129052|2129052
129100,Disable Free-Fire,ปิดการใช้งาน Free-Fire,ยูนิต: ชื่อหน่วย/อาวุธ/อาคาร/สกิล,129100|2129100
129150,Booby Traps,กับดักบูบี้,ยูนิต: ชื่อหน่วย/อาวุธ/อาคาร/สกิล,129150|2129150
129201,Bren Carrier Self Repair,การซ่อมแซมตนเองของ Bren Carrier,ยูนิต: ชื่อหน่วย/อาวุธ/อาคาร/สกิล,129201|2129201
129250,Call in a Panzer Grenadier combat group.,เรียกกลุ่มรบ Panzer เกรนาเดียร์,ยูนิต: ชื่อหน่วย/อาวุธ/อาคาร/สกิล,129250|2129250
129251,Panzer Grenadier Reinforcements,กำลังเสริมของยานเกราะ เกรนาเดียร์,ยูนิต: ชื่อหน่วย/อาวุธ/อาคาร/สกิล,129251|2129251
129301,Hummel 150mm Self-Propelled Howitzer,ปืนใหญ่วิถีโค้งอัตตาจรฮัมเมล 150 มม,ยูนิต: ชื่อหน่วย/อาวุธ/อาคาร/สกิล,129301|2129301
129302,Only three Hummels Available,มีฮัมเมลเพียงสามอันเท่านั้น,ยูนิต: ชื่อหน่วย/อาวุธ/อาคาร/สกิล,129302|2129302
129351,Fire Panzerfaust,ยิงพันเซอร์เฟาสต์,ยูนิต: ชื่อหน่วย/อาวุธ/อาคาร/สกิล,129351|137551|2129351|2137551|2241450
129400,Left-click to toggle Ambush Lock-Down.,คลิกซ้ายเพื่อสลับ Ambush Lock-Down,ยูนิต: ชื่อหน่วย/อาวุธ/อาคาร/สกิล,129400|2113603
129401,not moving,ไม่เคลื่อนไหว,ยูนิต: ชื่อหน่วย/อาวุธ/อาคาร/สกิล,129401|132152|2129401|2132152
129402,Ambush Lock-Down,ซุ่มโจมตีล็อคดาวน์,ยูนิต: ชื่อหน่วย/อาวุธ/อาคาร/สกิล,129402|2105800|2113602|2129402
129404,not on roads,ไม่ใช่บนถนน,ยูนิต: ชื่อหน่วย/อาวุธ/อาคาร/สกิล,129404|2129404
129451,Lower/Raise the Bulldozer,ลด/ยก Bulldozer,ยูนิต: ชื่อหน่วย/อาวุธ/อาคาร/สกิล,129451|2129451
129452,Left-click icon to Raise/Lower the Bulldozer.,คลิกซ้ายที่ไอคอนเพื่อยก/ลด Bulldozer,ยูนิต: ชื่อหน่วย/อาวุธ/อาคาร/สกิล,129452|2129452
129601,60mm Mortar,ครก 60 มม.,ยูนิต: ชื่อหน่วย/อาวุธ/อาคาร/สกิล,129601|2129601
129750,Focused Firing,เน้นการยิง,ยูนิต: ชื่อหน่วย/อาวุธ/อาคาร/สกิล,129750|2129750
130050,Plaster Civic Building,อาคารเทศบาลปูนปลาสเตอร์,ยูนิต: ชื่อหน่วย/อาวุธ/อาคาร/สกิล,130050|130100|130150
130900,Stone Church,โบสถ์หิน,ยูนิต: ชื่อหน่วย/อาวุธ/อาคาร/สกิล,130900
131000,Fortified Bunker,บังเกอร์เสริมกำลัง,ยูนิต: ชื่อหน่วย/อาวุธ/อาคาร/สกิล,131000|2131000
131050,Firestorm,พายุไฟ,ยูนิต: ชื่อหน่วย/อาวุธ/อาคาร/สกิล,131050|147851|149200|158800|2131050|2158800
131101,Detector unit. Captures Territory,หน่วยตรวจจับ ยึดดินแดน,ยูนิต: ชื่อหน่วย/อาวุธ/อาคาร/สกิล,131101|143102
131102,Kettenkrad,เกทเทนกราด,ยูนิต: ชื่อหน่วย/อาวุธ/อาคาร/สกิล,131102|131250|2131102|2131250
131151,Incendiary Grenades,ระเบิดเพลิง,ยูนิต: ชื่อหน่วย/อาวุธ/อาคาร/สกิล,131151|2131151
131200,Defensive Operations,ปฏิบัติการป้องกัน,ยูนิต: ชื่อหน่วย/อาวุธ/อาคาร/สกิล,131200|154951|2131200|2154951
131302,Plant Demolitions,การรื้อถอนโรงงาน,ยูนิต: ชื่อหน่วย/อาวุธ/อาคาร/สกิล,131302|1339132|2131302
131350,Medical Supplies,เวชภัณฑ์,ยูนิต: ชื่อหน่วย/อาวุธ/อาคาร/สกิล,131350|2131350
131352,Left-click icon to use the Medical Supplies.,คลิกซ้ายที่ไอคอนเพื่อใช้เวชภัณฑ์,ยูนิต: ชื่อหน่วย/อาวุธ/อาคาร/สกิล,131352|2131352
131400,Dirty Cheater!,สิบแปดมงกุฎสกปรก!,ยูนิต: ชื่อหน่วย/อาวุธ/อาคาร/สกิล,131400|2131400
131450,Henschel,เฮนเชล,ยูนิต: ชื่อหน่วย/อาวุธ/อาคาร/สกิล,131450|133750|2131450|2133750
131500,Gather resources faster,รวบรวมทรัพยากรได้เร็วขึ้น,ยูนิต: ชื่อหน่วย/อาวุธ/อาคาร/สกิล,131500|131700|2131500|2131700
131550,Commando Glider,คอมมานโดเครื่องร่อน,ยูนิต: ชื่อหน่วย/อาวุธ/อาคาร/สกิล,131550
131600,HQ Glider,กองบัญชาการไกลเดอร์,ยูนิต: ชื่อหน่วย/อาวุธ/อาคาร/สกิล,131600|2131600
131650,Tetrarch Glider,เททราร์ก ไกลเดอร์,ยูนิต: ชื่อหน่วย/อาวุธ/อาคาร/สกิล,131650|2131650
131750,Walking Barrage,ม่านการยิงปูพรมเคลื่อนที่,ยูนิต: ชื่อหน่วย/อาวุธ/อาคาร/สกิล,131750|2131750
131902,Only One King Tiger Available.,มีรถถังคิงไทเกอร์ ได้เพียง 1 คันเท่านั้น,ยูนิต: ชื่อหน่วย/อาวุธ/อาคาร/สกิล,131902|2131902
132052,Throw two Anti Tank Grenades,โยนระเบิดต่อต้านรถถังสองลูก,ยูนิต: ชื่อหน่วย/อาวุธ/อาคาร/สกิล,132052|2132052
132150,Left-click to toggle PIAT Ambush.,คลิกซ้ายเพื่อสลับ PIAT Ambush,ยูนิต: ชื่อหน่วย/อาวุธ/อาคาร/สกิล,132150|2132150
132151,must be in cover,จะต้องอยู่ในที่กำบัง,ยูนิต: ชื่อหน่วย/อาวุธ/อาคาร/สกิล,132151|2132151
132251,Minesweeper,เครื่องกวาดทุ่นระเบิด,ยูนิต: ชื่อหน่วย/อาวุธ/อาคาร/สกิล,132251|161900|2132251|2161900
132301,Equip this squad with a PIAT launcher.,เตรียมทีมนี้ด้วยเครื่องยิง PIAT,ยูนิต: ชื่อหน่วย/อาวุธ/อาคาร/สกิล,132301|2132301
132400,Wirblewind Flak Panzer,ไวร์เบิลวินด์ ฟลัค แพนเซอร์,ยูนิต: ชื่อหน่วย/อาวุธ/อาคาร/สกิล,132400|2119250|2132350|2132400
132450,Throw Sticky Bomb,โยนระเบิดเหนียวดักรถถัง,ยูนิต: ชื่อหน่วย/อาวุธ/อาคาร/สกิล,132450|132456|2132450
132500,Bren Light Machine Gun,ปืนกลเบรนไลท์,ยูนิต: ชื่อหน่วย/อาวุธ/อาคาร/สกิล,132500|146751|2132500|2146751
132550,3rd Battalion Cap Badge,ตราหมวกกองพันที่ 3,ยูนิต: ชื่อหน่วย/อาวุธ/อาคาร/สกิล,132550|2132550
132601,Distinguished Service Order,คำสั่งบริการที่โดดเด่น,ยูนิต: ชื่อหน่วย/อาวุธ/อาคาร/สกิล,132601|2132601
132650,Parachute Regiment Badge,ตราสัญลักษณ์กรมพลร่ม,ยูนิต: ชื่อหน่วย/อาวุธ/อาคาร/สกิล,132650|2132650
132701,Special Air Service Badge,ตราสัญลักษณ์บริการพิเศษทางอากาศ,ยูนิต: ชื่อหน่วย/อาวุธ/อาคาร/สกิล,132701|2132701
132750,Royal Engineers Badge,ตราทหารช่างสนามหลวง,ยูนิต: ชื่อหน่วย/อาวุธ/อาคาร/สกิล,132750|2132750
132801,Royal Artillery Badge,ตราปืนใหญ่หลวง,ยูนิต: ชื่อหน่วย/อาวุธ/อาคาร/สกิล,132801|2132801
132850,Awarded for silencing the Axis propaganda.,ได้รับรางวัลจากการปิดโฆษณาชวนเชื่อของฝ่ายอักษะ,ยูนิต: ชื่อหน่วย/อาวุธ/อาคาร/สกิล,132850|2132850
132851,Military Medal,เหรียญทหาร,ยูนิต: ชื่อหน่วย/อาวุธ/อาคาร/สกิล,132851|2132851
132900,Victoria Cross,วิกตอเรียครอส,ยูนิต: ชื่อหน่วย/อาวุธ/อาคาร/สกิล,132900|2132900
132901,Awarded for destroying the King Tiger tank.,ได้รับรางวัลจากการทำลายรถถัง King Tiger,ยูนิต: ชื่อหน่วย/อาวุธ/อาคาร/สกิล,132901|2132901
132950,Military Cross,ทหารผ่านศึก,ยูนิต: ชื่อหน่วย/อาวุธ/อาคาร/สกิล,132950|2132950
132951,Awarded for minimizing armored casualties.,ได้รับรางวัลจากการสูญเสียยานเกราะน้อยที่สุด,ยูนิต: ชื่อหน่วย/อาวุธ/อาคาร/สกิล,132951|2132951
133001,Allied War Machine,เครื่องจักรสงครามพันธมิตร,ยูนิต: ชื่อหน่วย/อาวุธ/อาคาร/สกิล,133001|154651|2136600|2136650|2154651
133002,Left-click icon to replace destroyed Tanks.,คลิกซ้ายที่ไอคอนเพื่อแทนที่รถถังที่ถูกทำลาย,ยูนิต: ชื่อหน่วย/อาวุธ/อาคาร/สกิล,133002|2136602
133100,Anti-Aircraft Badge,ป้ายต่อต้านอากาศยาน,ยูนิต: ชื่อหน่วย/อาวุธ/อาคาร/สกิล,133100|2133100
133101,Awarded for destroying all the British Jeeps.,ได้รับรางวัลจากการทำลายรถจี๊ปของอังกฤษทั้งหมด,ยูนิต: ชื่อหน่วย/อาวุธ/อาคาร/สกิล,133101|2133101
133150,Sniper's Badge,ตราของสไนเปอร์,ยูนิต: ชื่อหน่วย/อาวุธ/อาคาร/สกิล,133150|2133150
133200,Luftwaffe Ground Assault Badge,ตราสัญลักษณ์โจมตีภาคพื้นดินของกองทัพบก,ยูนิต: ชื่อหน่วย/อาวุธ/อาคาร/สกิล,133200|149550|2133200
133250,Infantry Assault Badge,ป้ายจู่โจมทหารราบ,ยูนิต: ชื่อหน่วย/อาวุธ/อาคาร/สกิล,133250|2133250
133300,General Assault Badge,ตราจู่โจมทั่วไป,ยูนิต: ชื่อหน่วย/อาวุธ/อาคาร/สกิล,133300|149500|2133300
133350,Close Combat Clasp,ปิดการต่อสู้ Clasp,ยูนิต: ชื่อหน่วย/อาวุธ/อาคาร/สกิล,133350|2133350
133400,Tank Combat Badge,ตราสัญลักษณ์การต่อสู้รถถัง,ยูนิต: ชื่อหน่วย/อาวุธ/อาคาร/สกิล,133400|2133400
133451,Army Artillery Badge,ตราทหารปืนใหญ่,ยูนิต: ชื่อหน่วย/อาวุธ/อาคาร/สกิล,133451|149450|2133451
133501,Iron Cross,กางเขนเหล็ก,ยูนิต: ชื่อหน่วย/อาวุธ/อาคาร/สกิล,133501|149600|2133501
133550,France and Germany Star,สตาร์ฝรั่งเศสและเยอรมนี,ยูนิต: ชื่อหน่วย/อาวุธ/อาคาร/สกิล,133550|2133550
133650,Bergetiger,เบอร์เกไทเกอร์,ยูนิต: ชื่อหน่วย/อาวุธ/อาคาร/สกิล,133650|2133650
133701,M18 Recoilless Rifle,ปืนไรเฟิลไร้แรงสะท้อน M18,ยูนิต: ชื่อหน่วย/อาวุธ/อาคาร/สกิล,133701|2133701
133800,Camouflage Ability Obtained,ได้รับความสามารถพรางตัวแล้ว,ยูนิต: ชื่อหน่วย/อาวุธ/อาคาร/สกิล,133800|2133800
133801,Mark Target Ability Obtained,ทำเครื่องหมายความสามารถของเป้าหมายที่ได้รับ,ยูนิต: ชื่อหน่วย/อาวุธ/อาคาร/สกิล,133801
133850,Booby Trap Ability Obtained,ได้รับความสามารถกับดัก Booby,ยูนิต: ชื่อหน่วย/อาวุธ/อาคาร/สกิล,133850|2133850
133851,Trap Ability Obtained,ได้รับความสามารถกับดักแล้ว,ยูนิต: ชื่อหน่วย/อาวุธ/อาคาร/สกิล,133851
133900,Repair Ability Obtained,ความสามารถในการซ่อมแซมที่ได้รับ,ยูนิต: ชื่อหน่วย/อาวุธ/อาคาร/สกิล,133900|2133900
133901,Mine Drop Ability Obtained,ได้รับความสามารถในการวางทุ่นระเบิด,ยูนิต: ชื่อหน่วย/อาวุธ/อาคาร/สกิล,133901
133952,Strafing Run,วิ่งกราดยิง,ยูนิต: ชื่อหน่วย/อาวุธ/อาคาร/สกิล,133952|134002|155351|2134002|2155351|2256152|2256603
134051,Air Reconnaissance,ลาดตระเวนทางอากาศ,ยูนิต: ชื่อหน่วย/อาวุธ/อาคาร/สกิล,134051|134151|2100200|2134151|2136251|2136300
134101,V1 Rocket,จรวดV1,ยูนิต: ชื่อหน่วย/อาวุธ/อาคาร/สกิล,134101|134952|2094002|2134101|2134952
134350,Pantherturm,แพนเธอร์,ยูนิต: ชื่อหน่วย/อาวุธ/อาคาร/สกิล,134350|2134350
134450,Wrecked Pantherturm,Pantherturm ที่พังยับเยิน,ยูนิต: ชื่อหน่วย/อาวุธ/อาคาร/สกิล,134450|2134450
134500,Mortar Bunker,บังเกอร์ครก,ยูนิต: ชื่อหน่วย/อาวุธ/อาคาร/สกิล,134500|134550|2134500|2134550|9394612|9399613
134600,Dragon's Teeth,ฟันมังกร,ยูนิต: ชื่อหน่วย/อาวุธ/อาคาร/สกิล,134600|134650|2134600|2134650
134801,Canadian Infantry,ทหารราบแคนาดา,ยูนิต: ชื่อหน่วย/อาวุธ/อาคาร/สกิล,134801|2134801
135300,Recover Wreck,กู้คืนซาก,ยูนิต: ชื่อหน่วย/อาวุธ/อาคาร/สกิล,135300|2135300
135550,The King Tiger can call smoke cover.,รถถังคิงไทเกอร์เรียกกำบังควันได้,ยูนิต: ชื่อหน่วย/อาวุธ/อาคาร/สกิล,135550|135800|2135550|2135800
135600,Barge,เรือ,ยูนิต: ชื่อหน่วย/อาวุธ/อาคาร/สกิล,135600|135601|135650|2135600|2135601|2135650
135850,%1Player% is now AI-controlled,%1Player% ตอนนี้ควบคุมโดย AI แล้ว,ยูนิต: ชื่อหน่วย/อาวุธ/อาคาร/สกิล,135850|2135850
135851,AI has taken over for %1Player%,AI เข้ามาแทนที่ %1Player%,ยูนิต: ชื่อหน่วย/อาวุธ/อาคาร/สกิล,135851|2135851
135852,Booby Trap Triggered,กับดัก Booby ถูกกระตุ้น,ยูนิต: ชื่อหน่วย/อาวุธ/อาคาร/สกิล,135852|2135852
135900,A booby trap has been triggered!,กับดักได้ถูกจุดชนวนแล้ว!,ยูนิต: ชื่อหน่วย/อาวุธ/อาคาร/สกิล,135900|135901|2135900|2135901
135950,Become Mobile,กลายเป็นมือถือ,ยูนิต: ชื่อหน่วย/อาวุธ/อาคาร/สกิล,135950|2135950
136051,Activate Panther Battlegroup,เปิดใช้งาน Panther Battlegroup,ยูนิต: ชื่อหน่วย/อาวุธ/อาคาร/สกิล,136051|2136051
136150,Gun Damaged,ปืนเสียหาย,ยูนิต: ชื่อหน่วย/อาวุธ/อาคาร/สกิล,136150|2136150
136250,Field Medical Kit,ชุดแพทย์ภาคสนาม,ยูนิต: ชื่อหน่วย/อาวุธ/อาคาร/สกิล,136250
136300,Battlefield Repair,การซ่อมแซมสนามรบ,ยูนิต: ชื่อหน่วย/อาวุธ/อาคาร/สกิล,136300
136350,Normandy Building,อาคารนอร์มังดี,ยูนิต: ชื่อหน่วย/อาวุธ/อาคาร/สกิล,136350
136500,-50 Fuel,-50 เชื้อเพลิง,ยูนิต: ชื่อหน่วย/อาวุธ/อาคาร/สกิล,136500|136850
136501,-200 Manpower,-200 กำลังพล,ยูนิต: ชื่อหน่วย/อาวุธ/อาคาร/สกิล,136501|136851
136502,Eselschreck,เอเซลชเรค,ยูนิต: ชื่อหน่วย/อาวุธ/อาคาร/สกิล,136502|137051
136701,Munitions Halftrack Mine Drop,การวางทุ่นระเบิดของรถสายพานลำเลียงกระสุน,ยูนิต: ชื่อหน่วย/อาวุธ/อาคาร/สกิล,136701
136750,Goliath Drop,โกลิอัทดร็อป,ยูนิต: ชื่อหน่วย/อาวุธ/อาคาร/สกิล,136750
136900,Donkey Sprint,ดองกี้สปรินท์,ยูนิต: ชื่อหน่วย/อาวุธ/อาคาร/สกิล,136900
137050,Extremely Dangerous,อันตรายอย่างยิ่ง,ยูนิต: ชื่อหน่วย/อาวุธ/อาคาร/สกิล,137050
137151,Supply Drop,อุปทานลดลง,ยูนิต: ชื่อหน่วย/อาวุธ/อาคาร/สกิล,137151|2137151
137202,Supply and Weapon Drop,การส่งเสบียงและอาวุธทางอากาศ,ยูนิต: ชื่อหน่วย/อาวุธ/อาคาร/สกิล,137202|166351|2137202|2166351
137300,Donkey Rocket Barrage,ลาร็อคเก็ตบาร์เรจ,ยูนิต: ชื่อหน่วย/อาวุธ/อาคาร/สกิล,137300
137400,Donkey Mines,ทุ่นระเบิด Donkey,ยูนิต: ชื่อหน่วย/อาวุธ/อาคาร/สกิล,137400
137700,Full Auto,อัตโนมัติเต็มรูปแบบ,ยูนิต: ชื่อหน่วย/อาวุธ/อาคาร/สกิล,137700
137750,Place Demolition Charge,วางดินระเบิดรื้อถอน,ยูนิต: ชื่อหน่วย/อาวุธ/อาคาร/สกิล,137750
137851,Propaganda War,สงครามโฆษณาชวนเชื่อ,ยูนิต: ชื่อหน่วย/อาวุธ/อาคาร/สกิล,137851|146851|156250|158700|2136402|2152401|2156250
137900,$137900 No Key,$137900 No Key,ยูนิต: ชื่อหน่วย/อาวุธ/อาคาร/สกิล,137900
137901,+5,+5,ยูนิต: ชื่อหน่วย/อาวุธ/อาคาร/สกิล,137901
137951,Field Dressing,การแต่งกายภาคสนาม,ยูนิต: ชื่อหน่วย/อาวุธ/อาคาร/สกิล,137951
137952,Left-click icon to use the Field Dressing.,คลิกซ้ายที่ไอคอนเพื่อใช้ Field Dressing,ยูนิต: ชื่อหน่วย/อาวุธ/อาคาร/สกิล,137952
137953,Not Hiding,ไม่ซ่อนเร้น,ยูนิต: ชื่อหน่วย/อาวุธ/อาคาร/สกิล,137953|139602|141653|142851|145801|148454|148455|148801|150252|151000|151050|151150
138001,Frankfurt 42 Mine Detector,เครื่องตรวจจับทุ่นระเบิดแฟรงค์เฟิร์ต 42,ยูนิต: ชื่อหน่วย/อาวุธ/อาคาร/สกิล,138001|2138001
138050,Critical Hit: Vehicle Buttoned,การโจมตีแบบคริติคอล: ยานพาหนะติดกระดุม,ยูนิต: ชื่อหน่วย/อาวุธ/อาคาร/สกิล,138050
138100,Deflection,การโก่งตัว,ยูนิต: ชื่อหน่วย/อาวุธ/อาคาร/สกิล,138100
138150,Revert back to regular tank gun rounds.,เปลี่ยนกลับไปใช้กระสุนปืนรถถังปกติ,ยูนิต: ชื่อหน่วย/อาวุธ/อาคาร/สกิล,138150
138250,Minor Engine Damage,ความเสียหายของเครื่องยนต์เล็กน้อย,ยูนิต: ชื่อหน่วย/อาวุธ/อาคาร/สกิล,138250
138300,Out of Control,อยู่นอกการควบคุม,ยูนิต: ชื่อหน่วย/อาวุธ/อาคาร/สกิล,138300|138400|2138400
138350,Out of control,อยู่นอกการควบคุม,ยูนิต: ชื่อหน่วย/อาวุธ/อาคาร/สกิล,138350|2138350
138450,Major Mobility Damage,ความเสียหายจากการเคลื่อนที่ครั้งใหญ่,ยูนิต: ชื่อหน่วย/อาวุธ/อาคาร/สกิล,138450
138500,Damaged Engine,เครื่องยนต์เสียหาย,ยูนิต: ชื่อหน่วย/อาวุธ/อาคาร/สกิล,138500|153900|2138500|2153900
138550,Destroyed Engine,เครื่องยนต์พัง,ยูนิต: ชื่อหน่วย/อาวุธ/อาคาร/สกิล,138550|153850|2138550|2153850
138600,Main Weapon Destroyed,อาวุธหลักถูกทำลาย,ยูนิต: ชื่อหน่วย/อาวุธ/อาคาร/สกิล,138600
138650,Main Weapon Damaged,อาวุธหลักได้รับความเสียหาย,ยูนิต: ชื่อหน่วย/อาวุธ/อาคาร/สกิล,138650
138700,Secondary Weapon Disabled,ปิดการใช้งานอาวุธรอง,ยูนิต: ชื่อหน่วย/อาวุธ/อาคาร/สกิล,138700
138750,Weapon temporarily Disabled,อาวุธถูกปิดการใช้งานชั่วคราว,ยูนิต: ชื่อหน่วย/อาวุธ/อาคาร/สกิล,138750
138800,Main Gun Destroyed,ปืนหลักถูกทำลาย,ยูนิต: ชื่อหน่วย/อาวุธ/อาคาร/สกิล,138800|2138800
138850,Stunned,ตะลึง,ยูนิต: ชื่อหน่วย/อาวุธ/อาคาร/สกิล,138850|150450|165000|2096900|2138850|2165000
138900,Stunned Cannot Shoot,ฉิบหาย!้ง ยิงไม่ได้,ยูนิต: ชื่อหน่วย/อาวุธ/อาคาร/สกิล,138900
138950,Stunned cannot shoot for 5 seconds,มึนงงไม่สามารถยิงได้เป็นเวลา 5 วินาที,ยูนิต: ชื่อหน่วย/อาวุธ/อาคาร/สกิล,138950
139002,Not under repair,ไม่อยู่ระหว่างการซ่อมแซม,ยูนิต: ชื่อหน่วย/อาวุธ/อาคาร/สกิล,139002|2115750
139050,Gunner 1,มือปืน 1,ยูนิต: ชื่อหน่วย/อาวุธ/อาคาร/สกิล,139050|139051
139101,Sureshot,ชัวร์ช็อต,ยูนิต: ชื่อหน่วย/อาวุธ/อาคาร/สกิล,139101
139200,Loader 1,ตัวโหลด 1,ยูนิต: ชื่อหน่วย/อาวุธ/อาคาร/สกิล,139200|139201
139250,Armor-Piercing (AP) Round,รอบเจาะเกราะ,ยูนิต: ชื่อหน่วย/อาวุธ/อาคาร/สกิล,139250|139400|140301|142650
139301,Fire two Armor-Piercing (AP) Rounds,ยิงกระสุนเจาะเกราะ สองนัด,ยูนิต: ชื่อหน่วย/อาวุธ/อาคาร/สกิล,139301
139351,Load Two High-Explosive (HE) Rounds,บรรจุกระสุนระเบิดแรงสูง สองนัด,ยูนิต: ชื่อหน่วย/อาวุธ/อาคาร/สกิล,139351
139450,Round Up!,ปัดขึ้น!,ยูนิต: ชื่อหน่วย/อาวุธ/อาคาร/สกิล,139450|143500|143551
139501,Paratrooper Leg Bag,กระเป๋าใส่ขาพลร่ม,ยูนิต: ชื่อหน่วย/อาวุธ/อาคาร/สกิล,139501|2139501
139551,All assault abilities exhausted.,ความสามารถในการโจมตีทั้งหมดหมดลง,ยูนิต: ชื่อหน่วย/อาวุธ/อาคาร/สกิล,139551
139601,A member of the squad will fire Panzerfaust.,สมาชิกในทีมจะยิง Panzerfaust,ยูนิต: ชื่อหน่วย/อาวุธ/อาคาร/สกิล,139601
139651,Increase line of Sight,เพิ่มเส้นสายตา,ยูนิต: ชื่อหน่วย/อาวุธ/อาคาร/สกิล,139651|143351
139700,Hide,ซ่อน,ยูนิต: ชื่อหน่วย/อาวุธ/อาคาร/สกิล,139700
139702,Hide to Avoid Drawing Enemy Fire,ซ่อนตัวเพื่อหลีกเลี่ยงการตกเป็นเป้าการยิงของศัตรู,ยูนิต: ชื่อหน่วย/อาวุธ/อาคาร/สกิล,139702
139703,Revealed!!,เผยแล้ว!!,ยูนิต: ชื่อหน่วย/อาวุธ/อาคาร/สกิล,139703
139704,Not Sprinting,ไม่ใช่การวิ่ง,ยูนิต: ชื่อหน่วย/อาวุธ/อาคาร/สกิล,139704
139750,6 Pounder AT Gun,6 ปอนด์เอทีปืน,ยูนิต: ชื่อหน่วย/อาวุธ/อาคาร/สกิล,139750|140501
139800,Artillery Barrage,กองปืนใหญ่,ยูนิต: ชื่อหน่วย/อาวุธ/อาคาร/สกิล,139800|140851
139900,Divert Engine Power,เปลี่ยนกำลังเครื่องยนต์,ยูนิต: ชื่อหน่วย/อาวุธ/อาคาร/สกิล,139900
139950,Double Tap,แตะสองครั้ง,ยูนิต: ชื่อหน่วย/อาวุธ/อาคาร/สกิล,139950
139951,Gunner can fire two rapid shots.,กันเนอร์สามารถยิงปืนเร็วได้ 2 นัด,ยูนิต: ชื่อหน่วย/อาวุธ/อาคาร/สกิล,139951
140001,Mines,ทุ่นระเบิด,ยูนิต: ชื่อหน่วย/อาวุธ/อาคาร/สกิล,140001|2140001
140051,Barbed Wire Cutters,เครื่องตัดลวดหนาม,ยูนิต: ชื่อหน่วย/อาวุธ/อาคาร/สกิล,140051|2140051
140052,Left-click icon to select Enemy Barb Wire.,คลิกซ้ายที่ไอคอนเพื่อเลือก Enemy Barb Wire,ยูนิต: ชื่อหน่วย/อาวุธ/อาคาร/สกิล,140052|2140052
140150,Rapid Fire 2,ยิงเร็ว2,ยูนิต: ชื่อหน่วย/อาวุธ/อาคาร/สกิล,140150
140200,Man hull-mounted Machine Gun.,ปืนกลติดตัวถังคน,ยูนิต: ชื่อหน่วย/อาวุธ/อาคาร/สกิล,140200
140250,Dead Shot,ยิงตาย,ยูนิต: ชื่อหน่วย/อาวุธ/อาคาร/สกิล,140250
140300,Panzergranate 39 Armor Peircing (A.P.) Round,Panzergranate 39 Armor Peircing รอบ,ยูนิต: ชื่อหน่วย/อาวุธ/อาคาร/สกิล,140300
140351,High-Explosive (HE) Round,รอบระเบิดแรงสูง,ยูนิต: ชื่อหน่วย/อาวุธ/อาคาร/สกิล,140351
140400,Self Defense Weapon,อาวุธป้องกันตนเอง,ยูนิต: ชื่อหน่วย/อาวุธ/อาคาร/สกิล,140400
140401,S-Mine Launcher,เครื่องยิงทุ่นระเบิด S-Mine,ยูนิต: ชื่อหน่วย/อาวุธ/อาคาร/สกิล,140401
140403,Left-click icon to fire the S-Mines.,คลิกซ้ายที่ไอคอนเพื่อยิงทุ่นระเบิด S-Mine,ยูนิต: ชื่อหน่วย/อาวุธ/อาคาร/สกิล,140403
140450,Artilleriefeuer,ปืนใหญ่,ยูนิต: ชื่อหน่วย/อาวุธ/อาคาร/สกิล,140450
140550,Tiger Tank Upgrades,การอัปเกรดรถถังไทเกอร์,ยูนิต: ชื่อหน่วย/อาวุธ/อาคาร/สกิล,140550
140601,S-mine Launcher,เครื่องยิงทุ่นระเบิด S-mine,ยูนิต: ชื่อหน่วย/อาวุธ/อาคาร/สกิล,140601
140651,High Explosive Rounds,รอบระเบิดสูง,ยูนิต: ชื่อหน่วย/อาวุธ/อาคาร/สกิล,140651
140751,Improved Rapid Fire,ปรับปรุงการยิงอย่างรวดเร็ว,ยูนิต: ชื่อหน่วย/อาวุธ/อาคาร/สกิล,140751
140801,Hull-MG,ฮัลล์-MG,ยูนิต: ชื่อหน่วย/อาวุธ/อาคาร/สกิล,140801
141003,Turret Overdrive,ป้อมปืนโอเวอร์ไดรฟ์,ยูนิต: ชื่อหน่วย/อาวุธ/อาคาร/สกิล,141003
141051,Marksman,นักแม่นปืน,ยูนิต: ชื่อหน่วย/อาวุธ/อาคาร/สกิล,141051
141101,Improved Marksmanship,ปรับปรุงนักแม่นปืน,ยูนิต: ชื่อหน่วย/อาวุธ/อาคาร/สกิล,141101
141151,Overkill,พลังทำลายล้างมหาศาล,ยูนิต: ชื่อหน่วย/อาวุธ/อาคาร/สกิล,141151
141201,Smoke Screen,สกรีนควัน,ยูนิต: ชื่อหน่วย/อาวุธ/อาคาร/สกิล,141201|142600
141250,Staghound Armoured Car,รถหุ้มเกราะสตากฮาวด์,ยูนิต: ชื่อหน่วย/อาวุธ/อาคาร/สกิล,141250|141351|143650
141300,T17 Armored Car,รถหุ้มเกราะ T17,ยูนิต: ชื่อหน่วย/อาวุธ/อาคาร/สกิล,141300|141402|143600
141450,Tiger Tank,รถถังไทเกอร์,ยูนิต: ชื่อหน่วย/อาวุธ/อาคาร/สกิล,141450
141501,Tiger Crew,พลประจำรถถังไทเกอร์,ยูนิต: ชื่อหน่วย/อาวุธ/อาคาร/สกิล,141501|141551
141652,Left-click icon to activate Sprint.,คลิกซ้ายที่ไอคอนเพื่อเปิดใช้งาน Sprint,ยูนิต: ชื่อหน่วย/อาวุธ/อาคาร/สกิล,141652|2259250|2259300|2259350
141654,Left-click icon to Sprint Squad.,คลิกซ้ายที่ไอคอนเพื่อ Sprint Squad,ยูนิต: ชื่อหน่วย/อาวุธ/อาคาร/สกิล,141654
141700,Accelerate Tiger to maximum speed,เร่งความเร็วไทเกอร์เต็มพิกัด,ยูนิต: ชื่อหน่วย/อาวุธ/อาคาร/สกิล,141700
141750,Mark Artillery Reference,อ้างอิงการอ้างอิงปืนใหญ่,ยูนิต: ชื่อหน่วย/อาวุธ/อาคาร/สกิล,141750|141752
141850,Tank Destruction Badge,ตราทำลายรถถัง,ยูนิต: ชื่อหน่วย/อาวุธ/อาคาร/สกิล,141850
141901,Wounded Badge,ตราผู้ได้รับบาดเจ็บ,ยูนิต: ชื่อหน่วย/อาวุธ/อาคาร/สกิล,141901
141953,War Merit Cross 1st Class,กางเขนบุญสงคราม ชั้นที่ 1,ยูนิต: ชื่อหน่วย/อาวุธ/อาคาร/สกิล,141953
142001,Knight's Cross with Oak Leaves,ไม้กางเขนอัศวินพร้อมใบโอ๊ก,ยูนิต: ชื่อหน่วย/อาวุธ/อาคาร/สกิล,142001
142050,Tiger Ace Crew B,ไทเกอร์ เอซ ครูว์ บี,ยูนิต: ชื่อหน่วย/อาวุธ/อาคาร/สกิล,142050
142100,Tiger Ace Crew A,ไทเกอร์ เอซ ครูว์ เอ,ยูนิต: ชื่อหน่วย/อาวุธ/อาคาร/สกิล,142100
142150,Drop Weapon,วางอาวุธ,ยูนิต: ชื่อหน่วย/อาวุธ/อาคาร/สกิล,142150
142152,Left-click to Drop Weapon,คลิกซ้ายเพื่อวางอาวุธ,ยูนิต: ชื่อหน่วย/อาวุธ/อาคาร/สกิล,142152
142153,Left-click to drop any found weapons,คลิกซ้ายเพื่อทิ้งอาวุธที่พบ,ยูนิต: ชื่อหน่วย/อาวุธ/อาคาร/สกิล,142153
142154,Picked-up Weapon,อาวุธที่หยิบขึ้นมา,ยูนิต: ชื่อหน่วย/อาวุธ/อาคาร/สกิล,142154
142200,Berndt,แบร์นดท์,ยูนิต: ชื่อหน่วย/อาวุธ/อาคาร/สกิล,142200|142500
142250,Litzke,ลิทซ์เค,ยูนิต: ชื่อหน่วย/อาวุธ/อาคาร/สกิล,142250|142550
142300,Schroif,ชรอฟ,ยูนิต: ชื่อหน่วย/อาวุธ/อาคาร/สกิล,142300
142350,Shultz,ชูลทซ์,ยูนิต: ชื่อหน่วย/อาวุธ/อาคาร/สกิล,142350
142400,Voss,วอสส์,ยูนิต: ชื่อหน่วย/อาวุธ/อาคาร/สกิล,142400|142700
142450,Using the medical kit will heal the squad.,การใช้ชุดแพทย์จะรักษาทีมได้,ยูนิต: ชื่อหน่วย/อาวุธ/อาคาร/สกิล,142450
142751,Blitzkrieg,สายฟ้าแลบ,ยูนิต: ชื่อหน่วย/อาวุธ/อาคาร/สกิล,142751|2107350|2142751|2260165
142752,BLITZKRIEG!!!,สายฟ้าแลบ!!!,ยูนิต: ชื่อหน่วย/อาวุธ/อาคาร/สกิล,142752|2142752
142754,Left-click icon to use Blitzkrieg Tactics,คลิกซ้ายที่ไอคอนเพื่อใช้ Blitzkrieg Tactics,ยูนิต: ชื่อหน่วย/อาวุธ/อาคาร/สกิล,142754|2142754
142800,Salvage Wrecks,การกอบกู้ซากเรือ,ยูนิต: ชื่อหน่วย/อาวุธ/อาคาร/สกิล,142800|2142800
142801,Salvage Munitions from Wrecked Vehicles.,อาวุธยุทโธปกรณ์จากยานพาหนะที่อับปาง,ยูนิต: ชื่อหน่วย/อาวุธ/อาคาร/สกิล,142801|2142801
142852,Satchel Charges,ดินระเบิดกระเป๋า,ยูนิต: ชื่อหน่วย/อาวุธ/อาคาร/สกิล,142852|153701|2153701
142900,2 Satchel Charges,ค่าบริการ Satchel 2 ใบ,ยูนิต: ชื่อหน่วย/อาวุธ/อาคาร/สกิล,142900|142901
142950,3 Satchel Charges,ค่าบริการ Satchel 3 ใบ,ยูนิต: ชื่อหน่วย/อาวุธ/อาคาร/สกิล,142950|142951
143000,No Satchel Charges,ไม่มีดินระเบิดกระเป๋า,ยูนิต: ชื่อหน่วย/อาวุธ/อาคาร/สกิล,143000
143050,Schwimmwagen,ชวิมวาเกน,ยูนิต: ชื่อหน่วย/อาวุธ/อาคาร/สกิล,143050|143900
143101,Schwimmwagen Type 128,ชวิมวาเก้น ไทป์ 128,ยูนิต: ชื่อหน่วย/อาวุธ/อาคาร/สกิล,143101|143200|143802|151200|151300
143150,Schwimmwagen Type 166,ชวิมวาเกน ไทป์ 166,ยูนิต: ชื่อหน่วย/อาวุธ/อาคาร/สกิล,143150|143750|148201
143250,Test 2,ทดสอบ 2,ยูนิต: ชื่อหน่วย/อาวุธ/อาคาร/สกิล,143250
143251,Satchel Charges 2,ค่ากระเป๋า 2,ยูนิต: ชื่อหน่วย/อาวุธ/อาคาร/สกิล,143251
143301,Tiger Crew Repair,พลประจำรถถังไทเกอร์ซ่อมบำรุง,ยูนิต: ชื่อหน่วย/อาวุธ/อาคาร/สกิล,143301
143401,Close Turret Hatch,ปิดป้อมป้อม,ยูนิต: ชื่อหน่วย/อาวุธ/อาคาร/สกิล,143401
143550,$143550 No Key,$143550 No Key,ยูนิต: ชื่อหน่วย/อาวุธ/อาคาร/สกิล,143550
143602,Replaces the American's M8 Armored Car.,มาแทนที่รถหุ้มเกราะ M8 ของอเมริกา,ยูนิต: ชื่อหน่วย/อาวุธ/อาคาร/สกิล,143602
143652,Replaces the British's Cromwell Command Tank.,แทนที่รถถัง Cromwell Command ของอังกฤษ,ยูนิต: ชื่อหน่วย/อาวุธ/อาคาร/สกิล,143652
143702,"Tiger Tank ""205""","รถถังไทเกอร์ ""205""",ยูนิต: ชื่อหน่วย/อาวุธ/อาคาร/สกิล,143702
143752,Replaces the Wehrmacht's Motorcycle.,มาแทนที่รถจักรยานยนต์ของ แวร์มัคท์,ยูนิต: ชื่อหน่วย/อาวุธ/อาคาร/สกิล,143752
143800,Replaces the Panzer Elite's Kettenkrad.,แทนที่ Kettenkrad ของยานเกราะชั้นยอด,ยูนิต: ชื่อหน่วย/อาวุธ/อาคาร/สกิล,143800
143850,Engine Stalled,เครื่องยนต์จนตรอก,ยูนิต: ชื่อหน่วย/อาวุธ/อาคาร/สกิล,143850|6019514
143950,505th Able Squad,หน่วยที่ 505 เอเบิล,ยูนิต: ชื่อหน่วย/อาวุธ/อาคาร/สกิล,143950|144150
143951,"Led by Sgt. Wilson, elite heavy weapons squad",นำโดยจ่าวิลสัน หน่วยอาวุธหนักชั้นยอด,ยูนิต: ชื่อหน่วย/อาวุธ/อาคาร/สกิล,143951|148251
143952,Able Squad,กองได้,ยูนิต: ชื่อหน่วย/อาวุธ/อาคาร/สกิล,143952|148250
144000,Force Retreat,บังคับถอย,ยูนิต: ชื่อหน่วย/อาวุธ/อาคาร/สกิล,144000|2144000
144050,Sandbags,กระสอบทราย,ยูนิต: ชื่อหน่วย/อาวุธ/อาคาร/สกิล,144050
144101,Short Mortar Barrage,การระดมยิงครกระยะสั้น,ยูนิต: ชื่อหน่วย/อาวุธ/อาคาร/สกิล,144101
144200,MP44 Assault Rifle,ปืนไรเฟิลจู่โจม MP44,ยูนิต: ชื่อหน่วย/อาวุธ/อาคาร/สกิล,144200|2144200
144250,505th Baker Squad,505th ทีมเบเกอร์,ยูนิต: ชื่อหน่วย/อาวุธ/อาคาร/สกิล,144250
144252,Place Demolition Charges,วางดินระเบิดรื้อถอน,ยูนิต: ชื่อหน่วย/อาวุธ/อาคาร/สกิล,144252|163400|2163400
144253,"Led by Sgt. Craft, elite suppression squad",นำโดย จ่าคราฟต์ หน่วยยิงกดดันตรึงพื้นที่ชั้นยอด,ยูนิต: ชื่อหน่วย/อาวุธ/อาคาร/สกิล,144253|148301|148350
144254,Baker Squad,ทีมเบเกอร์,ยูนิต: ชื่อหน่วย/อาวุธ/อาคาร/สกิล,144254|148351
144300,Saturate area with 60mm Mortar rounds.,ระดมยิงพื้นที่ด้วยกระสุนครก 60 มม.,ยูนิต: ชื่อหน่วย/อาวุธ/อาคาร/สกิล,144300|2144300
144301,60mm Mortar Bombardment,การระดมยิงด้วยครก 60 มม.,ยูนิต: ชื่อหน่วย/อาวุธ/อาคาร/สกิล,144301|2144301
144351,Load High Explosive Rounds,โหลดกระสุนระเบิดแรงสูง,ยูนิต: ชื่อหน่วย/อาวุธ/อาคาร/สกิล,144351
144401,Howitzer Shoot,ยิงปืนใหญ่วิถีโค้ง,ยูนิต: ชื่อหน่วย/อาวุธ/อาคาร/สกิล,144401|2144401
144450,Boys AT Rifle,ทหาร AT ไรเฟิล,ยูนิต: ชื่อหน่วย/อาวุธ/อาคาร/สกิล,144450
144500,Load Armor-Piercing Rounds,โหลดกระสุนเจาะเกราะ,ยูนิต: ชื่อหน่วย/อาวุธ/อาคาร/สกิล,144500
144550,$144550 No Key,$144550 No Key,ยูนิต: ชื่อหน่วย/อาวุธ/อาคาร/สกิล,144550
144551,$144551 No Key,$144551 No Key,ยูนิต: ชื่อหน่วย/อาวุธ/อาคาร/สกิล,144551
144600,$144600 No Key,$144600 No Key,ยูนิต: ชื่อหน่วย/อาวุธ/อาคาร/สกิล,144600
144601,$144601 No Key,$144601 No Key,ยูนิต: ชื่อหน่วย/อาวุธ/อาคาร/สกิล,144601
144650,Plant Demolition Charge,ค่ารื้อถอนโรงงาน,ยูนิต: ชื่อหน่วย/อาวุธ/อาคาร/สกิล,144650
144750,Saturate an area with Calliope Rockets,ทำให้พื้นที่ชุ่มฉ่ำด้วย Calliope Rockets,ยูนิต: ชื่อหน่วย/อาวุธ/อาคาร/สกิล,144750
144751,Calliope Saturation Fire,การระดมยิงปูพรมของคัลลิโอพี,ยูนิต: ชื่อหน่วย/อาวุธ/อาคาร/สกิล,144751
144800,M18 Hellcat,เอ็ม18 เฮลแคท,ยูนิต: ชื่อหน่วย/อาวุธ/อาคาร/สกิล,144800|144850|145500|2095600|2095900|2102750
144900,Fire Recoilless Rifle,ปืนไรเฟิลไร้แรงสะท้อน,ยูนิต: ชื่อหน่วย/อาวุธ/อาคาร/สกิล,144900
144951,Reinforce Luftwaffe,เสริมกำลังกองทัพ,ยูนิต: ชื่อหน่วย/อาวุธ/อาคาร/สกิล,144951
145000,"Constructs light defenses, and the Flak 88.",สร้างการป้องกันแสงและ Flak 88,ยูนิต: ชื่อหน่วย/อาวุธ/อาคาร/สกิล,145000
145050,Kangaroo Carrier,ผู้ให้บริการจิงโจ้,ยูนิต: ชื่อหน่วย/อาวุธ/อาคาร/สกิล,145050|145051|145100|145152|2115350
145150,Replaces the British's Cromwell Tank.,เข้ามาแทนที่รถถัง Cromwell ของอังกฤษ,ยูนิต: ชื่อหน่วย/อาวุธ/อาคาร/สกิล,145150
145201,Observed Fire,การยิงชี้เป้าหมาย,ยูนิต: ชื่อหน่วย/อาวุธ/อาคาร/สกิล,145201|2145201
145250,Call in a 280mm Rocket Barrage.,เรียก Rocket ยิงปูพรม 280 มม.,ยูนิต: ชื่อหน่วย/อาวุธ/อาคาร/สกิล,145250|2145250
145251,280mm Rocket Barrage,จรวดโจมตีขนาด 280 มม,ยูนิต: ชื่อหน่วย/อาวุธ/อาคาร/สกิล,145251|2145251
145300,Hotchkiss Light Tank,รถถังเบา Hotchkiss,ยูนิต: ชื่อหน่วย/อาวุธ/อาคาร/สกิล,145300|145400
145350,Hotchkiss,ฮอตช์คิส,ยูนิต: ชื่อหน่วย/อาวุธ/อาคาร/สกิล,145350|148952|2102650
145403,Replaces the Panzer IV Infantry Support Tank.,แทนที่รถถังสนับสนุนทหารราบ Panzer IV,ยูนิต: ชื่อหน่วย/อาวุธ/อาคาร/สกิล,145403
145502,Replaces the American's M10 Tank Destroyer.,แทนที่รถถังพิฆาต M10 ของอเมริกา,ยูนิต: ชื่อหน่วย/อาวุธ/อาคาร/สกิล,145502
145551,Left-click to toggle Ambush Lock-Down,คลิกซ้ายเพื่อสลับ Ambush Lock-Down,ยูนิต: ชื่อหน่วย/อาวุธ/อาคาร/สกิล,145551
145600,Geschutzwagen,เกสชุตสวาเกน,ยูนิต: ชื่อหน่วย/อาวุธ/อาคาร/สกิล,145600|147400|149000|150300|2114650
145602,Replaces the Wehrmacht's Stug IV.,เข้ามาแทนที่ ชตุก IV ของ แวร์มัคท์,ยูนิต: ชื่อหน่วย/อาวุธ/อาคาร/สกิล,145602
145650,Rapid Fire Shells,กระสุนระดมยิงเร็ว,ยูนิต: ชื่อหน่วย/อาวุธ/อาคาร/สกิล,145650
145701,Demolition Charge,ค่ารื้อถอน,ยูนิต: ชื่อหน่วย/อาวุธ/อาคาร/สกิล,145701
145750,Evasive Action,การกระทำที่หลบเลี่ยง,ยูนิต: ชื่อหน่วย/อาวุธ/อาคาร/สกิล,145750|146050
145800,White Phosphorus Grenade,ระเบิดฟอสฟอรัสขาว,ยูนิต: ชื่อหน่วย/อาวุธ/อาคาร/สกิล,145800
145850,Assault Tactics,กลยุทธ์การโจมตี,ยูนิต: ชื่อหน่วย/อาวุธ/อาคาร/สกิล,145850|150251
145901,Supervision,การกำกับดูแล,ยูนิต: ชื่อหน่วย/อาวุธ/อาคาร/สกิล,145901|2145901
145950,Throw Smoke Grenade,ขว้างระเบิดควัน,ยูนิต: ชื่อหน่วย/อาวุธ/อาคาร/สกิล,145950
146000,Double Recoilless Rifles,ปืนไรเฟิลไม่ถอยคู่,ยูนิต: ชื่อหน่วย/อาวุธ/อาคาร/สกิล,146000
146100,Fearless,กล้าหาญ,ยูนิต: ชื่อหน่วย/อาวุธ/อาคาร/สกิล,146100
146150,Increase Range of Recoilless Rifle,เพิ่มระยะของปืนไรเฟิลไร้แรงสะท้อน,ยูนิต: ชื่อหน่วย/อาวุธ/อาคาร/สกิล,146150
146201,Veteran Tactics,ยุทธวิธีทหารผ่านศึก,ยูนิต: ชื่อหน่วย/อาวุธ/อาคาร/สกิล,146201|146400
146250,Sense of Danger,ความรู้สึกอันตราย,ยูนิต: ชื่อหน่วย/อาวุธ/อาคาร/สกิล,146250
146300,30 Round Cartridge,ซองกระสุน 30 นัด,ยูนิต: ชื่อหน่วย/อาวุธ/อาคาร/สกิล,146300
146350,Increase SMG Damage,เพิ่มความเสียหาย SMG,ยูนิต: ชื่อหน่วย/อาวุธ/อาคาร/สกิล,146350
146450,Demo Charge,ดินระเบิดการสาธิต,ยูนิต: ชื่อหน่วย/อาวุธ/อาคาร/สกิล,146450
146452,"Plant Mine, Click to Trigger Explosion",วางทุ่นระเบิด คลิกเพื่อจุดชนวนระเบิด,ยูนิต: ชื่อหน่วย/อาวุธ/อาคาร/สกิล,146452
146500,Long-barreled 37mm Cannon,ปืนใหญ่ลำกล้องยาว 37 มม,ยูนิต: ชื่อหน่วย/อาวุธ/อาคาร/สกิล,146500
146601,Inspired Assault,การโจมตีที่เป็นแรงบันดาลใจ,ยูนิต: ชื่อหน่วย/อาวุธ/อาคาร/สกิล,146601|146951|156200|2146601|2156200|2241751|2241800
146602,Left-click icon to Inspire Infantry.,คลิกซ้ายที่ไอคอนเพื่อสร้างแรงบันดาลใจให้กับทหารราบ,ยูนิต: ชื่อหน่วย/อาวุธ/อาคาร/สกิล,146602|2146602
146650,Critical!,วิกฤต!,ยูนิต: ชื่อหน่วย/อาวุธ/อาคาร/สกิล,146650|2146650
146654,Veterancy!,เลื่อนขั้นความช่ำชอง!,ยูนิต: ชื่อหน่วย/อาวุธ/อาคาร/สกิล,146654|146706|150421|2150421
146701,Construction Complete!,การก่อสร้างเสร็จสมบูรณ์!,ยูนิต: ชื่อหน่วย/อาวุธ/อาคาร/สกิล,146701
146702,Captured!,ถูกจับแล้ว!,ยูนิต: ชื่อหน่วย/อาวุธ/อาคาร/สกิล,146702|150403
146703,Squad Complete,ทีมเสร็จสมบูรณ์,ยูนิต: ชื่อหน่วย/อาวุธ/อาคาร/สกิล,146703
146704,Killed,ฆ่า,ยูนิต: ชื่อหน่วย/อาวุธ/อาคาร/สกิล,146704|710029
146707,Resource Point Depleted!,คะแนนทรัพยากรหม็อด!,ยูนิต: ชื่อหน่วย/อาวุธ/อาคาร/สกิล,146707
146708,%1resource% Point Depleted!,%1resource% แต้มหมด!,ยูนิต: ชื่อหน่วย/อาวุธ/อาคาร/สกิล,146708|158674|158675|2146708|2158674|2158675
146709,%1Player% Dropped!,%1Player% หลุดจากการเชื่อมต่อ!,ยูนิต: ชื่อหน่วย/อาวุธ/อาคาร/สกิล,146709|2146709
146710,Player Dropped,ผู้เล่นหลุดจากการเชื่อมต่อ,ยูนิต: ชื่อหน่วย/อาวุธ/อาคาร/สกิล,146710|2146710
146711,%1Player% is no longer in the game.,%1Player% ไม่ได้อยู่ในเกมอีกต่อไป,ยูนิต: ชื่อหน่วย/อาวุธ/อาคาร/สกิล,146711|2146711
146712,%1Player% Killed,%1Player% ถูกฆ่า,ยูนิต: ชื่อหน่วย/อาวุธ/อาคาร/สกิล,146712|2146712
146713,Player Killed,ผู้เล่นเสียชีวิต,ยูนิต: ชื่อหน่วย/อาวุธ/อาคาร/สกิล,146713|2146713
146714,%1Player% has been Killed,%1Player% ถูกฆ่าแล้ว,ยูนิต: ชื่อหน่วย/อาวุธ/อาคาร/สกิล,146714|2146714
146715,%1Player% Cheated!,%1Player% โกง!,ยูนิต: ชื่อหน่วย/อาวุธ/อาคาร/สกิล,146715|2146715
146716,Player Cheated,ผู้เล่นกระทำการโกง,ยูนิต: ชื่อหน่วย/อาวุธ/อาคาร/สกิล,146716|2146716
146717,%1Player% has activated a cheat,%1Player% ได้เปิดใช้งานการโกง,ยูนิต: ชื่อหน่วย/อาวุธ/อาคาร/สกิล,146717|2146717
146719,%1Player% is being Attacked.,%1Player% กำลังถูกโจมตี,ยูนิต: ชื่อหน่วย/อาวุธ/อาคาร/สกิล,146719|2146719
146720,%1Player% Under Attack!,%1Player% โดนโจมตี!,ยูนิต: ชื่อหน่วย/อาวุธ/อาคาร/สกิล,146720|2146720
146721,Your teammate is under attack!,เพื่อนร่วมทีมของคุณถูกโจมตี!,ยูนิต: ชื่อหน่วย/อาวุธ/อาคาร/สกิล,146721|2146721
146722,Your teammate: %1Player% is being Attacked,เพื่อนร่วมทีมของคุณ: %1Player% กำลังถูกโจมตี,ยูนิต: ชื่อหน่วย/อาวุธ/อาคาร/สกิล,146722|2146722
146723,Teammate Under Attack,เพื่อนร่วมทีมภายใต้การโจมตี,ยูนิต: ชื่อหน่วย/อาวุธ/อาคาร/สกิล,146723|146724|2146723
146725,%1Player% migrated hosts?,%1Player% ย้ายโฮสต์แล้วใช่ไหม,ยูนิต: ชื่อหน่วย/อาวุธ/อาคาร/สกิล,146725|2146725
146726,What does this mean?,สิ่งนี้หมายความว่าอย่างไร?,ยูนิต: ชื่อหน่วย/อาวุธ/อาคาร/สกิล,146726|2146726
146727,Host Migrated,ย้ายโฮสต์แล้ว,ยูนิต: ชื่อหน่วย/อาวุธ/อาคาร/สกิล,146727|158650|2146727|2158650
146728,Upgrade Complete: %1Upgrade%,อัปเกรดเสร็จสมบูรณ์: %1Upgrade%,ยูนิต: ชื่อหน่วย/อาวุธ/อาคาร/สกิล,146728|2146728
146729,%1upgrade% Completed,%1upgrade% เสร็จสิ้น,ยูนิต: ชื่อหน่วย/อาวุธ/อาคาร/สกิล,146729
146730,Upgrade Completed,การอัพเกรดเสร็จสมบูรณ์,ยูนิต: ชื่อหน่วย/อาวุธ/อาคาร/สกิล,146730|2146730
146732,Territory Entered!,เข้าสู่ดินแดนแล้ว!,ยูนิต: ชื่อหน่วย/อาวุธ/อาคาร/สกิล,146732|2146732
146733,The Enemy has crossed your borders.,ศัตรูได้ข้ามพรมแดนของคุณแล้ว,ยูนิต: ชื่อหน่วย/อาวุธ/อาคาร/สกิล,146733|2146733
146734,Territory Entered,เข้าเขตแล้ว,ยูนิต: ชื่อหน่วย/อาวุธ/อาคาร/สกิล,146734|146735|2146734
146736,Entering Enemy Territory!,เข้าสู่ดินแดนศัตรู!,ยูนิต: ชื่อหน่วย/อาวุธ/อาคาร/สกิล,146736|2146736
146737,You have crossed Enemy Lines!,คุณได้ข้ามเส้นศัตรูแล้ว!,ยูนิต: ชื่อหน่วย/อาวุธ/อาคาร/สกิล,146737|2146737
146738,Enemy Territory,ดินแดนศัตรู,ยูนิต: ชื่อหน่วย/อาวุธ/อาคาร/สกิล,146738|146739|2146738
146740,Info Point Activated,เปิดใช้งานจุดข้อมูลแล้ว,ยูนิต: ชื่อหน่วย/อาวุธ/อาคาร/สกิล,146740|158651|158652|2146740|2158651|2158652
146741,Info Point,จุดข้อมูล,ยูนิต: ชื่อหน่วย/อาวุธ/อาคาร/สกิล,146741|146742|2146741|2146742
146743,%1Ability% Executed,%1Ability% ดำเนินการแล้ว,ยูนิต: ชื่อหน่วย/อาวุธ/อาคาร/สกิล,146743|2146743
146744,%1Ability% has been Activated,%1Ability% ถูกเปิดใช้งานแล้ว,ยูนิต: ชื่อหน่วย/อาวุธ/อาคาร/สกิล,146744|2146744
146745,Ability Activated,เปิดใช้งานความสามารถแล้ว,ยูนิต: ชื่อหน่วย/อาวุธ/อาคาร/สกิล,146745|2146745
146746,%1Point% is being Captured,%1Point% กำลังถูกจับ,ยูนิต: ชื่อหน่วย/อาวุธ/อาคาร/สกิล,146746|2146746
146747,The Enemy is Capturing your %1Point%,ศัตรูกำลังจับ %1Point% ของคุณ,ยูนิต: ชื่อหน่วย/อาวุธ/อาคาร/สกิล,146747|2146747
146748,Point being Captured,จุดที่ถูกจับ,ยูนิต: ชื่อหน่วย/อาวุธ/อาคาร/สกิล,146748|2146748
146749,%1Point% being Captured,%1Point% ถูกจับ,ยูนิต: ชื่อหน่วย/อาวุธ/อาคาร/สกิล,146749|2146749
146752,Better vs. Infantry and vehicles,ดีกว่าเมื่อเทียบกับทหารราบและยานพาหนะ,ยูนิต: ชื่อหน่วย/อาวุธ/อาคาร/สกิล,146752|2146752
146800,Zeal,ความกระตือรือร้น,ยูนิต: ชื่อหน่วย/อาวุธ/อาคาร/สกิล,146800|149150|2149150
146900,Bridge Destroyed,สะพานถูกทำลาย,ยูนิต: ชื่อหน่วย/อาวุธ/อาคาร/สกิล,146900|164900|1439053|2146900|2164900
147101,Medical Kits,ชุดอุปกรณ์ทางการแพทย์,ยูนิต: ชื่อหน่วย/อาวุธ/อาคาร/สกิล,147101|2147101
147151,Demolitions,การรื้อถอน,ยูนิต: ชื่อหน่วย/อาวุธ/อาคาร/สกิล,147151|1459113|2147151
147152,Lay traps for Enemy Units.,วางกับดักสำหรับหน่วยศัตรู,ยูนิต: ชื่อหน่วย/อาวุธ/อาคาร/สกิล,147152|2147152
147200,Mine Drop,การวางทุ่นระเบิด,ยูนิต: ชื่อหน่วย/อาวุธ/อาคาร/สกิล,147200
147251,Wire Cutters,เครื่องตัดลวด,ยูนิต: ชื่อหน่วย/อาวุธ/อาคาร/สกิล,147251|2147251
147300,Teller Mine Drop,การวางทุ่นระเบิดเทลเลอร์,ยูนิต: ชื่อหน่วย/อาวุธ/อาคาร/สกิล,147300
147451,Medical Kit,ชุดแพทย์,ยูนิต: ชื่อหน่วย/อาวุธ/อาคาร/สกิล,147451|2147451
147452,Left-click icon to use the Medical Kit.,คลิกซ้ายที่ไอคอนเพื่อใช้ชุดการแพทย์,ยูนิต: ชื่อหน่วย/อาวุธ/อาคาร/สกิล,147452|2147452
147453,Must be in Territory,จะต้องอยู่ในอาณาเขต,ยูนิต: ชื่อหน่วย/อาวุธ/อาคาร/สกิล,147453
147601,Mk2 Grenades,ระเบิด Mk2,ยูนิต: ชื่อหน่วย/อาวุธ/อาคาร/สกิล,147601|2147601
147650,Sticky bombs,ระเบิดเหนียวดักรถถัง,ยูนิต: ชื่อหน่วย/อาวุธ/อาคาร/สกิล,147650|2147650
147900,Blitzkrieg Assault,การโจมตีแบบสายฟ้าแลบ,ยูนิต: ชื่อหน่วย/อาวุธ/อาคาร/สกิล,147900
148001,Infantry Assault Team,ทีมจู่โจมทหารราบ,ยูนิต: ชื่อหน่วย/อาวุธ/อาคาร/สกิล,148001|152751|2148001|2152751
148100,V1 Rocket Attack,การโจมตีด้วยจรวด V1,ยูนิต: ชื่อหน่วย/อาวุธ/อาคาร/สกิล,148100|156300|2156300
148151,Track Enemy Units,ติดตามหน่วยศัตรู,ยูนิต: ชื่อหน่วย/อาวุธ/อาคาร/สกิล,148151
148152,Mark Target,มาร์คเป้าหมาย,ยูนิต: ชื่อหน่วย/อาวุธ/อาคาร/สกิล,148152|2104300|2107100|2113250|2218350
148300,Sgt. Frank Craft,จ่าแฟรงค์ คราฟต์,ยูนิต: ชื่อหน่วย/อาวุธ/อาคาร/สกิล,148300|148302
148450,Toggle to activate or deactivate Direct Fire,สลับเพื่อเปิดหรือปิดใช้งาน Direct Fire,ยูนิต: ชื่อหน่วย/อาวุธ/อาคาร/สกิล,148450|148500
148551,White Phosphorus,ฟอสฟอรัสขาว,ยูนิต: ชื่อหน่วย/อาวุธ/อาคาร/สกิล,148551|150700
148601,Smoke Grenade,ระเบิดควัน,ยูนิต: ชื่อหน่วย/อาวุธ/อาคาร/สกิล,148601
148651,Stun Grenade,ระเบิดสตัน,ยูนิต: ชื่อหน่วย/อาวุธ/อาคาร/สกิล,148651
148751,Throw Stun Grenade,ขว้างระเบิดสตัน,ยูนิต: ชื่อหน่วย/อาวุธ/อาคาร/สกิล,148751
148951,Replaces the Panzer Elite's Stubby Panzer IV,แทนที่ Stubby Panzer IV ของยานเกราะชั้นยอด,ยูนิต: ชื่อหน่วย/อาวุธ/อาคาร/สกิล,148951
149051,Urban Assault Support,การสนับสนุนการโจมตีในเมือง,ยูนิต: ชื่อหน่วย/อาวุธ/อาคาร/สกิล,149051|152800|2149051|2152800
149101,Armored Assault Force,กองกำลังจู่โจมติดอาวุธ,ยูนิต: ชื่อหน่วย/อาวุธ/อาคาร/สกิล,149101|152850|2149101|2152850
149300,For the Fatherland!,เพื่อปิตุภูมิ!,ยูนิต: ชื่อหน่วย/อาวุธ/อาคาร/สกิล,149300|1330850|2149300
149350,Fortify the Perimeter,เสริมสร้างปริมณฑล,ยูนิต: ชื่อหน่วย/อาวุธ/อาคาร/สกิล,149350|2149350
149651,Parachutist Badge,ตรานักกระโดดร่มชูชีพ,ยูนิต: ชื่อหน่วย/อาวุธ/อาคาร/สกิล,149651|164300|2164300|9419241
149700,Bronze Star,บรอนซ์สตาร์,ยูนิต: ชื่อหน่วย/อาวุธ/อาคาร/สกิล,149700|164001|2164001|9429194
149750,Silver Star,ซิลเวอร์สตาร์,ยูนิต: ชื่อหน่วย/อาวุธ/อาคาร/สกิล,149750|164350|2164350|9439134
149800,Medal of Honor,เหรียญเกียรติยศ,ยูนิต: ชื่อหน่วย/อาวุธ/อาคาร/สกิล,149800|164250|2164250
149850,Light Field Howitzer,ปืนใหญ่วิถีโค้งสนามแสง,ยูนิต: ชื่อหน่วย/อาวุธ/อาคาร/สกิล,149850|150000
149901,Armored Car Mine Drop,รถหุ้มเกราะทุ่นระเบิด,ยูนิต: ชื่อหน่วย/อาวุธ/อาคาร/สกิล,149901
149951,White Phosphorus Round,กระสุนฟอสฟอรัสขาว,ยูนิต: ชื่อหน่วย/อาวุธ/อาคาร/สกิล,149951
150100,DirectFire,ไดเร็คไฟร์,ยูนิต: ชื่อหน่วย/อาวุธ/อาคาร/สกิล,150100
150400,%1Point% has been Captured,%1Point% ถูกจับแล้ว,ยูนิต: ชื่อหน่วย/อาวุธ/อาคาร/สกิล,150400|2150400
150401,You have finished Capturing %1Point%,คุณจับภาพ %1Point% เสร็จแล้ว,ยูนิต: ชื่อหน่วย/อาวุธ/อาคาร/สกิล,150401|2150401
150402,Point Captured,จุดที่ถูกจับ,ยูนิต: ชื่อหน่วย/อาวุธ/อาคาร/สกิล,150402|158691|158694|158695|158696|2150402|2158691|2158694|2158695|2158696|9404605
150404,Situational Report Available,มีรายงานสถานการณ์,ยูนิต: ชื่อหน่วย/อาวุธ/อาคาร/สกิล,150404|2150404
150405,Click to view Situational Report,คลิกเพื่อดูรายงานสถานการณ์,ยูนิต: ชื่อหน่วย/อาวุธ/อาคาร/สกิล,150405|2150405
150406,Situational Report,รายงานสถานการณ์,ยูนิต: ชื่อหน่วย/อาวุธ/อาคาร/สกิล,150406|2150406
150407,%1Player% has entered phase %2Phase%,%1Player% เข้าสู่เฟส %2Phase% แล้ว,ยูนิต: ชื่อหน่วย/อาวุธ/อาคาร/สกิล,150407|150408|2150407|2150408
150409,%1Player% Phased Up,%1Player% ค่อยเป็นค่อยไป,ยูนิต: ชื่อหน่วย/อาวุธ/อาคาร/สกิล,150409|2150409
150410,Unit Sniped!,ถูกซุ่มยิง!,ยูนิต: ชื่อหน่วย/อาวุธ/อาคาร/สกิล,150410|158659|158660|2150410|2158659|2158660
150411,"One of your Units has been Sniped,",หนึ่งในยูนิตของคุณถูกซุ่มโจมตี,ยูนิต: ชื่อหน่วย/อาวุธ/อาคาร/สกิล,150411|2150411
150412,Sniped!,ถูกซุ่มยิง!,ยูนิต: ชื่อหน่วย/อาวุธ/อาคาร/สกิล,150412|150413|158685|2150412|2158685
150414,Mine Detected,ตรวจพบทุ่นระเบิด!,ยูนิต: ชื่อหน่วย/อาวุธ/อาคาร/สกิล,150414|150416|150417|2150414|2150416|9394622
150415,A Mine has been Detected by a Mine Sweeper,ทุ่นระเบิดถูกตรวจพบโดยผู้กวาดทุ่นระเบิด,ยูนิต: ชื่อหน่วย/อาวุธ/อาคาร/สกิล,150415|2150415
150418,Squad Pinned!,หน่วยรบถูกยิงตรึงกำลัง!,ยูนิต: ชื่อหน่วย/อาวุธ/อาคาร/สกิล,150418|158661|158662|229329|2150418|2158661|2158662
150419,One of your Squads has been Pinned,หนึ่งในหน่วยของคุณถูกยิงตรึงกำลังแล้ว,ยูนิต: ชื่อหน่วย/อาวุธ/อาคาร/สกิล,150419|2150419
150423,Veterancy,ระดับความช่ำชอง,ยูนิต: ชื่อหน่วย/อาวุธ/อาคาร/สกิล,150423|2150423
150424,Reverting!,กำลังเปลี่ยนกลับ!,ยูนิต: ชื่อหน่วย/อาวุธ/อาคาร/สกิล,150424
150425,Breach!,ฝ่าฝืน!,ยูนิต: ชื่อหน่วย/อาวุธ/อาคาร/สกิล,150425
150426,Upgrade Complete,อัปเกรดเสร็จสมบูรณ์,ยูนิต: ชื่อหน่วย/อาวุธ/อาคาร/สกิล,150426
150427,%1Squad% Completed,%1Squad% เสร็จสิ้น,ยูนิต: ชื่อหน่วย/อาวุธ/อาคาร/สกิล,150427|150428|150429|2150427|2150428|2150429
150430,%1Upgrade% Completed,%1Upgrade% เสร็จสิ้น,ยูนิต: ชื่อหน่วย/อาวุธ/อาคาร/สกิล,150430|158667|158668|2150430|2158667|2158668
150431,%1unit%: Construction Complete,%1unit%: การก่อสร้างเสร็จสมบูรณ์,ยูนิต: ชื่อหน่วย/อาวุธ/อาคาร/สกิล,150431|2150431
150432,Construction has been finished on %1unit%,ก่อสร้างแล้วเสร็จเมื่อ %1unit%,ยูนิต: ชื่อหน่วย/อาวุธ/อาคาร/สกิล,150432|2150432
150433,Construction Complete,การก่อสร้างเสร็จสมบูรณ์,ยูนิต: ชื่อหน่วย/อาวุธ/อาคาร/สกิล,150433|2150433
150434,Medic spawned: %1squad%,แพทย์เกิด: %1squad%,ยูนิต: ชื่อหน่วย/อาวุธ/อาคาร/สกิล,150434|2150434
150436,Casualties Recovered,มีผู้บาดเจ็บล้มตายแล้ว,ยูนิต: ชื่อหน่วย/อาวุธ/อาคาร/สกิล,150436|2150436
150437,New Squad,กองใหม่,ยูนิต: ชื่อหน่วย/อาวุธ/อาคาร/สกิล,150437
150438,Objective %1objecive_name% added,เพิ่มวัตถุประสงค์ %1objecive_name% แล้ว,ยูนิต: ชื่อหน่วย/อาวุธ/อาคาร/สกิล,150438|2150438
150439,Objective added,เพิ่มวัตถุประสงค์แล้ว,ยูนิต: ชื่อหน่วย/อาวุธ/อาคาร/สกิล,150439|2150439
150440,Added objective %1objective_name%,เพิ่มวัตถุประสงค์ %1objective_name%,ยูนิต: ชื่อหน่วย/อาวุธ/อาคาร/สกิล,150440|2150440
150441,Objective %1objecive_name% completed,วัตถุประสงค์ %1objecive_name% เสร็จสิ้น,ยูนิต: ชื่อหน่วย/อาวุธ/อาคาร/สกิล,150441|2150441
150442,Objective %1objecive_name% failed,วัตถุประสงค์ %1objecive_name% ล้มเหลว,ยูนิต: ชื่อหน่วย/อาวุธ/อาคาร/สกิล,150442|2150442
150443,Objective Failed,วัตถุประสงค์ล้มเหลว,ยูนิต: ชื่อหน่วย/อาวุธ/อาคาร/สกิล,150443|2150443
150444,Objective Completed,วัตถุประสงค์เสร็จสมบูรณ์,ยูนิต: ชื่อหน่วย/อาวุธ/อาคาร/สกิล,150444|2150444
150446,Completed Objective %1objective_name%,วัตถุประสงค์ที่เสร็จสมบูรณ์ %1objective_name%,ยูนิต: ชื่อหน่วย/อาวุธ/อาคาร/สกิล,150446|2150446
150447,%1Point% has been Secured.,%1Point% ได้รับการรักษาความปลอดภัยแล้ว,ยูนิต: ชื่อหน่วย/อาวุธ/อาคาร/สกิล,150447|2150447
150448,You have Secured %1Point%,คุณปลอดภัยแล้ว %1Point%,ยูนิต: ชื่อหน่วย/อาวุธ/อาคาร/สกิล,150448|2150448
150449,Point Secured,จุดที่ปลอดภัย,ยูนิต: ชื่อหน่วย/อาวุธ/อาคาร/สกิล,150449|158687|2150449|2158687
150550,Munition Point Low,กระสุนจุดต่ำ,ยูนิต: ชื่อหน่วย/อาวุธ/อาคาร/สกิล,150550|2150550
150600,Fuel Point High,จุดเชื้อเพลิงสูง,ยูนิต: ชื่อหน่วย/อาวุธ/อาคาร/สกิล,150600|2150600
150601,Generate more Fuel by Securing this Point,สร้างเชื้อเพลิงมากขึ้นโดยการรักษาความปลอดภัยจุดนี้,ยูนิต: ชื่อหน่วย/อาวุธ/อาคาร/สกิล,150601|150651|2150601|2150651
150650,Fuel Point Medium,จุดเชื้อเพลิงปานกลาง,ยูนิต: ชื่อหน่วย/อาวุธ/อาคาร/สกิล,150650|2150650
150800,Munition Point High,อาวุธยุทโธปกรณ์สูง,ยูนิต: ชื่อหน่วย/อาวุธ/อาคาร/สกิล,150800|2150800
150850,Munition Point Medium,กระสุนจุดกลาง,ยูนิต: ชื่อหน่วย/อาวุธ/อาคาร/สกิล,150850|2150850
151100,Thompson M1 Sub Machinegun,ปืนกลย่อย Thompson M1,ยูนิต: ชื่อหน่วย/อาวุธ/อาคาร/สกิล,151100|2151100
151101,M1 Thompson SMG,เอ็ม1 ทอมป์สัน เอสเอ็มจี,ยูนิต: ชื่อหน่วย/อาวุธ/อาคาร/สกิล,151101|2151101
151251,Teller Mine,ทุ่นระเบิดเทลเลอร์,ยูนิต: ชื่อหน่วย/อาวุธ/อาคาร/สกิล,151251
151350,Able and Baker Squad Upgrades,การอัพเกรดทีม Able และ Baker,ยูนิต: ชื่อหน่วย/อาวุธ/อาคาร/สกิล,151350
151600,Monastery,อาราม,ยูนิต: ชื่อหน่วย/อาวุธ/อาคาร/สกิล,151600
152000,Call in Engineers from off-map.,โทรหาทหารช่างสนามจากนอกแผนที่,ยูนิต: ชื่อหน่วย/อาวุธ/อาคาร/สกิล,152000|2152000
152101,Call in a Mortar team from off-map.,เรียกทีมครกจากนอกแผนที่,ยูนิต: ชื่อหน่วย/อาวุธ/อาคาร/สกิล,152101|2152101
152151,Call in Riflemen from off-map.,เรียกพลปืนไรเฟิลจากนอกแผนที่,ยูนิต: ชื่อหน่วย/อาวุธ/อาคาร/สกิล,152151|2152151
152202,Call in a Sniper from off-map.,เรียก Sniper จากนอกแผนที่,ยูนิต: ชื่อหน่วย/อาวุธ/อาคาร/สกิล,152202|2152202
152301,Throw Bundled Grenade,ขว้างระเบิดมือแบบมัดรวม,ยูนิต: ชื่อหน่วย/อาวุธ/อาคาร/สกิล,152301|2152301
152701,Call for Pershing Reinforcement,เรียกกำลังเสริมเพอร์ชิงผู้เกรียงไกร,ยูนิต: ชื่อหน่วย/อาวุธ/อาคาร/สกิล,152701|2152701|2203150
152703,Only one Pershing Available.,มีเพอร์ชิงผู้เกรียงไกรเพียงอันเดียวเท่านั้น,ยูนิต: ชื่อหน่วย/อาวุธ/อาคาร/สกิล,152703|2152703
152801,Call in a StuH 42 Assault Gun.,เรียกปืนจู่โจม StuH 42 เข้ามา,ยูนิต: ชื่อหน่วย/อาวุธ/อาคาร/สกิล,152801|2152801
152851,Call in a Tiger heavy tank.,เรียกรถถังหนัก Tiger เข้ามา,ยูนิต: ชื่อหน่วย/อาวุธ/อาคาร/สกิล,152851|2152851
152853,Only one Tiger Available.,มีไทเกอร์พร้อมใช้งานเพียงคันเดียวเท่านั้น,ยูนิต: ชื่อหน่วย/อาวุธ/อาคาร/สกิล,152853|2152853
153050,M2 60mm Mortar,ครก M2 ขนาด 60 มม.,ยูนิต: ชื่อหน่วย/อาวุธ/อาคาร/สกิล,153050|153051|2153050|2153051
153100,Gr 34 81mm Mortar,ครก Gr 34 ขนาด 81 มม.,ยูนิต: ชื่อหน่วย/อาวุธ/อาคาร/สกิล,153100|2153100
153101,GR 34 81mm Mortar,ครก GR 34 ขนาด 81 มม.,ยูนิต: ชื่อหน่วย/อาวุธ/อาคาร/สกิล,153101|2153101
153200,M1917 .30 cal Heavy Machine Gun,M1917 .30 cal ปืนกลหนัก,ยูนิต: ชื่อหน่วย/อาวุธ/อาคาร/สกิล,153200|153201|2153200|2153201
153750,Level 1 Production,การผลิตระดับ 1,ยูนิต: ชื่อหน่วย/อาวุธ/อาคาร/สกิล,153750|2153750
153950,Rear Armor Hit,การโจมตีเกราะด้านหลัง,ยูนิต: ชื่อหน่วย/อาวุธ/อาคาร/สกิล,153950|2153950
154101,Flamethrower,เครื่องพ่นไฟ,ยูนิต: ชื่อหน่วย/อาวุธ/อาคาร/สกิล,154101|2092900|2154101
154150,Mine Detector,เครื่องตรวจจับทุ่นระเบิด,ยูนิต: ชื่อหน่วย/อาวุธ/อาคาร/สกิล,154150
154401,Raid,จู่โจม,ยูนิต: ชื่อหน่วย/อาวุธ/อาคาร/สกิล,154401|2091050|2154401
154451,Calliope Rocket Launcher,เครื่องยิงจรวดคาไลโอพี,ยูนิต: ชื่อหน่วย/อาวุธ/อาคาร/สกิล,154451|2154451
154501,M26 Pershing Heavy Tank,รถถังหนัก M26 Pershing,ยูนิต: ชื่อหน่วย/อาวุธ/อาคาร/สกิล,154501|2154501
154551,Fast Deployment,การส่งกำลังรบที่รวดเร็ว,ยูนิต: ชื่อหน่วย/อาวุธ/อาคาร/สกิล,154551|2154551
154601,Field Repairs,ซ่อมแซมสนาม,ยูนิต: ชื่อหน่วย/อาวุธ/อาคาร/สกิล,154601|156751|2154601|2178450
154801,Rapid Response,การตอบสนองอย่างรวดเร็ว,ยูนิต: ชื่อหน่วย/อาวุธ/อาคาร/สกิล,154801|2154801
155001,Off-Map Artillery Support,การสนับสนุนปืนใหญ่นอกแผนที่,ยูนิต: ชื่อหน่วย/อาวุธ/อาคาร/สกิล,155001|2155001
155051,105mm Howitzer,ปืนใหญ่วิถีโค้ง 105 มม,ยูนิต: ชื่อหน่วย/อาวุธ/อาคาร/สกิล,155051|2155051
155150,Deploy Paratroopers on Revealed Territory.,ส่งพลร่มไปในพื้นที่เปิดเผย,ยูนิต: ชื่อหน่วย/อาวุธ/อาคาร/สกิล,155150|2155150
155151,Paratroopers,พลร่ม,ยูนิต: ชื่อหน่วย/อาวุธ/อาคาร/สกิล,155151|157551|2155151|2157551
155201,Paradrop AT Gun,Paradrop AT ปืน,ยูนิต: ชื่อหน่วย/อาวุธ/อาคาร/สกิล,155201|2155201
155301,Air Recon,แอร์รีคอน,ยูนิต: ชื่อหน่วย/อาวุธ/อาคาร/สกิล,155301|2155301
155350,Call in P47 Thunderbolt strafing run.,เรียก P47 Thunderbolt strafing มาด้วย,ยูนิต: ชื่อหน่วย/อาวุธ/อาคาร/สกิล,155350|2155350
155400,Call in P47 Thunderbolt bombing run.,โทรเรียกระเบิด P47 Thunderbolt,ยูนิต: ชื่อหน่วย/อาวุธ/อาคาร/สกิล,155400|2155400
155401,Bomber Run,เครื่องบินทิ้งระเบิดวิ่ง,ยูนิต: ชื่อหน่วย/อาวุธ/อาคาร/สกิล,155401|2155401
155451,Airdrop M1 57mm Anti Tank Gun,Airdrop M1 57mm ปืนต่อสู้รถถัง,ยูนิต: ชื่อหน่วย/อาวุธ/อาคาร/สกิล,155451|2155451
155551,Advanced Warning,คำเตือนขั้นสูง,ยูนิต: ชื่อหน่วย/อาวุธ/อาคาร/สกิล,155551|2155551
155651,Rocket Artillery,ปืนใหญ่จรวด,ยูนิต: ชื่อหน่วย/อาวุธ/อาคาร/สกิล,155651|2155651
155701,Assault Grenadiers,เกรนาเดียร์จู่โจม,ยูนิต: ชื่อหน่วย/อาวุธ/อาคาร/สกิล,155701|2155701
155751,Resource Blitz,ทรัพยากรแบบสายฟ้าแลบ,ยูนิต: ชื่อหน่วย/อาวุธ/อาคาร/สกิล,155751|2155751
155801,Blitzkrieg Assault!,การโจมตีแบบสายฟ้าแลบ!,ยูนิต: ชื่อหน่วย/อาวุธ/อาคาร/สกิล,155801|2155801
156701,Left-click icon to fire the Smoke Cloud.,คลิกซ้ายที่ไอคอนเพื่อยิงควันเมฆ,ยูนิต: ชื่อหน่วย/อาวุธ/อาคาร/สกิล,156701|2156701
156800,Defensive Smoke Screen,หน้าจอควันป้องกัน,ยูนิต: ชื่อหน่วย/อาวุธ/อาคาร/สกิล,156800|2156800
156850,Toggle Mineclearing,สลับการเคลียร์ทุ่นระเบิด,ยูนิต: ชื่อหน่วย/อาวุธ/อาคาร/สกิล,156850|2156850
156852,Left-click icon to activate the Crab.,คลิกซ้ายที่ไอคอนเพื่อเปิดใช้งาน Crab,ยูนิต: ชื่อหน่วย/อาวุธ/อาคาร/สกิล,156852|2156852
157151,Call for M4 Sherman Calliope Reinforcement,เรียกกำลังเสริม M4 Sherman Calliope,ยูนิต: ชื่อหน่วย/อาวุธ/อาคาร/สกิล,157151|2157151|2201200|2203100
157153,Only two Calliopes Available,มี Calliopes เพียงสองตัวเท่านั้น,ยูนิต: ชื่อหน่วย/อาวุธ/อาคาร/สกิล,157153|2157153
157201,M1A1C 76mm Gun,ปืนเอ็ม1เอ1ซี 76มม,ยูนิต: ชื่อหน่วย/อาวุธ/อาคาร/สกิล,157201|2157201
157202,Better vs. Armor and Vehicles.,ดีกว่ากับเกราะและยานพาหนะ,ยูนิต: ชื่อหน่วย/อาวุธ/อาคาร/สกิล,157202|2157202
157350,Veteran Infantry Squads,กองทหารราบทหารผ่านศึก,ยูนิต: ชื่อหน่วย/อาวุธ/อาคาร/สกิล,157350|2157350
157352,Veteran Troops,ทหารผ่านศึก,ยูนิต: ชื่อหน่วย/อาวุธ/อาคาร/สกิล,157352|2157352
157400,Veteran Support Units,หน่วยสนับสนุนทหารผ่านศึก,ยูนิต: ชื่อหน่วย/อาวุธ/อาคาร/สกิล,157400|157402
157451,Veteran Vehicles,ยานพาหนะรุ่นเก๋า,ยูนิต: ชื่อหน่วย/อาวุธ/อาคาร/สกิล,157451|157452|2157451|2157452
157500,Veteran Tanks,รถถังทหารผ่านศึก,ยูนิต: ชื่อหน่วย/อาวุธ/อาคาร/สกิล,157500|2157500
157502,Veteran Tank Crew,ลูกเรือรถถังทหารผ่านศึก,ยูนิต: ชื่อหน่วย/อาวุธ/อาคาร/สกิล,157502|2157502
157550,Call in Paratroopers from off-map.,เรียกพลร่มเข้ามาจากนอกแผนที่,ยูนิต: ชื่อหน่วย/อาวุธ/อาคาร/สกิล,157550|2157550
157600,Elite Tanks,รถถังอีลิท,ยูนิต: ชื่อหน่วย/อาวุธ/อาคาร/สกิล,157600|2157600
157602,Elite Tank Crews,ลูกเรือรถถังชั้นยอด,ยูนิต: ชื่อหน่วย/อาวุธ/อาคาร/สกิล,157602|2157602
157700,Elite Vehicles,ยานพาหนะชั้นยอด,ยูนิต: ชื่อหน่วย/อาวุธ/อาคาร/สกิล,157700|2157700
157702,Elite Vehicle Crews,ทีมงานยานยนต์ชั้นยอด,ยูนิต: ชื่อหน่วย/อาวุธ/อาคาร/สกิล,157702|2157702
157800,Elite Support Units,หน่วยสนับสนุนชั้นยอด,ยูนิต: ชื่อหน่วย/อาวุธ/อาคาร/สกิล,157800|157802|2157800|2157802
157900,Crack Infantry,แคร็กทหารราบ,ยูนิต: ชื่อหน่วย/อาวุธ/อาคาร/สกิล,157900|2157900
157901,Infantry are trained to Crack level.,ทหารราบได้รับการฝึกฝนถึงระดับแคร็ก,ยูนิต: ชื่อหน่วย/อาวุธ/อาคาร/สกิล,157901|2157901
157902,Crack Troops with combat experience,แตกกองกำลังด้วยประสบการณ์การต่อสู้,ยูนิต: ชื่อหน่วย/อาวุธ/อาคาร/สกิล,157902|2157902
158000,Elite Infantry,ทหารราบอีลิท,ยูนิต: ชื่อหน่วย/อาวุธ/อาคาร/สกิล,158000|2158000
158001,Infantry reach Elite status.,ทหารราบถึงสถานะ Elite,ยูนิต: ชื่อหน่วย/อาวุธ/อาคาร/สกิล,158001|2158001
158002,Elite Troops hardened in combat.,Elite Troops แข็งแกร่งขึ้นในการต่อสู้,ยูนิต: ชื่อหน่วย/อาวุธ/อาคาร/สกิล,158002|2158002
158100,Crack Vehicles,ยานพาหนะร้าว,ยูนิต: ชื่อหน่วย/อาวุธ/อาคาร/สกิล,158100|158102|2158100|2158102
158101,Combat experience leads to Crack status.,ประสบการณ์การต่อสู้นำไปสู่สถานะแคร็ก,ยูนิต: ชื่อหน่วย/อาวุธ/อาคาร/สกิล,158101|2158101
158150,Crack Tank Crew,แคร็กลูกเรือรถถัง,ยูนิต: ชื่อหน่วย/อาวุธ/อาคาร/สกิล,158150|2158150
158152,Crack Tank Crews,ลูกเรือรถถังฝีมือฉกาจ,ยูนิต: ชื่อหน่วย/อาวุธ/อาคาร/สกิล,158152|2158152
158550,Crack Support Units,หน่วยสนับสนุนแคร็ก,ยูนิต: ชื่อหน่วย/อาวุธ/อาคาร/สกิล,158550|158551|2158550|2158551
158653,Objective %1objecive_name% Completed,วัตถุประสงค์ %1objecive_name% เสร็จสิ้น,ยูนิต: ชื่อหน่วย/อาวุธ/อาคาร/สกิล,158653|158680|2158653|2158680
158656,%1Player% Cheated,%1Player% โดนโกง,ยูนิต: ชื่อหน่วย/อาวุธ/อาคาร/สกิล,158656|2158656
158657,%1Player% Dropped,%1Player% หลุดจากการเชื่อมต่อ!,ยูนิต: ชื่อหน่วย/อาวุธ/อาคาร/สกิล,158657|2158657
158658,%1Player% killed,%1Player% เสียชีวิต,ยูนิต: ชื่อหน่วย/อาวุธ/อาคาร/สกิล,158658|2158658
158663,Veterancy Achieved!,ประสบความสำเร็จแล้ว!,ยูนิต: ชื่อหน่วย/อาวุธ/อาคาร/สกิล,158663|158669|158670|2158663|2158669|2158670
158664,Your Teammate is Under Attack,เพื่อนร่วมทีมของคุณกำลังถูกโจมตี,ยูนิต: ชื่อหน่วย/อาวุธ/อาคาร/สกิล,158664|158665|158666|2158664|2158665|2158666
158671,Enemy Capturing Point,จุดยึดศัตรู,ยูนิต: ชื่อหน่วย/อาวุธ/อาคาร/สกิล,158671|158672|158673|2158671|2158672|2158673
158676,Objective %1objecive_name% Added,เพิ่มวัตถุประสงค์ %1objecive_name% แล้ว,ยูนิต: ชื่อหน่วย/อาวุธ/อาคาร/สกิล,158676|158677|2158676|2158677
158681,%1Building% Completed,%1Building% เสร็จสิ้น,ยูนิต: ชื่อหน่วย/อาวุธ/อาคาร/สกิล,158681|158682|158683|2158681|2158682|2158683
158684,+%1AMOUNT% xp,+%1AMOUNT% xp,ยูนิต: ชื่อหน่วย/อาวุธ/อาคาร/สกิล,158684|2158684
158686,%1ITEM% Obtained,%1ITEM% ได้รับแล้ว,ยูนิต: ชื่อหน่วย/อาวุธ/อาคาร/สกิล,158686|2158686
158688,Allied,พันธมิตร,ยูนิต: ชื่อหน่วย/อาวุธ/อาคาร/สกิล,158688|508270|2158688
158690,Pinned!,ถูกตรึงกำลัง!,ยูนิต: ชื่อหน่วย/อาวุธ/อาคาร/สกิล,158690|2158690
158692,Infantry under Attack!,ทหารราบถูกโจมตี!,ยูนิต: ชื่อหน่วย/อาวุธ/อาคาร/สกิล,158692|2158692
158693,Vehicle under Attack!,ยานพาหนะถูกโจมตี!,ยูนิต: ชื่อหน่วย/อาวุธ/อาคาร/สกิล,158693|2158693
158697,%1Squad% Reformed!,%1Squad% กลับเนื้อกลับตัว!,ยูนิต: ชื่อหน่วย/อาวุธ/อาคาร/สกิล,158697|2158697
158698,%1Player% is now AI controlled,%1Player% ตอนนี้ถูกควบคุมโดย AI แล้ว,ยูนิต: ชื่อหน่วย/อาวุธ/อาคาร/สกิล,158698
158699,event_cue_icons/icon_default,event_cue_icons/icon_default,ยูนิต: ชื่อหน่วย/อาวุธ/อาคาร/สกิล,158699|2158699
158850,Manpower Blitz,กำลังพลแบบสายฟ้าแลบ,ยูนิต: ชื่อหน่วย/อาวุธ/อาคาร/สกิล,158850|2134851|2135201
158852,Left-click icon to receive a Manpower blitz.,คลิกซ้ายที่ไอคอนเพื่อรับ Manpower blitz,ยูนิต: ชื่อหน่วย/อาวุธ/อาคาร/สกิล,158852|2134850|2135200
159100,Brick Shed,โรงอิฐ,ยูนิต: ชื่อหน่วย/อาวุธ/อาคาร/สกิล,159100
159650,Brick Watch Tower,หอสังเกตการณ์อิฐ,ยูนิต: ชื่อหน่วย/อาวุธ/อาคาร/สกิล,159650|159700
160050,Brick Warehouse,โกดังอิฐ,ยูนิต: ชื่อหน่วย/อาวุธ/อาคาร/สกิล,160050|160100
160700,Plaster Tower,พลาสเตอร์ทาวเวอร์,ยูนิต: ชื่อหน่วย/อาวุธ/อาคาร/สกิล,160700
160750,Plaster House,บ้านปูนปลาสเตอร์,ยูนิต: ชื่อหน่วย/อาวุธ/อาคาร/สกิล,160750
161100,Immobilized,ตรึงไว้,ยูนิต: ชื่อหน่วย/อาวุธ/อาคาร/สกิล,161100|2161100
161150,Hit Mine!,เหยียบทุ่นระเบิด!,ยูนิต: ชื่อหน่วย/อาวุธ/อาคาร/สกิล,161150|2161150
161451,For the Fatherland,สำหรับปิตุภูมิ,ยูนิต: ชื่อหน่วย/อาวุธ/อาคาร/สกิล,161451|2094150|2151351
161452,Left-click icon to use For the Fatherland.,คลิกซ้ายที่ไอคอนเพื่อใช้เพื่อแผ่นดิน,ยูนิต: ชื่อหน่วย/อาวุธ/อาคาร/สกิล,161452|2094152
161600,Level 3 Production,การผลิตระดับ 3,ยูนิต: ชื่อหน่วย/อาวุธ/อาคาร/สกิล,161600|2161600
161651,Rocket Barrage,จรวดถล่ม,ยูนิต: ชื่อหน่วย/อาวุธ/อาคาร/สกิล,161651|2161651|2203400|2241850
161950,57mm Anti Tank Weapon,อาวุธต่อต้านรถถัง 57 มม,ยูนิต: ชื่อหน่วย/อาวุธ/อาคาร/สกิล,161950|2161950
162150,Armor Company,กองร้อยเกราะ,ยูนิต: ชื่อหน่วย/อาวุธ/อาคาร/สกิล,162150|2162150
162200,Airborne Company,กองร้อย แอร์บอร์น,ยูนิต: ชื่อหน่วย/อาวุธ/อาคาร/สกิล,162200|2162200
162250,Infantry Company,กองร้อยทหารราบ,ยูนิต: ชื่อหน่วย/อาวุธ/อาคาร/สกิล,162250|2162250
162300,Blitzkrieg Doctrine,หลักคำสอนแบบสายฟ้าแลบ,ยูนิต: ชื่อหน่วย/อาวุธ/อาคาร/สกิล,162300|2162300
162350,Defensive Doctrine,หลักคำสอนการป้องกัน,ยูนิต: ชื่อหน่วย/อาวุธ/อาคาร/สกิล,162350|2162350
162400,Terror Doctrine,หลักคำสอนแห่งความหวาดกลัว,ยูนิต: ชื่อหน่วย/อาวุธ/อาคาร/สกิล,162400|2162400
162500,Level 2 Production,การผลิตระดับ 2,ยูนิต: ชื่อหน่วย/อาวุธ/อาคาร/สกิล,162500|2162500
162601,Armor Piercing Shells,กระสุนเจาะเกราะ,ยูนิต: ชื่อหน่วย/อาวุธ/อาคาร/สกิล,162601|2106450|2108300|2162601
163200,Upgrade to MP40,อัปเกรดเป็น MP40,ยูนิต: ชื่อหน่วย/อาวุธ/อาคาร/สกิล,163200
163202,Equip your Volksgrenadier with MP40s,ติดตั้ง MP40 ให้กับ Volksgrenadier ของคุณ,ยูนิต: ชื่อหน่วย/อาวุธ/อาคาร/สกิล,163202
163250,MP40 Sub-Machine Gun,ปืนกลมือ MP40,ยูนิต: ชื่อหน่วย/อาวุธ/อาคาร/สกิล,163250
163251,Improved short range combat.,ปรับปรุงการต่อสู้ระยะสั้น,ยูนิต: ชื่อหน่วย/อาวุธ/อาคาร/สกิล,163251|2163251
163350,Call in a Squad of Rangers.,เรียกหมู่ทหารเรนเจอร์เข้ามา,ยูนิต: ชื่อหน่วย/อาวุธ/อาคาร/สกิล,163350|2163350
163351,Call In Rangers,โทรหาเรนเจอร์,ยูนิต: ชื่อหน่วย/อาวุธ/อาคาร/สกิล,163351|2163351
163402,Demolitions blow up Enemy Structures,การรื้อถอนจะระเบิดโครงสร้างของศัตรู,ยูนิต: ชื่อหน่วย/อาวุธ/อาคาร/สกิล,163402|2163402
163600,Airborne Demolitions Infantry,ทหารราบรื้อถอนทางอากาศ,ยูนิต: ชื่อหน่วย/อาวุธ/อาคาร/สกิล,163600|2163600
163750,Awarded for killing Axis Base Commander.,ได้รับรางวัลจากการสังหารผู้บัญชาการฐานฝ่ายอักษะ,ยูนิต: ชื่อหน่วย/อาวุธ/อาคาร/สกิล,163750|2163750
163751,Air Medal,เหรียญอากาศ,ยูนิต: ชื่อหน่วย/อาวุธ/อาคาร/สกิล,163751|2163751
163800,American Campaign Medal,เหรียญรณรงค์อเมริกัน,ยูนิต: ชื่อหน่วย/อาวุธ/อาคาร/สกิล,163800|2163800
163801,Awarded for closing the Falaise pocket.,ได้รับรางวัลจากการปิดวงล้อมฟาเลส์,ยูนิต: ชื่อหน่วย/อาวุธ/อาคาร/สกิล,163801|2163801
163850,Army Expert Badge,ตราผู้เชี่ยวชาญกองทัพบก,ยูนิต: ชื่อหน่วย/อาวุธ/อาคาร/สกิล,163850|2163850
163851,Awarded for rescuing Rangers in Abbey.,ได้รับรางวัลจากการช่วยเหลือเรนเจอร์ในแอบบีย์,ยูนิต: ชื่อหน่วย/อาวุธ/อาคาร/สกิล,163851|2163851
163900,Army Ranger Badge,ตราสัญลักษณ์กองทัพเรนเจอร์,ยูนิต: ชื่อหน่วย/อาวุธ/อาคาร/สกิล,163900|2163900
163950,Army Sharpshooter Badge,ตราสัญลักษณ์นักแม่นปืนของกองทัพบก,ยูนิต: ชื่อหน่วย/อาวุธ/อาคาร/สกิล,163950|2163950
163951,Awarded for killing Squads with a Sniper.,ได้รับรางวัลจากการสังหารหมู่ด้วย Sniper,ยูนิต: ชื่อหน่วย/อาวุธ/อาคาร/สกิล,163951|2163951
164000,Awarded for destroying Axis headquarters.,ได้รับรางวัลจากการทำลายกองบัญชาการของ Axis,ยูนิต: ชื่อหน่วย/อาวุธ/อาคาร/สกิล,164000|2164000
164050,Distinguished Service Cross,ข้ามบริการที่โดดเด่น,ยูนิต: ชื่อหน่วย/อาวุธ/อาคาร/สกิล,164050|2164050
164100,Distinguished Service Medal,เหรียญบริการดีเด่น,ยูนิต: ชื่อหน่วย/อาวุธ/อาคาร/สกิล,164100|2164100
164150,Expert Infantryman Badge,ตราทหารราบผู้เชี่ยวชาญ,ยูนิต: ชื่อหน่วย/อาวุธ/อาคาร/สกิล,164150|2164150
164151,Awarded for clearing beach exit Dog Red.,ได้รับรางวัลเคลียร์ทางออกชายหาดหมาแดง,ยูนิต: ชื่อหน่วย/อาวุธ/อาคาร/สกิล,164151|2164151
164200,Legion of Merit,กองพันบุญ,ยูนิต: ชื่อหน่วย/อาวุธ/อาคาร/สกิล,164200|2164200
164251,Awarded for killing 300 Germans.,ได้รับรางวัลจากการสังหารชาวเยอรมัน 300 คน,ยูนิต: ชื่อหน่วย/อาวุธ/อาคาร/สกิล,164251|2164251
164301,Awarded for destroying Axis road patrols.,ได้รับรางวัลสำหรับการทำลายหน่วยลาดตระเวนถนนฝ่ายอักษะ,ยูนิต: ชื่อหน่วย/อาวุธ/อาคาร/สกิล,164301|2164301
164400,Soldier's Medal,เหรียญทหาร,ยูนิต: ชื่อหน่วย/อาวุธ/อาคาร/สกิล,164400|2164400
164450,Awarded for Securing port assets.,ได้รับรางวัลสำหรับการรักษาความปลอดภัยทรัพย์สินของท่าเรือ,ยูนิต: ชื่อหน่วย/อาวุธ/อาคาร/สกิล,164450|164950|2164950
164550,Destroy!,ทำลาย!,ยูนิต: ชื่อหน่วย/อาวุธ/อาคาร/สกิล,164550|2164550
164700,Gunner Killed,มือปืนถูกฆ่า,ยูนิต: ชื่อหน่วย/อาวุธ/อาคาร/สกิล,164700|164750|164800|164850|2164700|2164750|2164800|2164850
165200,Aid Station,สถานีช่วยเหลือ,ยูนิต: ชื่อหน่วย/อาวุธ/อาคาร/สกิล,165200|2165200
165250,Engineer Reinforcements to continue the fight,ทหารช่างสนามกำลังเสริมเพื่อสู้ต่อไป,ยูนิต: ชื่อหน่วย/อาวุธ/อาคาร/สกิล,165250|2165250
165252,Rebuild!,สร้างใหม่!,ยูนิต: ชื่อหน่วย/อาวุธ/อาคาร/สกิล,165252|2165252
165301,81mm Mortar Bombardment,การระดมยิงปืนครก 81 มม.,ยูนิต: ชื่อหน่วย/อาวุธ/อาคาร/สกิล,165301|2165301
165501,Call In Reinforcements,เรียกกำลังเสริม,ยูนิต: ชื่อหน่วย/อาวุธ/อาคาร/สกิล,165501|166651|2165501|2166651
166751,Generate more Fuel by Securing this Point.,สร้างเชื้อเพลิงมากขึ้นโดยการรักษาความปลอดภัยจุดนี้,ยูนิต: ชื่อหน่วย/อาวุธ/อาคาร/สกิล,166751|2166751
166950,Upgrade to Aid Station,อัปเกรดเป็นสถานีช่วยเหลือ,ยูนิต: ชื่อหน่วย/อาวุธ/อาคาร/สกิล,166950|2166950
2090051,105mm Howitzer Barrage,กระสุนปืนใหญ่วิถีโค้งฮาวอิตเซอร์ 105 มม,ยูนิต: ชื่อหน่วย/อาวุธ/อาคาร/สกิล,2090051
2090153,Command Level 7,คำสั่งระดับ 7,ยูนิต: ชื่อหน่วย/อาวุธ/อาคาร/สกิล,2090153|2178403|2201102|2203153|2241700|2261450
2090154,Command Level 5,คำสั่งระดับ 5,ยูนิต: ชื่อหน่วย/อาวุธ/อาคาร/สกิล,2090154|2137900|2178405|2241152|2256350
2090155,Command Level 3,คำสั่งระดับ 3,ยูนิต: ชื่อหน่วย/อาวุธ/อาคาร/สกิล,2090155|2090852|2126253|2151454|2151503|2178406|2178502|2200600|2200650|2203050|2203553|2203752|2256357
2090156,24 Population Free,24 ประชากรฟรี,ยูนิต: ชื่อหน่วย/อาวุธ/อาคาร/สกิล,2090156
2090250,Left-click icon to use the ability.,คลิกซ้ายที่ไอคอนเพื่อใช้ความสามารถ,ยูนิต: ชื่อหน่วย/อาวุธ/อาคาร/สกิล,2090250
2090401,Blitz Charge,การชาร์จแบบสายฟ้าแลบ,ยูนิต: ชื่อหน่วย/อาวุธ/อาคาร/สกิล,2090401|2261301
2090451,Camouflage,ลายพราง,ยูนิต: ชื่อหน่วย/อาวุธ/อาคาร/สกิล,2090451|2203352|2242001
2090500,The Church,โบสถ์,ยูนิต: ชื่อหน่วย/อาวุธ/อาคาร/สกิล,2090500|2260250
2090750,6 Command Points,6 จุดสั่งการ,ยูนิต: ชื่อหน่วย/อาวุธ/อาคาร/สกิล,2090750|2092250|2201203|2241851
2090850,Contracted Reinforcements,กำลังเสริมตามสัญญา,ยูนิต: ชื่อหน่วย/อาวุธ/อาคาร/สกิล,2090850
2090853,4 Population Free,4 ประชากรฟรี,ยูนิต: ชื่อหน่วย/อาวุธ/อาคาร/สกิล,2090853|2203756
2091450,5 Islands,5 เกาะ,ยูนิต: ชื่อหน่วย/อาวุธ/อาคาร/สกิล,2091450|2094350
2092200,Crush Time,บดขยี้เวลา,ยูนิต: ชื่อหน่วย/อาวุธ/อาคาร/สกิล,2092200
2092351,3 Command Points,3 จุดสั่งการ,ยูนิต: ชื่อหน่วย/อาวุธ/อาคาร/สกิล,2092351|2242303
2092901,Equip Builders with the M2 Flamethrower.,ติดตั้งเครื่องพ่นไฟ M2 ให้กับนักก่อสร้าง,ยูนิต: ชื่อหน่วย/อาวุธ/อาคาร/สกิล,2092901
2093300,Level 10,เลเวล 10,ยูนิต: ชื่อหน่วย/อาวุธ/อาคาร/สกิล,2093300
2093450,14 Population,14 ประชากร,ยูนิต: ชื่อหน่วย/อาวุธ/อาคาร/สกิล,2093450
2093451,6 Islands,6 เกาะ,ยูนิต: ชื่อหน่วย/อาวุธ/อาคาร/สกิล,2093451|2093503
2093452,Call in a Pershing,โทรหาเพอร์ชิงผู้เกรียงไกร,ยูนิต: ชื่อหน่วย/อาวุธ/อาคาร/สกิล,2093452
2093453,Pershing Reinforcement,การเสริมแรงเพอร์ชิ่ง,ยูนิต: ชื่อหน่วย/อาวุธ/อาคาร/สกิล,2093453
2093500,12 Population,12 ประชากร,ยูนิต: ชื่อหน่วย/อาวุธ/อาคาร/สกิล,2093500
2093502,Call in a Tiger,เรียกกำลังเสริมรถถังไทเกอร์,ยูนิต: ชื่อหน่วย/อาวุธ/อาคาร/สกิล,2093502
2093800,Forward Barracks,ค่ายทหารไปข้างหน้า,ยูนิต: ชื่อหน่วย/อาวุธ/อาคาร/สกิล,2093800|2093801|2093850|2093851|2200700
2094050,Order the Tiger to move at maximum speed.,สั่งให้รถถังไทเกอร์เคลื่อนที่ด้วยความเร็วสูงสุด,ยูนิต: ชื่อหน่วย/อาวุธ/อาคาร/สกิล,2094050
2094100,Propaganda,การโฆษณาชวนเชื่อ,ยูนิต: ชื่อหน่วย/อาวุธ/อาคาร/สกิล,2094100|2203800
2094103,4 Islands,4 เกาะ,ยูนิต: ชื่อหน่วย/อาวุธ/อาคาร/สกิล,2094103|2241504
2094200,Heavy Armour Support,การสนับสนุนเกราะหนัก,ยูนิต: ชื่อหน่วย/อาวุธ/อาคาร/สกิล,2094200
2094204,8 Population Free,8 ประชากรฟรี,ยูนิต: ชื่อหน่วย/อาวุธ/อาคาร/สกิล,2094204|2151504|2199903
2094206,12 Population Free,12 ประชากรฟรี,ยูนิต: ชื่อหน่วย/อาวุธ/อาคาร/สกิล,2094206
2094207,22 Population Free,22 ประชากรฟรี,ยูนิต: ชื่อหน่วย/อาวุธ/อาคาร/สกิล,2094207|2133004
2094208,26 Population Free,26 ประชากรฟรี,ยูนิต: ชื่อหน่วย/อาวุธ/อาคาร/สกิล,2094208
2094255,16 Population Free,16 ประชากรฟรี,ยูนิต: ชื่อหน่วย/อาวุธ/อาคาร/สกิล,2094255|2133003
2094256,Only one King Tiger may be active.,มีเพียง King Tiger เท่านั้นที่สามารถใช้งานได้,ยูนิต: ชื่อหน่วย/อาวุธ/อาคาร/สกิล,2094256
2094300,Defensive Maneuvers,การซ้อมรบป้องกัน,ยูนิต: ชื่อหน่วย/อาวุธ/อาคาร/สกิล,2094300
2094851,Control of the Airfield,การควบคุมสนามบิน,ยูนิต: ชื่อหน่วย/อาวุธ/อาคาร/สกิล,2094851
2095050,Select Panzer IV,เลือกยานเกราะ IV,ยูนิต: ชื่อหน่วย/อาวุธ/อาคาร/สกิล,2095050
2095051,Select the Tank you wish to use in Tankwars.,เลือกรถถังที่คุณต้องการใช้ใน Tankwars,ยูนิต: ชื่อหน่วย/อาวุธ/อาคาร/สกิล,2095051|2095202
2095053,Reinforcements for Respawn,กำลังเสริมสำหรับ Respawn,ยูนิต: ชื่อหน่วย/อาวุธ/อาคาร/สกิล,2095053|2095203
2095201,Select Hellcat,เลือกเฮลล์แคท,ยูนิต: ชื่อหน่วย/อาวุธ/อาคาร/สกิล,2095201
2095250,Radio Triangulation Tower,หอวิทยุสามเหลี่ยม,ยูนิต: ชื่อหน่วย/อาวุธ/อาคาร/สกิล,2095250
2095450,Build Radio Triangulation Devices,สร้างอุปกรณ์สามเหลี่ยมวิทยุ,ยูนิต: ชื่อหน่วย/อาวุธ/อาคาร/สกิล,2095450|2095500
2095802,Hero Airborne,ฮีโร่ แอร์บอร์น,ยูนิต: ชื่อหน่วย/อาวุธ/อาคาร/สกิล,2095802|2144802
2095950,Pioneer - Sharpshooter I,ผู้บุกเบิก - นักแม่นปืน I,ยูนิต: ชื่อหน่วย/อาวุธ/อาคาร/สกิล,2095950
2096000,Pioneers - Sharpshooter II,ผู้บุกเบิก - นักแม่นปืน II,ยูนิต: ชื่อหน่วย/อาวุธ/อาคาร/สกิล,2096000
2096050,Pioneers - Sharpshooter III,ผู้บุกเบิก - นักแม่นปืน III,ยูนิต: ชื่อหน่วย/อาวุธ/อาคาร/สกิล,2096050
2096100,Unlock Axis Sniper,ปลดล็อค Axis Sniper,ยูนิต: ชื่อหน่วย/อาวุธ/อาคาร/สกิล,2096100|2219001|2219002
2096150,Defensive Infantry,ทหารราบป้องกัน,ยูนิต: ชื่อหน่วย/อาวุธ/อาคาร/สกิล,2096150|2096201
2096250,Precision Artillery,ปืนใหญ่ที่แม่นยำ,ยูนิต: ชื่อหน่วย/อาวุธ/อาคาร/สกิล,2096250|2107500
2096253,More Munitions,อาวุธยุทโธปกรณ์เพิ่มเติม,ยูนิต: ชื่อหน่วย/อาวุธ/อาคาร/สกิล,2096253|2096303|2096751|2096952|2097003|2097052|2098402|2099600|2100300|2100500|2101050|2101500|2101600|2101850|2101950|2102250
2096350,Churchill Command,คำสั่งเชอร์ชิลล์,ยูนิต: ชื่อหน่วย/อาวุธ/อาคาร/สกิล,2096350
2096550,Select Panther,เลือกแพนเธอร์,ยูนิต: ชื่อหน่วย/อาวุธ/อาคาร/สกิล,2096550
2096600,Select Hotchkiss,เลือก Hotchkiss,ยูนิต: ชื่อหน่วย/อาวุธ/อาคาร/สกิล,2096600
2096650,Select Churchill,เลือกเชอร์ชิลล์,ยูนิต: ชื่อหน่วย/อาวุธ/อาคาร/สกิล,2096650
2096700,Select Sherman,เลือกเชอร์แมน,ยูนิต: ชื่อหน่วย/อาวุธ/อาคาร/สกิล,2096700
2096753,Long Distance Destruction,การทำลายล้างระยะไกล,ยูนิต: ชื่อหน่วย/อาวุธ/อาคาร/สกิล,2096753
2096850,Stun Shot,สตันช็อต,ยูนิต: ชื่อหน่วย/อาวุธ/อาคาร/สกิล,2096850
2096951,37mm Stun Shot,ช็อตช็อต 37 มม,ยูนิต: ชื่อหน่วย/อาวุธ/อาคาร/สกิล,2096951
2097002,Triple Shot,ทริปเปิ้ลช็อต,ยูนิต: ชื่อหน่วย/อาวุธ/อาคาร/สกิล,2097002|2107950
2097004,High Damage Burst Fire,ยิงรัวสร้างความเสียหายสูง,ยูนิต: ชื่อหน่วย/อาวุธ/อาคาร/สกิล,2097004
2097005,Left-click icon to shoot Burst Fire.,คลิกซ้ายที่ไอคอนเพื่อยิง Burst Fire,ยูนิต: ชื่อหน่วย/อาวุธ/อาคาร/สกิล,2097005
2097050,Hotchkiss Mine Drop,วางทุ่นระเบิด Hotchkiss,ยูนิต: ชื่อหน่วย/อาวุธ/อาคาร/สกิล,2097050
2097153,Airborne Infantry,ทหารราบทางอากาศ,ยูนิต: ชื่อหน่วย/อาวุธ/อาคาร/สกิล,2097153|2097250|2097300|2097350|2097400|2097450|2097500|2097550|2151302
2097702,Drop Hawkins Mine,วางทุ่นระเบิด Hawkins,ยูนิต: ชื่อหน่วย/อาวุธ/อาคาร/สกิล,2097702
2097800,Recoiless Rifle,ปืนไรเฟิลไร้แรงสะท้อน,ยูนิต: ชื่อหน่วย/อาวุธ/อาคาร/สกิล,2097800
2097850,Blind,ตาบอด,ยูนิต: ชื่อหน่วย/อาวุธ/อาคาร/สกิล,2097850
2098401,White Phosphorus Shell,กระสุนฟอสฟอรัสขาว,ยูนิต: ชื่อหน่วย/อาวุธ/อาคาร/สกิล,2098401
2098403,Blinds targeted Enemy,บลายด์กำหนดเป้าหมายศัตรู,ยูนิต: ชื่อหน่วย/อาวุธ/อาคาร/สกิล,2098403
2098552,Transport. Good vs. Infantry,ขนส่ง. มีประสิทธิภาพสูงเมื่อปะทะทหารราบ,ยูนิต: ชื่อหน่วย/อาวุธ/อาคาร/สกิล,2098552
2099301,Reich Headquarters,กองบัญชาการไรช์,ยูนิต: ชื่อหน่วย/อาวุธ/อาคาร/สกิล,2099301
2101051,Attack/Speed Buff on all Axis Units,บัฟโจมตี/ความเร็วบนยูนิตแกนทั้งหมด,ยูนิต: ชื่อหน่วย/อาวุธ/อาคาร/สกิล,2101051
2101502,Gain Visibility,ได้รับการมองเห็น,ยูนิต: ชื่อหน่วย/อาวุธ/อาคาร/สกิล,2101502
2101601,On Field Heal,ในการรักษาภาคสนาม,ยูนิต: ชื่อหน่วย/อาวุธ/อาคาร/สกิล,2101601
2102252,Group Field Repairs,ซ่อมแซมสนามกลุ่ม,ยูนิต: ชื่อหน่วย/อาวุธ/อาคาร/สกิล,2102252|2105050
2102253,Left-click icon to begin Group Field Repairs.,คลิกซ้ายที่ไอคอนเพื่อเริ่มการซ่อมแซมภาคสนามแบบกลุ่ม,ยูนิต: ชื่อหน่วย/อาวุธ/อาคาร/สกิล,2102253
2102350,Hellcat Mine Drop,วางทุ่นระเบิด Hellcat,ยูนิต: ชื่อหน่วย/อาวุธ/อาคาร/สกิล,2102350
2103500,Power Walk,เพาเวอร์วอล์ค,ยูนิต: ชื่อหน่วย/อาวุธ/อาคาร/สกิล,2103500
2103600,Fire Explosive Panzerfaust,ยานเกราะระเบิดเพลิง,ยูนิต: ชื่อหน่วย/อาวุธ/อาคาร/สกิล,2103600
2103650,Throw Large Bundled Grenade,ขว้างระเบิดมือมัดใหญ่,ยูนิต: ชื่อหน่วย/อาวุธ/อาคาร/สกิล,2103650
2103800,37mm Stun Shot Upgrade,อัพเกรดช็อตช็อต 37 มม,ยูนิต: ชื่อหน่วย/อาวุธ/อาคาร/สกิล,2103800
2103850,Long Barreled Cannon,ปืนใหญ่ลำกล้องยาว,ยูนิต: ชื่อหน่วย/อาวุธ/อาคาร/สกิล,2103850
2104150,Demolitions Volksgrenadiers,การรื้อถอน Volksgrenadiers,ยูนิต: ชื่อหน่วย/อาวุธ/อาคาร/สกิล,2104150
2104250,Rocket Barrage Upgrade,การอัพเกรด Rocket ยิงปูพรม,ยูนิต: ชื่อหน่วย/อาวุธ/อาคาร/สกิล,2104250
2104350,Mine Laying Upgrade,การอัพเกรดการวางทุ่นระเบิด,ยูนิต: ชื่อหน่วย/อาวุธ/อาคาร/สกิล,2104350
2104550,Camouflage Paint,สีอำพราง,ยูนิต: ชื่อหน่วย/อาวุธ/อาคาร/สกิล,2104550|2113952
2105500,Flame Thrower Upgrade,การอัพเกรดเครื่องพ่นไฟ,ยูนิต: ชื่อหน่วย/อาวุธ/อาคาร/สกิล,2105500
2105501,Equips the Churchill with a Flame Thrower,ติดตั้ง Churchill ด้วยเครื่องพ่นไฟ,ยูนิต: ชื่อหน่วย/อาวุธ/อาคาร/สกิล,2105501
2105650,Heroic Assault,การโจมตีแบบฮีโร่,ยูนิต: ชื่อหน่วย/อาวุธ/อาคาร/สกิล,2105650|2113100
2105702,Good for Slowing Enemies,เหมาะสำหรับการชะลอศัตรู,ยูนิต: ชื่อหน่วย/อาวุธ/อาคาร/สกิล,2105702
2106800,Hawkins Mine Upgrade,อัปเกรดทุ่นระเบิด Hawkins,ยูนิต: ชื่อหน่วย/อาวุธ/อาคาร/สกิล,2106800
2106900,HVAP Ammunition Upgrade,การอัพเกรดกระสุน HVAP,ยูนิต: ชื่อหน่วย/อาวุธ/อาคาร/สกิล,2106900
2107000,Observational Status,สถานะการสังเกตการณ์,ยูนิต: ชื่อหน่วย/อาวุธ/อาคาร/สกิล,2107000|2121451|2199850
2107200,Armor Schürzen Upgrade,อัพเกรดเกราะชูร์เซน,ยูนิต: ชื่อหน่วย/อาวุธ/อาคาร/สกิล,2107200
2107202,Protects Tank Flanks,ปกป้องสีข้างรถถัง,ยูนิต: ชื่อหน่วย/อาวุธ/อาคาร/สกิล,2107202|2107602
2107300,White Phosphorus Ability,ความสามารถของฟอสฟอรัสขาว,ยูนิต: ชื่อหน่วย/อาวุธ/อาคาร/สกิล,2107300
2107352,Temp Buff to all  Axis Units,บัฟชั่วคราวให้กับยูนิตแกนทั้งหมด,ยูนิต: ชื่อหน่วย/อาวุธ/อาคาร/สกิล,2107352
2107450,Defensive Smoke Upgrade,การอัพเกรดควันป้องกัน,ยูนิต: ชื่อหน่วย/อาวุธ/อาคาร/สกิล,2107450
2107452,Portable Cover,ที่กำบังแบบพกพา,ยูนิต: ชื่อหน่วย/อาวุธ/อาคาร/สกิล,2107452
2107600,Armor Piercing Shells Upgrade,อัพเกรดเกราะเจาะเกราะ,ยูนิต: ชื่อหน่วย/อาวุธ/อาคาร/สกิล,2107600
2107700,Armor Skirt Upgrade,อัพเกรดกระโปรงเกราะ,ยูนิต: ชื่อหน่วย/อาวุธ/อาคาร/สกิล,2107700
2107752,Good for Flanking,เหมาะสำหรับการขนาบข้าง,ยูนิต: ชื่อหน่วย/อาวุธ/อาคาร/สกิล,2107752|2108952|2110853|2110901
2107802,Good for Burst Damage,เหมาะสำหรับสร้างความเสียหายแบบ Burst,ยูนิต: ชื่อหน่วย/อาวุธ/อาคาร/สกิล,2107802
2107900,Self Repair,การซ่อมแซมตนเอง,ยูนิต: ชื่อหน่วย/อาวุธ/อาคาร/สกิล,2107900|2178500|2256800
2107902,Repairing temporarily disables weapons.,การซ่อมแซมจะปิดการใช้งานอาวุธชั่วคราว,ยูนิต: ชื่อหน่วย/อาวุธ/อาคาร/สกิล,2107902|2148101
2107952,Good for One Shot Kills,เหมาะสำหรับ One Shot Kills,ยูนิต: ชื่อหน่วย/อาวุธ/อาคาร/สกิล,2107952
2108000,76mm Gun Upgrade,อัพเกรดปืน 76 มม,ยูนิต: ชื่อหน่วย/อาวุธ/อาคาร/สกิล,2108000
2108150,Spawn an 88,เรียกระดมพลปืน 88,ยูนิต: ชื่อหน่วย/อาวุธ/อาคาร/สกิล,2108150
2108250,Spawn an HMG squad,เรียกระดมพลทีม HMG,ยูนิต: ชื่อหน่วย/อาวุธ/อาคาร/สกิล,2108250
2108350,Spawn a mortar squad,เรียกระดมพลทีมครก,ยูนิต: ชื่อหน่วย/อาวุธ/อาคาร/สกิล,2108350
2108450,Spawn a Pak38,เรียกระดมพล Pak38,ยูนิต: ชื่อหน่วย/อาวุธ/อาคาร/สกิล,2108450
2108500,Crab Flail,ปูผัดผงกะหรี่,ยูนิต: ชื่อหน่วย/อาวุธ/อาคาร/สกิล,2108500
2108550,Spawn a Quad 20,เรียกระดมพล Quad 20,ยูนิต: ชื่อหน่วย/อาวุธ/อาคาร/สกิล,2108550
2108650,Smoke Canisters,ถังควัน,ยูนิต: ชื่อหน่วย/อาวุธ/อาคาร/สกิล,2108650
2108900,50 Cal Machine Gun Upgrade,อัพเกรดปืนกล 50 Cal,ยูนิต: ชื่อหน่วย/อาวุธ/อาคาร/สกิล,2108900
2110752,Useful for Flanking,มีประโยชน์สำหรับการขนาบข้าง,ยูนิต: ชื่อหน่วย/อาวุธ/อาคาร/สกิล,2110752
2110802,Not In Rapid Fire,ไม่ได้อยู่ใน ยิงเร็ว,ยูนิต: ชื่อหน่วย/อาวุธ/อาคาร/สกิล,2110802
2110852,Left-click to activate Flank Speed,คลิกซ้ายเพื่อเปิดใช้งานความเร็วปีก,ยูนิต: ชื่อหน่วย/อาวุธ/อาคาร/สกิล,2110852
2110854,No Engine Damage,ไม่มีความเสียหายต่อเครื่องยนต์,ยูนิต: ชื่อหน่วย/อาวุธ/อาคาร/สกิล,2110854
2110855,Not in Hulldown,ไม่ได้อยู่ในฮัลดาวน์,ยูนิต: ชื่อหน่วย/อาวุธ/อาคาร/สกิล,2110855
2110903,Not In Ambush,ไม่ได้อยู่ในการซุ่มโจมตี,ยูนิต: ชื่อหน่วย/อาวุธ/อาคาร/สกิล,2110903
2110904,Left-click icon to activate Flank Speed.,คลิกซ้ายที่ไอคอนเพื่อเปิดใช้งานความเร็วปีก,ยูนิต: ชื่อหน่วย/อาวุธ/อาคาร/สกิล,2110904
2111150,The Garage,โรงรถ,ยูนิต: ชื่อหน่วย/อาวุธ/อาคาร/สกิล,2111150
2112100,Infantry Support,สนับสนุนทหารราบ,ยูนิต: ชื่อหน่วย/อาวุธ/อาคาร/สกิล,2112100|2121050
2112102,Effective against anti-tank infantry.,มีประสิทธิภาพในการต่อต้านทหารราบต่อต้านรถถัง,ยูนิต: ชื่อหน่วย/อาวุธ/อาคาร/สกิล,2112102|2121005|2121052
2112900,Stealth Infantry Support,การสนับสนุนทหารราบชิงทรัพย์,ยูนิต: ชื่อหน่วย/อาวุธ/อาคาร/สกิล,2112900|2121003
2113300,Firestorm Rocket Barrage,จรวด Firestorm ยิงถล่ม,ยูนิต: ชื่อหน่วย/อาวุธ/อาคาร/สกิล,2113300|2256355
2113401,Raises projectile efficiency,เพิ่มประสิทธิภาพกระสุนปืน,ยูนิต: ชื่อหน่วย/อาวุธ/อาคาร/สกิล,2113401
2113501,Good for Stealth Movement,เหมาะสำหรับการเคลื่อนไหวล่องหน,ยูนิต: ชื่อหน่วย/อาวุธ/อาคาร/สกิล,2113501
2113600,Good for Stealth Defense/Offense,เหมาะสำหรับการป้องกันการลักลอบ/การโจมตี,ยูนิต: ชื่อหน่วย/อาวุธ/อาคาร/สกิล,2113600
2113651,Good for Scouting,ดีสำหรับการสอดแนม,ยูนิต: ชื่อหน่วย/อาวุธ/อาคาร/สกิล,2113651
2113701,Left-click icon to fire the Smoke Round.,คลิกซ้ายที่ไอคอนเพื่อยิง Smoke Round,ยูนิต: ชื่อหน่วย/อาวุธ/อาคาร/สกิล,2113701
2113751,Use to Avoid Mines,ใช้เพื่อหลบเลี่ยงทุ่นระเบิด,ยูนิต: ชื่อหน่วย/อาวุธ/อาคาร/สกิล,2113751|2113801
2113802,Left-click icon to activate the Crab Flail.,คลิกซ้ายที่ไอคอนเพื่อเปิดใช้งาน Crab Flail,ยูนิต: ชื่อหน่วย/อาวุธ/อาคาร/สกิล,2113802|2113850
2113851,Toggle Mine Clearing,สลับการล้างทุ่นระเบิด,ยูนิต: ชื่อหน่วย/อาวุธ/อาคาร/สกิล,2113851
2113852,Use to counter mines.,ใช้เพื่อตอบโต้ทุ่นระเบิด,ยูนิต: ชื่อหน่วย/อาวุธ/อาคาร/สกิล,2113852
2113900,Stationary Rapid Fire,ระดมยิงเร็วขณะอยู่กับที่,ยูนิต: ชื่อหน่วย/อาวุธ/อาคาร/สกิล,2113900
2113951,Gain the Element of Surprise,รับองค์ประกอบแห่งความประหลาดใจ,ยูนิต: ชื่อหน่วย/อาวุธ/อาคาร/สกิล,2113951
2114050,Use to Harvest Munitions,ใช้เพื่อเก็บเกี่ยวอาวุธยุทโธปกรณ์,ยูนิต: ชื่อหน่วย/อาวุธ/อาคาร/สกิล,2114050
2114450,Plant Tank to Gain Attack Power,จอดรถถังประจำที่เพื่อเพิ่มพลังโจมตี,ยูนิต: ชื่อหน่วย/อาวุธ/อาคาร/สกิล,2114450
2114552,Guschutzwagen,กูชุทสวาเกน,ยูนิต: ชื่อหน่วย/อาวุธ/อาคาร/สกิล,2114552
2114700,Resupply Bunker,เติมเสบียงบังเกอร์,ยูนิต: ชื่อหน่วย/อาวุธ/อาคาร/สกิล,2114700|2246168|2246219
2114701,Select uniit in order to deploy a hero,เลือกหน่วยเพื่อส่งกำลังรบฮีโร่,ยูนิต: ชื่อหน่วย/อาวุธ/อาคาร/สกิล,2114701
2115352,"Troop Carrier, Good vs. Infantry.",รถขนส่งทหาร Good vs. ทหารราบ,ยูนิต: ชื่อหน่วย/อาวุธ/อาคาร/สกิล,2115352
2115400,Hotchkiss Tank,รถถัง Hotchkiss,ยูนิต: ชื่อหน่วย/อาวุธ/อาคาร/สกิล,2115400|2115401|2115402
2115650,Hotchkiss tank,รถถังฮ็อตช์คิส,ยูนิต: ชื่อหน่วย/อาวุธ/อาคาร/สกิล,2115650
2116500,Reinforcement Bunker,บังเกอร์เสริมแรง,ยูนิต: ชื่อหน่วย/อาวุธ/อาคาร/สกิล,2116500|2116501|2117300
2119000,Upgrade to Medical Station,อัปเกรดเป็นสถานีการแพทย์,ยูนิต: ชื่อหน่วย/อาวุธ/อาคาร/สกิล,2119000
2119300,Wirblewind,ลมหมุน,ยูนิต: ชื่อหน่วย/อาวุธ/อาคาร/สกิล,2119300
2121100,Paradrop Munitions to Revealed Territory,อาวุธ Paradrop สู่ดินแดนที่ถูกเปิดเผย,ยูนิต: ชื่อหน่วย/อาวุธ/อาคาร/สกิล,2121100
2121150,Mortar Station Victory Point,จุดยุทธศาสตร์ ฐานครก,ยูนิต: ชื่อหน่วย/อาวุธ/อาคาร/สกิล,2121150
2121200,Radio Tower Victory Point,คะแนนชัยชนะของหอวิทยุ,ยูนิต: ชื่อหน่วย/อาวุธ/อาคาร/สกิล,2121200
2121250,Infantry Barracks Victory Point,คะแนนชัยชนะของค่ายทหารราบ,ยูนิต: ชื่อหน่วย/อาวุธ/อาคาร/สกิล,2121250
2124050,Command Tank ( Available From Armor Command ),Command Tank,ยูนิต: ชื่อหน่วย/อาวุธ/อาคาร/สกิล,2124050
2126251,Ranger Reinforcements,กำลังเสริมของเรนเจอร์,ยูนิต: ชื่อหน่วย/อาวุธ/อาคาร/สกิล,2126251
2126254,6 Population Free,6 ประชากรฟรี,ยูนิต: ชื่อหน่วย/อาวุธ/อาคาร/สกิล,2126254|2151455|2178604
2128550,Increase Grenadier Capture Rate,เพิ่มอัตราการยึดครอง เกรนาเดียร์,ยูนิต: ชื่อหน่วย/อาวุธ/อาคาร/สกิล,2128550
2131101,"Detector unit, can capture Territory",หน่วยตรวจจับสามารถยึดดินแดนได้,ยูนิต: ชื่อหน่วย/อาวุธ/อาคาร/สกิล,2131101
2133000,Armoured Combat Group,กลุ่มรบหุ้มเกราะ,ยูนิต: ชื่อหน่วย/อาวุธ/อาคาร/สกิล,2133000
2133005,28 Population Free,28 ประชากรฟรี,ยูนิต: ชื่อหน่วย/อาวุธ/อาคาร/สกิล,2133005
2133006,34 Population Free,34 ประชากรฟรี,ยูนิต: ชื่อหน่วย/อาวุธ/อาคาร/สกิล,2133006
2134051,Increases Sniper weapon range by 10%,เพิ่มระยะอาวุธ Sniper 10%,ยูนิต: ชื่อหน่วย/อาวุธ/อาคาร/สกิล,2134051
2135203,Command Level 4,คำสั่งระดับ 4,ยูนิต: ชื่อหน่วย/อาวุธ/อาคาร/สกิล,2135203|2151604|2178603|2199902|2203402|2203502|2203702|2256352|2256600|2259100
2135853,Allied Airborne Commander,ผู้บัญชาการทหารอากาศฝ่ายสัมพันธมิตร,ยูนิต: ชื่อหน่วย/อาวุธ/อาคาร/สกิล,2135853
2135856,Allied Infantry Commander,ผู้บัญชาการทหารราบพันธมิตร,ยูนิต: ชื่อหน่วย/อาวุธ/อาคาร/สกิล,2135856
2135858,Allied Armour Commander,ผู้บัญชาการสายยานเกราะฝ่ายสัมพันธมิตร,ยูนิต: ชื่อหน่วย/อาวุธ/อาคาร/สกิล,2135858
2135860,Axis Blitzkrieg Commander,ผู้บัญชาการฝ่ายอักษะ Blitzkrieg,ยูนิต: ชื่อหน่วย/อาวุธ/อาคาร/สกิล,2135860
2135862,Axis Terror Commander,ผู้บัญชาการฝ่ายอักษะก่อการร้าย,ยูนิต: ชื่อหน่วย/อาวุธ/อาคาร/สกิล,2135862
2135864,Axis Defensive Commander,ผู้บัญชาการฝ่ายป้องกันฝ่ายอักษะ,ยูนิต: ชื่อหน่วย/อาวุธ/อาคาร/สกิล,2135864
2136253,Command Level 2,คำสั่งระดับ 2,ยูนิต: ชื่อหน่วย/อาวุธ/อาคาร/สกิล,2136253|2151353|2166502|2200702|2201150|2203302|2203452|2203554|2241750|2259802
2136302,$2136502 No Key,$2136502 No Key,ยูนิต: ชื่อหน่วย/อาวุธ/อาคาร/สกิล,2136302|2151852
2136851,$2137401 No Key,$2137401 No Key,ยูนิต: ชื่อหน่วย/อาวุธ/อาคาร/สกิล,2136851
2137250,Engineer squads capture points 20% faster,ทีมทหารช่างสนามเก็บคะแนนเร็วขึ้น 20%,ยูนิต: ชื่อหน่วย/อาวุธ/อาคาร/สกิล,2137250
2139200,Repair Vehicles or Structure,ซ่อมแซมยานพาหนะหรือโครงสร้าง,ยูนิต: ชื่อหน่วย/อาวุธ/อาคาร/สกิล,2139200
2140751,Rocket Ambush,จรวดซุ่มโจมตี,ยูนิต: ชื่อหน่วย/อาวุธ/อาคาร/สกิล,2140751
2141551,Basic Support Building,อาคารสนับสนุนขั้นพื้นฐาน,ยูนิต: ชื่อหน่วย/อาวุธ/อาคาร/สกิล,2141551
2142353,Increases duration,เพิ่มระยะเวลา,ยูนิต: ชื่อหน่วย/อาวุธ/อาคาร/สกิล,2142353
2142550,Throw Grenade Long-Range,ขว้างระเบิดมือระยะไกล,ยูนิต: ชื่อหน่วย/อาวุธ/อาคาร/สกิล,2142550
2142851,HMG Nest,เอชเอ็มจี เนสท์,ยูนิต: ชื่อหน่วย/อาวุธ/อาคาร/สกิล,2142851
2143250,Assisted Mortar Bombardment,การระดมยิงปืนครกสนับสนุน,ยูนิต: ชื่อหน่วย/อาวุธ/อาคาร/สกิล,2143250
2144051,Hero Command Squad,หน่วยบัญชาการฮีโร่,ยูนิต: ชื่อหน่วย/อาวุธ/อาคาร/สกิล,2144051|2182301
2144500,Hero Off-Map Artillery Strike,การโจมตีด้วยปืนใหญ่นอกแผนที่ของฮีโร่,ยูนิต: ชื่อหน่วย/อาวุธ/อาคาร/สกิล,2144500
2148102,Vehicle Self Repair,การซ่อมรถด้วยตนเอง,ยูนิต: ชื่อหน่วย/อาวุธ/อาคาร/สกิล,2148102
2148551,Resurrect,ชุบชีวิต,ยูนิต: ชื่อหน่วย/อาวุธ/อาคาร/สกิล,2148551
2148851,Sight range of M3 Halftrack increased by 10%,ระยะการมองเห็นของ รถสายพานกึ่งล้อยาง M3 เพิ่มขึ้น 10%,ยูนิต: ชื่อหน่วย/อาวุธ/อาคาร/สกิล,2148851
2148901,The Dislodger,ดิสลอดเจอร์,ยูนิต: ชื่อหน่วย/อาวุธ/อาคาร/สกิล,2148901|2148902|2162451|2162452
2148950,Sight range of M3 Halftrack increased by 30%,ระยะการมองเห็นของ รถสายพานกึ่งล้อยาง M3 เพิ่มขึ้น 30%,ยูนิต: ชื่อหน่วย/อาวุธ/อาคาร/สกิล,2148950
2149801,Armor Piercing Rounds damage increased by 10%,Armor Piercing Rounds ความเสียหายเพิ่มขึ้น 10%,ยูนิต: ชื่อหน่วย/อาวุธ/อาคาร/สกิล,2149801
2149851,Armor Piercing Rounds damage increased by 20%,Armor Piercing Rounds ความเสียหายเพิ่มขึ้น 20%,ยูนิต: ชื่อหน่วย/อาวุธ/อาคาร/สกิล,2149851
2149901,M8 Armored Car Mine Drop,การวางทุ่นระเบิดของรถเกราะ M8,ยูนิต: ชื่อหน่วย/อาวุธ/อาคาร/สกิล,2149901
2150251,Jeeps' accuracy increased by 3%,ความแม่นยำของรถจี๊ปเพิ่มขึ้น 3%,ยูนิต: ชื่อหน่วย/อาวุธ/อาคาร/สกิล,2150251
2150301,Jeeps' accuracy increased by 6%,ความแม่นยำของรถจี๊ปเพิ่มขึ้น 6%,ยูนิต: ชื่อหน่วย/อาวุธ/อาคาร/สกิล,2150301
2150351,Jeeps' accuracy increased by 9%,ความแม่นยำของรถจี๊ปเพิ่มขึ้น 9%,ยูนิต: ชื่อหน่วย/อาวุธ/อาคาร/สกิล,2150351
2150451,Jeeps' sight range is increased by 10%,ระยะการมองเห็นของรถจี๊ปเพิ่มขึ้น 10%,ยูนิต: ชื่อหน่วย/อาวุธ/อาคาร/สกิล,2150451
2151051,Grenade throw range increased by 10%,ระยะการขว้างระเบิดเพิ่มขึ้น 10%,ยูนิต: ชื่อหน่วย/อาวุธ/อาคาร/สกิล,2151051
2151452,Airborne Paradrop,การส่งกำลังทางอากาศ,ยูนิต: ชื่อหน่วย/อาวุธ/อาคาร/สกิล,2151452
2151602,Artillery Strike,การโจมตีด้วยปืนใหญ่,ยูนิต: ชื่อหน่วย/อาวุธ/อาคาร/สกิล,2151602
2151700,Enhanced Range Stickybombs Rank 1,Stickybombs ระยะที่ปรับปรุงแล้วอันดับ 1,ยูนิต: ชื่อหน่วย/อาวุธ/อาคาร/สกิล,2151700
2151751,The range of Stickybombs is increased by 10%,ระยะของ Stickybombs เพิ่มขึ้น 10%,ยูนิต: ชื่อหน่วย/อาวุธ/อาคาร/สกิล,2151751
2151851,$2136501 No Key,$2136501 No Key,ยูนิต: ชื่อหน่วย/อาวุธ/อาคาร/สกิล,2151851
2152600,$2136951 No Key,$2136951 No Key,ยูนิต: ชื่อหน่วย/อาวุธ/อาคาร/สกิล,2152600
2153151,$2137051 No Key,$2137051 No Key,ยูนิต: ชื่อหน่วย/อาวุธ/อาคาร/สกิล,2153151
2153152,$2137052 No Key,$2137052 No Key,ยูนิต: ชื่อหน่วย/อาวุธ/อาคาร/สกิล,2153152
2153351,$2137301 No Key,$2137301 No Key,ยูนิต: ชื่อหน่วย/อาวุธ/อาคาร/สกิล,2153351
2153400,Camouflage Ambush,การซุ่มโจมตีอำพราง,ยูนิต: ชื่อหน่วย/อาวุธ/อาคาร/สกิล,2153400
2156050,Stickybombs Research,การวิจัย Stickybombs,ยูนิต: ชื่อหน่วย/อาวุธ/อาคาร/สกิล,2156050
2156101,Sight range of M3 Halftrack increased by 20%,ระยะการมองเห็นของ รถสายพานกึ่งล้อยาง M3 เพิ่มขึ้น 20%,ยูนิต: ชื่อหน่วย/อาวุธ/อาคาร/สกิล,2156101
2156151,Jeeps' sight range is increased by 20%,ระยะการมองเห็นของรถจี๊ปเพิ่มขึ้น 20%,ยูนิต: ชื่อหน่วย/อาวุธ/อาคาร/สกิล,2156151
2156351,Jeeps' sight range is increased by 30%,ระยะการมองเห็นของรถจี๊ปเพิ่มขึ้น 30%,ยูนิต: ชื่อหน่วย/อาวุธ/อาคาร/สกิล,2156351
2156450,Jeep Armor Upgrade 1,การอัพเกรดเกราะรถจี๊ป 1,ยูนิต: ชื่อหน่วย/อาวุธ/อาคาร/สกิล,2156450|2156451
2156452,Reduces damage taken,ลดความเสียหายที่ได้รับ,ยูนิต: ชื่อหน่วย/อาวุธ/อาคาร/สกิล,2156452|2157100|2157950|2193850|2194300|2194350|2194400|2194450|2194500|2194550|2194600|2194650|2194700
2156750,Assault Reinforcements,เสริมกำลังโจมตี,ยูนิต: ชื่อหน่วย/อาวุธ/อาคาร/สกิล,2156750
2156752,20 Population Free,20 ประชากรฟรี,ยูนิต: ชื่อหน่วย/อาวุธ/อาคาร/สกิล,2156752
2156900,Increases gun damage,เพิ่มความเสียหายของปืน,ยูนิต: ชื่อหน่วย/อาวุธ/อาคาร/สกิล,2156900|2157650|2157750|2185650|2186100|2186150|2186200|2186250|2186300|2186350|2186400|2186450|2186500
2156901,Weapon Upgrade 3,การอัพเกรดอาวุธ 3,ยูนิต: ชื่อหน่วย/อาวุธ/อาคาร/สกิล,2156901|2156902
2156950,Engine Upgrade 1,การอัพเกรดเครื่องยนต์ 1,ยูนิต: ชื่อหน่วย/อาวุธ/อาคาร/สกิล,2156950|2156952
2156951,Improves movement speed,ปรับปรุงความเร็วในการเคลื่อนที่,ยูนิต: ชื่อหน่วย/อาวุธ/อาคาร/สกิล,2156951|2157050|2157850
2157051,Engine Upgrade 2,การอัพเกรดเครื่องยนต์ 2,ยูนิต: ชื่อหน่วย/อาวุธ/อาคาร/สกิล,2157051|2157052
2157101,Jeep Armor Upgrade 2,อัพเกรดเกราะรถจี๊ป 2,ยูนิต: ชื่อหน่วย/อาวุธ/อาคาร/สกิล,2157101|2157102
2157400,Veteran Weapon Teams,ทีมอาวุธทหารผ่านศึก,ยูนิต: ชื่อหน่วย/อาวุธ/อาคาร/สกิล,2157400|2157402
2157651,Weapon Upgrade 1,อัพเกรดอาวุธ1,ยูนิต: ชื่อหน่วย/อาวุธ/อาคาร/สกิล,2157651|2157652
2157751,Weapon Upgrade 2,การอัพเกรดอาวุธ 2,ยูนิต: ชื่อหน่วย/อาวุธ/อาคาร/สกิล,2157751|2157752
2157851,Engine Upgrade 3,การอัพเกรดเครื่องยนต์ 3,ยูนิต: ชื่อหน่วย/อาวุธ/อาคาร/สกิล,2157851|2157852
2157951,Jeep Armor Upgrade 3,อัพเกรดเกราะรถจี๊ป 3,ยูนิต: ชื่อหน่วย/อาวุธ/อาคาร/สกิล,2157951|2157952
2158250,Heartening Shout,ตะโกนเอาอกเอาใจ,ยูนิต: ชื่อหน่วย/อาวุธ/อาคาร/สกิล,2158250
2158401,The Builder,ผู้สร้าง,ยูนิต: ชื่อหน่วย/อาวุธ/อาคาร/สกิล,2158401|2158402|2161450|2161452
2158450,The Scout,หน่วยลาดตระเวน,ยูนิต: ชื่อหน่วย/อาวุธ/อาคาร/สกิล,2158450|2158452|2161351|2161352
2158600,The Rocket,จรวด,ยูนิต: ชื่อหน่วย/อาวุธ/อาคาร/สกิล,2158600|2158602|2161751|2161752
2158850,The Soldier,ทหาร,ยูนิต: ชื่อหน่วย/อาวุธ/อาคาร/สกิล,2158850|2158852|2161501|2161502
2159000,The Sharpshooter,นักแม่นปืน,ยูนิต: ชื่อหน่วย/อาวุธ/อาคาร/สกิล,2159000|2159002|2161850|2161852
2161550,The Pathfinder,ผู้เบิกทาง,ยูนิต: ชื่อหน่วย/อาวุธ/อาคาร/สกิล,2161550|2161551|2161700|2161702
2162550,The Machine Gunner,มือปืนกล,ยูนิต: ชื่อหน่วย/อาวุธ/อาคาร/สกิล,2162550|2162552|2197950|2197952
2163250,MP40 Sub-Machine gun,ปืนกลย่อย MP40,ยูนิต: ชื่อหน่วย/อาวุธ/อาคาร/สกิล,2163250
2166200,The Medic,แพทย์,ยูนิต: ชื่อหน่วย/อาวุธ/อาคาร/สกิล,2166200|2166202|2182650|2182652
2166300,PLACEHOLDER: Next Shot +50% Damage!,ตัวยึด: ช็อตถัดไป + ความเสียหาย 50%!,ยูนิต: ชื่อหน่วย/อาวุธ/อาคาร/สกิล,2166300
2166500,HVAP Rounds,รอบ HVAP,ยูนิต: ชื่อหน่วย/อาวุธ/อาคาร/สกิล,2166500
2166550,Reactive Artillery,ปืนใหญ่ปฏิกิริยา,ยูนิต: ชื่อหน่วย/อาวุธ/อาคาร/สกิล,2166550
2169901,Reduces Munitions cost by 25 munitions,ลดค่าใช้จ่ายยุทโธปกรณ์ลง 25 ยุทโธปกรณ์,ยูนิต: ชื่อหน่วย/อาวุธ/อาคาร/สกิล,2169901
2171051,Increases duration by 10 seconds,เพิ่มระยะเวลา 10 วินาที,ยูนิต: ชื่อหน่วย/อาวุธ/อาคาร/สกิล,2171051
2173951,Reduces munitions cost by 50,ลดค่าอาวุธยุทโธปกรณ์ลง 50,ยูนิต: ชื่อหน่วย/อาวุธ/อาคาร/สกิล,2173951
2174051,Removes munitions cost,ลบต้นทุนอาวุธยุทโธปกรณ์,ยูนิต: ชื่อหน่วย/อาวุธ/อาคาร/สกิล,2174051
2178201,Fire Nest,ฐานยิง,ยูนิต: ชื่อหน่วย/อาวุธ/อาคาร/สกิล,2178201
2178251,Flame Bunk,เปลวไฟสองชั้น,ยูนิต: ชื่อหน่วย/อาวุธ/อาคาร/สกิล,2178251
2178402,Command Level 8,คำสั่งระดับ 8,ยูนิต: ชื่อหน่วย/อาวุธ/อาคาร/สกิล,2178402|2203152|2261350
2178404,Command Level 6,คำสั่งระดับ 6,ยูนิต: ชื่อหน่วย/อาวุธ/อาคาร/สกิล,2178404|2203102|2203154|2241151|2256351
2178550,Inspired Zeal,ความกระตือรือร้นที่ได้รับแรงบันดาลใจ,ยูนิต: ชื่อหน่วย/อาวุธ/อาคาร/สกิล,2178550
2178552,Command Level 1,คำสั่งระดับ 1,ยูนิต: ชื่อหน่วย/อาวุธ/อาคาร/สกิล,2178552|2203002|2203350|2203555|2203602|2203650|2241900|2242250|2259803
2178600,Engineer Rifleman,ทหารช่างสนามไรเฟิลแมน,ยูนิต: ชื่อหน่วย/อาวุธ/อาคาร/สกิล,2178600
2178601,Engineer Rifleman are called in from off-map.,ทหารช่างสนามไรเฟิลแมนถูกเรียกเข้ามาจากนอกแผนที่,ยูนิต: ชื่อหน่วย/อาวุธ/อาคาร/สกิล,2178601
2178750,Aid Station Bunker,สถานีช่วยเหลือบังเกอร์,ยูนิต: ชื่อหน่วย/อาวุธ/อาคาร/สกิล,2178750
2178800,MG42 Bunker,บังเกอร์ MG42,ยูนิต: ชื่อหน่วย/อาวุธ/อาคาร/สกิล,2178800
2178850,Repair Bunker,ซ่อมแซมบังเกอร์,ยูนิต: ชื่อหน่วย/อาวุธ/อาคาร/สกิล,2178850
2178900,Heavy Mines,ทุ่นระเบิดหนัก,ยูนิต: ชื่อหน่วย/อาวุธ/อาคาร/สกิล,2178900
2178950,Tricky Mines,ทุ่นระเบิดลวง,ยูนิต: ชื่อหน่วย/อาวุธ/อาคาร/สกิล,2178950
2179000,Build Mines,วางทุ่นระเบิด,ยูนิต: ชื่อหน่วย/อาวุธ/อาคาร/สกิล,2179000
2179001,Construct Various Mines.,สร้างทุ่นระเบิดชนิดต่างๆ,ยูนิต: ชื่อหน่วย/อาวุธ/อาคาร/สกิล,2179001
2180400,Place Crippling Trap,วางกับดักที่ทำให้พิการ,ยูนิต: ชื่อหน่วย/อาวุธ/อาคาร/สกิล,2180400
2185651,Weapon Rank 1,อาวุธอันดับ 1,ยูนิต: ชื่อหน่วย/อาวุธ/อาคาร/สกิล,2185651
2185652,Weapon Upgrade Rank 1,อัพเกรดอาวุธอันดับ 1,ยูนิต: ชื่อหน่วย/อาวุธ/อาคาร/สกิล,2185652
2186101,Weapon Rank 10,อาวุธอันดับ 10,ยูนิต: ชื่อหน่วย/อาวุธ/อาคาร/สกิล,2186101
2186102,Weapon Upgrade Rank 10,อัพเกรดอาวุธอันดับ 10,ยูนิต: ชื่อหน่วย/อาวุธ/อาคาร/สกิล,2186102
2186151,Weapon Rank 2,อาวุธอันดับ 2,ยูนิต: ชื่อหน่วย/อาวุธ/อาคาร/สกิล,2186151
2186152,Weapon Upgrade Rank 2,อัพเกรดอาวุธอันดับ 2,ยูนิต: ชื่อหน่วย/อาวุธ/อาคาร/สกิล,2186152
2186201,Weapon Rank 3,อาวุธอันดับ 3,ยูนิต: ชื่อหน่วย/อาวุธ/อาคาร/สกิล,2186201
2186202,Weapon Upgrade Rank 3,อัพเกรดอาวุธอันดับ 3,ยูนิต: ชื่อหน่วย/อาวุธ/อาคาร/สกิล,2186202
2186251,Weapon Rank 4,อาวุธอันดับ 4,ยูนิต: ชื่อหน่วย/อาวุธ/อาคาร/สกิล,2186251
2186252,Weapon Upgrade Rank 4,อัพเกรดอาวุธอันดับ 4,ยูนิต: ชื่อหน่วย/อาวุธ/อาคาร/สกิล,2186252
2186301,Weapon Rank 5,อาวุธอันดับ 5,ยูนิต: ชื่อหน่วย/อาวุธ/อาคาร/สกิล,2186301
2186302,Weapon Upgrade Rank 5,อัพเกรดอาวุธอันดับ 5,ยูนิต: ชื่อหน่วย/อาวุธ/อาคาร/สกิล,2186302
2186351,Weapon Rank 6,อาวุธอันดับ 6,ยูนิต: ชื่อหน่วย/อาวุธ/อาคาร/สกิล,2186351
2186352,Weapon Upgrade Rank 6,อัพเกรดอาวุธอันดับ 6,ยูนิต: ชื่อหน่วย/อาวุธ/อาคาร/สกิล,2186352
2186401,Weapon Rank 7,อาวุธอันดับ 7,ยูนิต: ชื่อหน่วย/อาวุธ/อาคาร/สกิล,2186401
2186402,Weapon Upgrade Rank 7,อัพเกรดอาวุธอันดับ 7,ยูนิต: ชื่อหน่วย/อาวุธ/อาคาร/สกิล,2186402
2186451,Weapon Rank 8,อาวุธอันดับ 8,ยูนิต: ชื่อหน่วย/อาวุธ/อาคาร/สกิล,2186451
2186452,Weapon Upgrade Rank 8,อัพเกรดอาวุธอันดับ 8,ยูนิต: ชื่อหน่วย/อาวุธ/อาคาร/สกิล,2186452
2186501,Weapon Rank 9,อาวุธอันดับที่ 9,ยูนิต: ชื่อหน่วย/อาวุธ/อาคาร/สกิล,2186501
2186502,Weapon Upgrade Rank 9,อัพเกรดอาวุธอันดับ 9,ยูนิต: ชื่อหน่วย/อาวุธ/อาคาร/สกิล,2186502
2189750,Faster movement speed,ความเร็วในการเคลื่อนที่เร็วขึ้น,ยูนิต: ชื่อหน่วย/อาวุธ/อาคาร/สกิล,2189750|2190200|2190250|2190300|2190350|2190400|2190450|2190500|2190550|2190600
2189751,Speed Rank 1,ความเร็วอันดับ 1,ยูนิต: ชื่อหน่วย/อาวุธ/อาคาร/สกิล,2189751
2189752,Increased Movement Speed Rank 1,เพิ่มความเร็วในการเคลื่อนที่อันดับ 1,ยูนิต: ชื่อหน่วย/อาวุธ/อาคาร/สกิล,2189752
2190201,Speed Rank 10,ความเร็วอันดับ 10,ยูนิต: ชื่อหน่วย/อาวุธ/อาคาร/สกิล,2190201
2190202,Increased Movement Speed Rank 10,เพิ่มความเร็วในการเคลื่อนที่อันดับ 10,ยูนิต: ชื่อหน่วย/อาวุธ/อาคาร/สกิล,2190202
2190251,Speed Rank 2,ความเร็วอันดับ 2,ยูนิต: ชื่อหน่วย/อาวุธ/อาคาร/สกิล,2190251
2190252,Increased Movement Speed Rank 2,เพิ่มความเร็วในการเคลื่อนที่อันดับ 2,ยูนิต: ชื่อหน่วย/อาวุธ/อาคาร/สกิล,2190252
2190301,Speed Rank 3,ความเร็วอันดับ 3,ยูนิต: ชื่อหน่วย/อาวุธ/อาคาร/สกิล,2190301
2190302,Increased Movement Speed Rank 3,เพิ่มความเร็วในการเคลื่อนที่อันดับ 3,ยูนิต: ชื่อหน่วย/อาวุธ/อาคาร/สกิล,2190302
2190351,Speed Rank 4,ความเร็วอันดับ 4,ยูนิต: ชื่อหน่วย/อาวุธ/อาคาร/สกิล,2190351
2190352,Increased Movement Speed Rank 4,เพิ่มความเร็วในการเคลื่อนที่อันดับ 4,ยูนิต: ชื่อหน่วย/อาวุธ/อาคาร/สกิล,2190352
2190401,Speed Rank 5,ความเร็วอันดับ 5,ยูนิต: ชื่อหน่วย/อาวุธ/อาคาร/สกิล,2190401
2190402,Increased Movement Speed Rank 5,เพิ่มความเร็วในการเคลื่อนที่อันดับ 5,ยูนิต: ชื่อหน่วย/อาวุธ/อาคาร/สกิล,2190402
2190451,Speed Rank 6,ความเร็วอันดับ 6,ยูนิต: ชื่อหน่วย/อาวุธ/อาคาร/สกิล,2190451
2190452,Increased Movement Speed Rank 6,เพิ่มความเร็วในการเคลื่อนที่อันดับ 6,ยูนิต: ชื่อหน่วย/อาวุธ/อาคาร/สกิล,2190452
2190501,Speed Rank 7,ความเร็วอันดับ 7,ยูนิต: ชื่อหน่วย/อาวุธ/อาคาร/สกิล,2190501
2190502,Increased Movement Speed Rank 7,เพิ่มความเร็วในการเคลื่อนที่อันดับ 7,ยูนิต: ชื่อหน่วย/อาวุธ/อาคาร/สกิล,2190502
2190551,Speed Rank 8,ความเร็วอันดับ 8,ยูนิต: ชื่อหน่วย/อาวุธ/อาคาร/สกิล,2190551
2190552,Increased Movement Speed Rank 8,เพิ่มความเร็วในการเคลื่อนที่อันดับ 8,ยูนิต: ชื่อหน่วย/อาวุธ/อาคาร/สกิล,2190552
2190601,Speed Rank 9,ความเร็วอันดับ 9,ยูนิต: ชื่อหน่วย/อาวุธ/อาคาร/สกิล,2190601
2190602,Increased Movement Speed Rank 9,เพิ่มความเร็วในการเคลื่อนที่อันดับ 9,ยูนิต: ชื่อหน่วย/อาวุธ/อาคาร/สกิล,2190602
2193851,Armor Rank 1,เกราะอันดับ 1,ยูนิต: ชื่อหน่วย/อาวุธ/อาคาร/สกิล,2193851
2193852,Armor Upgrade Rank 1,อัพเกรดเกราะอันดับ 1,ยูนิต: ชื่อหน่วย/อาวุธ/อาคาร/สกิล,2193852
2194301,Armor Rank 10,เกราะอันดับ 10,ยูนิต: ชื่อหน่วย/อาวุธ/อาคาร/สกิล,2194301
2194302,Armor Upgrade Rank 10,อัพเกรดเกราะอันดับ 10,ยูนิต: ชื่อหน่วย/อาวุธ/อาคาร/สกิล,2194302
2194351,Armor Rank 2,เกราะอันดับ 2,ยูนิต: ชื่อหน่วย/อาวุธ/อาคาร/สกิล,2194351
2194352,Armor Upgrade Rank 2,อัพเกรดเกราะอันดับ 2,ยูนิต: ชื่อหน่วย/อาวุธ/อาคาร/สกิล,2194352
2194401,Armor Rank 3,เกราะอันดับ 3,ยูนิต: ชื่อหน่วย/อาวุธ/อาคาร/สกิล,2194401
2194402,Armor Upgrade Rank 3,อัพเกรดเกราะอันดับ 3,ยูนิต: ชื่อหน่วย/อาวุธ/อาคาร/สกิล,2194402
2194451,Armor Rank 4,เกราะอันดับ 4,ยูนิต: ชื่อหน่วย/อาวุธ/อาคาร/สกิล,2194451
2194452,Armor Upgrade Rank 4,อัพเกรดเกราะอันดับ 4,ยูนิต: ชื่อหน่วย/อาวุธ/อาคาร/สกิล,2194452
2194501,Armor Rank 5,เกราะอันดับ 5,ยูนิต: ชื่อหน่วย/อาวุธ/อาคาร/สกิล,2194501
2194502,Armor Upgrade Rank 5,อัพเกรดเกราะอันดับ 5,ยูนิต: ชื่อหน่วย/อาวุธ/อาคาร/สกิล,2194502
2194551,Armor Rank 6,เกราะอันดับ 6,ยูนิต: ชื่อหน่วย/อาวุธ/อาคาร/สกิล,2194551
2194552,Armor Upgrade Rank 6,อัพเกรดเกราะอันดับ 6,ยูนิต: ชื่อหน่วย/อาวุธ/อาคาร/สกิล,2194552
2194601,Armor Rank 7,เกราะอันดับ 7,ยูนิต: ชื่อหน่วย/อาวุธ/อาคาร/สกิล,2194601
2194602,Armor Upgrade Rank 7,อัพเกรดเกราะอันดับ 7,ยูนิต: ชื่อหน่วย/อาวุธ/อาคาร/สกิล,2194602
2194651,Armor Rank 8,เกราะอันดับ 8,ยูนิต: ชื่อหน่วย/อาวุธ/อาคาร/สกิล,2194651
2194652,Armor Upgrade Rank 8,อัพเกรดเกราะอันดับ 8,ยูนิต: ชื่อหน่วย/อาวุธ/อาคาร/สกิล,2194652
2194701,Armor Rank 9,เกราะอันดับ 9,ยูนิต: ชื่อหน่วย/อาวุธ/อาคาร/สกิล,2194701
2194702,Armor Upgrade Rank 9,อัพเกรดเกราะอันดับ 9,ยูนิต: ชื่อหน่วย/อาวุธ/อาคาร/สกิล,2194702
2199550,Order the Vehicle to move at maximum speed.,สั่งให้ยานพาหนะเคลื่อนที่ด้วยความเร็วสูงสุด,ยูนิต: ชื่อหน่วย/อาวุธ/อาคาร/สกิล,2199550
2199750,Inspired Command,คำสั่งที่ได้รับแรงบันดาลใจ,ยูนิต: ชื่อหน่วย/อาวุธ/อาคาร/สกิล,2199750
2199900,Air-Dropped AT Support,รองรับ AT แบบปล่อยอากาศ,ยูนิต: ชื่อหน่วย/อาวุธ/อาคาร/สกิล,2199900
2200601,Blackout,ไฟดับ,ยูนิต: ชื่อหน่วย/อาวุธ/อาคาร/สกิล,2200601|2242050
2200651,Infantry Attrition,การขัดสีทหารราบ,ยูนิต: ชื่อหน่วย/อาวุธ/อาคาร/สกิล,2200651
2201100,Air-Dropped Supply Drops,การทิ้งเสบียงทางอากาศ,ยูนิต: ชื่อหน่วย/อาวุธ/อาคาร/สกิล,2201100
2201151,Air-Dropped Decoys,ล่อตกทางอากาศ,ยูนิต: ชื่อหน่วย/อาวุธ/อาคาร/สกิล,2201151
2201202,10 Population,10 ประชากร,ยูนิต: ชื่อหน่วย/อาวุธ/อาคาร/สกิล,2201202
2203000,Armour Bounty,ค่าหัวเกราะ,ยูนิต: ชื่อหน่วย/อาวุธ/อาคาร/สกิล,2203000
2203103,Only one Calliope may be Active.,มีเพียง Calliope เพียงตัวเดียวเท่านั้นที่สามารถใช้งานได้,ยูนิต: ชื่อหน่วย/อาวุธ/อาคาร/สกิล,2203103
2203104,Only two Calliopes can be active,สามารถใช้งาน Calliopes ได้เพียงสองตัวเท่านั้น,ยูนิต: ชื่อหน่วย/อาวุธ/อาคาร/สกิล,2203104
2203105,10 Population Free,ประชากร 10 คนฟรี,ยูนิต: ชื่อหน่วย/อาวุธ/อาคาร/สกิล,2203105
2203155,Only one Pershing may be active.,เพอร์ชิงผู้เกรียงไกรเพียงคนเดียวเท่านั้นที่สามารถใช้งานได้,ยูนิต: ชื่อหน่วย/อาวุธ/อาคาร/สกิล,2203155
2203156,Only two Pershings may be active.,เพอร์ชิงผู้เกรียงไกรเพียงสองตัวเท่านั้นที่สามารถใช้งานได้,ยูนิต: ชื่อหน่วย/อาวุธ/อาคาร/สกิล,2203156
2203157,14 Population Free,14 ประชากรฟรี,ยูนิต: ชื่อหน่วย/อาวุธ/อาคาร/สกิล,2203157
2203200,Long Range Shell,เชลล์ระยะไกล,ยูนิต: ชื่อหน่วย/อาวุธ/อาคาร/สกิล,2203200
2203202,Left-click icon to shoot a Long Range Shell.,คลิกซ้ายที่ไอคอนเพื่อยิงกระสุนระยะไกล,ยูนิต: ชื่อหน่วย/อาวุธ/อาคาร/สกิล,2203202
2203300,Flares,พลุ,ยูนิต: ชื่อหน่วย/อาวุธ/อาคาร/สกิล,2203300
2203351,Units in combat cannot be Camouflaged.,หน่วยในการรบไม่สามารถพรางตัวได้,ยูนิต: ชื่อหน่วย/อาวุธ/อาคาร/สกิล,2203351|2242000
2203401,Barrage the area with rockets.,โจมตีพื้นที่ด้วยจรวด,ยูนิต: ชื่อหน่วย/อาวุธ/อาคาร/สกิล,2203401
2203450,Aggressive Defense,การป้องกันเชิงรุก,ยูนิต: ชื่อหน่วย/อาวุธ/อาคาร/สกิล,2203450
2203500,Area Heal,การรักษาพื้นที่,ยูนิต: ชื่อหน่วย/อาวุธ/อาคาร/สกิล,2203500
2203501,Heal units in the selected area.,หน่วยรักษาในพื้นที่ที่เลือก,ยูนิต: ชื่อหน่วย/อาวุธ/อาคาร/สกิล,2203501
2203550,Fatherland Ambush,ปิตุภูมิซุ่มโจมตี,ยูนิต: ชื่อหน่วย/อาวุธ/อาคาร/สกิล,2203550
2203600,Recoup Losses,ชดใช้การสูญเสีย,ยูนิต: ชื่อหน่วย/อาวุธ/อาคาร/สกิล,2203600
2203651,Air-Dropped Smoke,ควันจากอากาศ,ยูนิต: ชื่อหน่วย/อาวุธ/อาคาร/สกิล,2203651|2242100
2203700,Forced Retreat,บังคับถอย,ยูนิต: ชื่อหน่วย/อาวุธ/อาคาร/สกิล,2203700
2203750,Terror Officer,นายทหารสัญญาบัตรก่อการร้าย,ยูนิต: ชื่อหน่วย/อาวุธ/อาคาร/สกิล,2203750|2203950|2261150
2203751,Call in a veteran Terror Officer.,เรียกนายทหารสัญญาบัตรก่อการร้ายผู้มีประสบการณ์,ยูนิต: ชื่อหน่วย/อาวุธ/อาคาร/สกิล,2203751
2203753,Only one Terror Officer may be active.,มีนายทหารสัญญาบัตรก่อการร้ายเพียงคนเดียวเท่านั้นที่สามารถประจำการได้,ยูนิต: ชื่อหน่วย/อาวุธ/อาคาร/สกิล,2203753
2203754,Only two Terror Officers may be active.,มีนายทหารสัญญาบัตรก่อการร้ายเพียงสองคนเท่านั้นที่สามารถประจำการได้,ยูนิต: ชื่อหน่วย/อาวุธ/อาคาร/สกิล,2203754
2203755,Only three Terror Officers may be active.,มีนายทหารสายข่มขวัญ ประจำการได้เพียงสามนาย,ยูนิต: ชื่อหน่วย/อาวุธ/อาคาร/สกิล,2203755
2203802,Command Level 0,คำสั่งระดับ 0,ยูนิต: ชื่อหน่วย/อาวุธ/อาคาร/สกิล,2203802
2203850,Spawn Infantry,เรียกระดมพลทหารราบ,ยูนิต: ชื่อหน่วย/อาวุธ/อาคาร/สกิล,2203850|2203852|2203853
2203851,Spawn Vehicles,เรียกระดมพลยานพาหนะ,ยูนิต: ชื่อหน่วย/อาวุธ/อาคาร/สกิล,2203851|2203854|2203855
2204050,Execute,ดำเนินการ,ยูนิต: ชื่อหน่วย/อาวุธ/อาคาร/สกิล,2204050
2204051,One-shot infantry kill.,สังหารทหารราบนัดเดียว,ยูนิต: ชื่อหน่วย/อาวุธ/อาคาร/สกิล,2204051
2204100,Firestorm Rocket Strike,การโจมตีด้วยจรวด Firestorm,ยูนิต: ชื่อหน่วย/อาวุธ/อาคาร/สกิล,2204100
2204253,Unlock Allied Sniper,ปลดล็อคพันธมิตร Sniper,ยูนิต: ชื่อหน่วย/อาวุธ/อาคาร/สกิล,2204253|2218451|2218452
2205550,Cost Removal,การกำจัดต้นทุน,ยูนิต: ชื่อหน่วย/อาวุธ/อาคาร/สกิล,2205550
2205551,Removes Munitions cost,ลบค่าใช้จ่ายอาวุธยุทโธปกรณ์,ยูนิต: ชื่อหน่วย/อาวุธ/อาคาร/สกิล,2205551
2218401,Mark Infantry Target,เป้าหมายทหารราบมาร์ค,ยูนิต: ชื่อหน่วย/อาวุธ/อาคาร/สกิล,2218401
2218501,Unlock Allied Rangers,ปลดล็อคพันธมิตรเรนเจอร์,ยูนิต: ชื่อหน่วย/อาวุธ/อาคาร/สกิล,2218501|2218502
2218550,Unlock Allied HMG Team,ปลดล็อคทีม HMG พันธมิตร,ยูนิต: ชื่อหน่วย/อาวุธ/อาคาร/สกิล,2218550|2218551
2218601,Unlock Allied Mortar Team,ปลดล็อกทีมครกฝ่ายสัมพันธมิตร,ยูนิต: ชื่อหน่วย/อาวุธ/อาคาร/สกิล,2218601|2218602
2218651,Unlock Allied M8 Armored Car (Greyhound),ปลดล็อครถหุ้มเกราะ M8 ของฝ่ายพันธมิตร (เกรย์ฮาวด์),ยูนิต: ชื่อหน่วย/อาวุธ/อาคาร/สกิล,2218651
2218652,Unlock M8 Armored Car (Greyhound),ปลดล็อครถหุ้มเกราะ M8 (เกรย์ฮาวด์),ยูนิต: ชื่อหน่วย/อาวุธ/อาคาร/สกิล,2218652
2218700,Unlock Allied M1 57mm AT Gun,ปลดล็อคปืน Allied M1 57mm AT,ยูนิต: ชื่อหน่วย/อาวุธ/อาคาร/สกิล,2218700
2218701,Unlock M1 57mm AT Gun,ปลดล็อคปืน M1 57mm AT,ยูนิต: ชื่อหน่วย/อาวุธ/อาคาร/สกิล,2218701
2218750,Unlock Allied M4 Sherman,ปลดล็อคพันธมิตร M4 เชอร์แมน,ยูนิต: ชื่อหน่วย/อาวุธ/อาคาร/สกิล,2218750
2218752,Unlock M4 Sherman,ปลดล็อค M4 เชอร์แมน,ยูนิต: ชื่อหน่วย/อาวุธ/อาคาร/สกิล,2218752
2218801,Unlock Allied M10 Tank Destroyer,ปลดล็อคยานพิฆาตรถถัง Allied M10,ยูนิต: ชื่อหน่วย/อาวุธ/อาคาร/สกิล,2218801
2218802,Unlock M10 Tank Destroyer,ปลดล็อครถถังพิฆาต M10,ยูนิต: ชื่อหน่วย/อาวุธ/อาคาร/สกิล,2218802
2218851,Unlock Allied M26  Pershing,ปลดล็อก M26 Pershing ของฝ่ายพันธมิตร,ยูนิต: ชื่อหน่วย/อาวุธ/อาคาร/สกิล,2218851
2218852,Unlock M26 Pershing,ปลดล็อค M26 เพอร์ชิงผู้เกรียงไกร,ยูนิต: ชื่อหน่วย/อาวุธ/อาคาร/สกิล,2218852
2218900,Left-Click to enter the infantry deploy menu,คลิกซ้ายเพื่อเข้าสู่เมนูการจัดวางพลทหารราบ,ยูนิต: ชื่อหน่วย/อาวุธ/อาคาร/สกิล,2218900|2218950
2218902,Deploy Infantry,วางกำลังทหารราบ,ยูนิต: ชื่อหน่วย/อาวุธ/อาคาร/สกิล,2218902|2218952
2218903,Left-Click to enter the vehicle deploy menu,คลิกซ้ายเพื่อเข้าสู่เมนูการจัดวางพาหนะ,ยูนิต: ชื่อหน่วย/อาวุธ/อาคาร/สกิล,2218903|2218953
2218905,Deploy Vehicles,ส่งกำลังรบยานพาหนะ,ยูนิต: ชื่อหน่วย/อาวุธ/อาคาร/สกิล,2218905|2218955
2219051,Unlock Axis Grenadiers,ปลดล็อกเกรนาเดียร์ฝ่ายอักษะ,ยูนิต: ชื่อหน่วย/อาวุธ/อาคาร/สกิล,2219051|2219052
2219101,Unlock Axis HMG Squad,ปลดล็อคทีม Axis HMG,ยูนิต: ชื่อหน่วย/อาวุธ/อาคาร/สกิล,2219101
2219102,Unlock Axis MG42 Heavy Machine Gun Squad,ปลดล็อคหน่วยปืนกลหนัก Axis MG42,ยูนิต: ชื่อหน่วย/อาวุธ/อาคาร/สกิล,2219102
2219151,Unlock Axis Gr. 34 8cm Mortar Team,ปลดล็อกทีมปืนครก Gr. 34 ขนาด 8 ซม. ฝ่ายอักษะ,ยูนิต: ชื่อหน่วย/อาวุธ/อาคาร/สกิล,2219151|2219152
2219201,Unlock Axis Sdkfz 234 Armored Car (Puma),ปลดล็อครถหุ้มเกราะ Axis Sdkfz 234,ยูนิต: ชื่อหน่วย/อาวุธ/อาคาร/สกิล,2219201|2219202
2219251,Unlock Axis Stug IV,ปลดล็อค Axis ชตุก IV,ยูนิต: ชื่อหน่วย/อาวุธ/อาคาร/สกิล,2219251|2219252
2219301,Unlock Axis Panther,ปลดล็อค Axis Panther,ยูนิต: ชื่อหน่วย/อาวุธ/อาคาร/สกิล,2219301|2219302
2219351,Unlock Axis Panzer IV,ปลดล็อค Axis Panzer IV,ยูนิต: ชื่อหน่วย/อาวุธ/อาคาร/สกิล,2219351|2219352
2219401,Unlock Axis Tiger,ปลดล็อค Axis Tiger,ยูนิต: ชื่อหน่วย/อาวุธ/อาคาร/สกิล,2219401|2219402
2220500,Engineers - Camouflage in Cover,ทหารช่างสนามสนาม - ลายพรางในที่กำบัง,ยูนิต: ชื่อหน่วย/อาวุธ/อาคาร/สกิล,2220500
2220550,Engineers - Fast Construction I,ทหารช่างสนามสนาม - การก่อสร้างที่รวดเร็ว I,ยูนิต: ชื่อหน่วย/อาวุธ/อาคาร/สกิล,2220550
2220600,Engineers - Fast Construction II,ทหารช่างสนามสนาม - การก่อสร้างที่รวดเร็ว II,ยูนิต: ชื่อหน่วย/อาวุธ/อาคาร/สกิล,2220600
2220650,Engineers - Fast Construction III,ทหารช่างสนามสนาม - การก่อสร้างที่รวดเร็ว III,ยูนิต: ชื่อหน่วย/อาวุธ/อาคาร/สกิล,2220650
2220950,Engineer - Reinforce Discount I,ทหารช่างสนามสนาม - เสริมกำลังส่วนลด I,ยูนิต: ชื่อหน่วย/อาวุธ/อาคาร/สกิล,2220950
2220951,Decreases cost of reinforcing by 8 percent,ลดต้นทุนการเสริมแรง 8 เปอร์เซ็นต์,ยูนิต: ชื่อหน่วย/อาวุธ/อาคาร/สกิล,2220951
2221000,Engineer - Reinforce Discount II,ทหารช่างสนามสนาม - เสริมกำลังส่วนลด II,ยูนิต: ชื่อหน่วย/อาวุธ/อาคาร/สกิล,2221000
2221001,Decreases cost of reinforcing by 16 percent,ลดต้นทุนการเสริมแรงลง 16 เปอร์เซ็นต์,ยูนิต: ชื่อหน่วย/อาวุธ/อาคาร/สกิล,2221001
2221050,Engineer - Reinforce Discount III,ทหารช่างสนามสนาม - เสริมกำลังส่วนลด III,ยูนิต: ชื่อหน่วย/อาวุธ/อาคาร/สกิล,2221050
2221051,Decreases cost of reinforcing by 24 percent,ลดต้นทุนการเสริมแรงลง 24 เปอร์เซ็นต์,ยูนิต: ชื่อหน่วย/อาวุธ/อาคาร/สกิล,2221051
2221550,Halftrack - Binoculars I,รถสายพานกึ่งล้อยาง - กล้องส่องทางไกล I,ยูนิต: ชื่อหน่วย/อาวุธ/อาคาร/สกิล,2221550
2221551,Halftracks receive a Small sight range bonus.,รถสายพานกึ่งล้อยาง จะได้รับโบนัสระยะการมองเห็นต่ำ,ยูนิต: ชื่อหน่วย/อาวุธ/อาคาร/สกิล,2221551
2221600,Halftrack - Binoculars II,รถสายพานกึ่งล้อยาง - กล้องส่องทางไกล II,ยูนิต: ชื่อหน่วย/อาวุธ/อาคาร/สกิล,2221600
2221650,Halftrack - Binoculars III,รถสายพานกึ่งล้อยาง - กล้องส่องทางไกล III,ยูนิต: ชื่อหน่วย/อาวุธ/อาคาร/สกิล,2221650
2221651,Halftracks receive a Large sight range bonus.,รถสายพานกึ่งล้อยาง จะได้รับโบนัสระยะการมองเห็นที่กว้าง,ยูนิต: ชื่อหน่วย/อาวุธ/อาคาร/สกิล,2221651
2222300,Heavy Machine Gun - Armor Piercing Discount I,ปืนกลหนัก - ส่วนลดการเจาะเกราะ I,ยูนิต: ชื่อหน่วย/อาวุธ/อาคาร/สกิล,2222300
2222650,Heavy Machine Gun - Long Range III,ปืนกลหนัก - ระยะไกล III,ยูนิต: ชื่อหน่วย/อาวุธ/อาคาร/สกิล,2222650
2222651,Increases weapon range by 30 percent,เพิ่มระยะอาวุธขึ้น 30 เปอร์เซ็นต์,ยูนิต: ชื่อหน่วย/อาวุธ/อาคาร/สกิล,2222651|2242751
2224000,Rapid Response I,การตอบสนองอย่างรวดเร็ว I,ยูนิต: ชื่อหน่วย/อาวุธ/อาคาร/สกิล,2224000
2224050,Rapid Response II,การตอบสนองอย่างรวดเร็ว II,ยูนิต: ชื่อหน่วย/อาวุธ/อาคาร/สกิล,2224050
2224300,Riflemen - BAR Firepower I,พลปืนไรเฟิล - BAR อำนาจการยิง I,ยูนิต: ชื่อหน่วย/อาวุธ/อาคาร/สกิล,2224300
2224301,Increases BAR damage by 5 percent,เพิ่มความเสียหายของ BAR 5 เปอร์เซ็นต์,ยูนิต: ชื่อหน่วย/อาวุธ/อาคาร/สกิล,2224301
2224350,Riflemen - BAR Firepower II,พลปืนไรเฟิล - BAR Firepower II,ยูนิต: ชื่อหน่วย/อาวุธ/อาคาร/สกิล,2224350
2224351,Increases BAR damage by 10 percent,เพิ่มความเสียหายของ BAR 10 เปอร์เซ็นต์,ยูนิต: ชื่อหน่วย/อาวุธ/อาคาร/สกิล,2224351
2224400,Riflemen - BAR Firepower III,พลปืนไรเฟิล - BAR Firepower III,ยูนิต: ชื่อหน่วย/อาวุธ/อาคาร/สกิล,2224400
2224401,Increases BAR damage by 15 percent,เพิ่มความเสียหาย BAR 15 เปอร์เซ็นต์,ยูนิต: ชื่อหน่วย/อาวุธ/อาคาร/สกิล,2224401
2224650,Riflemen - Body Armor III,พลปืนไรเฟิล - เสื้อเกราะกันกระสุน III,ยูนิต: ชื่อหน่วย/อาวุธ/อาคาร/สกิล,2224650
2224651,Decreases received damage by 9 percent,ลดความเสียหายที่ได้รับ 9 เปอร์เซ็นต์,ยูนิต: ชื่อหน่วย/อาวุธ/อาคาร/สกิล,2224651
2224700,Riflemen - Grenade Radius I,พลปืนไรเฟิล - รัศมีระเบิดมือ I,ยูนิต: ชื่อหน่วย/อาวุธ/อาคาร/สกิล,2224700
2224701,Increases grenade damage radius by 10 percent,เพิ่มรัศมีความเสียหายของระเบิดมือ 10 เปอร์เซ็นต์,ยูนิต: ชื่อหน่วย/อาวุธ/อาคาร/สกิล,2224701
2224750,Riflemen - Grenade Radius II,พลปืนไรเฟิล - Grenade Radius II,ยูนิต: ชื่อหน่วย/อาวุธ/อาคาร/สกิล,2224750
2224751,Increases grenade damage radius by 20 percent,เพิ่มรัศมีความเสียหายของระเบิดมือ 20 เปอร์เซ็นต์,ยูนิต: ชื่อหน่วย/อาวุธ/อาคาร/สกิล,2224751
2227400,Increases weapon range by 5 percent,เพิ่มระยะอาวุธ 5 เปอร์เซ็นต์,ยูนิต: ชื่อหน่วย/อาวุธ/อาคาร/สกิล,2227400
2227401,Sniper - Long Range I,Sniper - ระยะไกล I,ยูนิต: ชื่อหน่วย/อาวุธ/อาคาร/สกิล,2227401
2227450,Increases weapon range by 10 percent,เพิ่มระยะอาวุธขึ้น 10 เปอร์เซ็นต์,ยูนิต: ชื่อหน่วย/อาวุธ/อาคาร/สกิล,2227450
2227451,Sniper - Long Range II,Sniper - ระยะไกล II,ยูนิต: ชื่อหน่วย/อาวุธ/อาคาร/สกิล,2227451
2227500,Increases weapon range by 15 percent,เพิ่มระยะอาวุธขึ้น 15 เปอร์เซ็นต์,ยูนิต: ชื่อหน่วย/อาวุธ/อาคาร/สกิล,2227500
2227501,Sniper - Long Range III,Sniper - ระยะไกล III,ยูนิต: ชื่อหน่วย/อาวุธ/อาคาร/สกิล,2227501
2228550,Sniper - Scope,Sniper - ขอบเขต,ยูนิต: ชื่อหน่วย/อาวุธ/อาคาร/สกิล,2228550
2228600,Stickybombs - Long Range I,Stickybombs - ระยะไกล I,ยูนิต: ชื่อหน่วย/อาวุธ/อาคาร/สกิล,2228600
2228800,Pak38 Anti-Tank Gun - Improved Camouflage,ปืนต่อสู้รถถัง Pak38 - ปรับปรุงลายพราง,ยูนิต: ชื่อหน่วย/อาวุธ/อาคาร/สกิล,2228800
2229700,Increases weapon damage by 5 percent,เพิ่มความเสียหายของอาวุธ 5 เปอร์เซ็นต์,ยูนิต: ชื่อหน่วย/อาวุธ/อาคาร/สกิล,2229700
2229701,Grenadier - Firepower I,เกรนาเดียร์ - พลังยิง I,ยูนิต: ชื่อหน่วย/อาวุธ/อาคาร/สกิล,2229701
2229750,Grenadier - Firepower II,เกรนาเดียร์ - อำนาจการยิง II,ยูนิต: ชื่อหน่วย/อาวุธ/อาคาร/สกิล,2229750
2229751,Increases weapon damage by 10 percent,เพิ่มความเสียหายของอาวุธ 10 เปอร์เซ็นต์,ยูนิต: ชื่อหน่วย/อาวุธ/อาคาร/สกิล,2229751
2229800,Increases weapon damage by 15 percent,เพิ่มความเสียหายของอาวุธ 15 เปอร์เซ็นต์,ยูนิต: ชื่อหน่วย/อาวุธ/อาคาร/สกิล,2229800
2229801,Grenadier - Firepower III,เกรนาเดียร์ - พลังยิง III,ยูนิต: ชื่อหน่วย/อาวุธ/อาคาร/สกิล,2229801
2229850,Grenadier - Short Grenade Timer I,เกรนาเดียร์ - เครื่องจับเวลาระเบิดมือสั้น I,ยูนิต: ชื่อหน่วย/อาวุธ/อาคาร/สกิล,2229850
2229901,Grenadier - Short Grenade Timer II,เกรนาเดียร์ - เครื่องจับเวลาระเบิดมือสั้น II,ยูนิต: ชื่อหน่วย/อาวุธ/อาคาร/สกิล,2229901
2229951,Grenadier - Short Grenade Timer III,เกรนาเดียร์ - เครื่องจับเวลาระเบิดมือสั้น III,ยูนิต: ชื่อหน่วย/อาวุธ/อาคาร/สกิล,2229951
2230000,Grenadier - Bargain MG42 I,เกรนาเดียร์ - ต่อรองราคา MG42 I,ยูนิต: ชื่อหน่วย/อาวุธ/อาคาร/สกิล,2230000
2230001,Decreases MG42 upgrade cost by 10 percent,ลดต้นทุนการอัพเกรด MG42 ลง 10 เปอร์เซ็นต์,ยูนิต: ชื่อหน่วย/อาวุธ/อาคาร/สกิล,2230001
2230050,Decreases MG42 upgrade cost by 20 percent,ลดต้นทุนการอัพเกรด MG42 ลง 20 เปอร์เซ็นต์,ยูนิต: ชื่อหน่วย/อาวุธ/อาคาร/สกิล,2230050
2230051,Grenadier - Bargain MG42 II,เกรนาเดียร์ - ต่อรองราคา MG42 II,ยูนิต: ชื่อหน่วย/อาวุธ/อาคาร/สกิล,2230051
2230100,Decreases MG42 upgrade cost by 30 percent,ลดต้นทุนการอัพเกรด MG42 ลง 30 เปอร์เซ็นต์,ยูนิต: ชื่อหน่วย/อาวุธ/อาคาร/สกิล,2230100
2230101,Grenadier - Bargain MG42 III,เกรนาเดียร์ - MG42 ราคาประหยัด III,ยูนิต: ชื่อหน่วย/อาวุธ/อาคาร/สกิล,2230101
2230150,Grenadier - MG42 Suppression I,เกรนาเดียร์ - การยิงกดดันตรึงกำลัง MG42 I,ยูนิต: ชื่อหน่วย/อาวุธ/อาคาร/สกิล,2230150
2230151,Increases weapon suppression by 8 percent,เพิ่มการยิงกดดันตรึงกำลังอาวุธ 8 เปอร์เซ็นต์,ยูนิต: ชื่อหน่วย/อาวุธ/อาคาร/สกิล,2230151|2232851
2230200,Grenadier - MG42 Suppression II,เกรนาเดียร์ - การยิงกดดันตรึงกำลัง MG42 II,ยูนิต: ชื่อหน่วย/อาวุธ/อาคาร/สกิล,2230200
2230201,Increases weapon suppression by 16 percent,เพิ่มการยิงกดดันตรึงกำลังอาวุธ 16 เปอร์เซ็นต์,ยูนิต: ชื่อหน่วย/อาวุธ/อาคาร/สกิล,2230201|2232901
2230250,Increases weapon suppression by 24 percent,เพิ่มการยิงกดดันตรึงกำลังอาวุธ 24 เปอร์เซ็นต์,ยูนิต: ชื่อหน่วย/อาวุธ/อาคาร/สกิล,2230250|2232950
2230251,Grenadier - MG42 Suppression III,เกรนาเดียร์ - การยิงกดดันตรึงกำลัง MG42 III,ยูนิต: ชื่อหน่วย/อาวุธ/อาคาร/สกิล,2230251
2230300,Grenadier - Panzerschreck Accuracy I,เกรนาเดียร์ - ความแม่นยำของ Panzerschreck I,ยูนิต: ชื่อหน่วย/อาวุธ/อาคาร/สกิล,2230300
2230301,Increases Panzerschreck accuracy by 3 percent,เพิ่มความแม่นยำของ Panzerschreck 3 เปอร์เซ็นต์,ยูนิต: ชื่อหน่วย/อาวุธ/อาคาร/สกิล,2230301
2230350,Grenadier - Panzerschreck Accuracy II,เกรนาเดียร์ - ความแม่นยำของ Panzerschreck II,ยูนิต: ชื่อหน่วย/อาวุธ/อาคาร/สกิล,2230350
2230351,Increases Panzerschreck accuracy by 6 percent,เพิ่มความแม่นยำของ Panzerschreck 6 เปอร์เซ็นต์,ยูนิต: ชื่อหน่วย/อาวุธ/อาคาร/สกิล,2230351
2230400,Grenadier - Panzerschreck Accuracy III,เกรนาเดียร์ - ความแม่นยำของ Panzerschreck III,ยูนิต: ชื่อหน่วย/อาวุธ/อาคาร/สกิล,2230400
2230401,Increases Panzerschreck accuracy by 9 percent,เพิ่มความแม่นยำของ Panzerschreck 9 เปอร์เซ็นต์,ยูนิต: ชื่อหน่วย/อาวุธ/อาคาร/สกิล,2230401
2231950,Knight's Cross Holders - Power in Numbers,ผู้ถือไม้กางเขนอัศวิน - พลังเป็นตัวเลข,ยูนิต: ชื่อหน่วย/อาวุธ/อาคาร/สกิล,2231950
2231951,Increases maximum squad size by one,เพิ่มขนาดทีมสูงสุดหนึ่งหน่วย,ยูนิต: ชื่อหน่วย/อาวุธ/อาคาร/สกิล,2231951
2232850,Motorcycle - Bullet Hell I,รถจักรยานยนต์ - Bullet Hell I,ยูนิต: ชื่อหน่วย/อาวุธ/อาคาร/สกิล,2232850
2232900,Motorcycle - Bullet Hell II,มอเตอร์ไซค์ - บุลเล็ตนรก II,ยูนิต: ชื่อหน่วย/อาวุธ/อาคาร/สกิล,2232900
2232951,Motorcycle - Bullet Hell III,รถจักรยานยนต์ - บุลเล็ตนรก III,ยูนิต: ชื่อหน่วย/อาวุธ/อาคาร/สกิล,2232951
2233000,Nebelwerfer - Fast Recharge I,Nebelwerfer - เติมเงินเร็ว I,ยูนิต: ชื่อหน่วย/อาวุธ/อาคาร/สกิล,2233000
2233001,Reduces barrage cooldown time by 5 seconds,ลดเวลาคูลดาวน์ของ ยิงปูพรม ลง 5 วินาที,ยูนิต: ชื่อหน่วย/อาวุธ/อาคาร/สกิล,2233001
2233050,Nebelwerfer - Fast Recharge II,Nebelwerfer - เติมเงินเร็ว II,ยูนิต: ชื่อหน่วย/อาวุธ/อาคาร/สกิล,2233050
2233051,Reduces barrage cooldown time by 10 seconds,ลดเวลาคูลดาวน์ของ ยิงปูพรม ลง 10 วินาที,ยูนิต: ชื่อหน่วย/อาวุธ/อาคาร/สกิล,2233051
2234750,Pioneer - Discount I,ไพโอเนียร์ - ส่วนลด I,ยูนิต: ชื่อหน่วย/อาวุธ/อาคาร/สกิล,2234750
2234751,Decreases manpower cost by 5 percent,ลดต้นทุนกำลังพลลง 5 เปอร์เซ็นต์,ยูนิต: ชื่อหน่วย/อาวุธ/อาคาร/สกิล,2234751
2234800,Pioneer - Discount II,ผู้บุกเบิก - ส่วนลด II,ยูนิต: ชื่อหน่วย/อาวุธ/อาคาร/สกิล,2234800
2234801,Decreases manpower cost by 10 percent,ลดต้นทุนกำลังพลลง 10 เปอร์เซ็นต์,ยูนิต: ชื่อหน่วย/อาวุธ/อาคาร/สกิล,2234801
2234850,Decreases manpower cost by 15 percent,ลดต้นทุนกำลังพลลง 15 เปอร์เซ็นต์,ยูนิต: ชื่อหน่วย/อาวุธ/อาคาร/สกิล,2234850
2234851,Pioneer - Discount III,ผู้บุกเบิก - ส่วนลด III,ยูนิต: ชื่อหน่วย/อาวุธ/อาคาร/สกิล,2234851
2235300,Pioneer - Toolkit I,Pioneer - ชุดเครื่องมือ I,ยูนิต: ชื่อหน่วย/อาวุธ/อาคาร/สกิล,2235300
2235301,Increases repair speed by 5 percent,เพิ่มความเร็วในการซ่อมแซม 5 เปอร์เซ็นต์,ยูนิต: ชื่อหน่วย/อาวุธ/อาคาร/สกิล,2235301
2235350,Increases repair speed by 10 percent,เพิ่มความเร็วในการซ่อมแซม 10 เปอร์เซ็นต์,ยูนิต: ชื่อหน่วย/อาวุธ/อาคาร/สกิล,2235350
2235351,Pioneer - Toolkit II,ผู้บุกเบิก - ชุดเครื่องมือ II,ยูนิต: ชื่อหน่วย/อาวุธ/อาคาร/สกิล,2235351
2235400,Increases repair speed by 15 percent,เพิ่มความเร็วในการซ่อมแซม 15 เปอร์เซ็นต์,ยูนิต: ชื่อหน่วย/อาวุธ/อาคาร/สกิล,2235400
2235401,Pioneer - Toolkit III,ผู้บุกเบิก - ชุดเครื่องมือ III,ยูนิต: ชื่อหน่วย/อาวุธ/อาคาร/สกิล,2235401
2235450,Pioneer - Rifles Granted,ผู้บุกเบิก - ได้รับปืนไรเฟิล,ยูนิต: ชื่อหน่วย/อาวุธ/อาคาร/สกิล,2235450
2235451,Equips all pioneer squads with K98k rifles,ติดตั้งปืนไรเฟิล K98k ให้ทีมบุกเบิกทั้งหมด,ยูนิต: ชื่อหน่วย/อาวุธ/อาคาร/สกิล,2235451
2235750,Sandbag Stacking I,กระสอบทรายซ้อน I,ยูนิต: ชื่อหน่วย/อาวุธ/อาคาร/สกิล,2235750
2235801,Sandbag Stacking II,การซ้อนกระสอบทราย II,ยูนิต: ชื่อหน่วย/อาวุธ/อาคาร/สกิล,2235801
2235851,Sandbag Stacking III,กระสอบทรายซ้อน III,ยูนิต: ชื่อหน่วย/อาวุธ/อาคาร/สกิล,2235851
2235900,Sniper - Rapid Fire I,สไนเปอร์ - ระดมยิงเร็ว I,ยูนิต: ชื่อหน่วย/อาวุธ/อาคาร/สกิล,2235900
2235901,Increases rate of fire by 5 percent,เพิ่มอัตราการยิง 5 เปอร์เซ็นต์,ยูนิต: ชื่อหน่วย/อาวุธ/อาคาร/สกิล,2235901
2235950,Sniper - Rapid Fire II,สไนเปอร์ - ระดมยิงเร็ว II,ยูนิต: ชื่อหน่วย/อาวุธ/อาคาร/สกิล,2235950
2235951,Increases rate of fire by 10 percent,เพิ่มอัตราการยิง 10 เปอร์เซ็นต์,ยูนิต: ชื่อหน่วย/อาวุธ/อาคาร/สกิล,2235951
2236000,Sniper - Rapid Fire III,สไนเปอร์ - ระดมยิงเร็ว III,ยูนิต: ชื่อหน่วย/อาวุธ/อาคาร/สกิล,2236000
2236001,Increases rate of fire by 15 percent,เพิ่มอัตราการยิง 15 เปอร์เซ็นต์,ยูนิต: ชื่อหน่วย/อาวุธ/อาคาร/สกิล,2236001
2236800,Super-Charged Mines I,ทุ่นระเบิดพลังทำลายสูง I,ยูนิต: ชื่อหน่วย/อาวุธ/อาคาร/สกิล,2236800
2236801,Mine damage increased by 5 percent,ความเสียหายของทุ่นระเบิดเพิ่มขึ้น 5 เปอร์เซ็นต์,ยูนิต: ชื่อหน่วย/อาวุธ/อาคาร/สกิล,2236801
2236850,Super-Charged Mines II,ซุปเปอร์ชาร์จทุ่นระเบิด II,ยูนิต: ชื่อหน่วย/อาวุธ/อาคาร/สกิล,2236850
2236851,Mine damage increased by 10 percent,ความเสียหายของทุ่นระเบิดเพิ่มขึ้น 10 เปอร์เซ็นต์,ยูนิต: ชื่อหน่วย/อาวุธ/อาคาร/สกิล,2236851
2236900,Mine damage increased by 15 percent,ความเสียหายของทุ่นระเบิดเพิ่มขึ้น 15 เปอร์เซ็นต์,ยูนิต: ชื่อหน่วย/อาวุธ/อาคาร/สกิล,2236900
2236901,Super-Charged Mines III,ซุปเปอร์ชาร์จทุ่นระเบิด III,ยูนิต: ชื่อหน่วย/อาวุธ/อาคาร/สกิล,2236901
2237100,Volksgrenadier - Perceptive I,Volksgrenadier - ความเข้าใจ I,ยูนิต: ชื่อหน่วย/อาวุธ/อาคาร/สกิล,2237100
2237101,Increases detection radius by 10 percent,เพิ่มรัศมีการตรวจจับ 10 เปอร์เซ็นต์,ยูนิต: ชื่อหน่วย/อาวุธ/อาคาร/สกิล,2237101
2237150,Volksgrenadier - Perceptive II,Volksgrenadier - การรับรู้ II,ยูนิต: ชื่อหน่วย/อาวุธ/อาคาร/สกิล,2237150
2237151,Increases detection radius by 20 percent,เพิ่มรัศมีการตรวจจับ 20 เปอร์เซ็นต์,ยูนิต: ชื่อหน่วย/อาวุธ/อาคาร/สกิล,2237151
2237200,Increases detection radius by 30 percent,เพิ่มรัศมีการตรวจจับ 30 เปอร์เซ็นต์,ยูนิต: ชื่อหน่วย/อาวุธ/อาคาร/สกิล,2237200
2237201,Volksgrenadier - Perceptive III,Volksgrenadier - การรับรู้ III,ยูนิต: ชื่อหน่วย/อาวุธ/อาคาร/สกิล,2237201
2238000,Demolition Plant,โรงงานรื้อถอน,ยูนิต: ชื่อหน่วย/อาวุธ/อาคาร/สกิล,2238000
2238200,Ensnare,ดักฟัง,ยูนิต: ชื่อหน่วย/อาวุธ/อาคาร/สกิล,2238200
2238250,Scorch,เกรียม,ยูนิต: ชื่อหน่วย/อาวุธ/อาคาร/สกิล,2238250
2238450,Super-Charged Sticky Bombs I,ระเบิดเหนียวดักรถถังซุปเปอร์ชาร์จ I,ยูนิต: ชื่อหน่วย/อาวุธ/อาคาร/สกิล,2238450
2238451,Gain a 5 percent damage bonus to sticky bombs,ได้รับโบนัสความเสียหาย 5 เปอร์เซ็นต์จากระเบิดเหนียวดักรถถัง,ยูนิต: ชื่อหน่วย/อาวุธ/อาคาร/สกิล,2238451
2238501,Super-Charged Sticky Bombs II,ระเบิดเหนียวดักรถถังซุปเปอร์ชาร์จ II,ยูนิต: ชื่อหน่วย/อาวุธ/อาคาร/สกิล,2238501
2238550,Grenade Range II,ระยะระเบิดมือ II,ยูนิต: ชื่อหน่วย/อาวุธ/อาคาร/สกิล,2238550
2238551,Grenade throw range increased by 20%,ระยะการขว้างระเบิดเพิ่มขึ้น 20%,ยูนิต: ชื่อหน่วย/อาวุธ/อาคาร/สกิล,2238551
2238650,The Demolisher,ผู้รื้อถอน,ยูนิต: ชื่อหน่วย/อาวุธ/อาคาร/สกิล,2238650|2238652|2238700|2238702
2238653,Only one Demolisher available.,มีเครื่องทำลายล้างเพียงเครื่องเดียวเท่านั้น,ยูนิต: ชื่อหน่วย/อาวุธ/อาคาร/สกิล,2238653|2238703
2238750,Upgrade Weapon 1,อัพเกรดอาวุธ 1,ยูนิต: ชื่อหน่วย/อาวุธ/อาคาร/สกิล,2238750|2238752|2239000|2239002|2239250|2239252|2239500|2239501|2239750|2239751|2240000|2240001|2240250|2240251|2240500|2240501
2238751,Upgrades the Commando's weapon,อัพเกรดอาวุธของคอมมานโด,ยูนิต: ชื่อหน่วย/อาวุธ/อาคาร/สกิล,2238751|2238801|2238851|2238901|2238951
2238800,Upgrade Weapon 2,อัพเกรดอาวุธ 2,ยูนิต: ชื่อหน่วย/อาวุธ/อาคาร/สกิล,2238800|2238802|2239050|2239051|2239300|2239301|2239550|2239551|2239800|2239801|2240051|2240052|2240300|2240301|2240550|2240551
2238850,Upgrade Weapon 3,อัพเกรดอาวุธ 3,ยูนิต: ชื่อหน่วย/อาวุธ/อาคาร/สกิล,2238850|2238852|2239100|2239101|2239350|2239351|2239600|2239601|2239850|2239851|2240101|2240102|2240350|2240351|2240600|2240601
2238900,Upgrade Weapon 4,อัพเกรดอาวุธ 4,ยูนิต: ชื่อหน่วย/อาวุธ/อาคาร/สกิล,2238900|2238902|2239150|2239151|2239400|2239401|2239650|2239651|2239900|2239901|2240151|2240152|2240400|2240401|2240650|2240651
2238950,Upgrade Weapon 5,อัพเกรดอาวุธ 5,ยูนิต: ชื่อหน่วย/อาวุธ/อาคาร/สกิล,2238950|2238952|2239200|2239201|2239450|2239451|2239700|2239701|2239950|2239951|2240201|2240202|2240450|2240451|2240700|2240701
2239001,Upgrade the Engineer's weapon,อัพเกรดอาวุธของทหารช่างสนาม,ยูนิต: ชื่อหน่วย/อาวุธ/อาคาร/สกิล,2239001|2239102|2239152|2239202
2239052,Upgrade the Engineer's Flamethrower,อัพเกรดเครื่องพ่นไฟของทหารช่างสนาม,ยูนิต: ชื่อหน่วย/อาวุธ/อาคาร/สกิล,2239052
2239251,Upgrades the Heavy Warrior's weapon,อัพเกรดอาวุธของ Heavy Warrior,ยูนิต: ชื่อหน่วย/อาวุธ/อาคาร/สกิล,2239251|2239302|2239352|2239402|2239452
2239502,Upgrade the Medic's weapon,อัพเกรดอาวุธของ Medic,ยูนิต: ชื่อหน่วย/อาวุธ/อาคาร/สกิล,2239502|2239552|2239602|2239652|2239702
2239752,Upgrades the Recon's Weapon,อัพเกรดอาวุธของ Recon,ยูนิต: ชื่อหน่วย/อาวุธ/อาคาร/สกิล,2239752|2239802|2239852
2239902,Upgrades the Recon's weapon,อัพเกรดอาวุธของ Recon,ยูนิต: ชื่อหน่วย/อาวุธ/อาคาร/สกิล,2239902|2239952
2240002,Upgrades the Scout's weapon,อัพเกรดอาวุธของ Scout,ยูนิต: ชื่อหน่วย/อาวุธ/อาคาร/สกิล,2240002|2240050|2240100|2240150|2240200
2240252,Upgrade the Sniper's weapon,อัพเกรดอาวุธของ Sniper,ยูนิต: ชื่อหน่วย/อาวุธ/อาคาร/สกิล,2240252|2240302|2240352|2240402|2240452
2240502,Upgrade the Spotter's weapon,อัพเกรดอาวุธของพลชี้เป้า,ยูนิต: ชื่อหน่วย/อาวุธ/อาคาร/สกิล,2240502|2240552|2240602|2240652|2240702
2240750,Population Cap Upgrade 1,การอัพเกรดขีดจำกัดประชากร 1,ยูนิต: ชื่อหน่วย/อาวุธ/อาคาร/สกิล,2240750|2240752
2240751,Upgrades the population cap by 10,อัพเกรดจำนวนประชากรสูงสุด 10,ยูนิต: ชื่อหน่วย/อาวุธ/อาคาร/สกิล,2240751|2240802|2240850|2240902|2246852|2246900
2240800,Population Cap Upgrade 2,อัปเกรดขีดจำกัดประชากร 2,ยูนิต: ชื่อหน่วย/อาวุธ/อาคาร/สกิล,2240800|2240801
2240851,Population Cap Upgrade 3,อัปเกรดขีดจำกัดประชากร 3,ยูนิต: ชื่อหน่วย/อาวุธ/อาคาร/สกิล,2240851|2240852
2240900,Population Cap Upgrade 4,อัปเกรดขีดจำกัดประชากร 4,ยูนิต: ชื่อหน่วย/อาวุธ/อาคาร/สกิล,2240900|2240901
2241050,Morale Command,คำสั่งขวัญ,ยูนิต: ชื่อหน่วย/อาวุธ/อาคาร/สกิล,2241050
2241150,Off Map Reinforcements,การเสริมกำลังนอกแผนที่,ยูนิต: ชื่อหน่วย/อาวุธ/อาคาร/สกิล,2241150
2241500,Flamethrower Engineers,ทหารช่างสนามเครื่องพ่นไฟ,ยูนิต: ชื่อหน่วย/อาวุธ/อาคาร/สกิล,2241500
2241503,4 Population,4 ประชากร,ยูนิต: ชื่อหน่วย/อาวุธ/อาคาร/สกิล,2241503
2241603,3 Islands,3เกาะ,ยูนิต: ชื่อหน่วย/อาวุธ/อาคาร/สกิล,2241603|2242053|2257003
2241650,Unhealthy Gas,ก๊าซที่ไม่ดีต่อสุขภาพ,ยูนิต: ชื่อหน่วย/อาวุธ/อาคาร/สกิล,2241650
2241803,2 Islands,2 เกาะ,ยูนิต: ชื่อหน่วย/อาวุธ/อาคาร/สกิล,2241803|2241953|2242103
2241901,Infantry Pillage,การปล้นสะดมของทหารราบ,ยูนิต: ชื่อหน่วย/อาวุธ/อาคาร/สกิล,2241901|2241950
2241952,Left-click icon to trigger ability.,คลิกซ้ายที่ไอคอนเพื่อเรียกใช้ความสามารถ,ยูนิต: ชื่อหน่วย/อาวุธ/อาคาร/สกิล,2241952|2242052
2242004,1 Command Point,1 จุดบัญชาการ,ยูนิต: ชื่อหน่วย/อาวุธ/อาคาร/สกิล,2242004
2242150,Stuka Halftrack,สตูก้า ฮาล์ฟแทร็ก,ยูนิต: ชื่อหน่วย/อาวุธ/อาคาร/สกิล,2242150
2242152,5 Command Points,5 จุดบัญชาการ,ยูนิต: ชื่อหน่วย/อาวุธ/อาคาร/สกิล,2242152
2242251,Entrench Position,ตำแหน่งป้อมปราการ,ยูนิต: ชื่อหน่วย/อาวุธ/อาคาร/สกิล,2242251|2242300
2242350,Armor - Fast Deployment,ยานเกราะ - ส่งกำลังพลอย่างรวดเร็ว,ยูนิต: ชื่อหน่วย/อาวุธ/อาคาร/สกิล,2242350
2242351,All armor units are deployed faster,หน่วยเกราะทั้งหมดถูกใช้งานเร็วขึ้น,ยูนิต: ชื่อหน่วย/อาวุธ/อาคาร/สกิล,2242351
2242400,Grenade Range I,ระยะระเบิดมือ I,ยูนิต: ชื่อหน่วย/อาวุธ/อาคาร/สกิล,2242400
2242450,Sniper - Discount III,Sniper - ส่วนลด III,ยูนิต: ชื่อหน่วย/อาวุธ/อาคาร/สกิล,2242450
2242451,Decreases unit cost by 45 manpower,ลดต้นทุนต่อหน่วยลง 45 กำลังพล,ยูนิต: ชื่อหน่วย/อาวุธ/อาคาร/สกิล,2242451
2242500,Stickybombs - Long Range II,Stickybombs - ระยะไกล II,ยูนิต: ชื่อหน่วย/อาวุธ/อาคาร/สกิล,2242500
2242501,The range of Stickybombs is increased by 20%,ระยะของ Stickybombs เพิ่มขึ้น 20%,ยูนิต: ชื่อหน่วย/อาวุธ/อาคาร/สกิล,2242501
2242750,Mortar - Long Range III,ครก - ระยะไกล III,ยูนิต: ชื่อหน่วย/อาวุธ/อาคาร/สกิล,2242750
2242802,Drop a Flare,วางพลุ,ยูนิต: ชื่อหน่วย/อาวุธ/อาคาร/สกิล,2242802
2242850,Single Shot Area Effect Heal,การรักษาเอฟเฟกต์พื้นที่นัดเดียว,ยูนิต: ชื่อหน่วย/อาวุธ/อาคาร/สกิล,2242850
2242851,Healing Burst,ระเบิดการรักษา,ยูนิต: ชื่อหน่วย/อาวุธ/อาคาร/สกิล,2242851
2242900,Self Destruct,ทำลายตนเอง,ยูนิต: ชื่อหน่วย/อาวุธ/อาคาร/สกิล,2242900|2242901
2243050,Extra Damage Shot,ช็อตความเสียหายพิเศษ,ยูนิต: ชื่อหน่วย/อาวุธ/อาคาร/สกิล,2243050
2243051,Sniper takes an aimed shot at a vital area.,สไนเปอร์เล็งยิงไปยังพื้นที่สำคัญ,ยูนิต: ชื่อหน่วย/อาวุธ/อาคาร/สกิล,2243051
2243052,Vital Shot,ช็อตสำคัญ,ยูนิต: ชื่อหน่วย/อาวุธ/อาคาร/สกิล,2243052
2243200,Use Grit Ability,ใช้สกิลความทรหด,ยูนิต: ชื่อหน่วย/อาวุธ/อาคาร/สกิล,2243200
2243201,Grit Ability,สกิลความทรหด,ยูนิต: ชื่อหน่วย/อาวุธ/อาคาร/สกิล,2243201
2243203,Left-click icon to enable Grit Ability.,คลิกซ้ายที่ไอคอนเพื่อเปิดใช้งานความสามารถ Grit,ยูนิต: ชื่อหน่วย/อาวุธ/อาคาร/สกิล,2243203
2243251,Base Medic,ฐานแพทย์,ยูนิต: ชื่อหน่วย/อาวุธ/อาคาร/สกิล,2243251|2243252|2244001|2244002
2243301,Field Medic,แพทย์สนาม,ยูนิต: ชื่อหน่วย/อาวุธ/อาคาร/สกิล,2243301|2243302|2244051|2244052
2243351,Guardian Commando,การ์เดี้ยนคอมมานโด,ยูนิต: ชื่อหน่วย/อาวุธ/อาคาร/สกิล,2243351|2243352|2244101|2244102
2243401,Aggressor Commando,หน่วยคอมมานโดผู้รุกราน,ยูนิต: ชื่อหน่วย/อาวุธ/อาคาร/สกิล,2243401|2243402|2244151|2244152
2243453,Demolition Engineer,ทหารช่างสนามรื้อถอน,ยูนิต: ชื่อหน่วย/อาวุธ/อาคาร/สกิล,2243453|2243454
2243501,Saboteur Engineer,ทหารช่างสนามผู้ก่อวินาศกรรม,ยูนิต: ชื่อหน่วย/อาวุธ/อาคาร/สกิล,2243501|2243502
2243551,Cunning Officer,นายทหารสัญญาบัตรเจ้าเล่ห์,ยูนิต: ชื่อหน่วย/อาวุธ/อาคาร/สกิล,2243551|2243552|2244301|2244302
2243600,Inspirational Officer,นายทหารสัญญาบัตรสร้างแรงบันดาลใจ,ยูนิต: ชื่อหน่วย/อาวุธ/อาคาร/สกิล,2243600|2243602|2244350|2244352
2243650,Defender Heavy Weapons Specialist,ผู้เชี่ยวชาญด้านอาวุธหนักผู้พิทักษ์,ยูนิต: ชื่อหน่วย/อาวุธ/อาคาร/สกิล,2243650|2243652
2243700,Storm Heavy Weapons Specialist,ผู้เชี่ยวชาญด้านอาวุธหนักพายุ,ยูนิต: ชื่อหน่วย/อาวุธ/อาคาร/สกิล,2243700|2243701|2244601|2244602|2244651|2244652
2243750,Observation Scout,หน่วยลาดตระเวนตรวจการณ์,ยูนิต: ชื่อหน่วย/อาวุธ/อาคาร/สกิล,2243750|2243751|2244401|2244402
2243801,Vanguard Scout,หน่วยลาดตระเวนกองหน้า,ยูนิต: ชื่อหน่วย/อาวุธ/อาคาร/สกิล,2243801|2243802|2244451|2244452
2243851,Marksman Sniper,นักแม่นปืนสไนเปอร์,ยูนิต: ชื่อหน่วย/อาวุธ/อาคาร/สกิล,2243851|2243852|2244551|2244552
2243901,Daredevil Recon,บ้าระห่ำรีคอน,ยูนิต: ชื่อหน่วย/อาวุธ/อาคาร/สกิล,2243901|2243902|2244751|2244752
2243951,Illuminator Recon,รีคอนตัวเรืองแสง,ยูนิต: ชื่อหน่วย/อาวุธ/อาคาร/สกิล,2243951|2243952|2244701|2244702
2244203,Demolition Pioneer,ผู้บุกเบิกการรื้อถอน,ยูนิต: ชื่อหน่วย/อาวุธ/อาคาร/สกิล,2244203|2244204
2244253,Saboteur Pioneer,ผู้บุกเบิกผู้ก่อวินาศกรรม,ยูนิต: ชื่อหน่วย/อาวุธ/อาคาร/สกิล,2244253|2244254
2244501,Infiltrator Sniper,Sniper แทรกซึม,ยูนิต: ชื่อหน่วย/อาวุธ/อาคาร/สกิล,2244501|2244502|2255650|2255651
2244800,Upgrade for Smoke Barrage,อัปเกรดเป็น Smoke ยิงปูพรม,ยูนิต: ชื่อหน่วย/อาวุธ/อาคาร/สกิล,2244800|2246250
2244802,Requires 1 fuel,ต้องใช้เชื้อเพลิง 1 อัน,ยูนิต: ชื่อหน่วย/อาวุธ/อาคาร/สกิล,2244802|2245153|2245203|2245253|2245303|2245353|2256050|2256200|2256250|2261050
2244850,Upgrades Grenade Damage,อัพเกรดความเสียหายของระเบิดมือ,ยูนิต: ชื่อหน่วย/อาวุธ/อาคาร/สกิล,2244850|2244901|2244951|2245002|2245052|2245102
2244851,Grenade Rank 1,ระเบิดมืออันดับ 1,ยูนิต: ชื่อหน่วย/อาวุธ/อาคาร/สกิล,2244851|2245000
2244902,Grenade Rank 2,ระเบิดมืออันดับ 2,ยูนิต: ชื่อหน่วย/อาวุธ/อาคาร/สกิล,2244902|2245050
2244952,Grenade Rank 3,ระเบิดมืออันดับ 3,ยูนิต: ชื่อหน่วย/อาวุธ/อาคาร/สกิล,2244952|2245100
2245150,Upgrade for Armor Piercing Rounds,อัปเกรดสำหรับการเจาะเกราะ,ยูนิต: ชื่อหน่วย/อาวุธ/อาคาร/สกิล,2245150
2245200,Upgrade for Self Detonate,อัปเกรดเพื่อระเบิดตัวเอง,ยูนิต: ชื่อหน่วย/อาวุธ/อาคาร/สกิล,2245200|2246350
2245202,Run into opponents and self-detonate,วิ่งเข้าไปหาฝ่ายตรงข้ามและระเบิดตัวเอง,ยูนิต: ชื่อหน่วย/อาวุธ/อาคาร/สกิล,2245202
2245250,Upgrade for Planting Mines,อัปเกรดสำหรับการวางทุ่นระเบิด,ยูนิต: ชื่อหน่วย/อาวุธ/อาคาร/สกิล,2245250
2245300,Upgrade for Self Repair,อัปเกรดเพื่อซ่อมแซมตัวเอง,ยูนิต: ชื่อหน่วย/อาวุธ/อาคาร/สกิล,2245300|2246450
2245350,Upgrade for Speed Boost,อัปเกรดเพื่อเพิ่มความเร็ว,ยูนิต: ชื่อหน่วย/อาวุธ/อาคาร/สกิล,2245350|2246500
2245352,Move at maximum speed for a brief time,เคลื่อนที่ด้วยความเร็วสูงสุดในช่วงเวลาสั้นๆ,ยูนิต: ชื่อหน่วย/อาวุธ/อาคาร/สกิล,2245352
2246150,Build an Engineer Hero,สร้างทหารช่างสนามฮีโร่,ยูนิต: ชื่อหน่วย/อาวุธ/อาคาร/สกิล,2246150
2246152,Engineer Hero,ทหารช่างสนามฮีโร่,ยูนิต: ชื่อหน่วย/อาวุธ/อาคาร/สกิล,2246152|2255002|2255102
2246153,Build a Commando Hero,สร้างฮีโร่คอมมานโด,ยูนิต: ชื่อหน่วย/อาวุธ/อาคาร/สกิล,2246153|2246203
2246154,Commandos are a good all round fighting unit.,หน่วยคอมมานโดเป็นหน่วยต่อสู้ที่ดีรอบด้าน,ยูนิต: ชื่อหน่วย/อาวุธ/อาคาร/สกิล,2246154|2246204|2255004|2255054|2255104|2255154
2246155,Commando Hero,คอมมานโดฮีโร่,ยูนิต: ชื่อหน่วย/อาวุธ/อาคาร/สกิล,2246155|2246205|2255005|2255055|2255105|2255155
2246156,Build a Medic Hero,สร้างฮีโร่แพทย์,ยูนิต: ชื่อหน่วย/อาวุธ/อาคาร/สกิล,2246156|2246206|2255006|2255056|2255106|2255156
2246157,Medic Hero,เม็อดิฮีโร่,ยูนิต: ชื่อหน่วย/อาวุธ/อาคาร/สกิล,2246157|2246207|2255008|2255058|2255108|2255158
2246159,Build an Officer Hero,สร้างฮีโร่นายทหารสัญญาบัตร,ยูนิต: ชื่อหน่วย/อาวุธ/อาคาร/สกิล,2246159|2246209|2255009|2255059|2255109|2255159
2246160,Officer Hero,นายทหารสัญญาบัตรฮีโร่,ยูนิต: ชื่อหน่วย/อาวุธ/อาคาร/สกิล,2246160|2246210|2255011|2255061|2255111|2255161
2246162,Build a Recon Hero,สร้างฮีโร่รีคอน,ยูนิต: ชื่อหน่วย/อาวุธ/อาคาร/สกิล,2246162|2246212|2255018|2255068|2255118|2255167
2246164,Recon Hero,รีคอนฮีโร่,ยูนิต: ชื่อหน่วย/อาวุธ/อาคาร/สกิล,2246164|2246214|2255020|2255070|2255120|2255169
2246165,Build a Sniper Hero,สร้างฮีโร่สไนเปอร์,ยูนิต: ชื่อหน่วย/อาวุธ/อาคาร/สกิล,2246165|2246216|2255015|2255065|2255115|2255164
2246166,Sniper Hero,สไนเปอร์ฮีโร่,ยูนิต: ชื่อหน่วย/อาวุธ/อาคาร/สกิล,2246166|2246217|2255017|2255067|2255117|2255166
2246169,Select unit in order to deploy a hero,เลือกหน่วยเพื่อส่งกำลังรบฮีโร่,ยูนิต: ชื่อหน่วย/อาวุธ/อาคาร/สกิล,2246169|2246218
2246174,Build a Heavy Weapons Specialist Hero,สร้างฮีโร่ผู้เชี่ยวชาญด้านอาวุธหนัก,ยูนิต: ชื่อหน่วย/อาวุธ/อาคาร/สกิล,2246174|2246224|2255124|2255174
2246176,Heavy Weapons Specialist Hero,ฮีโร่ผู้เชี่ยวชาญด้านอาวุธหนัก,ยูนิต: ชื่อหน่วย/อาวุธ/อาคาร/สกิล,2246176|2246226|2255125|2255176
2246200,Build Pioneer Hero,สร้างฮีโร่ผู้บุกเบิก,ยูนิต: ชื่อหน่วย/อาวุธ/อาคาร/สกิล,2246200
2246202,Pioneer Hero,ผู้บุกเบิกฮีโร่,ยูนิต: ชื่อหน่วย/อาวุธ/อาคาร/สกิล,2246202|2255052|2255152
2246300,Upgrade for Armor Piercing,อัปเกรดสำหรับการเจาะเกราะ,ยูนิต: ชื่อหน่วย/อาวุธ/อาคาร/สกิล,2246300
2246400,Upgrade for Mine Drop,อัปเกรดการวางทุ่นระเบิด,ยูนิต: ชื่อหน่วย/อาวุธ/อาคาร/สกิล,2246400
2246550,Spawn Previously Selected Hero,เรียกระดมพลฮีโร่ที่เลือกไว้ก่อนหน้า,ยูนิต: ชื่อหน่วย/อาวุธ/อาคาร/สกิล,2246550|2246552
2246551,Spawn the hero that was previously selected,เรียกระดมพลฮีโร่ที่ถูกเลือกไว้ก่อนหน้า,ยูนิต: ชื่อหน่วย/อาวุธ/อาคาร/สกิล,2246551
2246553,A previously selected Hero Type,ประเภทฮีโร่ที่เลือกไว้ก่อนหน้านี้,ยูนิต: ชื่อหน่วย/อาวุธ/อาคาร/สกิล,2246553
2246600,Previously Selected Hero,ฮีโร่ที่เลือกก่อนหน้านี้,ยูนิต: ชื่อหน่วย/อาวุธ/อาคาร/สกิล,2246600|2246601|2246602
2246850,Population Cap Upgrade 5,อัปเกรดขีดจำกัดประชากร 5,ยูนิต: ชื่อหน่วย/อาวุธ/อาคาร/สกิล,2246850|2246851
2246901,Population Cap Upgrade 6,อัปเกรดขีดจำกัดประชากร 6,ยูนิต: ชื่อหน่วย/อาวุธ/อาคาร/สกิล,2246901|2246902
2255000,Builds an Engineer Hero,สร้างทหารช่างสนามฮีโร่,ยูนิต: ชื่อหน่วย/อาวุธ/อาคาร/สกิล,2255000|2255100
2255003,Builds a Commando Hero,สร้างฮีโร่คอมมานโด,ยูนิต: ชื่อหน่วย/อาวุธ/อาคาร/สกิล,2255003|2255053|2255103|2255153
2255012,Build a Scout Hero,สร้างฮีโร่หน่วยลาดตระเวน,ยูนิต: ชื่อหน่วย/อาวุธ/อาคาร/สกิล,2255012|2255062|2255112|2255162
2255014,Scout Hero,ฮีโร่หน่วยลาดตระเวน,ยูนิต: ชื่อหน่วย/อาวุธ/อาคาร/สกิล,2255014|2255064|2255114|2255173
2255021,Build a Heavy Weapon Hero,สร้างฮีโร่อาวุธหนัก,ยูนิต: ชื่อหน่วย/อาวุธ/อาคาร/สกิล,2255021|2255071
2255023,Heavy Hero,ฮีโร่หนัก,ยูนิต: ชื่อหน่วย/อาวุธ/อาคาร/สกิล,2255023
2255050,Builds Pioneer Hero,สร้างฮีโร่ผู้บุกเบิก,ยูนิต: ชื่อหน่วย/อาวุธ/อาคาร/สกิล,2255050|2255150
2255073,Heavy Weapon Hero,ฮีโร่อาวุธหนัก,ยูนิต: ชื่อหน่วย/อาวุธ/อาคาร/สกิล,2255073
2255121,Deploys Hero Units,ส่งกำลังรบหน่วยฮีโร่,ยูนิต: ชื่อหน่วย/อาวุธ/อาคาร/สกิล,2255121
2255122,Hero Barracks,ค่ายทหารฮีโร่,ยูนิต: ชื่อหน่วย/อาวุธ/อาคาร/สกิล,2255122|2255170
2255171,Deploys Heroes,ส่งกำลังรบฮีโร่,ยูนิต: ชื่อหน่วย/อาวุธ/อาคาร/สกิล,2255171
2255250,Heavy Weapons Specialist,ผู้เชี่ยวชาญด้านอาวุธหนัก,ยูนิต: ชื่อหน่วย/อาวุธ/อาคาร/สกิล,2255250|2255500
2255300,Engineer,ทหารช่างสนามสนาม,ยูนิต: ชื่อหน่วย/อาวุธ/อาคาร/สกิล,2255300
2255350,Scout,หน่วยลาดตระเวน,ยูนิต: ชื่อหน่วย/อาวุธ/อาคาร/สกิล,2255350|2255550
2255400,Recon,รีคอน,ยูนิต: ชื่อหน่วย/อาวุธ/อาคาร/สกิล,2255400|2255600|2259400
2255450,Pioneer,ผู้บุกเบิก,ยูนิต: ชื่อหน่วย/อาวุธ/อาคาร/สกิล,2255450
2255950,Engineer Riflemen,ทหารช่างสนามมือปืน,ยูนิต: ชื่อหน่วย/อาวุธ/อาคาร/สกิล,2255950|2262150
2255952,"Soldier/Builder. Good vs. Infantry, Buildings",ทหาร/ช่างก่อสร้าง. มีประสิทธิภาพสูงเมื่อปะทะทหารราบอาคาร,ยูนิต: ชื่อหน่วย/อาวุธ/อาคาร/สกิล,2255952
2256051,Upgrade for Observational Status,อัปเกรดสถานะการสังเกตการณ์,ยูนิต: ชื่อหน่วย/อาวุธ/อาคาร/สกิล,2256051|2260800
2256201,Upgrade for Petard Explosive,อัปเกรดเป็น Petard Explosive,ยูนิต: ชื่อหน่วย/อาวุธ/อาคาร/สกิล,2256201
2256202,Fire a large explosive warhead,ยิงหัวรบระเบิดขนาดใหญ่,ยูนิต: ชื่อหน่วย/อาวุธ/อาคาร/สกิล,2256202
2256251,Upgrade for Button Enemy Vehicle,อัปเกรดเป็นพาหนะของศัตรูปุ่ม,ยูนิต: ชื่อหน่วย/อาวุธ/อาคาร/สกิล,2256251
2256900,Contracted Pioneers,ผู้บุกเบิกตามสัญญา,ยูนิต: ชื่อหน่วย/อาวุธ/อาคาร/สกิล,2256900|2261200
2257002,6 Population,6 ประชากร,ยูนิต: ชื่อหน่วย/อาวุธ/อาคาร/สกิล,2257002
2257050,Reinforce Builders,เสริมสร้างผู้สร้าง,ยูนิต: ชื่อหน่วย/อาวุธ/อาคาร/สกิล,2257050|2257350
2257100,Reinforce Soldiers,เสริมกำลังทหาร,ยูนิต: ชื่อหน่วย/อาวุธ/อาคาร/สกิล,2257100|2257400
2257150,Reinforce Rockets,เสริมกำลังจรวด,ยูนิต: ชื่อหน่วย/อาวุธ/อาคาร/สกิล,2257150|2257450
2257200,Reinforce Scouts,เสริมกำลังหน่วยลาดตระเวน,ยูนิต: ชื่อหน่วย/อาวุธ/อาคาร/สกิล,2257200|2257500
2257250,Reinforce Dislodger,เสริมกำลัง Dislodger,ยูนิต: ชื่อหน่วย/อาวุธ/อาคาร/สกิล,2257250|2257550
2257300,Reinforce Machine Gunner,เสริมกำลังมือปืนกล,ยูนิต: ชื่อหน่วย/อาวุธ/อาคาร/สกิล,2257300|2257600
2257651,Withdraw to Medic's Position,ถอนตัวออกจากตำแหน่งแพทย์,ยูนิต: ชื่อหน่วย/อาวุธ/อาคาร/สกิล,2257651|2257700
2257750,Only one Medic available.,มีแพทย์เพียงคนเดียวเท่านั้น,ยูนิต: ชื่อหน่วย/อาวุธ/อาคาร/สกิล,2257750|2257800
2257900,Builder,ช่างก่อสร้าง,ยูนิต: ชื่อหน่วย/อาวุธ/อาคาร/สกิล,2257900
2257950,Soldiers,ทหาร,ยูนิต: ชื่อหน่วย/อาวุธ/อาคาร/สกิล,2257950|2258400
2258000,Rockets,จรวด,ยูนิต: ชื่อหน่วย/อาวุธ/อาคาร/สกิล,2258000|2258450
2258050,Scouts,หน่วยลาดตระเวน,ยูนิต: ชื่อหน่วย/อาวุธ/อาคาร/สกิล,2258050|2258500
2258100,Sharpshooter,นักแม่นปืน,ยูนิต: ชื่อหน่วย/อาวุธ/อาคาร/สกิล,2258100|2258550
2258150,Pathfinder,ผู้เบิกทาง,ยูนิต: ชื่อหน่วย/อาวุธ/อาคาร/สกิล,2258150|2258600
2258200,Demolisher,เครื่องรื้อถอน,ยูนิต: ชื่อหน่วย/อาวุธ/อาคาร/สกิล,2258200|2258650
2258250,Dislodger,ผู้ขับออกมา,ยูนิต: ชื่อหน่วย/อาวุธ/อาคาร/สกิล,2258250|2258700
2258300,Machine Gunner,มือปืนกล,ยูนิต: ชื่อหน่วย/อาวุธ/อาคาร/สกิล,2258300|2258750
2258350,Builders,ช่างก่อสร้าง,ยูนิต: ชื่อหน่วย/อาวุธ/อาคาร/สกิล,2258350
2258800,Left-click to toggle Rocket Ambush,คลิกซ้ายเพื่อสลับ Rocket Ambush,ยูนิต: ชื่อหน่วย/อาวุธ/อาคาร/สกิล,2258800
2258950,Left-click icon to Power-Walk Squad.,คลิกซ้ายที่ไอคอนเพื่อ Power-Walk Squad,ยูนิต: ชื่อหน่วย/อาวุธ/อาคาร/สกิล,2258950
2259951,Unlock Axis Mortar,ปลดล็อค Axis Mortar,ยูนิต: ชื่อหน่วย/อาวุธ/อาคาร/สกิล,2259951
2260164,Armour,เกราะ,ยูนิต: ชื่อหน่วย/อาวุธ/อาคาร/สกิล,2260164
2260166,Terror,ความหวาดกลัว,ยูนิต: ชื่อหน่วย/อาวุธ/อาคาร/สกิล,2260166
2260167,Defensive,การป้องกัน,ยูนิต: ชื่อหน่วย/อาวุธ/อาคาร/สกิล,2260167
2260300,The Bank,ริมตลิ่งแม่น้ำ,ยูนิต: ชื่อหน่วย/อาวุธ/อาคาร/สกิล,2260300
2260350,The Cafe,เดอะคาเฟ่,ยูนิต: ชื่อหน่วย/อาวุธ/อาคาร/สกิล,2260350
2260400,The Manor,คฤหาสน์,ยูนิต: ชื่อหน่วย/อาวุธ/อาคาร/สกิล,2260400
2260500,Left-click icon to activate Inspired Command.,คลิกซ้ายที่ไอคอนเพื่อเปิดใช้งานคำสั่งที่ได้รับการดลใจ,ยูนิต: ชื่อหน่วย/อาวุธ/อาคาร/สกิล,2260500
2260700,Crippling Trap,กับดักที่ทำให้พิการ,ยูนิต: ชื่อหน่วย/อาวุธ/อาคาร/สกิล,2260700
2260750,Upgrade for Fire Canister Round,อัปเกรดกระสุนลูกปราย,ยูนิต: ชื่อหน่วย/อาวุธ/อาคาร/สกิล,2260750|2261001
2260850,Upgrade for Inspired Command,อัปเกรดเพื่อรับคำสั่งที่ได้รับการดลใจ,ยูนิต: ชื่อหน่วย/อาวุธ/อาคาร/สกิล,2260850|2261052
2260900,Upgrade for Advanced Repair,อัปเกรดเพื่อการซ่อมแซมขั้นสูง,ยูนิต: ชื่อหน่วย/อาวุธ/อาคาร/สกิล,2260900|2260950
2260951,Can repair friendly vehicles and buildings,สามารถซ่อมแซมยานพาหนะและอาคารที่เป็นมิตรได้,ยูนิต: ชื่อหน่วย/อาวุธ/อาคาร/สกิล,2260951
2261100,Left-click icon to detonate the vehicle.,คลิกซ้ายที่ไอคอนเพื่อระเบิดยานพาหนะ,ยูนิต: ชื่อหน่วย/อาวุธ/อาคาร/สกิล,2261100
2261102,Detonate the Vehicle,ระเบิดยานพาหนะ,ยูนิต: ชื่อหน่วย/อาวุธ/อาคาร/สกิล,2261102
2261302,Left-click icon to activate Blitz Charge.,คลิกซ้ายที่ไอคอนเพื่อเปิดใช้งาน Blitz Charge,ยูนิต: ชื่อหน่วย/อาวุธ/อาคาร/สกิล,2261302
2261650,Upgrade for Blitz,อัปเกรดสำหรับ Blitz,ยูนิต: ชื่อหน่วย/อาวุธ/อาคาร/สกิล,2261650
2261653,Requires 1 fuel.,ต้องใช้เชื้อเพลิง 1 อัน,ยูนิต: ชื่อหน่วย/อาวุธ/อาคาร/สกิล,2261653
2261700,Excellent vs. Tiger,ยอดเยี่ยมกับไทเกอร์,ยูนิต: ชื่อหน่วย/อาวุธ/อาคาร/สกิล,2261700
2261702,M10,ม10,ยูนิต: ชื่อหน่วย/อาวุธ/อาคาร/สกิล,2261702
2261801,Excellent vs. Ostwind,ยอดเยี่ยมกับออสวินด์,ยูนิต: ชื่อหน่วย/อาวุธ/อาคาร/สกิล,2261801
2261851,Excellent vs. M4 Sherman,ยอดเยี่ยมกับ M4 Sherman,ยูนิต: ชื่อหน่วย/อาวุธ/อาคาร/สกิล,2261851
2261901,Excellent vs. M10,ยอดเยี่ยมเทียบกับ M10,ยูนิต: ชื่อหน่วย/อาวุธ/อาคาร/สกิล,2261901
2261950,Excellent vs. M26 Pershing,ยอดเยี่ยมกับ M26 Pershing,ยูนิต: ชื่อหน่วย/อาวุธ/อาคาร/สกิล,2261950
2261952,Ostwind,ออสต์วินด์,ยูนิต: ชื่อหน่วย/อาวุธ/อาคาร/สกิล,2261952
