id,english,thai,context,all_ids
90050,Long range Howitzers will fire a Barrage of rounds at specified targets. Can be fired into the Fog of War.,ปืนใหญ่วิถีโค้งระยะไกลจะระดมยิงม่านกระสุนไปยังเป้าหมายที่ระบุ สามารถยิงเข้าไปในหมอกสงคราม ได้,ยูนิต: คำอธิบาย/tooltip,90050
90052,Left-click icon and then Left-click target area to Barrage.,คลิกซ้ายที่ไอคอน จากนั้นคลิกซ้ายพื้นที่เป้าหมายเพื่อ Barrage,ยูนิต: คำอธิบาย/tooltip,90052|90400
90053,Area of Effect attack. Good vs. Infantry and Light Vehicles,การโจมตีแบบพื้นที่ส่งผล รถถังดีกับทหารราบและยานพาหนะเบา,ยูนิต: คำอธิบาย/tooltip,90053
90150,Left-click icon and then Left-click target location,คลิกซ้ายที่ไอคอน จากนั้นคลิกซ้ายที่ตำแหน่งเป้าหมาย,ยูนิต: คำอธิบาย/tooltip,90150|2151300
90152,A Squad of well-armed and highly-trained Paratroopers will paradrop onto the ordered location.,หน่วยพลร่มติดอาวุธและได้รับการฝึกฝนมาอย่างดีจะพลร่มไปยังสถานที่ที่ได้รับคำสั่ง,ยูนิต: คำอธิบาย/tooltip,90152|97150|97501
90153,Versatile Squad with Satchel Charges and Recoilless Rifle upgrade,หน่วยอเนกประสงค์พร้อม Satchel Charge และการอัพเกรดปืนไรเฟิลไร้แรงสะท้อน,ยูนิต: คำอธิบาย/tooltip,90153|97151|2097151|2151301|2151451
90200,Repair a Structure or Vehicle for a nominal Resource cost.,ซ่อมแซมโครงสร้างหรือยานพาหนะด้วยต้นทุนทรัพยากรเล็กน้อย,ยูนิต: คำอธิบาย/tooltip,90200|127550|2090200|2127550|2246950
90252,Left-click icon and then Left-click target area to Reinforce.,คลิกซ้ายที่ไอคอน จากนั้นคลิกซ้ายพื้นที่เป้าหมายเพื่อเสริมกำลัง,ยูนิต: คำอธิบาย/tooltip,90252|90750|97102|152002|152052|152102|152152|152201|152702|152752|152802|152852|157003|157152|157552|163352|165502|166652|2096152|2096202|2097102|2152002|2152052|2152102|2152152|2152201|2152702|2152752|2152802|2152852|2157003|2157152|2157552|2163352|2165502|2166652
90300,The Squad will throw a Mk2 'Pineapple' Grenade.,หน่วยจะขว้างระเบิดมือ Mk2 'Pineapple',ยูนิต: คำอธิบาย/tooltip,90300|2090300
90302,Left-click icon and then Left-click Target to throw Grenade.,คลิกซ้ายที่ไอคอน จากนั้นคลิกซ้ายที่เป้าหมายเพื่อขว้างระเบิดมือ,ยูนิต: คำอธิบาย/tooltip,90302|2090302
90350,"While Fired-Up, Squads are less prone to Suppression and move faster for a short time. After the effects of Fire-Up wear off, the squad will suffer from exhaustion, reducing their movement and attack speeds for a short period.",ในขณะที่ Fired-Up ทีมจะมีโอกาสถูกยิงกดดันตรึงพื้นที่น้อยลงและเคลื่อนที่เร็วขึ้นในช่วงเวลาสั้น ๆ หลังจากผลของ Fire-Up หมดลง ทีมจะมีอาการเหนื่อยล้า ความเร็วในการเคลื่อนที่และการโจมตีลดลงในช่วงเวลาสั้น ๆ,ยูนิต: คำอธิบาย/tooltip,90350
90450,"Camouflaged Units can only be detected if they engage in combat or if an Enemy unit is in close proximity. While Camouflage is active, movement speed is reduced.",หน่วยพรางตัวสามารถตรวจพบได้ก็ต่อเมื่อพวกเขาเข้าร่วมการต่อสู้หรือหากหน่วยศัตรูอยู่ใกล้กัน ขณะที่ลายพรางทำงานอยู่ ความเร็วในการเคลื่อนที่จะลดลง,ยูนิต: คำอธิบาย/tooltip,90450|2090450
90501,Excellent Anti Infantry weapon.  Requires set-up time.,อาวุธต่อต้านทหารราบที่ยอดเยี่ยม ต้องใช้เวลาในการติดตั้งฐานยิง,ยูนิต: คำอธิบาย/tooltip,90501
90550,"Deploys Volksgrenadier Squads, Snipers, Heavy Machine Gun teams, Schwimmwagens and Motorcycles.","เคลื่อนกำลังทีม Volksgrenadier, Snipers, ทีมปืนกลหนัก, Schwimmwagens และรถจักรยานยนต์",ยูนิต: คำอธิบาย/tooltip,90550
90601,"Paradrop Munitions, Fuel Supplies, and some heavy weapons to Revealed Territory.","ทิ้งร่มชูชีพส่งยุทโธปกรณ์, เสบียงเชื้อเพลิง และอาวุธหนักบางส่วนไปยังดินแดนที่เปิดเผยแล้ว",ยูนิต: คำอธิบาย/tooltip,90601|2090601
90602,Left-click icon and then Left-click target area.,คลิกซ้ายที่ไอคอน จากนั้นคลิกซ้ายพื้นที่เป้าหมาย,ยูนิต: คำอธิบาย/tooltip,90602|97152|111202|114503|128153|137200|155452|166352|2090602|2094102|2097152|2111202|2114503|2128153|2137200|2155452|2166352|2241802|2242003|2242102|2242253|2242302|2242803|2242852|2242952|2246701|2259500|2259550
90651,"The Lieutenant initiates a charge making all nearby squads immune to suppression, and increasing their offensive and defensive attributes.",ผู้หมวดเริ่มการโจมตีทำให้ทีมใกล้เคียงทั้งหมดมีภูมิคุ้มกันต่อการยิงกดดันตรึงพื้นที่ และเพิ่มคุณสมบัติการโจมตีและการป้องกัน,ยูนิต: คำอธิบาย/tooltip,90651
90800,Left-click icon then Left-click target area and direction.,คลิกซ้ายที่ไอคอน จากนั้นคลิกซ้ายพื้นที่เป้าหมายและทิศทาง,ยูนิต: คำอธิบาย/tooltip,90800|133950|134000|134050|134150|2090800|2100202|2134000|2134150|2136250|2256150|2256601
90901,Replace Casualties. Must be in proximity to an HQ or Halftrack to reinforce.,แทนที่ผู้บาดเจ็บล้มตาย ต้องอยู่ใกล้กับกองบัญชาการหรือ Halftrack เพื่อเสริมกำลัง,ยูนิต: คำอธิบาย/tooltip,90901|91251|95551|95651|95701|95751
90951,Suppression Fire can pin Enemy Troops except when the target is in heavy cover,การยิงกดดัน สามารถยิงตรึงทหารศัตรูได้ ยกเว้นเมื่อเป้าหมายอยู่ในที่กำบังหนาแน่น,ยูนิต: คำอธิบาย/tooltip,90951|2090951
91101,Machine guns are potent threats to infantry targets.,ปืนกลเป็นภัยคุกคามต่อเป้าหมายทหารราบ,ยูนิต: คำอธิบาย/tooltip,91101|2091101
91102,Replace Casualties. Must be in proximity to a Command Truck to reinforce.,แทนที่ผู้บาดเจ็บล้มตาย จะต้องอยู่ใกล้กับ รถบังคับการ เพื่อเสริมกำลัง,ยูนิต: คำอธิบาย/tooltip,91102|95853|99851|100602|2091102|2095853|2099851|2100602
91300,"Makes available the Scout Car, Munitions Halftrack and 250/3 Funkwagen 'Vampire' Halftrack. Upgrades will equip squads with Anti Tank Grenades and increase the size of infantry squads.","จำหน่าย รถลาดตระเวน, Munitions Halftrack และ 250/3 Funkwagen 'Vampire' Halftrack การอัพเกรดจะจัดเตรียมหน่วยด้วย Anti Tank Grenades และเพิ่มขนาดของหน่วยทหารราบ",ยูนิต: คำอธิบาย/tooltip,91300
91400,Capture and Hold these Points to achieve a Capture and Hold Victory.,ยึดครองและยึดคะแนนเหล่านี้เพื่อให้ได้ชัยชนะในการยึดครองและยึดไว้,ยูนิต: คำอธิบาย/tooltip,91400|2091400
91851,The M2 105mm Howitzer provides long range indirect fire support.,M2 105mm Howitzer ให้การสนับสนุนการยิงทางอ้อมในระยะไกล,ยูนิต: คำอธิบาย/tooltip,91851|2091851
91852,105mm Howitzer item from Infantry Commander Tree,ไอเทมปืนใหญ่วิถีโค้ง 105 มม. จากสายบัญชาการทหารราบ,ยูนิต: คำอธิบาย/tooltip,91852
92002,The 88mm Flak 36 provides fearsome Anti Tank and Anti Air firepower.,Flak 36 ขนาด 88 มม. มอบอำนาจการยิงที่น่าเกรงขามในการต่อต้านรถถังและต่อต้านอากาศ,ยูนิต: คำอธิบาย/tooltip,92002|106302|118151|118201|2092002|2106302|2118151|2118201
92051,"Highly experienced officers who led by example fighting from the front. Can Supervise Buildings to improve production, call in Mortar fire on Enemy Units, and Rout Enemy forces.","นายทหารสัญญาบัตรผู้มีประสบการณ์สูงซึ่งเป็นผู้นำในการรบจากแนวหน้า สามารถควบคุมดูแลอาคารเพื่อปรับปรุงการผลิต, สั่งยิงปืนครกถล่มหน่วยศัตรู และทำให้กองกำลังศัตรูแตกพ่ายได้",ยูนิต: คำอธิบาย/tooltip,92051
92102,Can transport and Reinforce Troops in and out of battle. Can be equipped with Wurfrahmen 40 rockets ('Stuka zu Fuss') or Flamethrowers.,สามารถขนส่งและเสริมกำลังทหารเข้าและออกจากการรบได้ สามารถติดตั้งจรวด Wurfrahmen 40 หรือเครื่องพ่นไฟได้,ยูนิต: คำอธิบาย/tooltip,92102|2137751|2137801
92152,The Munitions Halftrack is specially equipped to deliver munitions to front line units. Infantry and vehicles within the support radius of the Munitions Halftrack will rapidly recharge any abilities that make use of munitions.,Munitions Halftrack ได้รับการติดตั้งเป็นพิเศษเพื่อส่งอาวุธไปยังหน่วยแนวหน้า ทหารราบและยานพาหนะที่อยู่ในรัศมีการสนับสนุนของ Munitions Halftrack จะชาร์จความสามารถใดๆ ก็ตามที่ใช้อาวุธได้อย่างรวดเร็ว,ยูนิต: คำอธิบาย/tooltip,92152
92202,This late war Tank matched a Heavy 90mm gun with much stronger armor to produce an Allied Tank that could engage Enemy Panthers and Tigers,รถถังช่วงปลายสงครามนี้จับคู่ปืน Heavy 90 มม. กับเกราะที่แข็งแกร่งกว่ามากเพื่อสร้างรถถังฝ่ายสัมพันธมิตรที่สามารถต่อสู้กับศัตรู Panthers และ Tigers,ยูนิต: คำอธิบาย/tooltip,92202|2137951|2200452|2204601
92302,"Transport and Reinforce Troops, or equip the Halftrack with a Quad .50 cal Turret.",ขนส่งและเสริมกำลังทหาร หรือติดตั้งป้อมปืน Quad .50 cal ให้ Halftrack,ยูนิต: คำอธิบาย/tooltip,92302
92352,"A heavy armored vehicle lacking a turret, the Command Tank imparts bonuses to nearby units in an area-of-effect aura.",พาหนะหุ้มเกราะหนักที่ไม่มีป้อมปืน Command Tank มอบโบนัสให้กับยูนิตใกล้เคียงในออร่าแบบพื้นที่ที่ส่งผล,ยูนิต: คำอธิบาย/tooltip,92352
92402,The Jeep's speed makes it an ideal Reconnaissance unit that excels at hunting down Enemy Snipers.,ความเร็วของ Jeep ทำให้เป็นหน่วยลาดตระเวนในอุดมคติที่เก่งในการตามล่าสไนเปอร์ของศัตรู,ยูนิต: คำอธิบาย/tooltip,92402|2139051|2200302|2204451
92451,"Incendiary Traps will only trigger on enemy infantry. Once triggered, an incendiary explosion will burn the affected area over time.",กับดักเพลิงไหม้จะทำงานเฉพาะกับทหารราบของศัตรูเท่านั้น เมื่อจุดชนวน การระเบิดของเพลิงไหม้จะเผาพื้นที่ที่ได้รับผลกระทบเมื่อเวลาผ่านไป,ยูนิต: คำอธิบาย/tooltip,92451
92701,Unleash the vengeance weapons! A V1 rocket can be ordered into the chosen area.,ปลดปล่อยอาวุธล้างแค้น! สามารถสั่งยิงจรวด V1 ลงสู่พื้นที่เป้าหมายที่เลือกได้,ยูนิต: คำอธิบาย/tooltip,92701|134100|134950|2092701|2094003|2134100|2134950
92800,"Incendiary Trap, when triggered, explodes leaving an incendiary wake.",กับดักเพลิงไหม้ เมื่อถูกกระตุ้น จะระเบิดทำให้เกิดเพลิงไหม้,ยูนิต: คำอธิบาย/tooltip,92800|2262101
92902,"The most feared tank in the war, the Tiger has heavy front and rear armor and is armed with a powerful 88mm main Gun. The Tiger had few combat weaknesses.",รถถังที่น่าเกรงขามที่สุดในสงคราม รถถังไทเกอร์ มีเกราะหนาทั้งด้านหน้าและด้านหลัง ติดตั้งปืนหลักขนาด 88 มม. อันทรงพลัง ไทเกอร์มีจุดอ่อนในการรบน้อยมาก,ยูนิต: คำอธิบาย/tooltip,92902|93102|2092401|2139451
93002,The M10 sacrifices armor protection for a heavier main Gun. The M10 relies on its powerful 3 inch main Gun and its speed to tackle Enemy Tanks.,M10 เสียสละการป้องกันเกราะสำหรับปืนหลักที่หนักกว่า M10 อาศัยปืนหลักขนาด 3 นิ้วอันทรงพลังและความเร็วในการรับมือกับรถถังศัตรู,ยูนิต: คำอธิบาย/tooltip,93002|2092851|2200402|2204551
93201,"British Commandos are tough, elite troops armed with light weapons and explosives.",หน่วยคอมมานโดของอังกฤษเป็นกองกำลังชั้นยอดที่แข็งแกร่งและติดอาวุธด้วยอาวุธเบาและวัตถุระเบิด,ยูนิต: คำอธิบาย/tooltip,93201|2093201
93203,Commando Demolitions can be placed anywhere on the map.,Commando Demolitions สามารถวางได้ทุกที่บนแผนที่,ยูนิต: คำอธิบาย/tooltip,93203|2093203
93205,Replace Casualties. Must be in proximity to Command Truck or Glider to reinforce.,แทนที่ผู้บาดเจ็บล้มตาย ต้องอยู่ใกล้กับ รถบังคับการ หรือ Glider เพื่อเสริมกำลัง,ยูนิต: คำอธิบาย/tooltip,93205|2093205
94602,"A fast reconnaissance Motorcycle, it can utilize its speed to mercilessly hunt down elusive Snipers.",มอเตอร์ไซค์ลาดตระเวนที่รวดเร็ว มันสามารถใช้ความเร็วเพื่อตามล่าสไนเปอร์ที่เข้าใจยากอย่างไร้ความปราณี,ยูนิต: คำอธิบาย/tooltip,94602|2142401|2180351
94750,Replace Casualties. Must be in proximity to a HQ or Halftrack to Reinforce.,แทนที่ผู้บาดเจ็บล้มตาย ต้องอยู่ใกล้กับกองบัญชาการหรือ Halftrack เพื่อเสริมกำลัง,ยูนิต: คำอธิบาย/tooltip,94750|94801
94902,The M2 105mm Howitzer provides long range indirect fire support,M2 105mm Howitzer ให้การสนับสนุนการยิงทางอ้อมในระยะไกล,ยูนิต: คำอธิบาย/tooltip,94902|2094902
94952,"The SdKfz 221 Scout Car has great speed and mobility. Armed with an MG42 light machine gun, the Scout car can engage light targets and also capture and hold territory.",SdKfz 221 รถลาดตระเวน มีความเร็วและความคล่องตัวที่ยอดเยี่ยม รถ Scout ติดอาวุธด้วยปืนกลเบา MG42 สามารถโจมตีเป้าหมายเบาและยึดและยึดดินแดนได้,ยูนิต: คำอธิบาย/tooltip,94952|2094952
95000,Deploy Riflemen Squads and Jeeps from the Barracks. Also contains upgrades for the Riflemen.,จัดกำลังพลปืนไรเฟิลและรถจี๊ปจากค่ายทหาร มีการอัพเกรดสำหรับ Riflemen ด้วย,ยูนิต: คำอธิบาย/tooltip,95000|95050|111950|2095000|2111950
95252,"The M4 Sherman is the workhorse of the Allied armies in Normandy. Upgrades to its main gun, a .50 cal Machine Gun, a Crab mine flail, and Smoke Dischargers can carry the M4 through to the end of any battle.",M4 Sherman เป็นม้าเทียมของกองทัพพันธมิตรในนอร์มังดี อัปเกรดเป็นปืนหลัก ปืนกล .50 cal ไม้ตีทุ่นระเบิด Crab และเครื่องปล่อยควัน สามารถบรรทุก M4 ไปได้จนจบทุกการรบ,ยูนิต: คำอธิบาย/tooltip,95252|2142601|2200502|2204651
95301,"The Bofors 40mm cannon is dangerous to low flying aircraft and light vehicles, but its light shell and limited depression on the gun allow heavy armor and infantry to get close.",ปืนใหญ่ Bofors 40 มม. เป็นอันตรายต่อเครื่องบินที่บินต่ำและยานพาหนะขนาดเล็ก แต่กระสุนที่เบาและการกดที่จำกัดของปืนทำให้เกราะหนักและทหารราบสามารถเข้าใกล้ได้,ยูนิต: คำอธิบาย/tooltip,95301|2095301
96501,Churchill tanks charge into enemy infantry causing near instant supression.,รถถังเชอร์ชิลล์พุ่งเข้าใส่ทหารราบของศัตรูทำให้เกิดการยิงกดดันตรึงพื้นที่ในทันที,ยูนิต: คำอธิบาย/tooltip,96501
98553,The ubiquitous Bren Carrier can transport a section of Infantry or an officer. Can be outfitted with a Vickers MMG for added  fire support.,รถขนส่ง Bren Carrier ที่มีอยู่ทุกหนทุกแห่งสามารถขนส่งส่วนหนึ่งของทหารราบหรือเจ้าหน้าที่ได้ สามารถติดตั้ง Vickers MMG เพื่อเพิ่มการยิงสนับสนุนได้,ยูนิต: คำอธิบาย/tooltip,98553
98750,The Sdkfz 222 Armored Car marries high speed and all terrain mobility with a rapid firing 20mm cannon capable of destroying infantry and other soft targets.,รถหุ้มเกราะ Sdkfz 222 ผสมผสานความเร็วสูงและความคล่องตัวในทุกพื้นที่ด้วยปืนใหญ่ขนาด 20 มม. ที่ยิงเร็วซึ่งสามารถทำลายทหารราบและเป้าหมายอ่อนอื่นๆ ได้,ยูนิต: คำอธิบาย/tooltip,98750|2098750
98850,Equip this Vehicle with a M2HB .50 cal Machine Gun.,ติดตั้งยานพาหนะคันนี้ด้วยปืนกล M2HB .50 cal,ยูนิต: คำอธิบาย/tooltip,98850|2098850
98901,Construct Slit Trenches or Radio Triangulation Detectors (unlocked from Commander Tree).,สร้างร่องลึกร่องลึกหรือเครื่องตรวจจับสามเหลี่ยม็อด้วยคลื่นวิทยุ (ปลดล็อคจากแผนผังผู้บัญชาการ),ยูนิต: คำอธิบาย/tooltip,98901|2098901
99300,Deploy Pioneers and escalate Battle Phases to call in additional Reinforcements.,วางกำลังผู้บุกเบิกและเพิ่มระยะการรบเพื่อเรียกกำลังเสริมเพิ่มเติม,ยูนิต: คำอธิบาย/tooltip,99300|101650|2099300|2101650
99700,Barbed Wire fences stop Enemy Troops from entering your Territory.,รั้วลวดหนามป้องกันไม่ให้กองกำลังศัตรูเข้าสู่ดินแดนของคุณ,ยูนิต: คำอธิบาย/tooltip,99700|99750|104600|104650|2099700|2099750|2104600|2104650
99800,Tank Traps are used to stop Enemy Armor from penetrating friendly Territory.,กับดักรถถังใช้เพื่อหยุดเกราะของศัตรูไม่ให้เจาะอาณาเขตฝ่ายเรา,ยูนิต: คำอธิบาย/tooltip,99800|2099800
99900,Houses Medics whose sole purpose is to return Casualties back to the Station.,Houses Medics ที่มีวัตถุประสงค์เพียงอย่างเดียวคือการส่งคืนผู้บาดเจ็บกลับไปยังสถานี,ยูนิต: คำอธิบาย/tooltip,99900|2099900
99950,Houses Medics that return Casualties back to the Station; if enough Casualties are collected a new squad will be granted. Units within proximity of the casualty clearing center can be healed with Medical Supplies.,แพทย์ประจำบ้านที่ส่งคืนผู้บาดเจ็บกลับไปที่สถานี หากรวบรวมผู้เสียชีวิตได้เพียงพอ ก็จะมอบทีมใหม่ หน่วยที่อยู่ในบริเวณใกล้เคียงกับศูนย์เคลียร์ความเสียหายสามารถรักษาให้หายได้ด้วยเวชภัณฑ์,ยูนิต: คำอธิบาย/tooltip,99950|2099950
100000,Machine Gun Emplacements are excellent at suppressing Enemy Troops.,ฐานที่ตั้งปืนกลนั้นยอดเยี่ยมในการยิงกดดันตรึงพื้นที่กองกำลังข้าศึก,ยูนิต: คำอธิบาย/tooltip,100000|2100000
100050,"Requisition the Krieg Barracks to deploy Grenadier Squads, Mortar teams, Halftracks, and the Pak 38 Anti Tank Gun.","เบิกจ่าย/ขออนุมัติกำลังพลจากค่ายทหารราบครีก เพื่อจัดกำลังหมู่ทหารราบเกรนาเดียร์, ทีมครก, รถสายพานกึ่งล้อยาง และปืนต่อสู้รถถัง Pak 38",ยูนิต: คำอธิบาย/tooltip,100050|2100050
100100,"Requisition the Sturm Armory to deploy Officers, Stug Ivs., Geschutzwagens, SdKfz 234 Armored Cars, and the Nebelwerfer Rocket Battery.","ขออนุมัติกำลังรบจากคลังอาวุธสตวร์ม เพื่อส่งนายทหารสัญญาบัตร, ชตุก Ivs., Geschutzwagens, รถเกราะ SdKfz 234 และฐานเครื่องยิงจรวดเนเบิลแวร์เฟอร์",ยูนิต: คำอธิบาย/tooltip,100100
100150,"Requisition Panzer Command to deploy the Knights Cross Holder, Ostwind Flak Panzer, Panzer IV, and the Panther Heavy Tank.","สร้างกองบัญชาการยานเกราะเพื่อวางกำลัง Knights Cross Holder, Ostwind Flak Panzer, Panzer IV และ Panther Heavy Tank",ยูนิต: คำอธิบาย/tooltip,100150|2100150
100200,Call in Artillery Strike on designated target area.,เรียกปืนใหญ่โจมตีในพื้นที่เป้าหมายที่กำหนด,ยูนิต: คำอธิบาย/tooltip,100200|144400|2144400|2151603|2151903
100202,Left-click icon and then Left-click target area to Barrage.,คลิกซ้ายที่ไอคอน จากนั้นคลิกซ้ายพื้นที่เป้าหมายเพื่อสั่งยิงปูพรม,ยูนิต: คำอธิบาย/tooltip,100202|114405|129002|134103|144302|144402|145203|145253|161652|2090052|2094000|2114405|2129002|2134103|2144302|2144402|2145203|2145253|2151600|2151900|2161652|2203403|2256353
100203,Area of Effect attack. Good vs. Infantry and Light Vehicles,การโจมตีแบบพื้นที่ส่งผล มีประสิทธิภาพสูงเมื่อปะทะกับทหารราบและยานพาหนะเบา,ยูนิต: คำอธิบาย/tooltip,100203|129003|145252|2090053|2129003|2145252|2151601|2151650|2151901|2151950|2161653|2256354
100300,Equip all Infantry Squads with the Mk2 'Pineapple' Fragmentation Grenade.,เตรียมหมู่ทหารราบทั้งหมดด้วย Mk2 'Pineapple' Fragmentation Grenade,ยูนิต: คำอธิบาย/tooltip,100300|2203902
100350,Equip the M3 Halftrack with the Maxson Mount. Cannot transport Troops when equipped.,ติดตั้ง รถสายพานกึ่งล้อยาง M3 ด้วย Maxson Mount ไม่สามารถขนส่งทหารได้เมื่อติดตั้ง,ยูนิต: คำอธิบาย/tooltip,100350|2100350
100450,"Primary Structure, generates the majority of the Allied Manpower production. Deploys Engineers and Engineer upgrades.",สิ่งปลูกสร้างหลัก สร้างกำลังพลของฝ่ายสัมพันธมิตรเป็นส่วนใหญ่ ใช้เกณฑ์ทหารช่างสนามและวิจัยอัปเกรดทหารช่างสนาม,ยูนิต: คำอธิบาย/tooltip,100450|100500|2100450
100552,Replace Casualties. Must be in proximity to an HQ or Halftrack to reinforce.,แทนที่ผู้บาดเจ็บล้มตาย ต้องอยู่ใกล้กับกองบัญชาการหรือ รถสายพานกึ่งล้อยาง เพื่อเสริมกำลัง,ยูนิต: คำอธิบาย/tooltip,100552|102951|103001|103753|103902|103951|2090901|2091251|2095551|2095651|2095701|2095751|2100552|2102951|2103001|2103753|2103902|2103951
100650,"Primary Vehicle Production Structure. Deploys Armored Cars, Halftracks and 57mm Anti Tank guns.",โครงสร้างการผลิตรถยนต์เบื้องต้น ใช้งานรถหุ้มเกราะ รถสายพานกึ่งล้อยาง และปืนต่อสู้รถถัง 57 มม.,ยูนิต: คำอธิบาย/tooltip,100650|101850|112100
100700,"Equip Squad with MG42 Light Machine Gun. The addition of an MG42 Light Machine Gun to the Squad vastly improves their firepower, but at a slight reduction of mobility.",ติดตั้งหน่วยด้วยปืนกลเบา MG42 การเพิ่มปืนกลเบา MG42 ให้กับหน่วยช่วยเพิ่มอำนาจการยิงได้อย่างมาก แต่ความคล่องตัวลดลงเล็กน้อย,ยูนิต: คำอธิบาย/tooltip,100700|2100700
100750,Equip Squad with Panzerfaust. Panzerfausts are one-shot Anti-Vehicle weapons.,จัดทีมด้วย Panzerfaust Panzerfaust เป็นอาวุธต่อต้านยานพาหนะแบบนัดเดียว,ยูนิต: คำอธิบาย/tooltip,100750|2100750
100800,"Equip Squad with Panzerschreck. One of the deadliest Anti Tank weapons of the war, the RPzB 54 Panzerschreck could penetrate the armor of any Allied tank.",จัดทีมด้วย Panzerschreck หนึ่งในอาวุธต่อต้านรถถังที่อันตรายที่สุดในสงคราม RPzB 54 Panzerschreck สามารถเจาะเกราะของรถถังฝ่ายสัมพันธมิตรได้,ยูนิต: คำอธิบาย/tooltip,100800|2100800
101050,"Primary Tank Production Structure. Deploys M10's, M18 Hellcats, M4 Shermans as well as Sherman Crocodiles. Also contains upgrades for the M4 Sherman.","โครงสร้างผลิตรถถังหลัก เรียกใช้ M10, M18 Hellcats, M4 Shermans และ Sherman Crocodiles รวมถึงอัปเกรดสำหรับ M4 Sherman",ยูนิต: คำอธิบาย/tooltip,101050|102050
101100,Logistic Support. Reduces unit Upkeep and Support costs.,การสนับสนุนด้านลอจิสติกส์ ลดต้นทุนการบำรุงรักษาและการสนับสนุนหน่วย,ยูนิต: คำอธิบาย/tooltip,101100|101250|2101100|2101250
101151,"Construct basic field defenses such as Sandbags, Barbwire obstacles.",สร้างการป้องกันสนามขั้นพื้นฐาน เช่น กระสอบทราย สิ่งกีดขวางลวดหนาม,ยูนิต: คำอธิบาย/tooltip,101151|2143002|2198802|2198852
101450,"Secure Sectors, which increases Resource production of that Sector and prevents enemy units from capturing that Sector.",Secure Sectors ซึ่งเพิ่มการผลิตทรัพยากรของ Sector นั้นและป้องกันไม่ให้หน่วยศัตรูยึดครอง Sector นั้น,ยูนิต: คำอธิบาย/tooltip,101450|105300|2101450|2105300
101500,"Secure Sectors, which increases Resource production of that Sector by 40%.",ยึดเซกเตอร์ ซึ่งเพิ่มการผลิตทรัพยากรของเซกเตอร์นั้น 40%,ยูนิต: คำอธิบาย/tooltip,101500|102650
101700,Tank Traps are used to stop Enemy armor from penetrating friendly Territory.,กับดักรถถังใช้เพื่อหยุดเกราะของศัตรูไม่ให้เจาะเข้าไปในดินแดนฝ่ายเรา,ยูนิต: คำอธิบาย/tooltip,101700|102200|2101700|2102200
101900,"Secondary Troop Production Structure. Deploys Heavy Machine Gun teams, Mortar Teams and Snipers.","โครงสร้างการผลิตกำลังพลขั้นที่สอง ระดมพลทีมปืนกลหนัก, ทีมครก และสไนเปอร์",ยูนิต: คำอธิบาย/tooltip,101900|101950|2101900
102102,Utilizes a .30 cal M1917 Heavy Machine Gun to lay down an enormous amount of firepower that is especially effective against massed Infantry. armor piercing bullets are effective against Light Vehicles.,ใช้ปืนกลหนัก M1917 ขนาด .30 cal เพื่อวางอำนาจการยิงจำนวนมหาศาล ซึ่งมีประสิทธิภาพโดยเฉพาะในการต่อสู้กับทหารราบจำนวนมาก กระสุนเจาะเกราะมีผลกับยานพาหนะขนาดเล็ก,ยูนิต: คำอธิบาย/tooltip,102102|2143301
102104,Replace Casualties. Must be in proximity to a HQ or Halftrack to Reinforce.,แทนที่ผู้บาดเจ็บล้มตาย ต้องอยู่ใกล้กับกองบัญชาการหรือ รถสายพานกึ่งล้อยาง เพื่อเสริมกำลัง,ยูนิต: คำอธิบาย/tooltip,102104|102503|103656|103706|104104|104154|104204|104254|104304|105654|105704|106804|106854|106904|106954|107903|108004|108154|108254|108304|108654|108704|118054|118104|2093006|2094750|2094801|2104104|2104204|2106854|2106954|2108704|2118054|2118104|2143304|2143604|2144554|2144654|2144904|2145054|2145104|2145154|2145304|2146104|2146154|2146204|2146254|2146354|2146404|2146454|2147354|2179654|2179704|2179754|2180656|2180706|2180804|2180904|2181254|2181304|2182004|2182054|2200104|2200154|2200204|2200350|2200756|2218254
102152,"Highly skilled Sharpshooter with scoped M1903 Rifle, effective against all Infantry. Can use camouflage ability.",นักแม่นปืนที่มีทักษะสูงพร้อมปืนไรเฟิลเล็ง M1903 มีผลกับทหารราบทุกคน สามารถใช้ความสามารถพรางตัวได้,ยูนิต: คำอธิบาย/tooltip,102152|2143401|2200251|2204251
102251,"A Smoke Round is fired from the vehicle, temporarily masking itself or targets.",กระสุนควันถูกยิงออกจากยานพาหนะ โดยปิดบังตัวเองหรือเป้าหมายชั่วคราว,ยูนิต: คำอธิบาย/tooltip,102251
102300,Road Blocks are extremely tough piles of junk material scraped together to block off an area. Roadblocks must be destroyed and cannot be crushed by any tank.,สิ่งกีดขวางบนถนนคือกองขยะที่มีความแข็งมากซึ่งถูกขูดเข้าด้วยกันเพื่อกั้นพื้นที่ สิ่งกีดขวางบนถนนจะต้องถูกทำลายและไม่สามารถถูกรถถังใดๆ บดขยี้ได้,ยูนิต: คำอธิบาย/tooltip,102300|2102300
102352,Fast reconaissance Vehicle which is good at harrassing Enemy Infantry and destroying Light Vehicles. Can be equipped with better armor and an .50 HMG.,ยานพาหนะลาดตระเวนที่รวดเร็วซึ่งเชี่ยวชาญในการก่อกวนทหารราบของศัตรูและทำลายยานพาหนะขนาดเล็ก สามารถติดตั้งเกราะที่ดีกว่าและ .50 HMG,ยูนิต: คำอธิบาย/tooltip,102352|2143501|2200552|2204701
102400,Initially produces Assault Grenadiers and a 20mm Armored Car. Can be upgraded to produce the Marder III  Tank Hunter. Infantry can be improved via the Group Zeal upgrade.,เริ่มแรกผลิต เกรนาเดียร์จู่โจม และรถหุ้มเกราะ 20 มม. สามารถอัพเกรดเพื่อผลิต Marder III Tank Hunter ได้ ทหารราบสามารถปรับปรุงได้ด้วยการอัปเกรด Group Zeal,ยูนิต: คำอธิบาย/tooltip,102400|2102400
102502,"The M1 57mm Anti Tank Gun offered reasonable protection against Enemy Tanks, but could also tackle hardened Structures. APC Shells improve armor penetration.",ปืนต่อสู้รถถัง M1 57 มม. ให้การป้องกันที่สมเหตุสมผลต่อรถถังศัตรู แต่ก็สามารถรับมือกับโครงสร้างที่แข็งกระด้างได้เช่นกัน APC Shells ปรับปรุงการเจาะเกราะ,ยูนิต: คำอธิบาย/tooltip,102502|2143601|2204501
102552,"The Anti Tank Gun offered reasonable protection against Enemy Tanks, but could also tackle hardened Structures. APC Shells improve armor penetration.",ปืนต่อสู้รถถังให้การป้องกันรถถังศัตรูอย่างเหมาะสม แต่ก็สามารถรับมือกับโครงสร้างที่แข็งกระด้างได้เช่นกัน APC Shells ปรับปรุงการเจาะเกราะ,ยูนิต: คำอธิบาย/tooltip,102552
102600,"Deploys the Officer, 234 Heavy Armored Cars, Stug tanks, Geschutzwagens, and the Nebelwerfer Rocket Artillery.","วางกำลังนายทหารสัญญาบัตร, รถหุ้มเกราะหนัก 234 คัน, รถถัง ชตุก, Geschutzwagens และปืนใหญ่จรวด Nebelwerfer",ยูนิต: คำอธิบาย/tooltip,102600|105100
102702,The Crocodile is an assault Tank and comes equipped with a Flamethrower but cannot fire its main Gun. Can be equipped with a Bulldozer to clear obstacles.,Crocodile เป็นรถถังจู่โจมและมาพร้อมกับเครื่องพ่นไฟ แต่ไม่สามารถยิงปืนหลักของมันได้ สามารถติดตั้ง Bulldozer เพื่อเคลียร์สิ่งกีดขวางได้,ยูนิต: คำอธิบาย/tooltip,102702|2143651|2143701
102801,Outfitted with a Calliope that is capable of a devastating Rocket Barrage.,สวมใส่ Calliope ที่สามารถทำลายล้าง Rocket ยิงปูพรม ได้,ยูนิต: คำอธิบาย/tooltip,102801|2143750|2143800
103252,Utilizes a .30 cal M1917 Heavy Machine Gun to lay down an enormous amount of firepower that is especially effective against massed Infantry. Armor piercing bullets are effective against Light Vehicles.,ใช้ปืนกลหนัก M1917 ขนาด .30 cal เพื่อวางอำนาจการยิงจำนวนมหาศาล ซึ่งมีประสิทธิภาพโดยเฉพาะในการต่อสู้กับทหารราบจำนวนมาก กระสุนเจาะเกราะมีผลกับยานพาหนะขนาดเล็ก,ยูนิต: คำอธิบาย/tooltip,103252|104102|2103252|2104102|2200102|2204351
103501,"Can call in an Artillery Strike on a location and generates a Leadership aura, increasing the statistics to all nearby friend Units.",สามารถเรียกการโจมตีด้วยปืนใหญ่ไปยังสถานที่หนึ่งๆ และสร้างออร่าความเป็นผู้นำ ซึ่งจะเพิ่มสถิติให้กับยูนิตเพื่อนที่อยู่ใกล้เคียงทั้งหมด,ยูนิต: คำอธิบาย/tooltip,103501|2144050|2182300
103551,"Pronounced ""Left-tennant"" these officers impart powerful bonuses in an area-of-effect aura around the Lieutenant.","ออกเสียงว่า ""ร้อยตรี"" นายทหารสัญญาบัตรเหล่านี้ให้โบนัสอันทรงพลังในออร่าพื้นที่ที่ส่งผลรอบๆ ผู้หมวด",ยูนิต: คำอธิบาย/tooltip,103551
103652,"Call in Engineers to construct and Repair Structures. Engineers can be equipped with Minesweepers, Flamethrowers, Wire Cutters and Demolition Charges.",เชิญทหารช่างสนามมาสร้างและซ่อมแซมโครงสร้าง ทหารช่างสนามสามารถติดตั้งเครื่องกวาดทุ่นระเบิด เครื่องพ่นไฟ เครื่องตัดลวด และค่ารื้อถอน,ยูนิต: คำอธิบาย/tooltip,103652|2093001|2200751|2204401
103654,Demolitions are effective against Enemy Structures.,การรื้อถอนจะมีผลกับโครงสร้างของศัตรู,ยูนิต: คำอธิบาย/tooltip,103654|103704|103708|112955|2093004|2103704|2112955|2157250|2200754|2243455|2244202
103707,Standard builder-type unit. Sapper Sergeants have various upgrades available allowing their squad to take on specified tasks.,หน่วยประเภทผู้สร้างมาตรฐาน จ่าทหารช่างสนามมีการอัพเกรดมากมายทำให้หน่วยของตนสามารถปฏิบัติภารกิจที่ระบุได้,ยูนิต: คำอธิบาย/tooltip,103707
104152,"The M2 60mm Mortar can drop Mortar Bombs on concentrations of Infantry, Heavy Weapons, or Squads in Buildings. Use this weapon to break through defensive impasses.","ปืนครก M2 ขนาด 60 มม. สามารถยิงกระสุนครกถล่มจุดที่มีทหารราบรวมตัวหนาแน่น, อาวุธหนัก หรือหน่วยที่อยู่ในอาคาร ใช้อาวุธนี้เพื่อทำลายแนวตั้งรับอันหนาแน่นของศัตรู",ยูนิต: คำอธิบาย/tooltip,104152|104202|2104202|2144551|2200152|2204301
104252,"Versatile soldier in attack or defense. Grenades, Sticky Bombs and M1918 BARs provide protection against multiple threat types.","ทหารอเนกประสงค์ในการโจมตีหรือป้องกัน Grenades, Sticky Bombs and M1918 BARs provide protection against multiple threat types.",ยูนิต: คำอธิบาย/tooltip,104252|2144651|2180801|2204151
104302,Versatile soldier the Infantry Squads Sergeants can receive potent upgrades giving their squad a focused role.,นายทหารหมู่ทหารราบที่เก่งกาจสามารถรับการอัพเกรดอันทรงพลังเพื่อให้หน่วยของตนมีบทบาทที่มุ่งเน้น,ยูนิต: คำอธิบาย/tooltip,104302
104451,"Adds a launcher capable of ripple firing large numbers of 4.5"" Rockets",เพิ่มตัวเรียกใช้งานที่สามารถกระเพื่อมยิงจรวด 4.5 นิ้วจำนวนมาก,ยูนิต: คำอธิบาย/tooltip,104451|2104451
104552,The Commonwealth Captain imparts powerful combat bonuses to units within sectors occupied by himself.,กัปตันเครือจักรภพมอบโบนัสการต่อสู้อันทรงพลังให้กับยูนิตภายในพื้นที่ที่ครอบครองโดยตัวเขาเอง,ยูนิต: คำอธิบาย/tooltip,104552
104750,"Deploys Grenadier Squads, Mortar Teams, Pak 38 Anti Tank guns, and Halftracks.","ส่งกำลังพลหมู่เกรนาเดียร์, ทีมครก, ปืนต่อสู้รถถัง Pak 38 และรถสายพานกึ่งล้อยาง",ยูนิต: คำอธิบาย/tooltip,104750|2104750
104950,"Deploys the most powerful Units in the Axis Army. Panther tanks, Panzer IV tanks, Ostwind Flak tanks, and Knights Cross Holders.","เคลื่อนกำลังหน่วยที่ทรงพลังที่สุดในกองทัพฝ่ายอักษะ รถถัง Panther, รถถัง Panzer IV, รถถัง Ostwind Flak และผู้ถือ Knights Cross",ยูนิต: คำอธิบาย/tooltip,104950|105050|2104950
105002,This emplaced AA weapon delivers a devastating volume of 20mm firepower against light and soft targets.,อาวุธ AA ที่ติดตั้งนี้ให้พลังทำลายล้างที่ 20 มม. ต่อเป้าหมายที่เบาและเบา,ยูนิต: คำอธิบาย/tooltip,105002|2105002
105200,Equip Pioneers with the Flammenwerfer 42 portable Flamethrower.,ติดตั้งเครื่องพ่นไฟแบบพกพา Flammenwerfer 42 แก่ผู้บุกเบิก,ยูนิต: คำอธิบาย/tooltip,105200|2105200
105252,An MG42 Heavy Machine Gun with a fire rate of 1200 rounds per minute can devastate Enemy Infantry.,"ปืนกลหนัก MG42 ที่มีอัตราการยิง 1,200 รอบต่อนาทีสามารถทำลายล้างทหารราบของศัตรูได้",ยูนิต: คำอธิบาย/tooltip,105252|105352|106802|106852|2105252|2105352|2106852|2145051|2145101
105400,"Primary defensive Structure. Can upgrade to an Aid Station, Repair Station or an MG Emplacement.","โครงสร้างการป้องกันหลัก สามารถอัพเกรดเป็น Aid Station, Repair Station หรือ MG Emplacement ได้",ยูนิต: คำอธิบาย/tooltip,105400|2105400
105450,Contains the upgrades to request experienced Veteran Troops and Tanks. Veterans are well trained to deal with battlefield situations.,ประกอบด้วยการอัพเกรดเพื่อขอกองกำลังและรถถังทหารผ่านศึกที่มีประสบการณ์ ทหารผ่านศึกได้รับการฝึกฝนมาเป็นอย่างดีเพื่อรับมือกับสถานการณ์ในสนามรบ,ยูนิต: คำอธิบาย/tooltip,105450|105500|2105450
105552,"Well trained Paratroopers can destroy Enemy positions with Satchel Charges, and can be equipped with M18 Recoilless Rifles for addition protection against all Vehicle types.",พลร่มที่ได้รับการฝึกฝนมาอย่างดีสามารถทำลายตำแหน่งของศัตรูได้ด้วย Satchel Charge และสามารถติดตั้งปืนไรเฟิลไร้การหดตัว M18 เพื่อเพิ่มการป้องกันให้กับยานพาหนะทุกประเภท,ยูนิต: คำอธิบาย/tooltip,105552|105602|2095801|2144801|2158200|2181001
105554,Replace Casulaties. Reinforcements can be called in anywhere.,เติมกำลังพลทดแทนการสูญเสีย สามารถเรียกกำลังเสริมได้ทุกที่,ยูนิต: คำอธิบาย/tooltip,105554|2095803|2144804|2181004|2181054|2181104
105604,Replace Casulaties. Must be within Territory to call in Airborne Reinforcements.,เติมกำลังพลทดแทนการสูญเสีย ต้องอยู่ภายในอาณาเขตเพื่อเรียกกำลังเสริมทางอากาศ,ยูนิต: คำอธิบาย/tooltip,105604
105652,Elite assault Troops equipped with Thompson SMGs and M9 Bazooka's. Excels in all combat situations. Can be equipped with Grenades.,กองกำลังโจมตีชั้นยอดที่ติดตั้ง Thompson SMG และ M9 Bazooka's โดดเด่นในทุกสถานการณ์การต่อสู้ สามารถติดตั้งระเบิดได้,ยูนิต: คำอธิบาย/tooltip,105652|105702|2144901|2200202
105852,"Man this weapon to unleash its fearsome 88mm Shells on Tanks, Light Vehicles, and Buildings.",ใช้อาวุธนี้เพื่อปลดปล่อยกระสุน 88 มม. ที่น่าเกรงขามบนรถถัง ยานพาหนะขนาดเล็ก และอาคาร,ยูนิต: คำอธิบาย/tooltip,105852|105902|2105852|2105902
105951,Call in a glider full of Commandos. The glider is capable of producing and reinforcing more Commandos in territory.,เรียกเครื่องร่อนที่เต็มไปด้วยหน่วยคอมมานโด เครื่องร่อนมีความสามารถในการผลิตและเสริมกำลังหน่วยคอมมานโดในดินแดนได้มากขึ้น,ยูนิต: คำอธิบาย/tooltip,105951
106050,Equip the M4 Sherman with the Crab Mine Flail. Destroys Enemy Mines when deployed.,ติดตั้ง M4 Sherman ด้วย Crab Mine Flail ทำลายทุ่นระเบิดของศัตรูเมื่อใช้งาน,ยูนิต: คำอธิบาย/tooltip,106050|2106050
106350,"Satchel Charges are bundles of explosives that do heavy damage against Buildings, but can be thrown at Vehicles or Infantry.",Satchel Charge คือชุดระเบิดที่สร้างความเสียหายอย่างหนักต่อสิ่งก่อสร้าง แต่สามารถขว้างไปที่ยานพาหนะหรือทหารราบได้,ยูนิต: คำอธิบาย/tooltip,106350|2106350
106352,Left-click icon and then Left-click Target to throw Satchel Charge.,คลิกซ้ายที่ไอคอน จากนั้นคลิกซ้ายที่เป้าหมายเพื่อโยน Satchel Charge,ยูนิต: คำอธิบาย/tooltip,106352|2106352
106451,Highly experienced officers who led by example fighting from the front.,นายทหารผู้มีประสบการณ์สูงซึ่งนำโดยตัวอย่างการต่อสู้จากแนวหน้า,ยูนิต: คำอธิบาย/tooltip,106451|2203951
106453,"Can Supervise Buildings to improve production, call in Mortar fire on Enemy Units, and Rout Enemy forces.","สามารถควบคุมดูแลอาคารเพื่อเพิ่มอัตราการผลิต, สั่งยิงปืนครกถล่มหน่วยศัตรู และทำให้กองกำลังศัตรูแตกพ่ายได้",ยูนิต: คำอธิบาย/tooltip,106453
106500,"The Sdkfz 223 Logistik Car is equipped with powerful radios capable of connecting to command elements at the Headquarters. The Logistik Car can secure territory, ensuring continuous supply of resources.",Sdkfz 223 Logistik Car ติดตั้งวิทยุทรงพลังที่สามารถเชื่อมต่อกับองค์ประกอบคำสั่งที่กองบัญชาการได้ Logistik Car สามารถรักษาอาณาเขต ทำให้มั่นใจได้ถึงการจัดหาทรัพยากรอย่างต่อเนื่อง,ยูนิต: คำอธิบาย/tooltip,106500|2106500
106550,Ripple fire a massive Rocket Barrage from the T34 Launcher on the Calliope.,Ripple ยิง Rocket ยิงปูพรม ขนาดใหญ่จากเครื่องยิง T34 บน Calliope,ยูนิต: คำอธิบาย/tooltip,106550|2106550
106552,Left-click icon and then Left-click target area to fire a Rocket Barrage.,คลิกซ้ายที่ไอคอน จากนั้นคลิกซ้ายพื้นที่เป้าหมายเพื่อยิง Rocket ยิงปูพรม,ยูนิต: คำอธิบาย/tooltip,106552|2106552
106553,Area of Effect. Good vs. Infantry and Light Vehicles.,พื้นที่ได้รับผลกระทบ มีประสิทธิภาพสูงเมื่อปะทะกับทหารราบและยานพาหนะเบา,ยูนิต: คำอธิบาย/tooltip,106553|116954|145451|2106553|2116954
106601,"Mortar Halftracks mount the heavy 81mm Granatewerfer 34 in the rear of the vehicle, enabling crews to fire the mortar with good protection from small arms fire.",รถสายพานกึ่งล้อยางติดตั้งปืนครก ติดตั้ง Granatewerfer 34 ขนาดหนัก 81 มม. ไว้ท้ายยานพาหนะ ช่วยให้พลประจำรถสามารถยิงปืนครกได้โดยได้รับการป้องกันจากการยิงด้วยอาวุธขนาดเล็ก,ยูนิต: คำอธิบาย/tooltip,106601|2106601
106751,"The Light AT Halftrack mounts a small, but accurate 37mm  Anti Tank gun in place of the normal machine gun. This halftrack can use its accuracy to hit infantry, and specifically target the running gear of tanks and other vehicles in order to disable them.",Light AT รถสายพานกึ่งล้อยาง ติดตั้งปืนต่อสู้รถถัง 37 มม. ขนาดเล็กแต่แม่นยำ แทนที่ปืนกลปกติ ฮาล์ฟแทร็กนี้สามารถใช้ความแม่นยำในการโจมตีทหารราบ และกำหนดเป้าหมายไปที่อุปกรณ์วิ่งของรถถังและยานพาหนะอื่นๆ โดยเฉพาะเพื่อปิดการใช้งานพวกมัน,ยูนิต: คำอธิบาย/tooltip,106751|2106751
106902,The Granatewerfer 34 8cm Mortar provides indirect fire support.,ปืนครก Granatewerfer 34 ขนาด 8 ซม. ให้การสนับสนุนการยิงวิถีโค้งทางอ้อม,ยูนิต: คำอธิบาย/tooltip,106902|106952|2106952|2145151|2145301
107002,"The Panther is one of the best Tanks in the war. Armed with a deadly 75mm main Gun and exceptional frontal armor, the Panther's only weakness is its rear and top armor.",Panther เป็นหนึ่งในรถถังที่ดีที่สุดในสงคราม ติดอาวุธด้วยปืนหลัก 75 มม. และเกราะด้านหน้าที่ยอดเยี่ยม จุดอ่อนเดียวของ Panther คือเกราะด้านหลังและเกราะด้านบน,ยูนิต: คำอธิบาย/tooltip,107002|107052|2107052|2145351|2145401
107102,"The mainstay of the Panzer divisions, the Panzer IV is capable of tackling Enemy Tanks at range. Veteran Panzers are equipped with armor skirts and a MG42.",แกนนำของหน่วย Panzer นั้น Panzer IV มีความสามารถในการเข้าปะทะรถถังศัตรูในระยะไกล ยานเกราะรุ่นเก๋าจะติดตั้งกระโปรงเกราะและ MG42,ยูนิต: คำอธิบาย/tooltip,107102|2145451|2145501
107152,"This version of the Panzer IV is outfitted as a mobile supply point, it can be used as heavy cover for infantry when stationary and also deploy mines.",Panzer IV เวอร์ชันนี้ติดตั้งเป็นจุดจ่ายเคลื่อนที่ สามารถใช้เป็นที่กำบังหนักสำหรับทหารราบเมื่ออยู่กับที่และยังวางทุ่นระเบิดด้วย,ยูนิต: คำอธิบาย/tooltip,107152|2107152
107202,Primary Builder. Can build and Repair Structures. Pioneers can be equipped with Minesweepers or Flamethrowers and can salvage destroyed Vehicles for supplies.,ผู้สร้างหลัก สามารถสร้างและซ่อมแซมโครงสร้างได้ ผู้บุกเบิกสามารถติดตั้งเครื่องกวาดทุ่นระเบิดหรือเครื่องพ่นไฟ และสามารถกอบกู้ยานพาหนะที่ถูกทำลายเพื่อเป็นเสบียงได้,ยูนิต: คำอธิบาย/tooltip,107202|2145601|2181601
107204,Replace casualties. Must be in proximity to a HQ or Halftrack to Reinforce.,ทดแทนผู้เสียชีวิต. ต้องอยู่ใกล้กับกองบัญชาการหรือ รถสายพานกึ่งล้อยาง เพื่อเสริมกำลัง,ยูนิต: คำอธิบาย/tooltip,107204|2145604|2181604|2181654|2181704
107251,"Powerful radios equip the 250/3 Funkwagen 'Vampire' enabling it to interdict enemy signals and disrupt their supply lines. This vehicle siphons resources away from enemy sectors that it sets up in.  It has no weaponry of its own, so must be supported when in enemy territory.",วิทยุอันทรงพลังติดตั้ง 250/3 Funkwagen 'Vampire' ทำให้สามารถขัดขวางสัญญาณของศัตรูและขัดขวางเส้นทางส่งกำลังของพวกมัน พาหนะคันนี้สูบทรัพยากรออกจากพื้นที่ศัตรูที่มันสร้างขึ้น มันไม่มีอาวุธในตัวเอง ดังนั้นจึงต้องได้รับการสนับสนุนเมื่ออยู่ในดินแดนของศัตรู,ยูนิต: คำอธิบาย/tooltip,107251|2107251
107302,A fast-moving reconnaissance Vehicle.  Pumas are equipped with a 50mm Anti Tank Gun.,ยานพาหนะลาดตระเวนที่เคลื่อนที่อย่างรวดเร็ว Pumas ติดตั้งปืนต่อสู้รถถังขนาด 50 มม.,ยูนิต: คำอธิบาย/tooltip,107302|107352|2145651|2145701
107400,Upgrade this Bunker to a Repair Facility. Specially trained Pioneers will automatically Repair damaged Vehicles in the vicinity of the Bunker.,อัพเกรดบังเกอร์นี้เป็นศูนย์ซ่อม ผู้บุกเบิกที่ได้รับการฝึกอบรมมาเป็นพิเศษจะซ่อมแซมยานพาหนะที่เสียหายในบริเวณใกล้กับบังเกอร์โดยอัตโนมัติ,ยูนิต: คำอธิบาย/tooltip,107400|2107400
107452,"Highly skilled Sharpshooter, effective against all Infantry. Can use Camouflage ability.",นักแม่นปืนที่มีทักษะสูง ใช้ได้กับทหารราบทุกคน สามารถใช้ความสามารถพรางตัวได้,ยูนิต: คำอธิบาย/tooltip,107452|107502|2145801|2181801
107552,The addition of a 105mm howitzer to the Stug chassis created an excellent support tank for blasting through enemy defenses.,การเพิ่มปืนใหญ่วิถีโค้ง 105 มม. ให้กับตัวถัง ชตุก สร้างรถถังสนับสนุนที่ยอดเยี่ยมสำหรับการยิงทะลุแนวป้องกันของศัตรู,ยูนิต: คำอธิบาย/tooltip,107552|107602|2093051|2145851
107650,Equip Squad with MP44 Assault Rifles. MP44s provide Squads with excellent mid and short-range firepower.,จัดทีมด้วยปืนไรเฟิลจู่โจม MP44 MP44 ให้อำนาจการยิงระยะกลางและระยะสั้นที่ยอดเยี่ยมแก่ทีม,ยูนิต: คำอธิบาย/tooltip,107650|2107650
107701,Mounted with 3 deadly MG15 turrets this vehicle makes mince-meat of infantry and airplanes,ยานพาหนะคันนี้ติดตั้งป้อมปืน MG15 สุดอันตราย 3 อันเพื่อใช้เป็นเนื้อสับของทหารราบและเครื่องบิน,ยูนิต: คำอธิบาย/tooltip,107701
107751,Mounted with a 75mm gun this halftrack will easily make scrap out of enemy armor.,เมื่อติดตั้งปืน 75 มม. ครึ่งทางนี้จะทำให้เกราะของศัตรูเสียหายได้ง่าย,ยูนิต: คำอธิบาย/tooltip,107751
107851,"The SdKfz 250 is a small, light halftrack capable of carrying squads of infantry into an attack. The Infantry Halftrack can also supply the reinforcement needs of nearby troops.",SdKfz 250 เป็นรถถังเบาขนาดเล็กที่สามารถบรรทุกหมู่ทหารราบเข้าโจมตีได้ Infantry รถสายพานกึ่งล้อยาง ยังสามารถจัดหากำลังเสริมให้กับกองทหารใกล้เคียงได้,ยูนิต: คำอธิบาย/tooltip,107851|2107851
108002,"Long range Anti Tank weapon with good armor penetration, but little area of effect. The Pak 38 can Camouflage to ambush Enemy Vehicles and can get several shots off before it reveals itself.",อาวุธต่อต้านรถถังระยะไกลพร้อมการเจาะเกราะที่ดี แต่มีผลกระทบน้อย Pak 38 สามารถพรางตัวเพื่อซุ่มโจมตียานพาหนะของศัตรูและสามารถยิงได้หลายนัดก่อนที่มันจะเผยตัวออกมา,ยูนิต: คำอธิบาย/tooltip,108002|2146201|2146251
108050,Equip the SdKfz 234 Armored Car with a 50mm Anti Tank Gun turret.,ติดตั้งรถเกราะ SdKfz 234 ด้วยป้อมปืนต่อสู้รถถัง 50 มม.,ยูนิต: คำอธิบาย/tooltip,108050|2108050
108102,"Long range Anti Tank weapon with good armor penetration, but little area of effect. The Pak 38 can Camouflage to ambush Enemy Vehicles.",อาวุธต่อต้านรถถังระยะไกลพร้อมการเจาะเกราะที่ดี แต่มีผลกระทบน้อย Pak 38 สามารถพรางตัวเพื่อซุ่มโจมตียานพาหนะของศัตรูได้,ยูนิต: คำอธิบาย/tooltip,108102|2108102
108152,Formed the backbone of the Axis forces. Can be equipped with MG42s and Panzerschrecks.,ก่อตัวเป็นกระดูกสันหลังของกองกำลังฝ่ายอักษะ สามารถติดตั้ง MG42 และ Panzerschrecks ได้,ยูนิต: คำอธิบาย/tooltip,108152|2146351|2182001|2182051|2255700
108201,Luftwaffe ground forces are light combat troops also capable of constructing simple defenses and AA weapons.,กองกำลังภาคพื้นดินของกองทัพบกเป็นกองกำลังต่อสู้เบาที่สามารถสร้างการป้องกันแบบง่ายและอาวุธ AA ได้,ยูนิต: คำอธิบาย/tooltip,108201|2108201
108252,Elite assault Troops equipped with MP44s. Excel in all combat situations.,กองกำลังโจมตีชั้นยอดที่ติดตั้ง MP44 เก่งในทุกสถานการณ์การต่อสู้,ยูนิต: คำอธิบาย/tooltip,108252|108302|2146401|2146451
108352,The Stug IV is armed with a fixed 75mm main Gun. The Stug IV is effective at supporting Infantry and ambushing Enemy Tanks.,ชตุก IV ติดอาวุธด้วยปืนหลักคงที่ขนาด 75 มม. ชตุก IV มีประสิทธิภาพในการสนับสนุนทหารราบและซุ่มโจมตีรถถังศัตรู,ยูนิต: คำอธิบาย/tooltip,108352|2146501|2146551
108402,The Jagdpanther is a heavy tank destroyer mating the 88mm Pak 43 from King Tiger to a turretless Panther Tank chassis.  It boasts a powerful engine giving it a good power-to-weight ratio resulting in good mobility on the battlefield.,Jagdpanther เป็นยานพิฆาตรถถังหนักที่ผสมระหว่าง 88mm Pak 43 จาก King Tiger กับตัวถัง Panther Tank ที่ไม่มีป้อมปืน มีเครื่องยนต์ที่ทรงพลังซึ่งมีอัตราส่วนกำลังต่อน้ำหนักที่ดี ส่งผลให้มีความคล่องตัวที่ดีในสนามรบ,ยูนิต: คำอธิบาย/tooltip,108402|2108402
108451,Elite Infantry that can be equipped with MP44 Assault Rifles. Can learn how to use Bundled Grenades.,Elite Infantry ที่สามารถติดตั้ง MP44 Assault Rifles ได้ สามารถเรียนรู้วิธีใช้ Bundled Grenades,ยูนิต: คำอธิบาย/tooltip,108451|108501|2146850|2182100
108552,"Armed with a rapid firing 37mm Gun that can target Aircraft, Light Vehicles, and Infantry.",ติดอาวุธด้วยปืน 37 มม. ยิงเร็วที่สามารถกำหนดเป้าหมายเครื่องบิน ยานพาหนะขนาดเล็ก และทหารราบ,ยูนิต: คำอธิบาย/tooltip,108552|2093151|2146951
108602,The Hummel ('Bumble Bee') is self-propelled artillery; basically a very heavy 150mm leFH18 howitzer on a heavily modified Panzer IV chassis.,Hummel เป็นปืนใหญ่อัตตาจร; โดยพื้นฐานแล้วเป็นปืนใหญ่วิถีโค้ง leFH18 ขนาด 150 มม. ที่หนักมากบนตัวถัง Panzer IV ที่ได้รับการดัดแปลงอย่างหนัก,ยูนิต: คำอธิบาย/tooltip,108602|2108602
108752,A small remote controlled Bomb that can inflict massive area effect damage upon detonation.,ระเบิดควบคุมระยะไกลขนาดเล็กที่สามารถสร้างความเสียหายเป็นพื้นที่ขนาดใหญ่เมื่อเกิดการระเบิด,ยูนิต: คำอธิบาย/tooltip,108752|108802|2093351|2108802|2147501
108851,"In the hands of a regular crew, the Tiger is a powerful weapon. Under the command of a Tiger Ace, it's almost unstoppable.",ในมือของลูกเรือทั่วไป Tiger เป็นอาวุธที่ทรงพลัง ภายใต้การบังคับบัญชาของ ไทเกอร์ เอซ มันแทบจะผ่านพ้นไม่ได้,ยูนิต: คำอธิบาย/tooltip,108851|2093400|2147750
108901,"In the hands of a regular crew, the Tiger is a powerful weapon. Under the command of a Tiger Ace, Tiger is almost unstoppable.",ในมือของลูกเรือทั่วไป Tiger เป็นอาวุธที่ทรงพลัง ภายใต้คำสั่งของ ไทเกอร์ เอซ ทำให้ Tiger แทบจะไม่มีใครหยุดยั้งได้,ยูนิต: คำอธิบาย/tooltip,108901
108951,The SdKfz 124 Wespe is a self-propelled artillery vehicle mounted with a 105mm howitzer and gun-shield.,SdKfz 124 Wespe เป็นยานพาหนะปืนใหญ่อัตตาจรที่ติดตั้งปืนใหญ่วิถีโค้ง 105 มม. และเกราะป้องกันปืน,ยูนิต: คำอธิบาย/tooltip,108951
109003,"This Panzer IV is equipped with a short-barreled, low velocity 75mm gun effective against soft targets, but terrible against even reasonable armor.",Panzer IV คันนี้ติดตั้งปืน 75 มม. ความเร็วต่ำที่มีลำกล้องสั้น ใช้งานได้มีประสิทธิภาพสูงเมื่อปะทะกับเป้าหมายที่อ่อนนุ่ม แต่ทำได้แย่แม้จะใช้เกราะที่สมเหตุสมผลก็ตาม,ยูนิต: คำอธิบาย/tooltip,109003|2109003
109051,Elite assault troops and tanks can be dropped in by gliders. Recon and artillery support add to the versatility of the Royal Commandos.,กองทหารโจมตีและรถถังชั้นยอดสามารถทิ้งลงเครื่องร่อนได้ การสนับสนุนการลาดตระเวนและปืนใหญ่ช่วยเพิ่มความคล่องตัวของ Royal Commandos,ยูนิต: คำอธิบาย/tooltip,109051|2109051
109102,"Royal Artillery Support brings advanced abilities, mobile artillery units, and introduces new battlefield artillery doctrines.",Royal Artillery Support นำความสามารถขั้นสูง หน่วยปืนใหญ่เคลื่อนที่ และแนะนำหลักคำสอนปืนใหญ่ในสนามรบใหม่,ยูนิต: คำอธิบาย/tooltip,109102|2109102
109150,"Royal Engineers can improve all defensive emplacements, enable armor to go Hull Down, and call in heavily Armored Churchill tanks.",ทหารช่างสนามของราชวงศ์สามารถปรับปรุงตำแหน่งการป้องกันทั้งหมด ทำให้เกราะสามารถทำการ Hull Down และเรียกรถถัง Churchill ที่หุ้มเกราะหนักได้,ยูนิต: คำอธิบาย/tooltip,109150|2109150
109201,"Allows Lieutenants and Captains to call in off-map artillery barrages, and the Command Tank can drop smoke to create cover.",ช่วยให้ผู้หมวดและกัปตันเรียกการโจมตีด้วยปืนใหญ่นอกแผนที่ได้ และรถถังบังคับบัญชาสามารถปล่อยควันเพื่อสร้างที่กำบังได้,ยูนิต: คำอธิบาย/tooltip,109201|2109201
109251,Howitzers and Priests can fire a series of shells in rapid succession creating a path of destruction.,ปืนใหญ่วิถีโค้ง และรถปืนใหญ่ Priest สามารถยิงกระสุนต่อเนื่องกันได้...,ยูนิต: คำอธิบาย/tooltip,109251|2109251
109301,A 105mm Howitzer mounted on a lightly Armored Sherman chassis provides mobile fire support.,ปืนใหญ่วิถีโค้ง 105 มม. ติดตั้งบนโครงรถ Sherman ที่หุ้มเกราะเบา ทำหน้าที่สนับสนุนการยิงแบบเคลื่อนที่ได้,ยูนิต: คำอธิบาย/tooltip,109301|2109301
109351,"25 Pounders, Priests, and mortar emplacements get supercharged shell propellant bags for vastly increased weapon range.","ปืน 25 ปอนด์, ปืนใหญ่อัตตาจรพรีสต์ และฐานยิงครกจะได้รับดินส่งกระสุนพลังขับดันสูงเพื่อเพิ่มระยะยิงของอาวุธอย่างมหาศาล",ยูนิต: คำอธิบาย/tooltip,109351|2109351
109401,"25 Pounders, Priests, and Mortar Emplacements can be set to watch an area for incoming units and barrage them with artillery fire.","25 Pounders, Priests และ Mortar Emplacements สามารถตั้งค่าให้เฝ้าดูพื้นที่สำหรับหน่วยที่เข้ามาและโจมตีพวกเขาด้วยการยิงปูพรมปืนใหญ่",ยูนิต: คำอธิบาย/tooltip,109401|2109401
109451,"Enables 25 Pounder and Mortar Emplacements to be toggled into Counter Battery, where they will fire back at enemy artillery automatically.",ช่วยให้ 25 Pounder และ Mortar Emplacement สามารถสลับเป็น Counter Battery ได้ โดยที่พวกมันจะยิงกลับไปที่ปืนใหญ่ของศัตรูโดยอัตโนมัติ,ยูนิต: คำอธิบาย/tooltip,109451|2109451
109500,"Call in a section of elite, Glider-borne Commandos.",เรียกหน่วยคอมมานโดที่มีเครื่องร่อนเป็นพาหนะชั้นยอด,ยูนิต: คำอธิบาย/tooltip,109500|2109500
109552,A heavy Hamilcar glider can deliver a Tetrarch light tank armed with a 2 Pounder gun.,เครื่องร่อน Hamilcar หนักสามารถส่งมอบรถถังเบา Tetrarch ที่ติดอาวุธด้วยปืน 2 Pounder,ยูนิต: คำอธิบาย/tooltip,109552|2109552
109601,"Call in a glider Headquarters that can produce Commando Mortar sections, Command Vickers HMG Teams, and PIAT armed tank hunting teams.","เรียกกองบัญชาการเครื่องร่อนที่สามารถสร้างส่วน Commando Mortar, Command Vickers HMG Teams และทีมล่ารถถังติดอาวุธ PIAT",ยูนิต: คำอธิบาย/tooltip,109601|2109601
109651,Infantry units can place Radio Triangulation Detectors to track the movement of enemy units.,หมู่ทหารราบสามารถวางเครื่องตรวจตราสามเหลี่ยม็อด้วยคลื่นวิทยุเพื่อติดตามความเคลื่อนไหวของหน่วยศัตรู,ยูนิต: คำอธิบาย/tooltip,109651|2109651
109701,Secret intelligence generated through Ultra Decryption enables British players access to enemy orders.,หน่วยสืบราชการลับที่สร้างขึ้นผ่าน Ultra Decryption ช่วยให้ผู้เล่นชาวอังกฤษสามารถเข้าถึงคำสั่งของศัตรูได้,ยูนิต: คำอธิบาย/tooltip,109701|2109701
109751,Grants decoy and artillery barrages. Use them in combination to keep your opponent guessing.,ให้การล่อลวงและการโจมตีด้วยปืนใหญ่ ใช้มันร่วมกันเพื่อให้คู่ต่อสู้ของคุณคาดเดา,ยูนิต: คำอธิบาย/tooltip,109751|2109751
109801,Royal Engineers use their knowledge of fortifications to reinforce all weapon emplacements to make them more resistant to damage.,ทหารช่างสนามของราชวงศ์ใช้ความรู้ด้านป้อมปราการเพื่อเสริมตำแหน่งอาวุธทั้งหมดเพื่อให้ทนทานต่อความเสียหายได้มากขึ้น,ยูนิต: คำอธิบาย/tooltip,109801|2109801
109851,British Tanks are able to improve their defensive capabilities at the cost of mobility.,รถถังอังกฤษสามารถปรับปรุงความสามารถในการป้องกันโดยแลกกับความคล่องตัว,ยูนิต: คำอธิบาย/tooltip,109851|2109851
109901,"Command HQs, Field Support Trucks, and Armored Command Trucks can move more quickly, increase population cap, take less damage, and generate more resources.",หน่วยบัญชาการ รถบรรทุกสนับสนุนภาคสนาม และรถบังคับการหุ้มเกราะสามารถเคลื่อนที่ได้รวดเร็วยิ่งขึ้น เพิ่มขีดจำกัดจำนวนประชากร รับความเสียหายน้อยลง และสร้างทรัพยากรได้มากขึ้น,ยูนิต: คำอธิบาย/tooltip,109901
109951,"The lightly armed, but heavily Armored Churchill Tank will support Royal Engineer operations and can also be equipped with a mine plow.",รถถังเชอร์ชิลล์ที่ติดอาวุธเบาแต่หนักจะสนับสนุนการปฏิบัติงานของ Royal Engineer และยังสามารถติดตั้งคันไถทุ่นระเบิดได้อีกด้วย,ยูนิต: คำอธิบาย/tooltip,109951|2109951
110001,The Churchill AVRE can use its devastating Petard Mortar to smash through enemy obstacles.,Churchill AVRE สามารถใช้ Petard Mortar ทำลายล้างเพื่อทำลายสิ่งกีดขวางของศัตรู,ยูนิต: คำอธิบาย/tooltip,110001|2110001
110051,The Churchill Crocodile wields a 6 Pounder gun and a fearsome flame projector.,คร็อกโคไดล์เชอร์ชิลถือปืน 6 ปอนด์และเครื่องฉายเปลวไฟที่น่าเกรงขาม,ยูนิต: คำอธิบาย/tooltip,110051|2110051
110202,M1918 Browning Automatic Rifles give the Rifle Squad greatly improved firepower with no loss in mobility.,ปืนไรเฟิลอัตโนมัติ M1918 Browning ช่วยให้หน่วยปืนไรเฟิลได้รับการปรับปรุงอำนาจการยิงอย่างมากโดยไม่สูญเสียความคล่องตัว,ยูนิต: คำอธิบาย/tooltip,110202|2110202
110251,Equip Paratroopers with the M18 57mm AT Recoilless Rifle to provide an effective counter to Vehicles and hardened Structures.,ติดตั้งปืนไรเฟิลไร้การหดตัว M18 57 มม. AT ให้กับพลร่ม เพื่อให้การตอบโต้ยานพาหนะและโครงสร้างแข็งกระด้างมีประสิทธิภาพ,ยูนิต: คำอธิบาย/tooltip,110251|2110251
110352,Equip your Panzer Elite squad with an armor destroying Panzerschreck.,ติดตั้งอาวุธทำลายยานเกราะ Panzerschreck ให้กับหน่วยยานเกราะชั้นยอดของคุณ,ยูนิต: คำอธิบาย/tooltip,110352|2110352
110401,"Upgrades to a faster moving, but more lightly armed recon squad; also adds a well trained marksman and allows the squad to detect mines while stationary.",อัปเกรดเป็นหน่วยลาดตระเวนที่เคลื่อนที่เร็วขึ้นแต่ติดอาวุธเบากว่า ยังเพิ่มนักแม่นปืนที่ได้รับการฝึกฝนมาเป็นอย่างดีและช่วยให้ทีมตรวจจับทุ่นระเบิดขณะอยู่กับที่,ยูนิต: คำอธิบาย/tooltip,110401
110451,"Equip your Panzer Elite squad with two Gewehr 43 Rifles, excellent at long-range combat.",จัดเตรียมทีมยานเกราะชั้นยอดของคุณด้วยปืนไรเฟิล Gewehr 43 จำนวน 2 กระบอก ซึ่งยอดเยี่ยมในการยิงระยะไกล,ยูนิต: คำอธิบาย/tooltip,110451|2110451
110501,"Sappers are issued PIAT Anti Tank weapons. ""PIAT"" stands for Projector Infantry Anti Tank.",แซปเปอร์ได้รับอาวุธต่อต้านรถถัง PIAT PIAT ย่อมาจาก Project Infantry Anti Tank,ยูนิต: คำอธิบาย/tooltip,110501|2110501
110551,Panzer Grenadier Bonus: Unlocks the Anti Tank Grenade ability,โบนัส Panzer เกรนาเดียร์: ปลดล็อกความสามารถ Anti Tank Grenade,ยูนิต: คำอธิบาย/tooltip,110551|2110551
110552,"Can Construct: Logistik Car, Munitions Halftrack, Light Armored Car (SdKfz 222)","สามารถสร้างได้: รถ Logistik, กระสุน รถสายพานกึ่งล้อยาง, รถหุ้มเกราะเบา",ยูนิต: คำอธิบาย/tooltip,110552|2110552
110601,Panzer Grenadier Bonus: Upgrades Grenadier repair to Advanced Repair,โบนัส Panzer เกรนาเดียร์: อัปเกรดการซ่อมแซม เกรนาเดียร์ เป็นการซ่อมแซมขั้นสูง,ยูนิต: คำอธิบาย/tooltip,110601|2110601
110602,"Can Construct: Light AT Halftrack (250/10), Mortar Halftrack (250/7), Halftrack (250)","สามารถสร้างได้: แสงที่ รถสายพานกึ่งล้อยาง (250/10), Mortar รถสายพานกึ่งล้อยาง (250/7), รถสายพานกึ่งล้อยาง (250)",ยูนิต: คำอธิบาย/tooltip,110602|2110602
110651,Panzer Grenadier Bonus: Unlocks the MP44 Upgrade,โบนัส Panzer เกรนาเดียร์: ปลดล็อคการอัพเกรด MP44,ยูนิต: คำอธิบาย/tooltip,110651|2110651
110652,"Can Construct: Assault Grenadiers, Funkwagen 250/5 'Vampire', Marder III Tank Hunter","สามารถสร้างได้: เกรนาเดียร์จู่โจม, Funkwagen 250/5 'Vampire', Marder III Tank Hunter",ยูนิต: คำอธิบาย/tooltip,110652|2110652
110700,Panzer Grenadier Bonus: Unlocks the Panzerschreck upgrade,โบนัส Panzer เกรนาเดียร์: ปลดล็อกการอัพเกรด Panzerschreck,ยูนิต: คำอธิบาย/tooltip,110700|2110700
110701,"Can Construct: Light AT halftrack, Bergetiger Recovery Vehicle, Panzer IV Infantry Support Tank","สามารถสร้างได้: รถถังเบา AT halftrack, รถกู้คืน Bergetiger, รถถังสนับสนุนทหารราบ Panzer IV",ยูนิต: คำอธิบาย/tooltip,110701|2110701
110751,"Unlocks the Marder III, and the Hummel vehicles.",ปลดล็อค Marder III และยานพาหนะ Hummel,ยูนิต: คำอธิบาย/tooltip,110751
110801,Call in some favors to receive the raw materials required for another building,โทรขอความช่วยเหลือเพื่อรับวัตถุดิบที่จำเป็นสำหรับอาคารอื่น,ยูนิต: คำอธิบาย/tooltip,110801|110850
110901,Call in a final favor demanding the resources necessary to build as many buildings as required for victory,เบิกจ่าย/ขออนุมัติกำลังพลจากความช่วยเหลือครั้งสุดท้ายเพื่อเบิกจ่าย/ขออนุมัติกำลังพลจากทรัพยากรที่จำเป็นในการสร้างอาคารให้ได้มากเท่าที่จำเป็นเพื่อชัยชนะ,ยูนิต: คำอธิบาย/tooltip,110901
110951,The Sapper squad specializes in mine detection and destroying obstacles with demolitions pack.,ทีม แซปเปอร์ เชี่ยวชาญในการตรวจจับทุ่นระเบิดและทำลายสิ่งกีดขวางด้วยชุดทำลายล้าง,ยูนิต: คำอธิบาย/tooltip,110951|2110951
110952,"Addition: Plant Demolition Charge ability, Minesweeper","เพิ่มเติม: ความสามารถในการรื้อถอนพืช, เครื่องกวาดทุ่นระเบิด",ยูนิต: คำอธิบาย/tooltip,110952|2110952
111001,The Sapper squad specializes in battlefield repair of vehicles and structures.,ทีม แซปเปอร์ เชี่ยวชาญในการซ่อมแซมยานพาหนะและโครงสร้างในสนามรบ,ยูนิต: คำอธิบาย/tooltip,111001|2111001
111002,Addition: Repair ability replaced by Over Repair,เพิ่มเติม: ความสามารถในการซ่อมแซมถูกแทนที่ด้วย Over Repair,ยูนิต: คำอธิบาย/tooltip,111002|2111002
111052,Sappers can repair much faster and can make vehicles sturdier than they were originally.,แซปเปอร์สามารถซ่อมแซมได้เร็วกว่ามากและทำให้ยานพาหนะแข็งแกร่งกว่าที่เคยเป็นมา,ยูนิต: คำอธิบาย/tooltip,111052|2111052
111101,Promotes a member within the squad who is an ace with morphine,เลื่อนตำแหน่งสมาชิกในทีมที่เป็นเอซที่มีมอร์ฟีน,ยูนิต: คำอธิบาย/tooltip,111101|2111101
111151,Order your HQ to become mobile. Unit creation is disabled while HQ is mobile.,สั่งให้กองบัญชาการ ของคุณเคลื่อนที่ การสร้างหน่วยจะถูกระงับชั่วคราวในขณะที่ HQ กำลังเคลื่อนที่,ยูนิต: คำอธิบาย/tooltip,111151|111300|2111300
111203,A Squad of well-armed and highly-trained Paratroopers will paradrop onto the ordered location.,หมู่ทหารพลร่มติดอาวุธและได้รับการฝึกฝนมาอย่างดีจะพลร่มไปยังสถานที่ที่ได้รับคำสั่ง,ยูนิต: คำอธิบาย/tooltip,111203|2097150|2097501|2111203|2151303|2151453
111250,Tell your mobile HQ to Set Up at its current location. A Set Up headquarters can create units.,แจ้ง HQ มือถือของคุณให้ตั้งค่าที่ตำแหน่งปัจจุบัน กองบัญชาการที่จัดตั้งขึ้นสามารถสร้างหน่วยได้,ยูนิต: คำอธิบาย/tooltip,111250|2111250
111351,Enables Panzer Grenadier Bonuses until they can be automated.,เปิดใช้งานโบนัส Panzer เกรนาเดียร์ จนกว่าจะสามารถทำงานอัตโนมัติได้,ยูนิต: คำอธิบาย/tooltip,111351|2111351
111502,"The 17 Pounder is possibly the most fearsome Anti Tank gun in any combatant nation's inventory. The weapon is large and cumbersome, which limits its use against infantry and fast moving light vehicles.",17 Pounder อาจเป็นปืนต่อสู้รถถังที่น่ากลัวที่สุดในคลังของประเทศคู่ต่อสู้ อาวุธนี้มีขนาดใหญ่และเทอะทะ ซึ่งจำกัดการใช้งานกับทหารราบและยานพาหนะขนาดเล็กที่เคลื่อนที่เร็ว,ยูนิต: คำอธิบาย/tooltip,111502|2111502
111602,"The Bofors 40mm cannon is dangerous to low flying aircraft and light vehicles, but its light shell has little effect on heavy armor, and the barrel cannot depress low enough to effectively target infantry.",ปืนใหญ่ Bofors 40 มม. เป็นอันตรายต่อเครื่องบินบินต่ำและยานพาหนะขนาดเล็ก แต่กระสุนเบามีผลเพียงเล็กน้อยต่อเกราะหนัก และลำกล้องไม่สามารถกดลงต่ำพอที่จะกำหนดเป้าหมายทหารราบได้อย่างมีประสิทธิภาพ,ยูนิต: คำอธิบาย/tooltip,111602|2111602
111650,Addition: MOB Bonus! Panzer Grenadiers are tougher to kill when amassed,เพิ่มเติม: โบนัส MOB! แพนเซอร์เกรนาเดียร์ จะสังหารได้ยากกว่าเมื่อรวมกลุ่มกัน,ยูนิต: คำอธิบาย/tooltip,111650|2111650
111700,"Addition:  Sprint Ability, Elite Armor is issued.","เพิ่มเติม: ความสามารถในการวิ่ง, Elite Armor ออกแล้ว",ยูนิต: คำอธิบาย/tooltip,111700|2111700
111752,The 105mm Howitzer-armed Priest was used by British and Commonwealth forces during and just after the Normandy Invasion. The powerful howitzer can fire a variety of artillery barrages.,Priest ติดอาวุธปืนใหญ่วิถีโค้ง 105 มม. ถูกใช้โดยกองกำลังอังกฤษและเครือจักรภพในระหว่างและหลังจากการรุกรานนอร์มังดี ปืนใหญ่วิถีโค้งอันทรงพลังสามารถยิงปืนใหญ่ได้หลากหลาย,ยูนิต: คำอธิบาย/tooltip,111752|2111752
111800,Commander. Improves Nearby Tank Effectiveness. Unarmed,ผู้บัญชาการ. ปรับปรุงประสิทธิภาพของรถถังใกล้เคียง ไม่มีอาวุธ,ยูนิต: คำอธิบาย/tooltip,111800|2111800
111802,"The unarmed Command Tank uses a dummy gun barrel to mask its true identity from the enemy. Massive radios crowd the turret, allowing communication with nearby tank squads and other command elements.",รถถังบังคับการที่ไม่มีอาวุธใช้กระบอกปืนจำลองเพื่อปกปิดตัวตนที่แท้จริงจากศัตรู วิทยุขนาดใหญ่อัดแน่นอยู่ในป้อมปืน ทำให้สามารถสื่อสารกับหน่วยรถถังใกล้เคียงและส่วนควบคุมอื่นๆ ได้,ยูนิต: คำอธิบาย/tooltip,111802|2111802
111803,You may only have one Command Vehicle on the field.,คุณสามารถมียานพาหนะควบคุมได้เพียงคันเดียวในสนาม,ยูนิต: คำอธิบาย/tooltip,111803
111851,"Toggle this ability to have your captain secure a near-by point. Because we cannot immobilize him yet he will move slowly and be very, very easily suppressed with this ability on.",สลับความสามารถนี้เพื่อให้กัปตันของคุณรักษาจุดใกล้เคียงไว้ได้ เนื่องจากเราไม่สามารถทำให้เขาเคลื่อนที่ได้ แต่เขาก็จะเคลื่อนที่ช้าๆ และถูกยิงกดดันตรึงพื้นที่อย่างง่ายดายมากด้วยความสามารถนี้,ยูนิต: คำอธิบาย/tooltip,111851
111902,A very powerful 17 Pounder Anti Tank Gun added to a relatively standard Sherman creates the Firefly. British and Commonwealth forces can finally engage and kill heavy enemy tanks at very long ranges.,ปืนต่อสู้รถถัง 17 Pounder ที่ทรงพลังมากถูกเพิ่มเข้าไปใน Sherman ที่ค่อนข้างมาตรฐานเพื่อสร้าง Firefly กองกำลังอังกฤษและเครือจักรภพสามารถเข้าโจมตีและสังหารรถถังศัตรูหนักในระยะไกลได้ในที่สุด,ยูนิต: คำอธิบาย/tooltip,111902|2111902
111952,Only one Soldiers HQ may be deployed on the field,กองบัญชาการทหารเพียงแห่งเดียวเท่านั้นที่สามารถนำไปใช้ในสนามได้,ยูนิต: คำอธิบาย/tooltip,111952
112002,"Long range, effective accuracy, and a good rate of fire are hallmarks of the 25 Pounder Artillery in use by British and Commonwealth forces.",ระยะไกล ความแม่นยำที่มีประสิทธิภาพ และอัตราการยิงที่ดีเป็นจุดเด่นของปืนใหญ่ 25 ปอนด์ที่ใช้งานโดยกองกำลังอังกฤษและเครือจักรภพ,ยูนิต: คำอธิบาย/tooltip,112002|112702|2112002|2112702
112052,The Churchill Infantry tank was heavily armored and slow; designed to move with and support infantry by knocking out pillboxes and other field fortifications.,รถถังทหารราบเชอร์ชิลล์มีเกราะหนาและเคลื่อนที่ได้ช้า ออกแบบมาเพื่อเคลื่อนที่ไปพร้อมกับสนับสนุนทหารราบโดยการทำลายป้อมปืนและป้อมปราการสนามอื่นๆ,ยูนิต: คำอธิบาย/tooltip,112052|2112052
112150,"Armor Production Facility.  Calls in the Cromwell Tank, Stuart Light Tank, Sherman Firefly, Staghound Armoured Car, Kangaroo Carrier and Command Tank.","โรงงานผลิตยานเกราะ เรียกรถถังครอมเวลล์, รถถังเบาสจ๊วต, เชอร์แมน ไฟร์ฟลาย และรถถังบัญชาการ",ยูนิต: คำอธิบาย/tooltip,112150
112152,Only one Armored HQ may be deployed on the field,กองบัญชาการหุ้มเกราะเพียงแห่งเดียวเท่านั้นที่สามารถนำไปใช้ในสนามได้,ยูนิต: คำอธิบาย/tooltip,112152
112252,"The 17 Pounder was possibly the most fearsome Anti Tank gun employed by any nation during WW2. The weapon was large and cumbersome, which limited its use against infantry and fast moving light vehicles.",17 Pounder อาจเป็นปืนต่อสู้รถถังที่น่ากลัวที่สุดที่ใช้โดยชาติต่างๆ ในช่วงสงครามโลกครั้งที่ 2 อาวุธมีขนาดใหญ่และเทอะทะ ซึ่งจำกัดการใช้งานกับทหารราบและยานพาหนะขนาดเล็กที่เคลื่อนที่เร็ว,ยูนิต: คำอธิบาย/tooltip,112252|2112252
112302,"The Churchill Crocodile, along with other Churchill derivatives, was designed for the invasion of Normandy, but found wide use in all subsequent battlefields. It maintains its normal 6pounder gun and adds a fearsome flame projector.",เชอร์ชิล คร็อกโคไดล์ พร้อมด้วยรถเชอร์ชิลรุ่นอื่น ๆ ถูกออกแบบมาสำหรับการบุกนอร์ม็องดี แต่ถูกนำไปใช้อย่างแพร่หลายในสมรภูมิถัด ๆ มา มันยังคงปืน 6 ปอนด์เดิมและเพิ่มเครื่องพ่นเพลิงที่น่าเกรงขาม,ยูนิต: คำอธิบาย/tooltip,112302|2112302
112350,The rugged Churchill provided the chassis for a variety of modifications designed to breach Normandy beach defenses. The AVRE fires a massive 290mm HESH warhead that can flatten buildings and defenses.,เชอร์ชิลล์ที่ทนทานได้จัดเตรียมแชสซีสำหรับการปรับเปลี่ยนที่หลากหลายซึ่งออกแบบมาเพื่อเจาะแนวป้องกันชายหาดนอร์มังดี AVRE ยิงหัวรบ HESH ขนาดใหญ่ 290 มม. ซึ่งสามารถทำลายอาคารและแนวป้องกันได้,ยูนิต: คำอธิบาย/tooltip,112350|2112350
112402,"The Stuart is used by almost all Allied forces. Too light to engage heavy armor, its speed means it excels in the reconnaissance role. Can fire a canister round that is lethal to infantry targets.",รถถัง Stuart ถูกใช้งานโดยกองกำลังฝ่ายสัมพันธมิตรเกือบทั้งหมด เนื่องจากเกราะบางเกินกว่าจะปะทะกับยานเกราะหนัก ความเร็วของมันจึงทำให้โดดเด่นในบทบาทลาดตระเวน สามารถยิงกระสุนลูกปรายสังหารเป้าหมายทหารราบได้อย่างมีประสิทธิภาพ,ยูนิต: คำอธิบาย/tooltip,112402|2112402
112452,"The 2 Pounder equipped Tetrarch tank was designed to be glider deployed, and was therefore lightly armored. It provided much needed fire support to units operating behind enemy lines.",รถถัง Tetrarch ที่ติดตั้ง 2 Pounder ได้รับการออกแบบให้ใช้งานเครื่องร่อน ดังนั้นจึงมีเกราะเบา มันให้การสนับสนุนการยิงที่จำเป็นมากแก่หน่วยที่ปฏิบัติการอยู่หลังแนวข้าศึก,ยูนิต: คำอธิบาย/tooltip,112452|2112452
112502,"British Infantry are dogged, well-trained soldiers with a variety of versatile upgrades that enable them to tackle a variety of combat tasks.",ทหารราบอังกฤษ เป็นทหารที่อดทนและผ่านการฝึกมาอย่างดี พร้อมอัปเกรดหลากหลายที่ช่วยรับมือภารกิจการรบได้หลายรูปแบบ,ยูนิต: คำอธิบาย/tooltip,112502|2112502
112504,Replace Casualties. Must be in proximity to Command Truck to reinforce.,แทนที่ผู้บาดเจ็บล้มตาย ต้องอยู่ใกล้กับ รถบังคับการ เพื่อเสริมกำลัง,ยูนิต: คำอธิบาย/tooltip,112504|112957|2112504|2112957
112552,The lightly-armed Captain imparts powerful defensive bonuses to units and structures within the sector that he occupies.,กัปตันที่ติดอาวุธเบามอบโบนัสการป้องกันอันทรงพลังแก่ยูนิตและโครงสร้างภายในส่วนที่เขาครอบครอง,ยูนิต: คำอธิบาย/tooltip,112552|2112552
112650,Addition: Passive accuracy bonus and harder to suppress,เพิ่มเติม: โบนัสความแม่นยำแบบพาสซีฟและยากต่อการยิงกดดันตรึงกำลัง,ยูนิต: คำอธิบาย/tooltip,112650|2112650
112750,"A well fortified emplacement is constructed for the venerable .303 Vickers Machine Gun, capable of sustained heavy suppressive fire.",ตำแหน่งที่มีการป้องกันที่ดีถูกสร้างขึ้นสำหรับปืนกล .303 Vickers ที่น่านับถือ ซึ่งสามารถยิงยิงกดดันตรึงพื้นที่หนักได้อย่างยั่งยืน,ยูนิต: คำอธิบาย/tooltip,112750|2112750
112800,"The Mortar Emplacement contains a 3"" mortar capable of lobbing rounds over objects at long range.",ฐานปืนครก ประกอบด้วยปืนครกขนาด 3 นิ้วที่สามารถยิงกระสุนวิถีโค้งข้ามสิ่งกีดขวางในระยะไกลได้,ยูนิต: คำอธิบาย/tooltip,112800|2112800
112852,"The Cromwell mates a 75mm main gun with reasonable armor and a powerful V12 engine. The Cromwell offers similar performance to the M4 Sherman, but is a lower profile target that is harder to hit - a fact that is of great interest to its crews.",Cromwell จับคู่ปืนหลัก 75 มม. กับเกราะที่เหมาะสมและเครื่องยนต์ V12 อันทรงพลัง Cromwell นำเสนอสมรรถนะที่คล้ายคลึงกับ M4 Sherman แต่เป็นเป้าหมายที่ต่ำกว่าซึ่งตีได้ยากกว่า ซึ่งเป็นข้อเท็จจริงที่เป็นที่สนใจของลูกเรือเป็นอย่างมาก,ยูนิต: คำอธิบาย/tooltip,112852|2112852
112901,"Lieutenants provide much of the offensive punch of the infantry sections, imparting powerful attack and morale bonuses in a radius. Squads are more mobile with a Lieutenant nearby.",ผู้หมวดให้การรุกโจมตีอันทรงพลังแก่ส่วนทหารราบ มอบการโจมตีที่ทรงพลังและโบนัสขวัญกำลังใจในรัศมี หน่วยมีความคล่องตัวมากขึ้นโดยมีผู้หมวดอยู่ใกล้ๆ,ยูนิต: คำอธิบาย/tooltip,112901|2179851|2179901|2179951
112902,You may only have three Lieutenants on the field.,คุณอาจมีผู้หมวดในสนามได้เพียงสามคนเท่านั้น,ยูนิต: คำอธิบาย/tooltip,112902|2179903|2179953
112904,Commander. Imparts Offensive Bonuses and Mobility,ผู้บัญชาการ. ให้โบนัสการรุกโจมตีและความคล่องตัว,ยูนิต: คำอธิบาย/tooltip,112904|2179850|2179900|2179950
112952,"Sappers are combat engineers capable of specialized upgrades, general combat related tasks, and building heavy defenses.",แซปเปอร์เป็นทหารช่างสนามการต่อสู้ที่มีความสามารถในการอัพเกรดเฉพาะทาง งานที่เกี่ยวข้องกับการต่อสู้ทั่วไป และสร้างการป้องกันที่หนักหน่วง,ยูนิต: คำอธิบาย/tooltip,112952|2112952
113001,The infantry section will upgrade their rifles to enable them to fire grenades.,กองทหารราบจะอัพเกรดปืนไรเฟิลเพื่อให้สามารถยิงระเบิดได้,ยูนิต: คำอธิบาย/tooltip,113001|2113001
113050,Withdraw your units to the Captain's current position.,ถอนหน่วยของคุณไปยังตำแหน่งปัจจุบันของกัปตัน,ยูนิต: คำอธิบาย/tooltip,113050|2113050
113101,Fires multiple artillery strikes from a given point toward a destination,ยิงปืนใหญ่หลายนัดจากจุดที่กำหนดไปยังจุดหมายปลายทาง,ยูนิต: คำอธิบาย/tooltip,113101
113152,"Accurate fire from the Bren machine gun can shatter weapon sights, vision blocks, drive wheels, and stun enemy crews.",การยิงที่แม่นยำจากปืนกล Bren สามารถทำลายการมองเห็นของอาวุธ บล็อคการมองเห็น ล้อขับเคลื่อน และทำให้ลูกเรือศัตรูมึนงง,ยูนิต: คำอธิบาย/tooltip,113152|2113152
113201,Super Charge projectile loads fire High Explosive 25 pounder shells out to their maximum range.,กระสุนปืน Super Charge ยิงกระสุน High Explosive 25 ปอนด์ออกไปที่ระยะสูงสุด,ยูนิต: คำอธิบาย/tooltip,113201|2113201
113202,"Overwatch Barrage is currently active on this unit, it can not perform other actions.",ขณะนี้ โอเวอร์วอช ยิงปูพรม กำลังทำงานอยู่บนยูนิตนี้ แต่ไม่สามารถดำเนินการอื่นได้,ยูนิต: คำอธิบาย/tooltip,113202|114101|114400|115452|116202|116550|124202|2113202|2114101|2114400|2115452|2116202|2116550|2124202
113204,"Counter Battery is currently active on this unit, it can not perform other actions.",ขณะนี้มีการใช้งาน Counter Battery บนเครื่องนี้ จึงไม่สามารถดำเนินการอื่นได้,ยูนิต: คำอธิบาย/tooltip,113204|114104|114350|114401|115453|116203|116254|116554|2113204|2114104|2114350|2114401|2115453|2116203|2116254|2116554
114103,Fire a rapid barrage of 25 Pounder High Explosive shells into the targeted area.,ยิงกระสุนระเบิดแรงสูง 25 ปอนด์เข้าโจมตีพื้นที่เป้าหมาย,ยูนิต: คำอธิบาย/tooltip,114103|2114103
114151,Three Radio Detectors will enable direction finding and reveal enemy units within a triangular boundary. The enemy units are visible on the minimap and tactical map.,เครื่องตรวจจับวิทยุสามเครื่องจะช่วยให้สามารถค้นหาทิศทางและเปิดเผยหน่วยศัตรูภายในขอบเขตสามเหลี่ยม หน่วยศัตรูจะมองเห็นได้บนแผนที่ย่อและแผนที่ยุทธวิธี,ยูนิต: คำอธิบาย/tooltip,114151|2114151
114250,"Slit trenches provide excellent cover for Infantry, especially from artillery fire. Grenades and incendiary devices are dangerous to units in slit trenches.",ร่องลึกร่องให้การกำบังที่ดีเยี่ยมสำหรับทหารราบ โดยเฉพาะอย่างยิ่งจากการยิงปูพรมปืนใหญ่ ระเบิดมือและอุปกรณ์ก่อความไม่สงบเป็นอันตรายต่อหน่วยที่อยู่ในสนามเพลาะ,ยูนิต: คำอธิบาย/tooltip,114250|2114250
114300,Equip your M4 'Crocodile' Sherman  with the Bulldozer.,ติดตั้ง Bulldozer M4 'Crocodile' Sherman ของคุณ,ยูนิต: คำอธิบาย/tooltip,114300|2114300
114402,"Creeping barrages allow a well-trained gun crew to ""walk"" their artillery rounds along a predetermined firing path.","การโจมตีที่คืบคลานเข้ามาทำให้พลปืนที่ได้รับการฝึกฝนมาเป็นอย่างดีสามารถ ""เดิน"" การยิงปูพรมปืนใหญ่ของตนไปตามเส้นทางการยิงที่กำหนดไว้ล่วงหน้าได้",ยูนิต: คำอธิบาย/tooltip,114402|2114402
114501,Order this Artillery Piece to watch an area for enemy movement and fire only when the enemy occupies that area.,สั่งให้ปืนใหญ่กระบอกนี้เฝ้าระวังความเคลื่อนไหวของศัตรูในพื้นที่ และจะทำการยิงก็ต่อเมื่อศัตรูเข้ามาในพื้นที่นั้นเท่านั้น,ยูนิต: คำอธิบาย/tooltip,114501|2114501
114600,Call in Hawker Typhoon air strikes to target the Axis defensive line in Caen.,เรียกการโจมตีทางอากาศของ Hawker Typhoon เพื่อกำหนดเป้าหมายแนวป้องกันฝ่ายอักษะในก็อง,ยูนิต: คำอธิบาย/tooltip,114600|2114600
114800,"Give this squad a Defensive Veterancy Bonus, improving survivability and speed.",มอบโบนัส Defensive Veterancy ให้กับทีมนี้ เพื่อเพิ่มความสามารถในการเอาตัวรอดและความเร็ว,ยูนิต: คำอธิบาย/tooltip,114800|2114800
114900,"Give this squad an Offensive Veterancy Bonus, improving weapon accuracy and rate of fire.",มอบโบนัส Offensive Veterancy ให้กับทีมนี้ เพื่อปรับปรุงความแม่นยำของอาวุธและอัตราการยิง,ยูนิต: คำอธิบาย/tooltip,114900|2114900
115350,Command unit acts as Forward Observation Officer (FOO) and can call in artillery,หน่วยบัญชาการทำหน้าที่เป็นนายทหารสัญญาบัตรสังเกตการณ์ไปข้างหน้า และสามารถเรียกปืนใหญ่เข้ามาได้,ยูนิต: คำอธิบาย/tooltip,115350
115400,105mm Priest Self Propelled Gun for mobile artillery support.,ปืนขับเคลื่อนด้วยตนเอง Priest ขนาด 105 มม. สำหรับการสนับสนุนปืนใหญ่เคลื่อนที่,ยูนิต: คำอธิบาย/tooltip,115400
115451,"Saturate an area from extreme distances with 3"" mortar rounds.",ระดมยิงปูพรมพื้นที่จากระยะไกลสุดด้วยกระสุนปืนครกขนาด 3 นิ้ว,ยูนิต: คำอธิบาย/tooltip,115451|2115451
115550,Call in a glider loaded with a Tetrarch Tank. The glider is capable of producing more Tetrarch Tanks in territory.,เรียกเครื่องร่อนที่บรรทุก Tetrarch Tank เข้ามา เครื่องร่อนสามารถผลิตรถถัง Tetrarch ได้มากขึ้นในดินแดน,ยูนิต: คำอธิบาย/tooltip,115550
115601,This barrage drops the smoke that precedes an artillery barrage. Use to fake out enemy commanders.,การยิงปูพรมนี้จะทิ้งควันที่อยู่ข้างหน้าการโจมตีด้วยปืนใหญ่ ใช้ปลอมผู้บัญชาการศัตรู,ยูนิต: คำอธิบาย/tooltip,115601|2115601
115651,Enables tanks to get more protection at the cost of mobility.,ช่วยให้รถถังได้รับการป้องกันมากขึ้นโดยแลกกับการเคลื่อนย้าย,ยูนิต: คำอธิบาย/tooltip,115651
115700,"This vehicle can be toggled into and out of the Hull Down Position, which offers more protection to the vehicle when active.",ยานพาหนะนี้สามารถสลับเข้าและออกจากตำแหน่งตัวถังลงได้ ซึ่งให้การปกป้องยานพาหนะมากขึ้นเมื่อใช้งาน,ยูนิต: คำอธิบาย/tooltip,115700
115751,"Churchill Infantry tank is available - this tank is lightly armed, but heavily armored.",รถถัง Churchill Infantry มีจำหน่ายแล้ว - รถถังนี้มีอาวุธเบา แต่มีเกราะหนา,ยูนิต: คำอธิบาย/tooltip,115751
115800,Equip the Sherman with a M2HB .50 cal Machine Gun.,ติดตั้งปืนกล M2HB .50 cal ให้ Sherman,ยูนิต: คำอธิบาย/tooltip,115800
115852,The rugged Churchill provides the chassis for a variety of modifications designed to breach Normandy beach defenses. The AVRE fires a massive 290mm HESH warhead that can flatten buildings and defenses.,เชอร์ชิลล์ที่ทนทานมอบแชสซีสำหรับการปรับเปลี่ยนที่หลากหลายซึ่งออกแบบมาเพื่อเจาะแนวป้องกันชายหาดนอร์มังดี AVRE ยิงหัวรบ HESH ขนาดใหญ่ 290 มม. ซึ่งสามารถทำลายอาคารและแนวป้องกันได้,ยูนิต: คำอธิบาย/tooltip,115852|2115852
115900,"The Churchill Crocodile, along with other Churchill derivatives, is designed for the destruction of defenses, but has found wide utility against all targets. It maintains its normal 6 Pounder gun and adds a fearsome flame projector.",เชอร์ชิล คร็อกโคไดล์ พร้อมด้วยรถเชอร์ชิลรุ่นอื่น ๆ ถูกออกแบบมาเพื่อทำลายแนวป้องกัน แต่กลับมีประโยชน์ต่อเป้าหมายทุกประเภท ยังคงปืน 6 ปอนด์เดิมและเพิ่มเครื่องพ่นเพลิงที่น่ากลัว,ยูนิต: คำอธิบาย/tooltip,115900|2115900
115951,"The tank crew commander will emerge to survey the battlefield, improving sight range.",ผู้บังคับการลูกเรือรถถังจะออกมาสำรวจสนามรบ ปรับปรุงระยะการมองเห็น,ยูนิต: คำอธิบาย/tooltip,115951|2115951
116001,Lieutenants and Captains can call in an artillery barrage.,ร้อยโทและแม่ทัพสามารถเรียกระดมยิงปืนใหญ่ได้,ยูนิต: คำอธิบาย/tooltip,116001|2116001
116054,The Churchill Infantry tank is heavily armored and slow; designed to move with and support infantry by knocking out pillboxes and other field fortifications.,รถถัง Churchill Infantry มีเกราะหนาและเคลื่อนที่ได้ช้า ออกแบบมาเพื่อเคลื่อนที่ไปพร้อมกับสนับสนุนทหารราบโดยการทำลายป้อมปืนและป้อมปราการสนามอื่นๆ,ยูนิต: คำอธิบาย/tooltip,116054|2116054
116102,PIAT Ambush will fire several PIAT Rounds before the squad is revealed.,PIAT Ambush จะยิง PIAT Rounds หลายรอบก่อนที่ทีมจะถูกเปิดเผย,ยูนิต: คำอธิบาย/tooltip,116102|2116102
116151,The 105mm Howitzer-armed Priest is used by all Allied Forces during the invasion period. The powerful howitzer can fire a variety of artillery barrages.,Priest ติดอาวุธ Howitzer ขนาด 105 มม. ถูกใช้โดยกองกำลังพันธมิตรทั้งหมดในช่วงการบุกรุก ปืนใหญ่วิถีโค้งอันทรงพลังสามารถยิงปืนใหญ่ได้หลากหลาย,ยูนิต: คำอธิบาย/tooltip,116151|2116151
116252,Order this 25 pounder crew to automatically fire at any visible enemy units within the overwatch radius.,สั่งให้ลูกเรือ 25 ปอนด์ทำการยิงใส่ยูนิตศัตรูที่มองเห็นได้โดยอัตโนมัติในรัศมีที่ควบคุมได้,ยูนิต: คำอธิบาย/tooltip,116252|2116252
116302,Target the 25pounder to automatically hit any visible enemy units within the overwatch radius.,กำหนดเป้าหมาย 25 ปอนด์เดอร์เพื่อโจมตียูนิตศัตรูที่มองเห็นได้โดยอัตโนมัติภายในรัศมีโอเวอร์วอตช์,ยูนิต: คำอธิบาย/tooltip,116302
116451,The Victor Target will order all heavy artillery pieces (25 Pounders and Priests) to fire simultaneously at the same point.  Artillery rounds fired to bombard the Victor Target will ignore their usual range constraints. Artillery pieces ordered to Counterbattery or Overwatch an area will not join in the barrage.,เป้าหมายวิกเตอร์จะสั่งให้ปืนใหญ่หนักทั้งหมด (25 ปอนด์และพรีสต์) ทำการยิงพร้อมกันที่จุดเดียวกัน กระสุนปืนใหญ่ที่ยิงเพื่อโจมตีเป้าหมาย Victor จะไม่สนใจข้อจำกัดของระยะปกติ ชิ้นส่วนปืนใหญ่ที่สั่งไปยัง Counterbattery หรือ โอเวอร์วอช ในพื้นที่จะไม่เข้าร่วมในการโจมตี,ยูนิต: คำอธิบาย/tooltip,116451|2116451
116552,The Priest's 105mm Howitzer will fire a barrage at specified targets. Can be fired into the fog of war.,ปืนใหญ่วิถีโค้ง 105 มม. ของ Priest จะยิงกระสุนใส่เป้าหมายที่ระบุ สามารถยิงเข้าสู่หมอกสงครามได้,ยูนิต: คำอธิบาย/tooltip,116552|2116552
116604,"Captains have the command authority to designate a Victor target, which all on-map artillery will saturate with fire.",กัปตันมีอำนาจสั่งการกำหนดเป้าหมายวิกเตอร์ ซึ่งปืนใหญ่บนแผนที่ทั้งหมดจะระดมยิงถล่มเป้าหมายนั้น,ยูนิต: คำอธิบาย/tooltip,116604|2116604
116701,Break any suppression or pinning effects on the squad and envelope the Commandos in concealing smoke.,ทำลายเอฟเฟกต์การยิงกดดันตรึงกำลังหรือการตรึงใด ๆ ที่เกิดขึ้นกับหน่วยและห่อหุ้มหน่วยคอมมานโดด้วยการปกปิดควัน,ยูนิต: คำอธิบาย/tooltip,116701|2116701
116800,The Spotting Scope increases sight and gun range of the Hetzer Tank Destroyer.,กล้องเล็งจะเพิ่มระยะการมองเห็นและระยะปืนของรถถังพิฆาต Hetzer,ยูนิต: คำอธิบาย/tooltip,116800|2116800
116850,The mine plow enables Churchills to remove enemy minefields.,เครื่องไถทุ่นระเบิดทำให้เชอร์ชิลล์สามารถกำจัดทุ่นระเบิดของศัตรูได้,ยูนิต: คำอธิบาย/tooltip,116850|2116850
116900,Adds Vickers Medium Machine gun to Bren Carrier to create a mobile machine gun. Cannot carry troops when upgraded.,เพิ่มปืนกล Vickers Medium ให้กับ Bren Carrier เพื่อสร้างปืนกลเคลื่อนที่ ไม่สามารถบรรทุกทหารได้เมื่ออัพเกรด,ยูนิต: คำอธิบาย/tooltip,116900|2116900
116951,Equip this Halftrack with Wurfrahmen 40 Rockets. Known as the 'Walking Stuka' because of its distinctive sounds the Rockets made while firing.,ติดตั้ง รถสายพานกึ่งล้อยาง นี้ด้วย Wurfrahmen 40 Rockets รู้จักกันในชื่อ 'Walking Stuka' เนื่องจากมีเสียงที่โดดเด่นที่ Rockets ทำขณะยิง,ยูนิต: คำอธิบาย/tooltip,116951|2116951
117001,Equip this Halftrack with two Flammenwerfers. Transport space is cut to manage the huge Fuel reservoir.,ติดตั้ง รถสายพานกึ่งล้อยาง นี้ด้วย Flammenwerfers สองตัว พื้นที่ขนส่งถูกตัดเพื่อจัดการคลังเชื้อเพลิงขนาดใหญ่,ยูนิต: คำอธิบาย/tooltip,117001|2117001
117050,Small artillery barrage - use in conjunction with a decoy artillery ability.,การโจมตีด้วยปืนใหญ่ขนาดเล็ก - ใช้ร่วมกับความสามารถของปืนใหญ่ล่อ,ยูนิต: คำอธิบาย/tooltip,117050|2117050
117100,A trained marksman will deliver a single fatal shot to infantry units in the open or garrisoned in buildings or vehicles.,พลแม่นปืนที่ผ่านการฝึกฝนจะลั่นกระสุนสังหารนัดเดียวปลิดชีพต่อหน่วยทหารราบในที่โล่ง หรือที่เข้าประจำการในอาคารหรือยานพาหนะ,ยูนิต: คำอธิบาย/tooltip,117100|2117100
117150,"Order this howitzer or mortar to handle counter battery duties, firing back automatically at enemy artillery.",สั่งให้ปืนใหญ่วิถีโค้ง หรือปืนครกนี้ทำหน้าที่ยิงตอบโต้ฐานปืนใหญ่ข้าศึก โดยจะยิงสวนกลับปืนใหญ่ของศัตรูโดยอัตโนมัติ,ยูนิต: คำอธิบาย/tooltip,117150|2117150
117152,"Ability is currently active on this unit, it can not perform other actions.",ขณะนี้ความสามารถกำลังทำงานอยู่บนยูนิตนี้ แต่ไม่สามารถดำเนินการอื่นได้,ยูนิต: คำอธิบาย/tooltip,117152|2117152
117153,Left-click to activate. Left-click again to deactivate.,คลิกซ้ายเพื่อเปิดใช้งาน คลิกซ้ายอีกครั้งเพื่อปิดการใช้งาน,ยูนิต: คำอธิบาย/tooltip,117153|2117153
117201,PIAT Ambush will enable PIAT armed Sappers to enter camouflage when using cover. They'll be able to fire several shots before being detected.,PIAT Ambush จะทำให้ทหารช่างสนามติดอาวุธ PIAT สามารถเข้าสู่การพรางตัวได้เมื่อใช้ที่กำบัง พวกมันจะสามารถยิงได้หลายนัดก่อนที่จะถูกตรวจพบ,ยูนิต: คำอธิบาย/tooltip,117201|2117201
117251,Call in a replacement Mobile Command Headquarters,เรียกกองบัญชาการเคลื่อนที่ทดแทนมาทดแทน,ยูนิต: คำอธิบาย/tooltip,117251|2117251
117350,Command tank will take follow targeted vehicle at a safer combat distance.,รถถังบังคับบัญชาจะติดตามยานพาหนะเป้าหมายในระยะการต่อสู้ที่ปลอดภัยยิ่งขึ้น,ยูนิต: คำอธิบาย/tooltip,117350|2117350
117400,Target the Priest's 105mm to automatically fire at any visible enemy units within the overwatch radius.,กำหนดเป้าหมาย 105 มม. ของ Priest เพื่อยิงใส่ยูนิตศัตรูที่มองเห็นได้โดยอัตโนมัติภายในรัศมีโอเวอร์วอตช์,ยูนิต: คำอธิบาย/tooltip,117400|2117400
117451,Territory secured by this Command Truck will generate bonus munitions or fuel. Only one Secured Resourcing upgrade may be active among all command trucks at one time.,ดินแดนที่ยึดครองโดยรถบังคับการนี้จะสร้างอาวุธโบนัสหรือเชื้อเพลิง การอัพเกรดทรัพยากรที่ปลอดภัยเพียงครั้งเดียวเท่านั้นที่สามารถใช้งานกับรถบังคับการทั้งหมดได้ในคราวเดียว,ยูนิต: คำอธิบาย/tooltip,117451
117500,Officer will follow targeted squad at a safer combat distance.,นายทหารสัญญาบัตรจะติดตามหน่วยเป้าหมายในระยะการต่อสู้ที่ปลอดภัยยิ่งขึ้น,ยูนิต: คำอธิบาย/tooltip,117500
117551,Fires an extremely long range barrage at target using the Priest's 105mm Howitzer. Can be fired into the fog of war.,ยิงกระสุนระยะไกลไปยังเป้าหมายโดยใช้ปืนใหญ่วิถีโค้ง 105 มม. ของ Priest สามารถยิงเข้าสู่หมอกสงครามได้,ยูนิต: คำอธิบาย/tooltip,117551|2117551
117600,"A Commando Section equipped with a .303 Vickers Heavy Machine Gun, effective against massed infantry.",หน่วยคอมมานโดที่ติดตั้งปืนกลหนัก .303 วิคเกอร์ส มีประสิทธิภาพในการต่อต้านทหารราบจำนวนมาก,ยูนิต: คำอธิบาย/tooltip,117600|2117600
117650,"A Commando Section equipped with the standard British 3"" Mortar.",หมวดคอมมานโดที่ติดตั้งปืนครกมาตรฐานขนาด 3 นิ้วของอังกฤษ,ยูนิต: คำอธิบาย/tooltip,117650|2117650
117700,A Commando Section armed with PIAT Anti Tank weapons.,ส่วนคอมมานโดติดอาวุธด้วยอาวุธต่อต้านรถถัง PIAT,ยูนิต: คำอธิบาย/tooltip,117700
117751,"Request a Glider Headquarters capable of producing Mortar Commandos, PIAT Commandos, and Heavy Machine Gun Commmandos.","ขอกองบัญชาการเครื่องร่อน ที่สามารถระดมพลหน่วยคอมมานโดพลครก, คอมมานโด PIAT และคอมมานโดปืนกลหนัก",ยูนิต: คำอธิบาย/tooltip,117751|2117751
117800,Littlejohn Adapter increases projectile velocity and armor penetration of the 2 Pounder Gun.,Littlejohn Adapter เพิ่มความเร็วกระสุนปืนและการเจาะเกราะของ 2 Pounder Gun,ยูนิต: คำอธิบาย/tooltip,117800|2117800
117850,"The 3"" gun added to the Tetrarch provides more punch against infantry, emplacements, and buildings, but is much less effective against armored targets.",ปืนขนาด 3 นิ้วที่เพิ่มเข้ามาใน Tetrarch ช่วยให้โจมตีทหารราบ ฐานที่มั่น และอาคารได้มากขึ้น แต่จะมีประสิทธิภาพน้อยกว่าเมื่อโจมตีเป้าหมายที่หุ้มเกราะ,ยูนิต: คำอธิบาย/tooltip,117850|2117850
117901,Some emplacements are capable of 360 degree rotation to prevent being flanked.,ตำแหน่งบางแห่งสามารถหมุนได้ 360 องศาเพื่อป้องกันไม่ให้ขนาบข้าง,ยูนิต: คำอธิบาย/tooltip,117901|2117901
117951,Butterfly Bombs are dropped from the air and blanket the selected area. The Butterfly Bombs are a capable anti-personnel mine.,ระเบิดผีเสื้อจะตกลงมาจากอากาศและปกคลุมพื้นที่ที่เลือก ระเบิดผีเสื้อเป็นทุ่นระเบิดต่อต้านบุคลากรที่มีความสามารถ,ยูนิต: คำอธิบาย/tooltip,117951|2117951
118001,Panzer Elite infantry use their improved battlefield skills to detect enemy tanks at ranges beyond which they can see.,ทหารราบยานเกราะชั้นยอดใช้ทักษะสนามรบขั้นสูงเพื่อตรวจจับรถถังศัตรูในระยะที่ไกลเกินกว่าระยะสายตาปกติ,ยูนิต: คำอธิบาย/tooltip,118001|2118001
118102,"Panzer Grenadiers are tough and versatile infantry, trained to work with support vehicles in fast, mobile attacks.",แพนเซอร์เกรนาเดียร์ เป็นทหารราบที่แข็งแกร่งและใช้งานได้หลากหลาย ได้รับการฝึกฝนให้ทำงานร่วมกับยานพาหนะสนับสนุนในการโจมตีเคลื่อนที่ที่รวดเร็ว,ยูนิต: คำอธิบาย/tooltip,118102|2118102
118152,88mm Flak 36 AT/AA item from Defensive Commander Tree,สิ่งของ Flak 36 AT/AA ขนาด 88 มม. จากแผนผัง Defensive Commander,ยูนิต: คำอธิบาย/tooltip,118152|2118152
118351,"Luftwaffe ground forces are adequate soldiers who can construct light defenses and, more importantly, devastating AA weapons including the Flakvierling  quad 20mm cannon.",กองกำลังภาคพื้นดินของ Luftwaffe เป็นทหารที่เพียงพอที่สามารถสร้างการป้องกันแบบเบาได้ และที่สำคัญกว่านั้นคืออาวุธ AA ที่ทำลายล้างได้ รวมถึงปืนใหญ่ Flakvierling quad 20mm,ยูนิต: คำอธิบาย/tooltip,118351|2118351
118402,"Order a dangerous Wirblewind Flakpanzer that can provide mobile AA coverage, or engage enemy infantry and light vehicles.",สั่งระดมพลรถถังต่อสู้อากาศยาน Wirbelwind Flakpanzer อันทรงพลัง ซึ่งสามารถให้ความคุ้มกันทางอากาศแบบเคลื่อนที่ หรือเข้าโจมตีทหารราบและยานพาหนะเบาของศัตรู,ยูนิต: คำอธิบาย/tooltip,118402|2118402
118451,"Luftwaffe Ground Forces  are able to construct the fearsome 88mm Flak 36, a dual role weapon capable of targeting both air and ground units at long ranges.",กองกำลังภาคพื้นดินของกองทัพสามารถสร้าง Flak 36 ขนาด 88 มม. ที่น่าเกรงขาม ซึ่งเป็นอาวุธสองบทบาทที่สามารถกำหนดเป้าหมายทั้งหน่วยอากาศและภาคพื้นดินในระยะไกลได้,ยูนิต: คำอธิบาย/tooltip,118451|2118451
118501,Low flying aircraft can drop fields of SD-2 Butterfly bombs to disrupt the movement of enemy infantry and light vehicles.,เครื่องบินที่บินต่ำสามารถทิ้งระเบิดผีเสื้อ SD-2 ในสนามเพื่อขัดขวางการเคลื่อนที่ของทหารราบและยานพาหนะขนาดเล็กของศัตรู,ยูนิต: คำอธิบาย/tooltip,118501|148051|2118501
118551,"A squad of Fallschirmjager who have infiltrated the battlefield will emerge from targeted buildings, or from Off-map if not targeted on buildings.",หน่วยของ Fallschirmjager ที่แทรกซึมเข้าไปในสนามรบจะออกมาจากอาคารเป้าหมาย หรือจากนอกแผนที่หากไม่ได้กำหนดเป้าหมายไปที่อาคาร,ยูนิต: คำอธิบาย/tooltip,118551|2118551
118601,Fallschirmjager squads can be ordered to reveal themselves from pre-infiltrated hiding locations in buildings. Fallschirmjager squads camouflage automatically when in heavy cover.,สามารถสั่งให้ทีม Fallschirmjager แสดงตัวเองจากสถานที่ซ่อนตัวที่ถูกแทรกซึมล่วงหน้าในอาคารได้ หน่วย Fallschirmjager จะพรางตัวโดยอัตโนมัติเมื่ออยู่ในที่กำบังหนาแน่น,ยูนิต: คำอธิบาย/tooltip,118601
118650,"A  very rare and powerful Jagdpanther is allocated only once to each commander. Extremely well armed and armored, the Jagdpanther is capable of tackling all enemy units.",Jagdpanther ที่หายากและทรงพลังมากจะถูกจัดสรรให้กับผู้บังคับการแต่ละคนเพียงครั้งเดียวเท่านั้น Jagdpanther มีอาวุธและเกราะอย่างดี สามารถโจมตียูนิตศัตรูทั้งหมดได้,ยูนิต: คำอธิบาย/tooltip,118650|2118650
118700,"A Hetzer Tank Hunter is available for reinforcement. These maneuverable tanks have thick sloping armor, and their small size means they are easily camouflaged.",Hetzer Tank Hunter พร้อมสำหรับการเสริมกำลัง รถถังที่คล่องแคล่วเหล่านี้มีเกราะลาดเอียงที่หนา และขนาดที่เล็กทำให้พรางตัวได้ง่าย,ยูนิต: คำอธิบาย/tooltip,118700|2118700
118751,"The Jagdpanther is a heavy tank destroyer armed with the same 88mm Pak 43 as the King Tiger. The Jagdpanther is rare, and so is allocated only once per battle.",Jagdpanther เป็นยานพิฆาตรถถังหนักที่ติดอาวุธด้วย 88mm Pak 43 แบบเดียวกับ King Tiger Jagdpanther เป็นสัตว์หายาก และจัดสรรให้เพียงครั้งเดียวต่อการรบเท่านั้น,ยูนิต: คำอธิบาย/tooltip,118751|2118751
118800,The diminutive Hetzer mounted the same powerful Pak39 as used on the Panzer IV in well-armored chassis that was also small enough to easily conceal.,Hetzer ขนาดจิ๋วติดตั้ง Pak39 อันทรงพลังแบบเดียวกับที่ใช้ใน Panzer IV ในโครงที่หุ้มเกราะอย่างดีซึ่งมีขนาดเล็กพอที่จะปกปิดได้ง่าย,ยูนิต: คำอธิบาย/tooltip,118800|2118800
118852,Throw an effective Anti Tank Grenade. This Grenade is not effective against infantry units in cover.,ขว้างระเบิดต่อต้านรถถังที่มีประสิทธิภาพ ระเบิดมือนี้ไม่มีผลกับหมู่ทหารราบที่อยู่ในที่กำบัง,ยูนิต: คำอธิบาย/tooltip,118852|2118852
118901,"The diminutive Hetzer mounted the same powerful Pak39 as used on the Panzer IV, but in a reliable, well-armored chassis that was also easy to conceal.",Hetzer ขนาดจิ๋วติดตั้ง Pak39 อันทรงพลังแบบเดียวกับที่ใช้ใน Panzer IV แต่อยู่ในโครงรถที่เชื่อถือได้และหุ้มเกราะอย่างดีซึ่งง่ายต่อการปกปิดเช่นกัน,ยูนิต: คำอธิบาย/tooltip,118901|2118901
118951,Area of Effect attack. Good vs. Infantry and Buildings.,การโจมตีแบบพื้นที่ส่งผล มีประสิทธิภาพสูงเมื่อปะทะทหารราบและอาคาร,ยูนิต: คำอธิบาย/tooltip,118951|2118951
118952,"Fire the 290mm Petard Spigot Mortar round to clear obstacles, buildings, crewed weapons, and infantry.","ยิงกระสุนปืนครกเพทาร์ด ขนาด 290 มม. เพื่อกวาดล้างสิ่งกีดขวาง, อาคาร, อาวุธประจำแท่นยิง และทหารราบ",ยูนิต: คำอธิบาย/tooltip,118952|2118952
119001,Upgrade this structure to reinforce nearby troops. Upgrading Defensive Operations at the HQ will allow passive healing of infantry at the Reinforce Point.,อัปเกรดโครงสร้างนี้เพื่อเสริมกำลังกองกำลังใกล้เคียง การอัพเกรดปฏิบัติการป้องกันที่กองบัญชาการจะช่วยให้การรักษาทหารราบที่จุดเสริมกำลังทำได้,ยูนิต: คำอธิบาย/tooltip,119001
119050,Equip your Panzer Infantry squad with MP44 Assault Rifles that provide excellent mid and short-range firepower.,จัดเตรียมหมู่ทหารราบ Panzer ของคุณด้วยปืนไรเฟิลจู่โจม MP44 ที่ให้อำนาจการยิงระยะกลางและระยะสั้นที่ยอดเยี่ยม,ยูนิต: คำอธิบาย/tooltip,119050|2119050
119101,These Panzer Elite Heavy Infantry are trained and equipped for Assault tactics. They come equipped with MP44 Sturmgewehr assault rifles.,ทหารราบหนักยานเกราะชั้นยอดได้รับการฝึกฝนและติดตั้งอุปกรณ์สำหรับยุทธวิธีโจมตี มาพร้อมกับปืนไรเฟิลจู่โจม MP44 Sturmgewehr,ยูนิต: คำอธิบาย/tooltip,119101|2119101
119151,Tank Buster Heavy Infantry are equipped with Panzerschreck Anti Tank weapons for handling armor threats.,Tank Buster Heavy Infantry ติดตั้งอาวุธต่อต้านรถถัง Panzerschreck เพื่อรับมือกับภัยคุกคามจากเกราะ,ยูนิต: คำอธิบาย/tooltip,119151|2119151
119202,Constructs basic buildings for the Panzer Elite.,สร้างสิ่งก่อสร้างพื้นฐานสำหรับยานเกราะชั้นยอด,ยูนิต: คำอธิบาย/tooltip,119202|126451|132000|2119202|2126451|2132000
119251,"The Wirbelwind mounted a rapid firing 20mm flakvierling 38 on a Panzer IV chassis. Rare, but effective, this vehicle provided excellent air and ground protection for armored columns.",Wirbelwind ติดตั้ง flakvierling 38 ยิงเร็ว 20 มม. บนตัวถัง Panzer IV ยานเกราะนี้หายากแต่มีประสิทธิภาพ ให้การป้องกันทางอากาศและภาคพื้นดินที่ดีเยี่ยมสำหรับขบวนยานเกราะ,ยูนิต: คำอธิบาย/tooltip,119251
119301,The Wirbelwind mounts a rapid firing 20mm flakvierling 38 on a Panzer IV chassis. This vehicle provides excellent air and ground protection for armored columns.,Wirbelwind ติดตั้ง flakvierling 38 ยิงเร็ว 20 มม. บนโครงรถ Panzer IV ยานพาหนะคันนี้ให้การปกป้องทางอากาศและภาคพื้นดินที่ดีเยี่ยมสำหรับขบวนยานเกราะ,ยูนิต: คำอธิบาย/tooltip,119301
119351,"Panzerschreck upgrades now provide two Panzerschrecks, and AT grenade abilities now throw two AT Grenades.",การอัพเกรด Panzerschreck ตอนนี้มี Panzerschreck สองอัน และความสามารถของระเบิด AT ตอนนี้สามารถขว้าง AT Grenades ได้สองอัน,ยูนิต: คำอธิบาย/tooltip,119351|2119351
119402,"The Bergetiger added a powerful crane to a Tiger chassis, enabling it to repair tanks and other vehicles, and structures, and recover and return to action destroyed vehicles.",Bergetiger ได้เพิ่มเครนอันทรงพลังให้กับแชสซีของ Tiger ทำให้สามารถซ่อมแซมรถถังและยานพาหนะอื่นๆ และโครงสร้าง ตลอดจนกู้คืนและกลับสู่การปฏิบัติการของยานพาหนะที่ถูกทำลายได้,ยูนิต: คำอธิบาย/tooltip,119402|2119402
119451,"Panzer Elite infantry can deploy Teller Mines. These weapons require great mass to trigger, meaning only vehicles will cause the mine to explode.",ทหารราบยานเกราะชั้นยอดสามารถวาง Teller Mines ได้ อาวุธเหล่านี้ต้องใช้มวลมากในการกระตุ้น ซึ่งหมายความว่ามีเพียงยานพาหนะเท่านั้นที่จะทำให้เกิดระเบิดได้,ยูนิต: คำอธิบาย/tooltip,119451|2119451
119501,"Construct light defenses, the Flakvierling quad 20mm cannon and the Flak 88.",สร้างระบบป้องกันแสง ปืนใหญ่ Flakvierling quad 20 มม. และ Flak 88,ยูนิต: คำอธิบาย/tooltip,119501|2119501
119550,The Marder III mounts a powerful Pak40 75mm Anti Tank gun on a 38t chassis but its drawbacks include a limited weapon traverse and poor crew protection.,Marder III ติดตั้งปืนต่อสู้รถถัง Pak40 75 มม. อันทรงพลังบนตัวถัง 38 ตัน แต่ข้อเสียของมันคือการเคลื่อนที่ของอาวุธที่จำกัดและการป้องกันลูกเรือที่ไม่ดี,ยูนิต: คำอธิบาย/tooltip,119550|2119550
119601,The Cromwell Command Tank can call in smoke rounds to provide excellent cover over a large area.,รถถังบัญชาการครอมเวลล์ สามารถเรียกยิงกระสุนควันเพื่อสร้างม่านกำบังอันยอดเยี่ยมครอบคลุมพื้นที่ขนาดใหญ่,ยูนิต: คำอธิบาย/tooltip,119601|2119601
119701,The tank will push acceleration and top speed to the limit. Activating this ability will incur a slight fuel penalty for as long as the ability is active.,รถถังจะดันความเร่งและความเร็วสูงสุดให้ถึงขีดจำกัด การเปิดใช้งานความสามารถนี้จะต้องเสียค่าเชื้อเพลิงเล็กน้อยตราบเท่าที่ความสามารถนั้นยังทำงานอยู่,ยูนิต: คำอธิบาย/tooltip,119701
119800,Loads the 37mm main gun with a shotgun-like canister charge that can blast an area with dozens of lethal projectiles.,บรรจุกระสุนปืนหลัก 37 มม. ด้วยกระสุนปืนคล้ายปืนลูกซอง ซึ่งสามารถระเบิดพื้นที่ที่มีกระสุนปืนร้ายแรงหลายสิบนัด,ยูนิต: คำอธิบาย/tooltip,119800
119850,"Rifle grenadiers will fire a few smoke rounds to provide cover for nearby troops, or mask enemy emplacements.",ทหารราบติดเครื่องยิงลูกระเบิดจะยิงกระสุนควันเพื่อสร้างที่กำบังให้กองกำลังใกล้เคียง หรือบดบังทัศนวิสัยฐานที่มั่นของศัตรู,ยูนิต: คำอธิบาย/tooltip,119850|2119850
119901,Rapid rifle fire from the G43s will force enemy units to the ground and keep them moving slowly for a short period of time.,การยิงปืนไรเฟิลอย่างรวดเร็วจาก G43 จะบังคับยูนิตศัตรูให้อยู่กับพื้นและทำให้พวกเขาเคลื่อนที่ช้าๆ ในช่วงเวลาสั้นๆ,ยูนิต: คำอธิบาย/tooltip,119901|2119901
119950,Anti-tank Air support as well as solid defense options round out the Luftwaffe tree to help the Panzer Elite gain a foothold and keep it. Choosing this tree will grant the Kettenkrad with Camouflage or the Schwimmwagen with Mark Target.,การสนับสนุนทางอากาศต่อต้านรถถังรวมถึงตัวเลือกการป้องกันที่แข็งแกร่ง การเลือกสายบัญชาการนี้จะมอบความสามารถในการซ่อมแซมให้กับ Kettenkrad,ยูนิต: คำอธิบาย/tooltip,119950
120000,"Bombs, traps and tricks make it difficult for your opponent to maneuver around the battlefield. Bombard your enemy with the brutal power of Hummel 150mm Artillery. Choosing this tree will grant the Kettenkrad with Booby Traps or the Schwimmwagen with Scorched Earth.",ระเบิด กับดัก และกลลวงสร้างความยากลำบากให้ศัตรูในการเคลื่อนพล การเลือกสายบัญชาการนี้จะมอบความสามารถในการซ่อมแซมให้กับ Kettenkrad,ยูนิต: คำอธิบาย/tooltip,120000
120050,Destroy enemy tanks with superior Axis tanks and munitions. Choosing this tree will grant the Kettenkrad with Repairs or the Schwimmwagen with Mines.,ทำลายรถถังศัตรูด้วยรถถังและยุทโธปกรณ์ฝ่ายอักษะที่เหนือกว่า การเลือกสายบัญชาการนี้จะมอบความสามารถในการซ่อมแซมให้กับ Kettenkrad,ยูนิต: คำอธิบาย/tooltip,120050
120102,"A Henschel Hs. 129 ground attack plane armed with a 75mm cannon will fly air coverage over the area specified, targeting enemy vehicles and tanks.",เอ เฮนเชล เอช. เครื่องบินโจมตีภาคพื้นดิน 129 ที่ติดอาวุธด้วยปืนใหญ่ 75 มม. จะบินครอบคลุมอากาศเหนือพื้นที่ที่ระบุ โดยกำหนดเป้าหมายไปที่ยานพาหนะและรถถังของศัตรู,ยูนิต: คำอธิบาย/tooltip,120102|2120102
120150,Henschel Hs. 129 ground attack aircraft will provide tactical air-cover with their powerful 75mm cannons. Aircraft will monitor targeted locations for enemy vehicles or tanks.,เฮนเชล เอช. เครื่องบินจู่โจมภาคพื้นดิน 129 ลำจะมอบปืนใหญ่ขนาด 75 มม. อันทรงพลังที่ปกคลุมอากาศทางยุทธวิธี เครื่องบินจะตรวจสอบสถานที่เป้าหมายสำหรับยานพาหนะหรือรถถังศัตรู,ยูนิต: คำอธิบาย/tooltip,120150|147751|2120150
120200,AT guns and main tank guns are issued the more powerful APCR (Armor Piercing Composite Rigid) Panzergranate 40 ammunition that will improve armor penetration.,ปืน AT และปืนรถถังหลักได้รับกระสุน APCR Panzergranate 40 ที่ทรงพลังกว่าซึ่งจะปรับปรุงการเจาะเกราะ,ยูนิต: คำอธิบาย/tooltip,120200|2120200
120251,The Marder III can sacrifice mobility to gain more destructive power from its 75mm Pak 40 Anti Tank gun.,Marder III สามารถเสียสละความคล่องตัวเพื่อรับพลังทำลายล้างที่มากขึ้นจากปืนต่อสู้รถถัง Pak 40 ขนาด 75 มม.,ยูนิต: คำอธิบาย/tooltip,120251|2120251
120301,"When locked down, the Hummel is immobile, but can fire its massive 150mm shells much further and faster.",เมื่อถูกล็อคไว้ Hummel จะไม่สามารถเคลื่อนที่ได้ แต่สามารถยิงกระสุนขนาดใหญ่ 150 มม. ได้ไกลและเร็วกว่ามาก,ยูนิต: คำอธิบาย/tooltip,120301|2120301
120350,Munitions Halftracks can drop a Goliath Remote Controlled Bomb.,Munitions รถสายพานกึ่งล้อยาง สามารถทิ้งระเบิดควบคุมระยะไกล Goliath ได้,ยูนิต: คำอธิบาย/tooltip,120350|134901|2120350|2134901
120352,Left-click icon and then Left-click location to drop a Goliath Remote Controlled Bomb.,คลิกซ้ายที่ไอคอน จากนั้นคลิกซ้ายที่ตำแหน่งเพื่อทิ้งระเบิดควบคุมระยะไกล Goliath,ยูนิต: คำอธิบาย/tooltip,120352|2120352
120451,"At the tradeoff of mobility, the Panzer IV's crew will all help to load and fire the main gun as rapidly as possible.",เมื่อต้องแลกกับความคล่องตัว ลูกเรือของ Panzer IV จะช่วยบรรจุและยิงปืนหลักโดยเร็วที่สุด,ยูนิต: คำอธิบาย/tooltip,120451|2107801|2120451
120500,Equip Fallschirmjager with FG42 Assault Rifles for increased firepower.,ติดตั้ง Fallschirmjager ด้วย FG42 Assault Rifles เพื่อเพิ่มพลังการยิง,ยูนิต: คำอธิบาย/tooltip,120500|2120500
120551,"Following the ancient doctrine of scorched earth, Strategic Points can be disabled, denying their use to the enemy.",ตามหลักนิยมยุทธการเผาทำลาย จุดยุทธศาสตร์สามารถถูกปิดการใช้งานได้ เพื่อไม่ให้ศัตรูนำไปใช้ประโยชน์,ยูนิต: คำอธิบาย/tooltip,120551|2120551
120601,Target an enemy strongpoint to mark it for bombing.,กำหนดเป้าหมายจุดแข็งของศัตรูเพื่อทำเครื่องหมายว่าจะวางระเบิด,ยูนิต: คำอธิบาย/tooltip,120601|2120601
120651,"This aimed shot can disable the wheels, engine, or treads of an enemy vehicle, immobilizing it.","การยิงเล็งเป้าหมายอย่างแม่นยำนี้สามารถทำลายล้อ, เครื่องยนต์ หรือตีนตะขาบของยานพาหนะศัตรู ทำให้ไม่สามารถเคลื่อนที่ได้",ยูนิต: คำอธิบาย/tooltip,120651|2120651
120700,A Hummel Self-Propelled 150mm howitzer can devastate large swaths of ground at long range with its massive shells.,ปืนใหญ่วิถีโค้งขนาด 150 มม. ที่ขับเคลื่อนด้วยตนเองของ Hummel สามารถทำลายล้างพื้นที่ขนาดใหญ่ในระยะไกลด้วยกระสุนขนาดใหญ่,ยูนิต: คำอธิบาย/tooltip,120700|2120700
120751,"A selected sector is monitored for enemy activity. When enemy units are detected, the area is  saturated with artillery until that enemy activity ceases.",ภาคที่เลือกจะได้รับการตรวจสอบกิจกรรมของศัตรู เมื่อตรวจพบหน่วยศัตรู พื้นที่จะเต็มไปด้วยปืนใหญ่จนกว่ากิจกรรมของศัตรูจะยุติลง,ยูนิต: คำอธิบาย/tooltip,120751|2120751
120851,Panzer Elite infantry can be ordered to plant deadly booby traps inside any building on the map. Enemy infantry entering the building will suffer extreme consequences.,คุณสามารถสั่งให้ทหารราบยานเกราะชั้นยอดวางกับดักอันตรายภายในอาคารใดก็ได้บนแผนที่ ทหารราบของศัตรูที่เข้ามาในอาคารจะได้รับผลกระทบอย่างรุนแรง,ยูนิต: คำอธิบาย/tooltip,120851|2120851
120900,Panzer Elite infantry can be ordered to booby trap any strategic point in the game. Booby traps are triggered by enemy units attempting to capture the point.,คุณสามารถสั่งให้ทหารราบยานเกราะชั้นยอดเพื่อดักจับจุดยุทธศาสตร์ในเกมได้ กับดัก Booby จะถูกกระตุ้นโดยยูนิตศัตรูที่พยายามจะยึดจุดนั้น,ยูนิต: คำอธิบาย/tooltip,120900|2120900
120951,"Massive roadblocks are built that cannot be crushed by any unit, forcing the enemy to direct combat resources to destroying the barricades.",สิ่งกีดขวางบนถนนขนาดใหญ่ถูกสร้างขึ้นซึ่งไม่สามารถถูกบดขยี้โดยหน่วยใด ๆ บังคับให้ศัตรูสั่งทรัพยากรการต่อสู้เพื่อทำลายเครื่องกีดขวาง,ยูนิต: คำอธิบาย/tooltip,120951|2120951
121750,Move Units within range to enable the Info Point,ย้ายหน่วยภายในระยะเพื่อเปิดใช้งานจุดข้อมูล,ยูนิต: คำอธิบาย/tooltip,121750|122650|122700|123100|123150
121901,"Engine governors are removed through field modifications, providing a large speed increase for your mobile Headquarters vehicle.",ตัวควบคุมเครื่องยนต์จะถูกลบออกโดยการปรับเปลี่ยนภาคสนาม ทำให้ยานพาหนะกองบัญชาการเคลื่อนที่ของคุณมีความเร็วเพิ่มขึ้นอย่างมาก,ยูนิต: คำอธิบาย/tooltip,121901|2121901
122301,Order this squad to prepare the target building with booby traps that will be triggered by enemy units.,สั่งให้หน่วยนี้เตรียมอาคารเป้าหมายด้วยกับดักที่จะถูกกระตุ้นโดยหน่วยศัตรู,ยูนิต: คำอธิบาย/tooltip,122301|2122301
122451,Order this squad to prepare the target with booby traps that will be triggered by enemy units.,สั่งให้หน่วยนี้เตรียมเป้าหมายด้วยกับดักที่จะถูกกระตุ้นโดยหน่วยศัตรู,ยูนิต: คำอธิบาย/tooltip,122451|2122451
122751,"Teller Mines require at least 150kg of pressure to activate, therefore only vehicles or tanks will trigger the powerful explosive charge.",Teller Mines ต้องใช้แรงดันอย่างน้อย 150 กิโลกรัมในการเปิดใช้งาน ดังนั้นมีเพียงยานพาหนะหรือรถถังเท่านั้นที่จะกระตุ้นประจุระเบิดอันทรงพลัง,ยูนิต: คำอธิบาย/tooltip,122751|150751|2122751
122801,"Fallschirmjager throw an incendiary device with a very long burn time, effective against buildings and emplacements.",Fallschirmjager ขว้างอุปกรณ์ก่อความไม่สงบที่มีระยะเวลาการเผาไหม้นานมาก โดยมีผลกับอาคารและสถานที่,ยูนิต: คำอธิบาย/tooltip,122801|2122801
123253,Re-enable a point so it can once again be captured,เปิดใช้งานจุดอีกครั้งเพื่อให้สามารถจับภาพได้อีกครั้ง,ยูนิต: คำอธิบาย/tooltip,123253|2123253
123302,Disable a Strategic Point so it cannot be captured.,ปิดการใช้งานจุดยุทธศาสตร์เพื่อไม่ให้ถูกยึด,ยูนิต: คำอธิบาย/tooltip,123302|2123302
123351,"Enables the Funkwagen 'Vampire' to divert resources produced  from an enemy sector. It will also deny the enemy resources in a connected supply line. When deployed, infantry can be detected in the Fog of War.",ช่วยให้ Funkwagen 'Vampire' สามารถหันเหทรัพยากรที่ผลิตจากภาคส่วนศัตรู นอกจากนี้ยังจะปฏิเสธทรัพยากรของศัตรูในสายส่งที่เชื่อมต่ออยู่ เมื่อใช้งาน จะสามารถตรวจจับทหารราบได้ใน Fog of War,ยูนิต: คำอธิบาย/tooltip,123351
123401,The squad will throw a chemical Incendiary Grenade that will burn the selected area for a period of time.,หน่วยจะขว้างระเบิดเพลิงเคมีซึ่งจะเผาพื้นที่ที่เลือกไว้เป็นระยะเวลาหนึ่ง,ยูนิต: คำอธิบาย/tooltip,123401|2123401
123451,Low quality repair of a Structure or Vehicle for a nominal Resource cost.,การซ่อมแซมโครงสร้างหรือยานพาหนะคุณภาพต่ำด้วยต้นทุนทรัพยากรเล็กน้อย,ยูนิต: คำอธิบาย/tooltip,123451|2123451
123501,High quality repair of a Structure or Vehicle for a nominal Resource cost.,การซ่อมแซมโครงสร้างหรือยานพาหนะคุณภาพสูงด้วยต้นทุนทรัพยากรเพียงเล็กน้อย,ยูนิต: คำอธิบาย/tooltip,123501|2123501
123551,"Have the selected sector monitored for enemy activity, saturating the area with artillery until that enemy activity ceases.",ให้ภาคส่วนที่เลือกจับตาดูกิจกรรมของศัตรู โดยทำให้พื้นที่เต็ม็อด้วยปืนใหญ่จนกว่ากิจกรรมของศัตรูจะยุติลง,ยูนิต: คำอธิบาย/tooltip,123551|2123551
123601,Incendiary rounds fired into the targeted area will burn any entrenched infantry and damage structures.,กระสุนเพลิงที่ยิงเข้าไปยังพื้นที่เป้าหมายจะเผาทหารราบที่ยึดที่มั่นและโครงสร้างที่สร้างความเสียหาย,ยูนิต: คำอธิบาย/tooltip,123601|2123601
123650,Build Generators to increase your available building capacity.,สร้างเครื่องกำเนิดไฟฟ้าเพื่อเพิ่มความจุอาคารที่มีอยู่ของคุณ,ยูนิต: คำอธิบาย/tooltip,123650
123750,Smoke Shells will be fired into the area ordered to provide cover for nearby Soldiers or Vehicles.,กระสุนควันจะถูกยิงเข้าไปยังพื้นที่ที่สั่งการ เพื่อสร้างม่านกำบังให้แก่ทหารหรือยานพาหนะในบริเวณใกล้เคียง,ยูนิต: คำอธิบาย/tooltip,123750|2123750
123800,Captain ( Available from Field Support Truck ),กัปตัน (หาได้จากรถสนับสนุนภาคสนาม),ยูนิต: คำอธิบาย/tooltip,123800|2123800
123851,Order the Light Armored Car to move at maximum speed. Activating this ability will incur a slight fuel penalty for as long as the ability is active.,สั่งให้รถหุ้มเกราะเบาเคลื่อนที่ด้วยความเร็วสูงสุด การเปิดใช้งานความสามารถนี้จะต้องเสียค่าเชื้อเพลิงเล็กน้อยตราบเท่าที่ความสามารถนั้นยังทำงานอยู่,ยูนิต: คำอธิบาย/tooltip,123851
123901,Sprinting will make a squad move faster for a short time.,การวิ่งจะทำให้ทีมเคลื่อนที่เร็วขึ้นในช่วงเวลาสั้นๆ,ยูนิต: คำอธิบาย/tooltip,123901
123950,Allows Grenadier Tank Buster squads to be built and unlocks the panzerschreck upgrade on Panzer Grenadier squads.,อนุญาตให้สร้างทีม เกรนาเดียร์ Tank Buster และปลดล็อคการอัพเกรด panzerschreck ในทีม Panzer เกรนาเดียร์,ยูนิต: คำอธิบาย/tooltip,123950
124050,Command Vehicle ( Available From Armor Command ),รถบังคับการ,ยูนิต: คำอธิบาย/tooltip,124050
124101,Allows Grenadier Tank Buster squads to be built and unlocks the panzerschreck upgrade on Grenadier squads.,อนุญาตให้สร้างทีม เกรนาเดียร์ Tank Buster และปลดล็อคการอัพเกรด panzerschreck บนทีม เกรนาเดียร์,ยูนิต: คำอธิบาย/tooltip,124101
124102,Makes available: Light Armored Car (SdKfz 222),ทำให้ใช้งานได้: รถหุ้มเกราะเบา,ยูนิต: คำอธิบาย/tooltip,124102|2124102
124201,"Order this Howitzer to handle Counter Battery duties, firing back automatically at enemy artillery.",สั่งให้ปืนใหญ่วิถีโค้ง นี้ทำหน้าที่ยิงตอบโต้ฐานปืนใหญ่ข้าศึก โดยจะยิงสวนกลับปืนใหญ่ของศัตรูโดยอัตโนมัติ,ยูนิต: คำอธิบาย/tooltip,124201|2124201
124204,Left-click icon to set unit into Counter Battery.,คลิกซ้ายที่ไอคอนเพื่อตั้งค่าหน่วยเป็น Counter Battery,ยูนิต: คำอธิบาย/tooltip,124204|124851|126051|2124204|2124851|2126051
124251,The M9 Bazooka is a shoulder-mounted weapon effective against either Vehicles or Structures.,M9 Bazooka เป็นอาวุธติดไหล่ซึ่งใช้โจมตียานพาหนะหรือโครงสร้างได้,ยูนิต: คำอธิบาย/tooltip,124251|2124251
124302,Left-click icon to deactivate Counter Battery.,คลิกซ้ายที่ไอคอนเพื่อปิดใช้งาน Counter Battery,ยูนิต: คำอธิบาย/tooltip,124302|131850|2124302|2131850
124350,Makes available: Panzer IV Infantry Support Tank and Hotchkiss Light Tank,มีจำหน่าย: รถถังสนับสนุนทหารราบ Panzer IV และรถถังเบา Hotchkiss,ยูนิต: คำอธิบาย/tooltip,124350
124352,Enables the construction of heavy support vehicles.,ช่วยให้สามารถสร้างยานพาหนะสนับสนุนหนักได้,ยูนิต: คำอธิบาย/tooltip,124352|2124352
124401,Order your Truck to Set Up at the selected location. A Set Up Truck can create units.,สั่งให้รถบรรทุกของคุณตั้งฐาน ณ ตำแหน่งที่เลือก รถบรรทุกที่ตั้งฐานแล้วจะสามารถสร้างหน่วยรบได้,ยูนิต: คำอธิบาย/tooltip,124401|2124401
124551,Equip this Squad with an MG42 Heavy Machine Gun.,ติดตั้งหน่วยนี้ด้วยปืนกลหนัก MG42,ยูนิต: คำอธิบาย/tooltip,124551|124601|2124551|2124601
124751,Equip this Squad with the M1919 .30 cal Machine Gun.,ติดตั้งปืนกล M1919 .30 cal ให้หน่วยนี้,ยูนิต: คำอธิบาย/tooltip,124751|2124751
124850,"Order this Priest to handle Counter Battery duties, firing back automatically at enemy artillery.",สั่งให้พรีสต์คนนี้ทำหน้าที่เคาน์เตอร์แบตเตอรี โดยยิงถอยหลังอัตโนมัติไปที่ปืนใหญ่ของศัตรู,ยูนิต: คำอธิบาย/tooltip,124850|2124850
125800,"Lock the Logistic Car down at the selected position, securing that sector and increasing the resources gathered from the sector. The Car will become immobile in it's secured state.",ล็อครถ Logistic ไว้ที่ตำแหน่งที่เลือก เพื่อรักษาความปลอดภัยของส่วนนั้นและเพิ่มทรัพยากรที่รวบรวมจากส่วนนั้น รถจะไม่เคลื่อนที่ในสภาพที่ปลอดภัย,ยูนิต: คำอธิบาย/tooltip,125800|2125800
125902,The Jager Kommand can produce the Marder III Tank Hunter.,Jager Kommand สามารถผลิต Marder III Tank Hunter ได้,ยูนิต: คำอธิบาย/tooltip,125902|2125902
126050,"Order this mortar to handle Counter Battery duties, firing back automatically at enemy artillery.",สั่งให้ปืนครกนี้ทำหน้าที่ยิงตอบโต้ฐานปืนใหญ่ข้าศึก โดยจะยิงสวนกลับปืนใหญ่ของศัตรูโดยอัตโนมัติ,ยูนิต: คำอธิบาย/tooltip,126050|2126050
126152,Equip the Armored Car with Light Armor Skirts.,ติดตั้งรถหุ้มเกราะด้วยกระโปรงเกราะเบา,ยูนิต: คำอธิบาย/tooltip,126152
126201,Munitions Halftrack will follow targeted squad at a safer combat distance.,Munitions รถสายพานกึ่งล้อยาง จะติดตามทีมเป้าหมายในระยะการต่อสู้ที่ปลอดภัยยิ่งขึ้น,ยูนิต: คำอธิบาย/tooltip,126201|2126201
126900,Goliaths are remote controlled Tanks packed with Explosives.,โกลิอัทเป็นรถถังควบคุมระยะไกลที่เต็มไปด้วยวัตถุระเบิด,ยูนิต: คำอธิบาย/tooltip,126900|2126900
127350,Two Panther tanks will arrive to support offensive operations.,รถถัง Panther สองคันจะมาถึงเพื่อสนับสนุนปฏิบัติการรุก,ยูนิต: คำอธิบาย/tooltip,127350|2127350
127400,Registered artillery can call in a defensive bombardment on any player or team-owned building or point.,ปืนใหญ่ที่ลงทะเบียนแล้วสามารถระดมยิงป้องกันใส่ผู้เล่นหรืออาคารหรือจุดที่ทีมเป็นเจ้าของได้,ยูนิต: คำอธิบาย/tooltip,127400|2127400
127402,Left-click icon and left-click player building or strategic point,ไอคอนคลิกซ้ายและคลิกซ้ายการสร้างผู้เล่นหรือจุดยุทธศาสตร์,ยูนิต: คำอธิบาย/tooltip,127402|2127402
127650,The Armor Command Truck coordinates and deploys Heavy Armor on the battlefield.,Armor รถบังคับการ ประสานงานและจัดวาง Heavy Armor ในสนามรบ,ยูนิต: คำอธิบาย/tooltip,127650|2127650
127651,"Deploys the Cromwell Tank, Cromwell Command Tank, Staghound Armoured Car, Kangaroo Carrier, and Sherman Firefly","ส่งรถถังครอมเวลล์, รถถังบัญชาการครอมเวลล์, รถเกราะสจ๊วต และเชอร์แมน ไฟร์ฟลาย",ยูนิต: คำอธิบาย/tooltip,127651
127700,Load  Armor Piercing rounds into the Vickers Machine Gun.,โหลดกระสุนเจาะเกราะเข้าไปในปืนกล Vickers,ยูนิต: คำอธิบาย/tooltip,127700|2127700
127750,"Deploys Infantry Sections, Lieutenants, and Bren Carriers.",เคลื่อนกำลังหมู่ทหารราบ ร้อยโท และผู้ให้บริการเบรน,ยูนิต: คำอธิบาย/tooltip,127750|2127750
127751,The Headquarters Command Truck constructs basic units and creates supplied territory when it is set up.,รถบังคับการการกองบัญชาการสร้างหน่วยพื้นฐานและสร้างอาณาเขตที่จัดเตรียมไว้เมื่อถูกตั้งค่า,ยูนิต: คำอธิบาย/tooltip,127751|2127751
127801,"A heavy-lift crane and reconfigured turret turn this Tiger chassis into a Bergetiger, enabling it to repair tanks and other vehicles, and recover destroyed vehicles so they can be returned to action.",เครนยกของหนักและป้อมปืนที่ได้รับการปรับแต่งใหม่จะเปลี่ยนแชสซี Tiger นี้ให้เป็น Bergetiger ช่วยให้สามารถซ่อมแซมรถถังและยานพาหนะอื่นๆ และกู้คืนยานพาหนะที่ถูกทำลายเพื่อให้กลับมาใช้งานได้อีกครั้ง,ยูนิต: คำอธิบาย/tooltip,127801|2127801
127850,The Hummel will fire a powerful barrage of 150mm shells at the specified target. Can be fired into the Fog of War.,Hummel จะยิงกระสุนอันทรงพลังขนาด 150 มม. ไปยังเป้าหมายที่ระบุ สามารถยิงเข้าไปในหมอกสงครามได้,ยูนิต: คำอธิบาย/tooltip,127850|2127850
127950,"For a short duration, the crew  will load and fire ultra-high penetration APDS Armor Piercing rounds.",ในช่วงเวลาสั้นๆ ลูกเรือจะโหลดและยิงกระสุน APDS Armor Piercing ที่มีการเจาะเกราะสูงเป็นพิเศษ,ยูนิต: คำอธิบาย/tooltip,127950
127952,Left-click icon to activate  Armor Piercing Shells.,คลิกซ้ายที่ไอคอนเพื่อเปิดใช้งาน Armor Piercing Shells,ยูนิต: คำอธิบาย/tooltip,127952|2127952
128000,"Deploys Sappers, Captains, and Stuart Light Tanks","ส่งทหาร แซปเปอร์, Captains และ Stuart Light Tanks",ยูนิต: คำอธิบาย/tooltip,128000|2128000
128001,"The Field Support Truck coordinates and constructs Stuart Light Tanks, Sappers, and Captains.","รถสนับสนุนภาคสนามประสานงานและสร้างรถถังเบา Stuart, แซปเปอร์ และกัปตัน",ยูนิต: คำอธิบาย/tooltip,128001|2128001
128100,"Some PIAT (Projector, Infantry, Anti Tank) weapons are supplied to the Commandos.",อาวุธ PIAT บางส่วนจะถูกส่งไปยังหน่วยคอมมานโด,ยูนิต: คำอธิบาย/tooltip,128100|2128100
128151,The Cromwell Command Tank can call in smoke rounds along a path to provide excellent cover.,รถถังควบคุม Cromwell สามารถเรียกกระสุนควันไปตามเส้นทางเพื่อให้การกำบังที่ดีเยี่ยม,ยูนิต: คำอธิบาย/tooltip,128151|2128151
128200,Equip the Armored Car with a M2HB .50 cal Machine Gun.,ติดตั้งรถหุ้มเกราะด้วยปืนกล M2HB .50 cal,ยูนิต: คำอธิบาย/tooltip,128200
128251,"Primary Structure, generates the majority of the British Manpower production. Deploys Engineers and Engineer upgrades.",สิ่งปลูกสร้างหลัก สร้างกำลังพลอังกฤษส่วนใหญ่ ใช้เกณฑ์ทหารช่างสนามและวิจัยอัปเกรดทหารช่างสนาม,ยูนิต: คำอธิบาย/tooltip,128251|2128251
128253,Calls in Field Support and Armor Command Trucks.,เรียกรถสนับสนุนภาคสนามและรถบัญชาการยานเกราะ,ยูนิต: คำอธิบาย/tooltip,128253|2128253
128301,The Logistik Car will pack up allowing it to move but ceasing to secure the sector.,Logistik Car จะแพ็คสินค้าเพื่อให้สามารถเคลื่อนย้ายได้ แต่จะหยุดการรักษาความมั่นคงของภาคส่วนนี้,ยูนิต: คำอธิบาย/tooltip,128301|2128301
128351,"Initially produces the Light Anti Tank Halftrack and the Bergetiger Repair and Recovery vehicle. Can be upgraded to produce the Panzer IV Infantry Support Tank and the Hotchkiss Light Tank. A Veteran Sergeant makes squads tougher, harder to suppress, and gain experience more rapidly.",เริ่มแรกผลิต Light Anti Tank รถสายพานกึ่งล้อยาง และยานพาหนะซ่อมแซมและกู้คืน Bergetiger สามารถอัพเกรดเพื่อผลิตรถถังสนับสนุนทหารราบ Panzer IV และรถถังเบา Hotchkiss ได้ จ่าทหารผ่านศึกทำให้ทีมแข็งแกร่งขึ้น ยิงกดดันตรึงพื้นที่ได้ยากขึ้น และได้รับประสบการณ์เร็วขึ้น,ยูนิต: คำอธิบาย/tooltip,128351
128450,You may only have one Armored HQ deployed at one time.,คุณสามารถใช้งาน Armored HQ ได้เพียงแห่งเดียวในคราวเดียว,ยูนิต: คำอธิบาย/tooltip,128450|2128450
128501,"Makes available the Infantry Halftrack, Mortar Halftrack, and Tank Buster Squads. Available upgrades can increase territory capture rate of Infantry squads and improve their repair skills.","ทำให้มีทหารราบ รถสายพานกึ่งล้อยาง, Mortar รถสายพานกึ่งล้อยาง และ Tank Buster Squads การอัพเกรดที่มีจะช่วยเพิ่มอัตราการยึดอาณาเขตของหมู่ทหารราบและปรับปรุงทักษะการซ่อมแซม",ยูนิต: คำอธิบาย/tooltip,128501|2128501
128551,"Increase the Capture Rate of your Panzer Grenadier, Assault Grenadier, and Tank Buster squads. When static, these squads are also trained to spot enemy mines.","เพิ่มอัตราการยึดครองของหน่วย Panzer เกรนาเดียร์, เกรนาเดียร์จู่โจม และ Tank Buster ของคุณ เมื่ออยู่นิ่ง หน่วยเหล่านี้ยังได้รับการฝึกฝนให้ตรวจจับทุ่นระเบิดของศัตรูอีกด้วย",ยูนิต: คำอธิบาย/tooltip,128551
128601,"Enables Anti Tank Grenades on your Panzer Grenadier, Assault Grenadier, and Tank Buster squads.","เปิดใช้งาน Anti Tank Grenades ในทีม Panzer เกรนาเดียร์, เกรนาเดียร์จู่โจม และ Tank Buster ของคุณ",ยูนิต: คำอธิบาย/tooltip,128601|2128601
128651,"Upgrade the repair rate of your Panzer Grenadiers, Assault Grenadiers, and Tank Busters.","อัปเกรดอัตราการซ่อมแซมของ แพนเซอร์เกรนาเดียร์, เกรนาเดียร์จู่โจม และ Tank Busters ของคุณ",ยูนิต: คำอธิบาย/tooltip,128651|2128651
128701,"Increase the Squad Size of your Panzer Grenadier, Assault Grenadier, and Tank Buster squads.","เพิ่มขนาดหน่วยของหน่วย Panzer เกรนาเดียร์, เกรนาเดียร์จู่โจม และ Tank Buster ของคุณ",ยูนิต: คำอธิบาย/tooltip,128701
128751,"Upgrade your Panzer Grenadier, Assault Grenadier, and Tank Buster squads with a Veteran Sergeant who increases the rate squads receive veterancy and reduces the amount of suppression they receive.","อัปเกรดทีม Panzer เกรนาเดียร์, เกรนาเดียร์จู่โจม และ Tank Buster ของคุณด้วยจ่าทหารผ่านศึกที่เพิ่มอัตราทีมจะได้รับทหารผ่านศึกและลดจำนวนการยิงกดดันตรึงกำลังที่พวกเขาได้รับ",ยูนิต: คำอธิบาย/tooltip,128751|2128751
128801,"Panzer Grenadiers, Assault Grenadiers, and Tank Busters are tougher when grouped together.","แพนเซอร์เกรนาเดียร์, เกรนาเดียร์จู่โจม และ Tank Busters จะแข็งแกร่งขึ้นเมื่อรวมกลุ่มเข้าด้วยกัน",ยูนิต: คำอธิบาย/tooltip,128801|2128801
128851,"Increase Panzer Grenadier, Assault Grenadier, and Tank Buster squad sizes.","เพิ่มขนาดหน่วย Panzer เกรนาเดียร์, เกรนาเดียร์จู่โจม และ Tank Buster",ยูนิต: คำอธิบาย/tooltip,128851|2128851
128901,Upgrade this Scout Car with the ability to lock down and secure the targeted territory sector.,อัปเกรด รถลาดตระเวน คันนี้ด้วยความสามารถในการล็อคและรักษาพื้นที่อาณาเขตเป้าหมาย,ยูนิต: คำอธิบาย/tooltip,128901|2128901
128951,Equips the Panzer IV with Armored 'Skurzen' that can lessen the impact of high explosive and shaped-charge rounds.,ติดตั้ง Panzer IV ด้วยเกราะ 'Skurzen' ที่สามารถลดผลกระทบของกระสุนระเบิดสูงและกระสุนรูปทรง,ยูนิต: คำอธิบาย/tooltip,128951|2128951
129001,Barrage an area with six 150mm incendiary Nebelwerfer rockets that can cause burn damage to infantry and structures.,โจมตีพื้นที่ด้วยจรวดเนเบลเวอร์เฟอร์ขนาด 150 มม. จำนวน 6 ลูก ที่สามารถก่อให้เกิดความเสียหายจากการไหม้ต่อทหารราบและโครงสร้างต่างๆ,ยูนิต: คำอธิบาย/tooltip,129001|2129001
129101,"Mortars will be ordered not to Free-Fire, instead only engaging enemy targets when ordered via a barrage.",สั่งให้ปืนครกหยุดการยิงอิสระ โดยจะทำการยิงโจมตีเป้าหมายศัตรูก็ต่อเมื่อมีคำสั่งระดมยิงเท่านั้น,ยูนิต: คำอธิบาย/tooltip,129101|2129101
129151,"Wire strategic points and ambient buildings to explode when enemies begin capturing point, or enter building.",วางจุดยุทธศาสตร์และอาคารโดยรอบเพื่อระเบิดเมื่อศัตรูเริ่มยึดจุดหรือเข้าไปในอาคาร,ยูนิต: คำอธิบาย/tooltip,129151|2129151
129200,Repairing temporarily disables weapons and slows vehicle.,การซ่อมแซมจะปิดการใช้งานอาวุธชั่วคราวและทำให้ยานพาหนะช้าลง,ยูนิต: คำอธิบาย/tooltip,129200|2129200
129202,"The Bren Carrier crew will carry out some basic, but necessary repairs.",ลูกเรือของ Bren Carrier จะดำเนินการซ่อมแซมขั้นพื้นฐานแต่จำเป็น,ยูนิต: คำอธิบาย/tooltip,129202|2129202
129300,Order a Hummel 150mm Howitzer to the battlefield for devastating artillery support.,สั่งระดมพลปืนใหญ่อัตตาจรฮุมเมล ขนาด 150 มม. เข้าสู่สนามรบเพื่อรับการสนับสนุนการยิงปืนใหญ่ทำลายล้าง,ยูนิต: คำอธิบาย/tooltip,129300|2129300
129350,Fire the disposable 100mm Panzerfaust at Enemy Armor or Structures.,ยิง Panzerfaust 100 มม. แบบใช้แล้วทิ้งไปที่เกราะหรือโครงสร้างของศัตรู,ยูนิต: คำอธิบาย/tooltip,129350|137550|2129350|2137550
129403,Lock-down your Hetzer and enter a Camouflaged state. The Hetzer's first-strike out of Camouflage has powerful ambush bonuses.,ล็อค Hetzer ของคุณและเข้าสู่สถานะพรางตัว การโจมตีออกจากลายพรางครั้งแรกของ Hetzer จะให้โบนัสการซุ่มโจมตีอันทรงพลัง,ยูนิต: คำอธิบาย/tooltip,129403|2129403
129450,"Lowers the Bulldozer attachment. When engaged the Tank can clear hedgerows, Tank Traps, and other heavy obstacles.",ลดสิ่งที่แนบมากับ Bulldozer เมื่อเข้าปะทะ รถถังสามารถเคลียร์พุ่มไม้ กับดักรถถัง และสิ่งกีดขวางหนักอื่น ๆ ได้,ยูนิต: คำอธิบาย/tooltip,129450|2129450
129550,Excellent Anti Tank weapon.  Also extremely effective against Structures.,อาวุธต่อต้านรถถังที่ยอดเยี่ยม ยังมีประสิทธิภาพอย่างมากต่อโครงสร้าง,ยูนิต: คำอธิบาย/tooltip,129550|2129550
129600,"The 60mm Mortar is an excellent weapon for ""softening up"" an area or target.",ปืนครกขนาด 60 มม. เป็นอาวุธที่ยอดเยี่ยมสำหรับการยิงถล่มตัดกำลังข้าศึกในพื้นที่เป้าหมาย,ยูนิต: คำอธิบาย/tooltip,129600|2129600
129650,Flamethrowers are designed for burning Enemy Infantry out of Buildings or flushing them from cover but are occasionally dangerous to their users. Not as effective vs. Units in the open or in water.,เครื่องพ่นไฟได้รับการออกแบบสำหรับเผาทหารราบของศัตรูออกจากอาคารหรือพ่นออกจากที่กำบัง แต่บางครั้งก็อาจเป็นอันตรายต่อผู้ใช้ ไม่มีประสิทธิภาพเทียบกับยูนิตในที่โล่งหรือในน้ำ,ยูนิต: คำอธิบาย/tooltip,129650|2129650
129700,An MG42 Heavy Machine Gun is emplaced inside the Bunker. The weapon fires on a fixed arc to the front of the Bunker.,ปืนกลหนัก MG42 ติดตั้งอยู่ภายในบังเกอร์ อาวุธจะยิงเป็นโค้งคงที่ไปยังด้านหน้าบังเกอร์,ยูนิต: คำอธิบาย/tooltip,129700|2129700
129751,"The Light AT Gunner exposes the precision of his weapon by taking careful aim with every shot, slowing the rate of fire but capable of hitting even a moving infantry target with utmost accuracy.",Light AT Gunner เปิดเผยความแม่นยำของอาวุธของเขาโดยการเล็งอย่างระมัดระวังในทุกนัด ทำให้อัตราการยิงช้าลง แต่สามารถโจมตีเป้าหมายทหารราบที่กำลังเคลื่อนที่ได้ด้วยความแม่นยำสูงสุด,ยูนิต: คำอธิบาย/tooltip,129751|2129751
131001,Heavily fortified structure. Impervious to most attacks.,โครงสร้างแข็งแรงมาก ไม่ทนต่อการโจมตีส่วนใหญ่,ยูนิต: คำอธิบาย/tooltip,131001|2131001
131051,Call Off-Map Bombardment to target an area. All Enemy Troops will be caught in a Firestorm.,เรียกการโจมตีนอกแผนที่เพื่อกำหนดเป้าหมายพื้นที่ กองกำลังศัตรูทั้งหมดจะติดอยู่ในพายุไฟ,ยูนิต: คำอธิบาย/tooltip,131051|149201|2131051
131100,"This unarmed Kettenkrad halftrack is fast enough to provide reconnaissance, and can detect mines and enemy snipers.",รถสายพานกึ่งล้อยาง ของ Kettenkrad ที่ไม่มีอาวุธนี้เร็วพอที่จะทำการลาดตระเวน และสามารถตรวจจับทุ่นระเบิดและพลซุ่มยิงของศัตรูได้,ยูนิต: คำอธิบาย/tooltip,131100|2131100
131152,Enables most Panzer Infantry with Incendiary Grenades that will burn an area for a period of time.,ใช้งาน Panzer Infantry ส่วนใหญ่ที่มี Incendiary Grenade ซึ่งจะเผาพื้นที่เป็นระยะเวลาหนึ่ง,ยูนิต: คำอธิบาย/tooltip,131152|2131152
131201,Upgrade your HQ Territory to recharge all Panzer Elite abilities and heal any injured infantry units. Will also heal units near Reinforcement Points.,อัปเกรดอาณาเขตกองบัญชาการของคุณเพื่อชาร์จความสามารถยานเกราะชั้นยอดทั้งหมดและรักษาหมู่ทหารราบที่ได้รับบาดเจ็บ จะรักษายูนิตที่อยู่ใกล้จุดเสริมด้วย,ยูนิต: คำอธิบาย/tooltip,131201
131300,Select ability and right click on targeted object.,เลือกความสามารถและคลิกขวาที่วัตถุเป้าหมาย,ยูนิต: คำอธิบาย/tooltip,131300|2131300
131301,"Demolitions are effective against Enemy Structures, bridges, and world buildings.",การรื้อถอนจะมีผลกับโครงสร้างของศัตรู สะพาน และอาคารโลก,ยูนิต: คำอธิบาย/tooltip,131301|2131301
131351,Squads within the proximity of the Casualty Clearing Station will heal during the use of this ability.,ทีมที่อยู่ในบริเวณใกล้เคียงกับ Casualty Clearing Station จะได้รับการฮีลระหว่างการใช้ความสามารถนี้,ยูนิต: คำอธิบาย/tooltip,131351|2131351
131502,Lock the Car down and increase the resources gathered in the sector. The Car will become immobile in its secured state.,ล็อครถและเพิ่มทรัพยากรที่รวบรวมในภาคนี้ รถจะไม่สามารถเคลื่อนที่ได้ในสภาพที่ปลอดภัย,ยูนิต: คำอธิบาย/tooltip,131502|2131502
131702,Lock the Logistic Car down and increase the resources gathered in the sector. The Car will become immobile in it's secured state. Toggle the button to switch from locked/unlocked mode.,ล็อครถ Logistic และเพิ่มทรัพยากรที่รวบรวมในภาคนี้ รถจะไม่เคลื่อนที่ในสภาพที่ปลอดภัย สลับปุ่มเพื่อเปลี่ยนจากโหมดล็อค/ปลดล็อค,ยูนิต: คำอธิบาย/tooltip,131702|2131702
131751,"Orders a well-trained gun crew to ""walk"" their artillery rounds along a predetermined firing path up Hill 112.","สั่งให้ลูกเรือปืนที่ได้รับการฝึกฝนมาอย่างดี ""เดิน"" กระสุนปืนใหญ่ของตนไปตามเส้นทางการยิงที่กำหนดไว้ล่วงหน้าขึ้นเนิน 112",ยูนิต: คำอธิบาย/tooltip,131751|2131751
131900,"Call in a King Tiger, a mobile tank fortress mounted with an 88mm cannon.",เรียก King Tiger ป้อมปราการรถถังเคลื่อนที่ที่ติดตั้งปืนใหญ่ 88 มม.,ยูนิต: คำอธิบาย/tooltip,131900|2131900
131950,The Logistik Car will be able to move and territory will be unsecured.,รถ Logistik จะสามารถเคลื่อนที่ได้และอาณาเขตจะไม่ปลอดภัย,ยูนิต: คำอธิบาย/tooltip,131950|2131950
132051,Throw Two Anti Tank Grenades. This Grenade is not effective against infantry units in cover.,โยนระเบิดต่อต้านรถถังสองลูก ระเบิดมือนี้ไม่มีผลกับหมู่ทหารราบที่อยู่ในที่กำบัง,ยูนิต: คำอธิบาย/tooltip,132051|2132051
132200,The Jagdpanther is a heavy tank destroyer armed with the same 88mm Pak 43 as the King Tiger.,Jagdpanther เป็นยานพิฆาตรถถังหนักที่ติดอาวุธด้วย 88mm Pak 43 แบบเดียวกับ King Tiger,ยูนิต: คำอธิบาย/tooltip,132200|2132200
132250,Equip Engineers with the SCR-625 Mine detector to clear mines.,ติดตั้งเครื่องตรวจจับทุ่นระเบิด SCR-625 ให้ทหารช่างสนามเพื่อเคลียร์ทุ่นระเบิด,ยูนิต: คำอธิบาย/tooltip,132250|2132250
132451,Sticky Bombs are improvized Anti Tank weapons.,Sticky Bombs เป็นอาวุธต่อต้านรถถังแบบด้นสด,ยูนิต: คำอธิบาย/tooltip,132451|132457|2132451|2257850
132452,Left-click icon and then Left-click target to throw Sticky Bomb,คลิกซ้ายที่ไอคอน จากนั้นคลิกซ้ายที่เป้าหมายเพื่อขว้าง Sticky Bomb,ยูนิต: คำอธิบาย/tooltip,132452|132454|2132452
132501,Equip this Squad with a Bren Light Machine Gun.,ติดตั้งหน่วยนี้ด้วยปืนกล Bren Light,ยูนิต: คำอธิบาย/tooltip,132501|2132501
132551,Awarded for successfully capturing all territory.,ได้รับรางวัลสำหรับการยึดครองดินแดนทั้งหมดได้สำเร็จ,ยูนิต: คำอธิบาย/tooltip,132551|2132551
132600,Awarded for capturing both villages of Tourmauville and Baron-sur-Odon.,ได้รับรางวัลจากการยึดครองทั้งสองหมู่บ้านของ ตูร์โมวิลล์ และ Baron-sur-Odon,ยูนิต: คำอธิบาย/tooltip,132600|2132600
132651,Awarded for successfully destroying the targets of opportunity.,ได้รับรางวัลสำหรับการทำลายเป้าหมายแห่งโอกาสได้สำเร็จ,ยูนิต: คำอธิบาย/tooltip,132651|2132651
132700,Awarded for successfully retrieving the Commandos infiltrated within the Airfield.,ได้รับรางวัลสำหรับการนำหน่วยคอมมานโดที่แทรกซึมภายในสนามบินกลับมาได้สำเร็จ,ยูนิต: คำอธิบาย/tooltip,132700|2132700
132751,Awarded for keeping the route to Hill 112 over the Odon river open.,ได้รับรางวัลสำหรับการรักษาเส้นทางสู่เนินเขา 112 เหนือแม่น้ำโอดอนที่เปิดอยู่,ยูนิต: คำอธิบาย/tooltip,132751|2132751
132800,Awarded for finding and destroying the Axis Nebelwerfers.,ได้รับรางวัลจากการค้นหาและทำลาย Axis Nebelwerfers,ยูนิต: คำอธิบาย/tooltip,132800|2132800
133000,Replaces up to 2 destroyed Allied tanks with a new Tank for a period of time.,แทนที่รถถังพันธมิตรที่ถูกทำลายสูงสุด 2 คันด้วยรถถังใหม่ในช่วงเวลาหนึ่ง,ยูนิต: คำอธิบาย/tooltip,133000|2136601
133151,Awarded for hunting and killing all Allied Snipers.,ได้รับรางวัลจากการล่าและสังหารพลซุ่มยิงฝ่ายสัมพันธมิตรทั้งหมด,ยูนิต: คำอธิบาย/tooltip,133151|2133151
133201,Awarded for capturing the British Supply Drops.,ได้รับรางวัลจากการจับ Supply Drops ของอังกฤษ,ยูนิต: คำอธิบาย/tooltip,133201|2133201
133251,Awarded for capturing and holding the main route through Valkenswaard.,ได้รับรางวัลจากการยึดและยึดเส้นทางหลักผ่านวาลเคนสวาร์ด,ยูนิต: คำอธิบาย/tooltip,133251|2133251
133301,Awarded for capturing the remaining Drop Zones.,ได้รับเมื่อยึดครองเขตทิ้งร่ม ที่เหลืออยู่ได้สำเร็จ,ยูนิต: คำอธิบาย/tooltip,133301|2133301
133351,Awarded for destroying British captured boats along the Rhine.,ได้รับรางวัลจากการทำลายเรือที่อังกฤษยึดได้ตามแนวแม่น้ำไรน์,ยูนิต: คำอธิบาย/tooltip,133351|2133351
133401,Awarded for finding and destroying the British Supply Trucks.,ได้รับรางวัลจากการค้นหาและทำลายรถบรรทุกขนของอังกฤษ,ยูนิต: คำอธิบาย/tooltip,133401|2133401
133450,Awarded for destroying the enemy 25 Pounder Howitzers across the Rhine river.,ได้รับรางวัลจากการทำลายปืนใหญ่วิถีโค้งปืนใหญ่วิถีโค้ง 25 ปอนด์ของศัตรูข้ามแม่น้ำไรน์,ยูนิต: คำอธิบาย/tooltip,133450|2133450
133500,Awarded for successfully thwarting the plan: Operation Market Garden.,ได้รับรางวัลสำหรับการขัดขวางแผนสำเร็จ: Operation Market Garden,ยูนิต: คำอธิบาย/tooltip,133500|2133500
133551,Awarded for taking and securing the city of Caen.,ได้รับรางวัลจากการยึดและรักษาเมืองก็อง,ยูนิต: คำอธิบาย/tooltip,133551|2133551
133700,Equip this Squad with an M18 Recoilless Rifle.,เตรียมหน่วยนี้ด้วยปืนไรเฟิลไร้แรงสะท้อน M18,ยูนิต: คำอธิบาย/tooltip,133700|2133700
133953,A P-47 Thunderbolt will strafe targets with its eight .50 cal Machine Guns.,P-47 Thunderbolt จะกราดยิงเป้าหมายด้วยปืนกลขนาด .50 cal แปดกระบอก,ยูนิต: คำอธิบาย/tooltip,133953|2256153|2256604
134003,A Typhoon will strafe targets with its twelve browning .303 inch machine guns.,ไต้ฝุ่นจะกราดยิงเป้าหมายด้วยปืนกลสีน้ำตาลขนาด .303 นิ้ว จำนวน 12 กระบอก,ยูนิต: คำอธิบาย/tooltip,134003|2134003
134052,A P-47 recon overflight reveals an area of the map and all Units within that area.,เครื่องบินลาดตระเวน P-47 เผยให้เห็นพื้นที่ของแผนที่และหน่วยทั้งหมดภายในพื้นที่นั้น,ยูนิต: คำอธิบาย/tooltip,134052|2100201|2136252|2136301
134152,A Typhoon recon overflight reveals an area of the map and all Units within that area.,การบินสำรวจไต้ฝุ่นเผยให้เห็นพื้นที่ของแผนที่และหน่วยทั้งหมดภายในพื้นที่นั้น,ยูนิต: คำอธิบาย/tooltip,134152|2134152
134202,A P-47 Thunderbolt will drop a line of Bombs on Enemy targets.,P-47 Thunderbolt จะทิ้งระเบิดเป็นแถวใส่เป้าหมายของศัตรู,ยูนิต: คำอธิบาย/tooltip,134202|2178352
134252,A Typhoon will drop a line of Bombs on Enemy targets.,ไต้ฝุ่นจะทิ้งระเบิดเป็นแถวใส่เป้าหมายของศัตรู,ยูนิต: คำอธิบาย/tooltip,134252|2134252
134800,"Comprised solely of volunteers, Canadian Infantry are rugged, tough, well-trained, strongly motivated, and very versatile combat units.",ทหารราบแคนาดาประกอบด้วยอาสาสมัครเพียงผู้เดียวซึ่งมีความแข็งแกร่ง แข็งแกร่ง ได้รับการฝึกฝนมาอย่างดี มีแรงจูงใจอันแข็งแกร่ง และหน่วยรบที่หลากหลายมาก,ยูนิต: คำอธิบาย/tooltip,134800|2134800
135151,"Camouflaged vehicles can be detected if they engage in combat or if an Enemy unit is in close proximity. While Camouflage is active, movement speed is reduced, the vehicle will also experience a penalty sight radius and camouflage-detection radius.",ยานพาหนะที่พรางตัวสามารถตรวจจับได้หากพวกมันเข้าร่วมการรบหรือหากยูนิตศัตรูอยู่ใกล้กัน ขณะที่ลายพรางทำงาน ความเร็วในการเคลื่อนที่จะลดลง รถถังจะได้รับประสบการณ์การมองเห็นจากการลงโทษและรัศมีการตรวจจับลายพรางด้วย,ยูนิต: คำอธิบาย/tooltip,135151
135301,The Bergetiger can recover vehicle wrecks and bring them back to a functional state.,Bergetiger สามารถกู้ซากยานพาหนะและนำพวกเขากลับสู่สภาพใช้งานได้,ยูนิต: คำอธิบาย/tooltip,135301|2135301
135700,Call in artillery strike on designated target area.,เรียกปืนใหญ่โจมตีในพื้นที่เป้าหมายที่กำหนด,ยูนิต: คำอธิบาย/tooltip,135700
135750,King Tigers can employ tank shock to break up or suppress groups of infantry.,King Tigers สามารถใช้แรงกระแทกของรถถังเพื่อสลายหรือยิงกดดันตรึงพื้นที่กลุ่มทหารราบได้,ยูนิต: คำอธิบาย/tooltip,135750|2135750
135853,Your current audio and video settings are too high and are lagging the game!,การตั้งค่าเสียงและวิดีโอปัจจุบันของคุณสูงเกินไปและทำให้เกมล่าช้า!,ยูนิต: คำอธิบาย/tooltip,135853|135854|135855|135905|135906|135907|2260159|2260160|2260161|2260200|2260201|2260202
135902,%1Player% 's settings are too high and are lagging the game!,การตั้งค่าของ %1Player% สูงเกินไปและทำให้เกมล่าช้า!,ยูนิต: คำอธิบาย/tooltip,135902|135903|135904|2260156|2260157|2260158|2260203|2260204|2260205
135951,Order the Truck to Mobilize. A Mobile Truck cannot create units.,สั่งรถบรรทุกเพื่อระดมพล รถบรรทุกเคลื่อนที่ไม่สามารถสร้างหน่วยได้,ยูนิต: คำอธิบาย/tooltip,135951|2135951
136000,"Right-Click a building to order a Squad to garrison it.  Garrisoned Buildings provide additional cover for Units, and can even be comandeered to generate Territory as long as it remains garrisoned.",คลิกขวาที่สิ่งปลูกสร้างเพื่อสั่งให้หน่วยรบเข้าประจำการในอาคาร อาคารที่มีทหารประจำการจะให้ที่กำบังเพิ่มเติมสำหรับหน่วยรบ และยังสามารถยึดเพื่อสร้างแนวอาณาเขตได้ตราบเท่าที่ยังมีทหารประจำการอยู่,ยูนิต: คำอธิบาย/tooltip,136000
136050,Enables two Panther tanks to be allocated to support offensive operations.,ช่วยให้สามารถจัดสรรรถถัง Panther สองคันเพื่อรองรับปฏิบัติการรุกได้,ยูนิต: คำอธิบาย/tooltip,136050|2136050
136251,Use of the Medical Kit will heal your Squad over time. This Medical Kit can be used anywhere.,การใช้ชุดการแพทย์จะรักษาทีมของคุณเมื่อเวลาผ่านไป ชุดการแพทย์นี้สามารถใช้ได้ทุกที่,ยูนิต: คำอธิบาย/tooltip,136251
136301,Elite Pioneers can repair a Structure or Vehicle under battle conditions.,ผู้บุกเบิกชั้นยอดสามารถซ่อมแซมโครงสร้างหรือยานพาหนะภายใต้เงื่อนไขการต่อสู้ได้,ยูนิต: คำอธิบาย/tooltip,136301
136700,Munitions Halftrack can place mines along likely routes of Enemy advance.,Munitions รถสายพานกึ่งล้อยาง สามารถวางทุ่นระเบิดตามเส้นทางที่ศัตรูอาจรุกคืบได้,ยูนิต: คำอธิบาย/tooltip,136700
136751,Halftrack can drop a Goliath Remote Controlled Bomb.,รถสายพานกึ่งล้อยาง สามารถทิ้งระเบิดควบคุมระยะไกล Goliath ได้,ยูนิต: คำอธิบาย/tooltip,136751
136901,Sprinting will make the Donkey move faster for a short period of time.,การวิ่งจะทำให้ลาเคลื่อนที่เร็วขึ้นในช่วงเวลาสั้นๆ,ยูนิต: คำอธิบาย/tooltip,136901
137052,Equipped with Dual-Panzerschrecks for the rider and Two Stuka launchers strapped directly to the Donkey itself the Eselschreck is... explosive.,ติดตั้ง Dual-Panzerschrecks สำหรับผู้ขับขี่และปืนกล Stuka สองตัวที่มัดติดกับ Donkey โดยตรง Eselschreck นั้น... ระเบิดได้,ยูนิต: คำอธิบาย/tooltip,137052
137201,"Support Airborne landings with extra Fuel, Munitions, and Heavy Infantry Weapons.",สนับสนุนการลงจอดทางอากาศด้วยเชื้อเพลิง อาวุธยุทโธปกรณ์ และอาวุธทหารราบหนักพิเศษ,ยูนิต: คำอธิบาย/tooltip,137201|166350|2137201|2166350
137301,"Barrage the area ordered with two Wurfrahmen 40"" Heavy Rockets","โจมตีพื้นที่ที่ได้รับคำสั่งด้วยจรวดหนัก Wurfrahmen 40"" จำนวน 2 กระบอก",ยูนิต: คำอธิบาย/tooltip,137301
137401,In hopes they could be secreted behind enemy lines these Donkeys carried mines and other explosives where no one would think to check.,ด้วยความหวังว่าพวกมันจะถูกซ่อนไว้หลังแนวข้าศึก เจ้าลาเหล่านี้บรรทุกทุ่นระเบิดและวัตถุระเบิดอื่นๆ โดยที่ไม่มีใครคิดจะตรวจสอบ,ยูนิต: คำอธิบาย/tooltip,137401
137701,"While on Full Auto, squad gets a rate of fire bonus",ขณะที่อยู่ในโหมดอัตโนมัติเต็มรูปแบบ ทีมจะได้รับโบนัสอัตราการยิง,ยูนิต: คำอธิบาย/tooltip,137701
137850,"Superior Propaganda efforts demoralize Enemy Troops, forcing a retreat to their HQ area.",ความพยายามในการโฆษณาชวนเชื่อที่เหนือกว่าทำให้กองทัพศัตรูขวัญเสีย และบังคับให้ต้องล่าถอยไปยังพื้นที่กองบัญชาการของพวกเขา,ยูนิต: คำอธิบาย/tooltip,137850|2136403
137852,Left-click icon and then Left-click target area to force the Enemy to retreat.,คลิกซ้ายที่ไอคอน จากนั้นคลิกซ้ายบริเวณเป้าหมายเพื่อบังคับให้ศัตรูล่าถอย,ยูนิต: คำอธิบาย/tooltip,137852|2136400|2203703
137950,Applying a Field Dressing will revive a casualty from the squad.,การใช้ Field Dressing จะฟื้นผู้เสียชีวิตจากทีม,ยูนิต: คำอธิบาย/tooltip,137950
138000,Equip your Pioneers with the Frankfurt 42 Mine detector.,ติดตั้งเครื่องตรวจจับทุ่นระเบิด Frankfurt 42 ให้กับหน่วยทหารช่างไพโอเนียร์ของคุณ,ยูนิต: คำอธิบาย/tooltip,138000|2138000
138200,Wittman's radio operator can call in a smoke barrage to mask movement.,พลวิทยุของวิทมันน์ สามารถเรียกม่านควันเพื่อปกปิดการเคลื่อนไหวได้,ยูนิต: คำอธิบาย/tooltip,138200
139000,Engage Tiger Shock to suppress groups of nearby infantry.,โจมตี Tiger Shock เพื่อยิงกดดันตรึงพื้นที่กลุ่มทหารราบที่อยู่ใกล้เคียง,ยูนิต: คำอธิบาย/tooltip,139000
139100,Woll is sooo l33t that he can target weak spots on enemy armour.,Woll เก่งมากจนสามารถเล็งเป้าไปที่จุดอ่อนบนเกราะของศัตรูได้,ยูนิต: คำอธิบาย/tooltip,139100
139150,"Muller can use the Tiger as a giant battering ram, crushing hedgerows and frightening nearby infantry.",มุลเลอร์สามารถใช้ไทเกอร์เป็นเครื่องกระทุ้งขนาดยักษ์ บดขยี้แนวพุ่มไม้ และสร้างความหวาดกลัวให้กับทหารราบที่อยู่ใกล้เคียง,ยูนิต: คำอธิบาย/tooltip,139150
139252,Fire Armor-Piercing (AP) rounds. Effective against tanks and vehicles.,ยิงกระสุนเจาะเกราะ มีประสิทธิภาพสูงเมื่อปะทะกับรถถังและยานพาหนะ,ยูนิต: คำอธิบาย/tooltip,139252|140302
139300,Fire two Armor-Piercing (AP) rounds in quick succession. Effective against tanks and vehicles.,ยิงกระสุนเจาะเกราะ สองนัดอย่างรวดเร็ว มีผลกับรถถังและยานพาหนะ,ยูนิต: คำอธิบาย/tooltip,139300
139350,Fire two High-Explosive (HE) rounds in quick succession. Effective against infantry and buildings.,ยิงกระสุนระเบิดแรงสูง สองนัดติดต่อกันอย่างรวดเร็ว มีผลกับทหารราบและอาคาร,ยูนิต: คำอธิบาย/tooltip,139350
139451,Player can choose between High Explosive shells and Panzergranate 40 armour piercing shells.,ผู้เล่นสามารถเลือกระหว่างกระสุน High Explosive และกระสุนเจาะเกราะ Panzergranate 40,ยูนิต: คำอธิบาย/tooltip,139451
139550,The squad will throw grenades and move into finish the target.,หน่วยจะขว้างระเบิดและเคลื่อนเข้าสู่เป้าหมายให้สำเร็จ,ยูนิต: คำอธิบาย/tooltip,139550
139650,Have Hauptmann Voss emerge from the turret to increasing his ability to sight distant targets.,ให้ เฮาพท์มันน์ วอสส์ โผล่ออกมาจากป้อมปืนเพื่อเพิ่มความสามารถในการมองเห็นเป้าหมายระยะไกล,ยูนิต: คำอธิบาย/tooltip,139650
139701,"The squad will army crawl in camouflage hiding them from enemy units, enabling them to heal faster.",หน่วยนี้จะกองทัพคลานโดยพรางตัวเพื่อซ่อนพวกเขาจากยูนิตศัตรู ทำให้พวกเขารักษาได้เร็วขึ้น,ยูนิต: คำอธิบาย/tooltip,139701
139705,"Left-click to Hide, Left-click again to Un-Hide",คลิกซ้ายเพื่อซ่อน คลิกซ้ายอีกครั้งเพื่อยกเลิกการซ่อน,ยูนิต: คำอธิบาย/tooltip,139705
139801,Radio Operator Berndt calls in an off-map sustained artillery barrage.,นายทหารสัญญาบัตรวิทยุ Berndt เรียกระดมปืนใหญ่นอกแผนที่,ยูนิต: คำอธิบาย/tooltip,139801
139851,Tank Shock can target enemy infantry and force them to ground.,Tank Shock สามารถโจมตีทหารราบของศัตรูและบังคับให้พวกมันลงพื้นได้,ยูนิต: คำอธิบาย/tooltip,139851
139901,"The Driver will rev the engine when the tanke is halted, increasing hydraulic pressure, and enabling the turret to rotate faster.",คนขับจะเร่งเครื่องยนต์เมื่อรถถังหยุด เพิ่มแรงดันไฮดรอลิกและทำให้ป้อมปืนหมุนเร็วขึ้น,ยูนิต: คำอธิบาย/tooltip,139901
140002,Mines are good at defending vulnerable positions.,ทุ่นระเบิดสามารถป้องกันตำแหน่งที่อ่อนแอได้ดี,ยูนิต: คำอธิบาย/tooltip,140002|163050|163051|2140002|2163050
140050,Wire Cutters are used to cut through Barbed Wire fences.,เครื่องตัดลวดใช้ในการตัดผ่านรั้วลวดหนาม,ยูนิต: คำอธิบาย/tooltip,140050
140101,Main gun reload times and ammo abilities recharge times are decreased,เวลาบรรจุกระสุนปืนหลักและเวลาในการเติมกระสุนลดลง,ยูนิต: คำอธิบาย/tooltip,140101
140151,Main gun reload times and ammo abilities recharge times are decreased even further.,เวลาบรรจุกระสุนปืนหลักและเวลาในการเติมกระสุนจะลดลงอีก,ยูนิต: คำอธิบาย/tooltip,140151
140201,Radio Operator Jonas will man the Tiger's hull-mounted machine gun.,นายทหารสัญญาบัตรวิทยุ โจนัส จะควบคุมปืนกลที่ติดตั้งบนตัวถังของไทเกอร์,ยูนิต: คำอธิบาย/tooltip,140201
140251,"The gunner, Woll, is so l33t that he can increase the accuracy of the Tiger's fearsome 88mm cannon.",มือปืน Woll แข็งแกร่งมากจนสามารถเพิ่มความแม่นยำของปืนใหญ่ 88 มม. ที่น่ากลัวของ Tiger ได้,ยูนิต: คำอธิบาย/tooltip,140251
140352,Fire High-Explosive (HE) rounds. Effective against infantry and buildings.,กระสุนระเบิดแรงสูง มีผลกับทหารราบและอาคาร,ยูนิต: คำอธิบาย/tooltip,140352
140402,Launch S-Mine anti-infantry barrage to eliminate squads that get too close.,เปิดตัวการโจมตีต่อต้านทหารราบ S-Mine เพื่อกำจัดหน่วยที่เข้ามาใกล้เกินไป,ยูนิต: คำอธิบาย/tooltip,140402
140451,Radio Operator Berndt can call in a sustained artillery barrage.,นายทหารสัญญาบัตรวิทยุ Berndt สามารถเรียกระดมยิงด้วยปืนใหญ่ได้,ยูนิต: คำอธิบาย/tooltip,140451
140500,"The 6 pounder was the primary Anti Tank gun of the British and other Commonwealth Armies. It was reasonably light weight, and had enough power to tackle most tanks and hardened structures.",6 ปอนด์เป็นปืนต่อสู้รถถังหลักของกองทัพอังกฤษและกองทัพเครือจักรภพอื่นๆ มันมีน้ำหนักเบาพอสมควร และมีพลังมากพอที่จะรับมือกับรถถังส่วนใหญ่และโครงสร้างที่แข็งแกร่งได้,ยูนิต: คำอธิบาย/tooltip,140500
140600,Initiate use of the Tiger's 92mm rotating s-mine launcher to combat close assaulting infantry.,เริ่มการใช้งานเครื่องยิง s-mine แบบหมุนได้ขนาด 92 มม. ของ Tiger เพื่อต่อสู้กับทหารราบที่โจมตีระยะใกล้,ยูนิต: คำอธิบาย/tooltip,140600
140650,"Supplies have arrived! Now Litzke can choose between High Explosive (HE) and Armor Piercing (AP) rounds. H.E. Rounds will aid in the destruction of buildings, while A.P. Rounds will pierce a hole clean through any Allied armor.",พัสดุมาถึงแล้ว! ตอนนี้ ลิทซ์เก้ สามารถเลือกระหว่างกระสุน High Explosive และการเจาะเกราะ ได้ เขา. กระสุนจะช่วยในการทำลายอาคาร ในขณะที่ A.P. Rounds จะเจาะทะลุเกราะของพันธมิตรทุกรู,ยูนิต: คำอธิบาย/tooltip,140650
140700,Ready Litzke to load at rapid fire rate! Reload and recharge times are decreased!,พร้อม ลิทซ์เก้ เพื่อโหลดด้วยอัตราการยิงที่รวดเร็ว! เวลาการรีโหลดและรีชาร์จลดลง!,ยูนิต: คำอธิบาย/tooltip,140700
140750,See the Ace crew work at its best as they double their rate of fire! Reload and recharge times are decreased even more.,ดูลูกเรือ Ace ทำงานอย่างดีที่สุดโดยเพิ่มอัตราการยิงเป็นสองเท่า! เวลาการรีโหลดและรีชาร์จจะลดลงมากยิ่งขึ้น,ยูนิต: คำอธิบาย/tooltip,140750
140800,Repair the Tiger's hull-mounted secondary Maschinengewehr 34 machine gun. Allow Berndt to keep off the radio and mow down some tommies!,ซ่อมปืนกลรอง Maschinengewehr 34 ที่ติดตั้งบนตัวถังของ Tiger ปล่อยให้เบิร์นดท์ปิดวิทยุและจัดการทอมมี่ซะ!,ยูนิต: คำอธิบาย/tooltip,140800
140850,"Initiate Artilleriefeuer, a powerful artillery barrage, and enable Radio Operator Berndt to call in hell!",ริเริ่ม Artilleriefeuer ซึ่งเป็นการโจมตีด้วยปืนใหญ่ที่ทรงพลัง และทำให้นายทหารสัญญาบัตรวิทยุ Berndt เรียกตกนรก!,ยูนิต: คำอธิบาย/tooltip,140850
140900,Initiate Flank Speed and command Schroif to kick the Tiger's Maybach V12 engine into high gear.,เริ่มความเร็วปีกข้างและสั่ง ชรอยฟ์ ให้สตาร์ทเครื่องยนต์ Tiger's Maybach V12 เข้าเกียร์สูง,ยูนิต: คำอธิบาย/tooltip,140900
140950,"The Tiger acts as a battering ram, driving enemy infantry to ground, and crushing what ever crosses its path!",รถถังไทเกอร์ทำหน้าที่ดั่งหัวกระแทกทะลวงแนวรบ บีบให้ทหารราบของศัตรูต้องหมอบราบกับพื้น และบดขยี้ทุกสิ่งที่ขวางทาง!,ยูนิต: คำอธิบาย/tooltip,140950
141002,"Increase the power takeoff from the Maybach HL230 engine to hydraulic systems, allowing Gunner Shultz to rotate the turret quicker to acquire new targets.",เพิ่มการส่งกำลังจากเครื่องยนต์ Maybach HL230 ไปสู่ระบบไฮดรอลิก ทำให้ Gunner ชูลทซ์ หมุนป้อมปืนได้เร็วขึ้นเพื่อหาเป้าหมายใหม่,ยูนิต: คำอธิบาย/tooltip,141002
141050,Allow Ace Gunner Shultz to increase his accuracy with the Tiger's 8.8 cm Kampfwagenkanone.,อนุญาตให้ Ace Gunner ชูลทซ์ เพิ่มความแม่นยำของเขาด้วย Tiger's 8.8 cm Kampfwagenkanone,ยูนิต: คำอธิบาย/tooltip,141050
141100,Give Shultz the space he needs to do his job! With this ability he can better target enemy weak spots and increase his kill rate!,ให้พื้นที่แก่ ชูลทซ์ ในการทำงานของเขา! ด้วยความสามารถนี้ เขาสามารถกำหนดเป้าหมายจุดอ่อนของศัตรูได้ดีขึ้น และเพิ่มอัตราการฆ่าของเขา!,ยูนิต: คำอธิบาย/tooltip,141100
141150,"Litzke and Shultz, working as only true veterans can, will load 8.8cm rounds at an extremely rapid rate.",ลิทซ์เก้ และ ชูลทซ์ ซึ่งทำงานเหมือนทหารผ่านศึกเท่านั้นที่สามารถทำได้ จะบรรจุกระสุนขนาด 8.8 ซม. ในอัตราที่รวดเร็วมาก,ยูนิต: คำอธิบาย/tooltip,141150
141200,Radio Operator Berndt fires off the Tiger's six smoke launchers.,นายทหารสัญญาบัตรวิทยุ Berndt ยิงเครื่องปล่อยควันทั้ง 6 เครื่องของ Tiger,ยูนิต: คำอธิบาย/tooltip,141200|142601
141352,Commander. Improves Nearby Tank Effectiveness. Good vs. Infantry,ผู้บัญชาการ. ปรับปรุงประสิทธิภาพของรถถังใกล้เคียง มีประสิทธิภาพสูงเมื่อปะทะทหารราบ,ยูนิต: คำอธิบาย/tooltip,141352
141353,"Built by the US, the Staghound was adopted by the British as a versatile command and recon vehicle.  Can be equipped with an M2HB .50 cal Machine Gun.",สร้างขึ้นโดยสหรัฐอเมริกา Staghound ถูกนำมาใช้โดยอังกฤษเป็นยานพาหนะควบคุมและลาดตระเวนอเนกประสงค์ สามารถติดตั้งปืนกล M2HB .50 cal ได้,ยูนิต: คำอธิบาย/tooltip,141353
141401,"The T17 is a heavier armored car variant tested by US forces, able to use White Phosphorus rounds against enemy targets.",T17 เป็นรถหุ้มเกราะที่หนักกว่าซึ่งผ่านการทดสอบโดยกองกำลังสหรัฐฯ และสามารถใช้กระสุนฟอสฟอรัสขาวกับเป้าหมายของศัตรูได้,ยูนิต: คำอธิบาย/tooltip,141401
141452,"The ""205"" first saw action in Russia outside Lenningrad. Only feared more than it's 88mm Canon is its infamous crew.","ปฏิบัติการ ""205"" เกิดขึ้นครั้งแรกในรัสเซียนอกเมืองเลนนินกราด สิ่งเดียวที่น่ากลัวกว่า Canon 88 มม. คือทีมงานที่โด่งดัง",ยูนิต: คำอธิบาย/tooltip,141452
141500,"Schultz, Liztke and Arno, aren't used to infantry tactics, but with their tank immobilized they need to move out on foot. Equip them with anything you can find and move to Point 213!",ชูลทซ์ ลิซท์เค และอาร์โนไม่คุ้นเคยกับการใช้กลยุทธ์ของทหารราบ แต่เมื่อรถถังถูกตรึงกำลังไว้แล้ว พวกเขาจึงต้องเคลื่อนออกไปด้วยเท้า จัดเตรียมทุกสิ่งที่คุณสามารถหาได้และย้ายไปที่ Point 213!,ยูนิต: คำอธิบาย/tooltip,141500
141550,Tank Commander Hauptmann Voss has had to deal with infantry tactics since his training. With Berndt at his side he must lead his Tigergruppe back to safety at Point 213.,ผู้บัญชาการรถถัง เฮาพท์มันน์ วอสส์ ต้องรับมือกับยุทธวิธีทหารราบตั้งแต่การฝึก โดยมี Berndt อยู่เคียงข้าง เขาต้องนำ Tigergruppe กลับไปสู่ความปลอดภัยที่จุด 213,ยูนิต: คำอธิบาย/tooltip,141550
141650,Sprinting will make the squad faster and less prone to suppression for a short time.,การวิ่งจะทำให้ทีมเร็วขึ้นและมีแนวโน้มที่จะถูกยิงกดดันตรึงพื้นที่น้อยลงในช่วงเวลาสั้น ๆ,ยูนิต: คำอธิบาย/tooltip,141650
141751,The squad will mark a grid point for immediate artillery strikes.,หน่วยจะทำเครื่องหมายจุดกริดสำหรับการโจมตีด้วยปืนใหญ่ทันที,ยูนิต: คำอธิบาย/tooltip,141751
141851,Awarded for destroying the 6-Pounder Anti-tank Guns.,ได้รับรางวัลสำหรับการทำลายปืนต่อสู้รถถัง 6-Pounder,ยูนิต: คำอธิบาย/tooltip,141851
141902,Awarded for destroying British emplacements in Villers-Bocage.,ได้รับรางวัลสำหรับการทำลายที่ตั้งของอังกฤษใน Villers-Bocage,ยูนิต: คำอธิบาย/tooltip,141902
141950,Awarded for retaking Villers-Bocage within record time.,ได้รับรางวัลสำหรับการยึด Villers-Bocage กลับคืนมาได้ภายในเวลาอันเป็นประวัติการณ์,ยูนิต: คำอธิบาย/tooltip,141950
142002,Awarded for stopping the infamous British 7th Armoured Division at Villers-Bocage.,ได้รับรางวัลจากการหยุดยั้งกองพลยานเกราะที่ 7 ของอังกฤษที่น่าอับอายที่ Villers-Bocage,ยูนิต: คำอธิบาย/tooltip,142002
142151,The Squad will drop their picked-up weapon on the ground.,ทีมจะทิ้งอาวุธที่หยิบขึ้นมาลงบนพื้น,ยูนิต: คำอธิบาย/tooltip,142151
142750,"All Tanks and Armored Vehicles move more quickly, crush everything in their path, and fire more frequently. Infantry sprint to keep pace.",รถถังและยานเกราะทุกคันเคลื่อนที่ได้เร็วกว่า บดขยี้ทุกสิ่งที่ขวางหน้า และยิงได้บ่อยขึ้น ทหารราบวิ่งตามให้ทัน,ยูนิต: คำอธิบาย/tooltip,142750|2142750
142802,Left-click icon and then Left-click target to Salvage.,คลิกซ้ายที่ไอคอน จากนั้นคลิกซ้ายที่เป้าหมายเพื่อกอบกู้,ยูนิต: คำอธิบาย/tooltip,142802|2142802
143100,"The unarmed Schwimmwagen Type 128 is highly versatile with the potential to track enemy targets, scorch strategic points, or lay mines.",Schwimmwagen Type 128 ที่ไม่มีอาวุธมีความอเนกประสงค์สูงพร้อมศักยภาพในการติดตามเป้าหมายของศัตรู เผาจุดยุทธศาสตร์ หรือวางทุ่นระเบิด,ยูนิต: คำอธิบาย/tooltip,143100
143151,"A fast reconnaissance vehicle, the Schwimmwagen Type 166 can utilize its speed to mercilessly hunt down elusive Snipers.",ยานพาหนะลาดตระเวนที่รวดเร็ว Schwimmwagen Type 166 สามารถใช้ความเร็วเพื่อตามล่าสไนเปอร์ที่เข้าใจยากอย่างไร้ความปราณี,ยูนิต: คำอธิบาย/tooltip,143151
143300,Repairing temporarily stops the Tiger. Unavailable while in combat.,การซ่อมบำรุงจะทำให้รถถังไทเกอร์หยุดนิ่งชั่วคราว ไม่สามารถใช้งานได้ขณะอยู่ในการรบ,ยูนิต: คำอธิบาย/tooltip,143300
143302,The Tiger Crew will hull down and carry out necessary repairs to the engine and gearbox.,Tiger Crew จะลงจอดและดำเนินการซ่อมแซมเครื่องยนต์และกระปุกเกียร์ที่จำเป็น,ยูนิต: คำอธิบาย/tooltip,143302
143350,Voss emerges from the turret increasing sight radius and his ability to assess threats.,วอสส์ โผล่ออกมาจากป้อมปืน เพิ่มรัศมีการมองเห็นและความสามารถของเขาในการประเมินภัยคุกคาม,ยูนิต: คำอธิบาย/tooltip,143350
143400,Hauptmann Voss descends back into the turret to protect himself from danger.,เฮาพท์มันน์ วอสส์ กลับเข้าไปในป้อมปืนเพื่อป้องกันตัวเองจากอันตราย,ยูนิต: คำอธิบาย/tooltip,143400
143501,Order Litzke to load High Explosive (HE) or Armor Piercing (AP) shells.,สั่งให้ ลิทซ์เก้ โหลดกระสุนระเบิดแรงสูง หรือกระสุนเจาะเกราะ,ยูนิต: คำอธิบาย/tooltip,143501
143601,"The T17 was a heavier armored car variant tested by US forces, able to use White Phosphorus rounds against enemy targets.",T17 เป็นรถหุ้มเกราะที่หนักกว่าซึ่งผ่านการทดสอบโดยกองกำลังสหรัฐฯ และสามารถใช้กระสุนฟอสฟอรัสขาวกับเป้าหมายของศัตรูได้,ยูนิต: คำอธิบาย/tooltip,143601
143651,"Built by the Americans, the British Staghound Armored Car serves as the Command Combat Vehicle for the British Army.  This highly versatile light vehicle outrivals enemy infantry with its highly capable .50 Cal and also serves the role of unlocking heavier armor.",รถหุ้มเกราะ British Staghound สร้างขึ้นโดยชาวอเมริกัน ทำหน้าที่เป็นยานรบสั่งการสำหรับกองทัพอังกฤษ ยานพาหนะขนาดเล็กที่มีความอเนกประสงค์สูงนี้เหนือกว่าทหารราบของศัตรูด้วยกระสุน .50 Cal ที่มีความสามารถสูง และยังทำหน้าที่ในการปลดล็อคเกราะที่หนักกว่าอีกด้วย,ยูนิต: คำอธิบาย/tooltip,143651
143700,Awarded for completing the Tiger Ace campaign. Replaces the Wehrmacht Tiger tank.,ได้รับรางวัลจากการสำเร็จแคมเปญไทเกอร์ เอซ แทนที่รถถังไทเกอร์ของแวร์มัคท์,ยูนิต: คำอธิบาย/tooltip,143700
143701,"Commanded by Hauptmann Voss, this Tiger first saw action in Russia outside Leningrad. Feared even more than its 88mm cannon is the infamous crew.",Tiger นี้ได้รับคำสั่งจาก เฮาพท์มันน์ วอสส์ และออกปฏิบัติการครั้งแรกในรัสเซียนอกเลนินกราด สิ่งที่น่าเกรงขามยิ่งกว่าปืนใหญ่ 88 มม. คือลูกเรือที่โด่งดัง,ยูนิต: คำอธิบาย/tooltip,143701
143751,The Type 166 Wehrmacht Schwimmwagen is a swift reconnaissance vehicle with reverse driving capabilities that exercises its speed and versatility to cross difficult terrain.,Type 166 แวร์มัคท์ ชวิมม์วาเกน เป็นรถลาดตระเวนที่รวดเร็วพร้อมความสามารถในการขับขี่ถอยหลัง,ยูนิต: คำอธิบาย/tooltip,143751
143801,"This unarmed Schwimmwagen Type 128 is highly versatile with the potential to track enemy targets, scorch strategic points, or lay mines.",Schwimmwagen Type 128 ที่ไม่มีอาวุธนี้มีความสามารถรอบด้านสูงพร้อมศักยภาพในการติดตามเป้าหมายของศัตรู เผาจุดยุทธศาสตร์ หรือวางทุ่นระเบิด,ยูนิต: คำอธิบาย/tooltip,143801
144001,Force any Enemy Infantry Squad to immediately retreat.,บังคับหมู่ทหารราบของศัตรูให้ล่าถอยทันที,ยูนิต: คำอธิบาย/tooltip,144001|2144001
144051,Equip the Armored Car with Sandbags for added protection.,ติดตั้งรถหุ้มเกราะพร้อมกระสอบทรายเพื่อเพิ่มการป้องกัน,ยูนิต: คำอธิบาย/tooltip,144051
144251,Demolitions can be placed anywhere on the map.,การรื้อถอนสามารถวางได้ทุกที่บนแผนที่,ยูนิต: คำอธิบาย/tooltip,144251|145700
144350,AP rounds currently loaded.  Order Litzke to load High Explosive (HE) rounds. Good vs. Infantry and Buildings.,รอบ AP ที่โหลดอยู่ในปัจจุบัน สั่งให้ ลิทซ์เก้ โหลดกระสุนระเบิดแรงสูง มีประสิทธิภาพสูงเมื่อปะทะทหารราบและอาคาร,ยูนิต: คำอธิบาย/tooltip,144350
144501,HE rounds currently loaded. Order Litzke to load Armor Piercing (AP) rounds. Good vs. Armor and Vehicles.,HE รอบที่โหลดอยู่ในปัจจุบัน สั่งให้ ลิทซ์เก้ โหลดกระสุนเจาะเกราะ มีประสิทธิภาพสูงเมื่อปะทะกับเกราะและยานพาหนะ,ยูนิต: คำอธิบาย/tooltip,144501
144851,The M18 Hellcat is a tank destroyer that comes equipped with .50 cal machine gun and the ability camouflage.  It has a reduced frontal armor penetration capabilities.,M18 Hellcat เป็นยานพิฆาตรถถังที่มาพร้อมกับปืนกล .50 cal และความสามารถลายพราง มีความสามารถในการเจาะเกราะด้านหน้าลดลง,ยูนิต: คำอธิบาย/tooltip,144851
144901,Fire the Recoilless Rifle at Enemy Armor or Structures.,ยิงปืนไรเฟิลไร้แรงสะท้อนไปที่เกราะหรือโครงสร้างของศัตรู,ยูนิต: คำอธิบาย/tooltip,144901
144952,"A skilled specialized squad adept at dealing with infantry. Can build tank traps, sandbags and the powerful 88mm Flak 36 artillery gun.",หน่วยเฉพาะทางที่มีทักษะเชี่ยวชาญในการจัดการกับทหารราบ สามารถสร้างกับดักรถถัง กระสอบทราย และปืนใหญ่ Flak 36 ขนาด 88 มม. อันทรงพลัง,ยูนิต: คำอธิบาย/tooltip,144952
145101,The Kangaroo Carrier is a heavy armored personnel carrier. With no standard turret the Kangaroo relies on its large hold and garrisoned squads to give it offensive value.,Kangaroo Carrier เป็นเรือบรรทุกบุคลากรหุ้มเกราะหนัก เนื่องจากไม่มีป้อมปืนมาตรฐาน Kangaroo จึงอาศัยพื้นที่ขนาดใหญ่และหน่วยทหารรักษาการณ์เพื่อสร้างคุณค่าในการโจมตี,ยูนิต: คำอธิบาย/tooltip,145101
145151,"The Kangaroo Carrier makes an exceptional troop transport and mobile bunker, heavily dependent on the infantry garrisoned inside.",เรือขนส่งจิงโจ้ทำหน้าที่ขนส่งกองทหารและบังเกอร์เคลื่อนที่ได้อย่างดีเยี่ยม โดยอาศัยทหารราบที่ประจำการในอาคารอยู่ข้างในเป็นอย่างมาก,ยูนิต: คำอธิบาย/tooltip,145151
145200,A tight cluster of 81mm Mortar rounds will fall accurately on the chosen target area.,กลุ่มกระสุนปืนครกขนาด 81 มม. จะตกลงอย่างหนาแน่นและแม่นยำบนพื้นที่เป้าหมายที่เลือก,ยูนิต: คำอธิบาย/tooltip,145200|2145200
145301,The Hotchkiss is a lightly armored Tank with high mobility. Upgrading the Hotchkiss with a Stuka Rocket rack gives it mobile artillery capabilities.,Hotchkiss เป็นรถถังเกราะเบาที่มีความคล่องตัวสูง การอัพเกรด Hotchkiss ด้วยชั้นวาง Stuka Rocket จะทำให้มีความสามารถด้านปืนใหญ่เคลื่อนที่ได้,ยูนิต: คำอธิบาย/tooltip,145301
145402,"A lighter tank, the Hotchkiss can quickly enter the battle and provide additional Stuka artillery support if needed.",รถถังที่เบากว่า Hotchkiss สามารถเข้าสู่การรบได้อย่างรวดเร็วและให้การสนับสนุนปืนใหญ่ Stuka เพิ่มเติมหากจำเป็น,ยูนิต: คำอธิบาย/tooltip,145402
145452,Equip this Hotchkiss with Wurfrahmen 40 Rockets. Known as the 'Walking Stuka' because of its distinctive sounds the Rockets made while firing.,ติดตั้ง Hotchkiss นี้ด้วย Wurfrahmen 40 Rockets รู้จักกันในชื่อ 'Walking Stuka' เนื่องจากมีเสียงที่โดดเด่นที่ Rockets ทำขณะยิง,ยูนิต: คำอธิบาย/tooltip,145452
145501,The Hellcat sacrifices frontal armor penetration capabilities for high speed and thicker armor.,Hellcat เสียสละความสามารถในการเจาะเกราะด้านหน้าเพื่อความเร็วสูงและเกราะที่หนาขึ้น,ยูนิต: คำอธิบาย/tooltip,145501
145550,Lock-down your Hellcat and enter a Camouflaged state. The Hellcat's first-strike out of Camouflage has powerful ambush bonuses.,ล็อค Hellcat ของคุณและเข้าสู่สถานะพรางตัว การโจมตีครั้งแรกของ Hellcat จากการพรางตัวมีโบนัสการซุ่มโจมตีอันทรงพลัง,ยูนิต: คำอธิบาย/tooltip,145550
145601,"Built on the chassis of the Hotchkiss, and capped with a 75mm gun, this highly mobile, anti-tank gun is a feared component of the German arsenal.",สร้างขึ้นบนตัวถังของ Hotchkiss และต่อยอดด้วยปืน 75 มม. ปืนต่อสู้รถถังที่มีความคล่องตัวสูงและเป็นส่วนประกอบที่น่าเกรงขามของคลังแสงเยอรมัน,ยูนิต: คำอธิบาย/tooltip,145601
145651,Crew will fire shells at a rapid rate for a short duration.,ลูกเรือจะยิงกระสุนด้วยอัตราที่รวดเร็วในช่วงเวลาสั้นๆ,ยูนิต: คำอธิบาย/tooltip,145651
145652,Left-click icon to activate Rapid Fire Shells.,คลิกซ้ายที่ไอคอนเพื่อเปิดใช้งาน ยิงเร็ว Shells,ยูนิต: คำอธิบาย/tooltip,145652
145751,Left-click to activate or deactivate Evasive Action,คลิกซ้ายเพื่อเปิดหรือปิดใช้งาน Evasive Action,ยูนิต: คำอธิบาย/tooltip,145751
145851,Enables Able Squad to Assault targets with Grenades.  Able will unleash a vicious rain of Phosphorus Grenades before getting into close range with their target.,ช่วยให้ Able Squad โจมตีเป้าหมายด้วยระเบิดมือ Able จะปล่อยฝนฟอสฟอรัสระเบิดอันชั่วร้ายออกมาก่อนที่จะเข้าใกล้เป้าหมาย,ยูนิต: คำอธิบาย/tooltip,145851
145900,Reduces the unit creation time of any Supervised Structure. Officer will Supervise until ordered elsewhere.,ลดเวลาในการสร้างหน่วยของโครงสร้างภายใต้การดูแลใดๆ นายทหารสัญญาบัตรจะควบคุม็อดูแลจนกว่าจะได้รับคำสั่งจากที่อื่น,ยูนิต: คำอธิบาย/tooltip,145900|2145900
145902,Left-click icon and then Left-click a friendly unit producing structure.,คลิกซ้ายที่ไอคอน จากนั้นคลิกซ้ายที่โครงสร้างการสร้างยูนิตฝ่ายเดียวกัน,ยูนิต: คำอธิบาย/tooltip,145902|2145902
145952,The squad will throw smoke grenades to provide cover for nearby troops.,หน่วยจะขว้างระเบิดควันเพื่อสร้างที่กำบังกองกำลังใกล้เคียง,ยูนิต: คำอธิบาย/tooltip,145952
146001,Weapon supplies have arrived! Equip Baker squad with an extra Recoilless Rifle.,อาวุธยุทโธปกรณ์มาถึงแล้ว! จัดเตรียมทีม Baker ด้วยปืนไรเฟิลไร้แรงสะท้อนเพิ่มเติม,ยูนิต: คำอธิบาย/tooltip,146001
146051,Allows Able squad to move and hide while camouflaged. Close proximity to enemies and firing upon enemies will break this effect.,ช่วยให้หน่วย Able สามารถเคลื่อนที่และซ่อนตัวขณะพรางตัวได้ การอยู่ใกล้กับศัตรูและการยิงใส่ศัตรูจะทำให้เอฟเฟกต์นี้เสียหาย,ยูนิต: คำอธิบาย/tooltip,146051
146101,Able Squad's experience on the battlefield makes them harder to suppress and increases the length of their Fire Up ability.,ประสบการณ์ของ Able Squad ในสนามรบทำให้พวกเขายากขึ้นในการยิงกดดันตรึงกำลังและเพิ่มความยาวของความสามารถ Fire Up,ยูนิต: คำอธิบาย/tooltip,146101
146152,Field modifications of Baker's Recoilless Rifles increase their firing range.,การปรับเปลี่ยนภาคสนามของ Baker's Recoilless Rifles ช่วยเพิ่มระยะการยิง,ยูนิต: คำอธิบาย/tooltip,146152
146200,"With experience comes skill, Baker's Recoilless Rifle does more damage and loads faster.",ด้วยประสบการณ์ที่มาพร้อมทักษะ Baker's Recoilless Rifle จะสร้างความเสียหายได้มากขึ้นและโหลดเร็วขึ้น,ยูนิต: คำอธิบาย/tooltip,146200
146251,Baker Squad's cautious nature gives them the ability to sense nearby enemies.,ลักษณะที่ระมัดระวังของ Baker Squad ช่วยให้พวกเขาสามารถรับรู้ถึงศัตรูที่อยู่ใกล้เคียงได้,ยูนิต: คำอธิบาย/tooltip,146251
146301,Increases the number of shots Able is capable of expending before having to reload.,เพิ่มจำนวนนัดที่ Able สามารถใช้จ่ายได้ก่อนที่จะต้องโหลดซ้ำ,ยูนิต: คำอธิบาย/tooltip,146301
146351,A slight field modification increases the damage of Able's M1 Thompson Sub-Machine Guns.,การปรับเปลี่ยนสนามเล็กน้อยจะเพิ่มความเสียหายให้กับปืนกลย่อย M1 Thompson ของ Able,ยูนิต: คำอธิบาย/tooltip,146351
146401,"With experience comes skill, Able's SMG firing is more accurate and they can load their guns faster.",ด้วยประสบการณ์ที่มาพร้อมทักษะ การยิง SMG ของ Able จึงมีความแม่นยำมากขึ้น และสามารถโหลดปืนได้เร็วขึ้น,ยูนิต: คำอธิบาย/tooltip,146401
146451,"Baker Squad is granted Demolition Charges. A Demo Charge is a powerful explosive that is not timed to explode, but triggered by its user.",Baker Squad ได้รับค่ารื้อถอน Demo Charge เป็นระเบิดที่ทรงพลังซึ่งไม่ได้กำหนดเวลาในการระเบิด แต่ถูกกระตุ้นโดยผู้ใช้,ยูนิต: คำอธิบาย/tooltip,146451
146501,Upgrade the Hotchkiss Main Turret to a long-barreled 37mm SA 18 gun utilizing armor piercing rounds.,อัพเกรดป้อมปืนหลัก Hotchkiss ให้เป็นปืน 37 มม. SA 18 ที่มีลำกล้องยาวซึ่งใช้กระสุนเจาะเกราะ,ยูนิต: คำอธิบาย/tooltip,146501
146600,"All infantry will unleash a fearsome assault for the Leader at the cost of their safety, increases rate of fire and damage, but more susceptible to being hit.",ทหารราบทั้งหมดจะปล่อยการโจมตีอันน่าสะพรึงกลัวให้กับผู้นำโดยแลกกับความปลอดภัย เพิ่มอัตราการยิงและความเสียหาย แต่จะเสี่ยงต่อการถูกโจมตีมากกว่า,ยูนิต: คำอธิบาย/tooltip,146600|2146600
146731,"%1Upgrade% Completed, press space bar to focus on the Upgrade",%1Upgrade% เสร็จแล้ว กด Space Bar เพื่อโฟกัสไปที่การอัพเกรด,ยูนิต: คำอธิบาย/tooltip,146731
146750,The Bren Light Machine Gun adds much needed firepower to the Infantry Section and also enables them to slow enemy vehicles with accurate fire.,ปืนกลเบา Bren เพิ่มอำนาจการยิงที่จำเป็นอย่างมากให้กับหมู่ทหารราบ และยังช่วยให้รถถังศัตรูช้าลงด้วยการยิงที่แม่นยำ,ยูนิต: คำอธิบาย/tooltip,146750|2146750
146801,Fanaticism causes Infantry Squads to fight more fiercely as they take losses.,ความคลั่งไคล้ทำให้หมู่ทหารราบต่อสู้อย่างดุเดือดมากขึ้นเมื่อพวกเขาพ่ายแพ้,ยูนิต: คำอธิบาย/tooltip,146801|149151|2149151
146850,Superior Propaganda efforts demoralize Enemy Troops and forces them to retreat back to their HQ area.,ความพยายามโฆษณาชวนเชื่อที่เหนือกว่าทำให้กองทัพศัตรูขวัญเสียและบังคับให้พวกเขาถอยทัพไปยังพื้นที่กองบัญชาการของตน,ยูนิต: คำอธิบาย/tooltip,146850
146950,Grants Propanagda Ability. Propaganda efforts inspire all troops to attack the enemy with renewed intensity and no regard for their personal safety while this ability is active.,ให้ความสามารถ Propanagda ความพยายามในการโฆษณาชวนเชื่อเป็นแรงบันดาลใจให้กองทหารทั้งหมดโจมตีศัตรูด้วยความรุนแรงที่เพิ่มขึ้นมาใหม่ และไม่คำนึงถึงความปลอดภัยส่วนบุคคลของพวกเขาในขณะที่ความสามารถนี้ทำงานอยู่,ยูนิต: คำอธิบาย/tooltip,146950
147100,Field Infantry are issued Medical Kits to deal with minor injuries.,ทหารราบภาคสนามจะได้รับชุดอุปกรณ์การแพทย์เพื่อจัดการกับอาการบาดเจ็บเล็กน้อย,ยูนิต: คำอธิบาย/tooltip,147100|2147100
147150,Equip Engineers with Demolition Explosives to take down Buildings and Bridges,จัดเตรียมทหารช่างสนาม็อด้วยวัตถุระเบิดรื้อถอนเพื่อทำลายอาคารและสะพาน,ยูนิต: คำอธิบาย/tooltip,147150|2147150
147201,Mines are best placed along likely routes of an Enemy advance.,ทุ่นระเบิดจะถูกวางไว้อย่างดีที่สุดตามเส้นทางที่ศัตรูรุกคืบ,ยูนิต: คำอธิบาย/tooltip,147201
147250,Equip Engineers with Wire Cutters to cut through Barbed Wire.,จัดเตรียมทหารช่างสนาม็อด้วยเครื่องตัดลวดเพื่อตัดลวดหนาม,ยูนิต: คำอธิบาย/tooltip,147250|2147250
147301,"Teller Mines require at least 150kg of pressure to activate, therefore only vehicles or tanks will trigger this powerful explosive charge.",Teller Mines ต้องการแรงดันอย่างน้อย 150 กิโลกรัมจึงจะเปิดใช้งาน ดังนั้นมีเพียงยานพาหนะหรือรถถังเท่านั้นที่จะจุดชนวนระเบิดอันทรงพลังนี้,ยูนิต: คำอธิบาย/tooltip,147301
147350,Volksgrenadiers can be ordered to booby trap any strategic point in the game. Booby traps are triggered by enemy units attempting to capture the point.,สามารถสั่งให้ Volksgrenadiers ให้ดักจับจุดยุทธศาสตร์ในเกมได้ กับดัก Booby จะถูกกระตุ้นโดยยูนิตศัตรูที่พยายามจะยึดจุดนั้น,ยูนิต: คำอธิบาย/tooltip,147350
147401,The Geschutzwagen is an excellent troop transport and infantry destroyer.,Geschutzwagen เป็นเรือขนส่งกองทหารและเรือพิฆาตทหารราบที่ยอดเยี่ยม,ยูนิต: คำอธิบาย/tooltip,147401
147450,Use of the Medical Kit will heal your Squad over time. This Medical Kit can only be used in friendly territory.,การใช้ชุดการแพทย์จะรักษาทีมของคุณเมื่อเวลาผ่านไป Medical Kit นี้สามารถใช้ได้เฉพาะในดินแดนที่เป็นมิตรเท่านั้น,ยูนิต: คำอธิบาย/tooltip,147450
147500,"Infantry can now deploy Teller Mines. These weapons require great mass to trigger, meaning ONLY vehicles will cause the mine to explode.",Infantry can now deploy Teller Mines. อาวุธเหล่านี้ต้องใช้มวลมากในการกระตุ้น ซึ่งหมายความว่ามีเพียงยานพาหนะเท่านั้นที่จะทำให้เกิดระเบิดได้,ยูนิต: คำอธิบาย/tooltip,147500
147552,Equip all Riflemen Squads with the BAR. Squads equipped with the BAR can also use Suppression Fire tactics.,จัดเตรียมหน่วยทหารปืนไรเฟิลทั้งหมดด้วย BAR หน่วยที่ติดตั้ง BAR ยังสามารถใช้กลยุทธ์ยิงกดดันตรึงพื้นที่การยิงได้,ยูนิต: คำอธิบาย/tooltip,147552
147600,"Equip Riflemen Squads with the Mk2 'Pineapple' grenade for flushing Enemy infantry out of cover, or attacking garrisoned Buildings.",ติดตั้งระเบิดลูกเกลี้ยง Mk2 'Pineapple' ให้กับหมู่พลปืนไรเฟิลเพื่อขับไล่ทหารราบศัตรูออกจากที่กำบัง หรือเข้าตีอาคารที่มีทหารประจำการอยู่,ยูนิต: คำอธิบาย/tooltip,147600|2147600
147651,Equip Riflemen with improvized Anti Tank weapons. Researching this upgrade will also increase the rate at which Riflemen Squads gain veterancy.,จัดเตรียมอาวุธต่อต้านรถถังให้กับพลปืนไรเฟิล การวิจัยการอัพเกรดนี้จะเพิ่มอัตราที่หน่วยทหารปืนไรเฟิลได้รับประสบการณ์ทหารผ่านศึกมากขึ้น,ยูนิต: คำอธิบาย/tooltip,147651
147700,"Grenadier Squads are equipped with the MG42 Light Machine Gun, which can fire up to 1200 rounds per minute.","เกรนาเดียร์ Squads ติดตั้งปืนกลเบา MG42 ซึ่งสามารถยิงได้มากถึง 1,200 นัดต่อนาที",ยูนิต: คำอธิบาย/tooltip,147700|2147700
147800,"A formidable troop transport, the Staghound was capable of mowing down light infantry.",Staghound เป็นพาหนะขนส่งกองทหารที่น่าเกรงขาม สามารถตัดหญ้าทหารราบเบาได้,ยูนิต: คำอธิบาย/tooltip,147800
147850,Call an off-map bombardment to target an area. All enemy troops will be caught in a Firestorm.,เรียกการโจมตีนอกแผนที่เพื่อกำหนดเป้าหมายพื้นที่ กองทหารศัตรูทั้งหมดจะติดอยู่ในพายุไฟ,ยูนิต: คำอธิบาย/tooltip,147850
147901,Enables all Vehicles and Infantry to attack with overwhelming speed while this ability is active.,ช่วยให้ยานพาหนะและทหารราบทั้งหมดโจมตีด้วยความเร็วอย่างท่วมท้นในขณะที่ความสามารถนี้ทำงานอยู่,ยูนิต: คำอธิบาย/tooltip,147901|155800|2155800
147951,Volksgrenadiers can be ordered to plant deadly booby traps inside any building on the map. Enemy infantry that enter the building will suffer extreme consequences...,คุณสามารถสั่งให้ Volksgrenadiers วางกับดักร้ายแรงภายในอาคารใดก็ได้บนแผนที่ ทหารราบของศัตรูที่เข้าไปในอาคารจะต้องได้รับผลกระทบอย่างรุนแรง...,ยูนิต: คำอธิบาย/tooltip,147951
148000,Call Off-Map Stormtrooper Reinforcements to the battlefield. Ideal for general battlefield actions.,เรียกกำลังเสริมสตอร์มทรูปเปอร์นอกแผนที่เข้าสู่สนามรบ เหมาะสำหรับการต่อสู้ในสนามรบทั่วไป,ยูนิต: คำอธิบาย/tooltip,148000|2148000
148101,Call the terrifying V1 Rocket down on targeted area. You would not want to be in the targeted area.,เรียกจรวด V1 ที่น่าสะพรึงกลัวลงมายังพื้นที่เป้าหมาย คุณคงไม่อยากอยู่ในพื้นที่เป้าหมาย,ยูนิต: คำอธิบาย/tooltip,148101
148150,Mark your enemies to reduce their evasiveness against incoming fire and to see them within the fog of war.,ทำเครื่องหมายศัตรูเพื่อลดการหลบหลีกจากการยิงที่เข้ามาและมองเห็นพวกมันได้,ยูนิต: คำอธิบาย/tooltip,148150
148153,Left-click icon and then Left-click an enemy unit.,คลิกซ้ายที่ไอคอน จากนั้นคลิกซ้ายที่ยูนิตศัตรู,ยูนิต: คำอธิบาย/tooltip,148153
148200,"A fast reconnaissance vehicle, the Schwimmwagen Type 166 utilizes its speed to mercilessly hunt down elusive Snipers.",ยานพาหนะลาดตระเวนที่รวดเร็ว Schwimmwagen Type 166 ใช้ความเร็วเพื่อตามล่าสไนเปอร์ที่เข้าใจยากอย่างไร้ความปราณี,ยูนิต: คำอธิบาย/tooltip,148200
148400,Directly control the Squad's weapon and determine where it fires.,ควบคุมอาวุธของกลุ่มโดยตรงและกำหนดตำแหน่งที่จะยิง,ยูนิต: คำอธิบาย/tooltip,148400|148451|150101
148401,Left-click icon to enter Direct Fire mode and then Left-click to fire weapon.,คลิกซ้ายที่ไอคอนเพื่อเข้าสู่โหม็อด Direct Fire จากนั้นคลิกซ้ายเพื่อยิงอาวุธ,ยูนิต: คำอธิบาย/tooltip,148401|148403|148453|148503
148501,Directly control the Squad's Recoilless Rifles and determine where it fires.,ควบคุมปืนไรเฟิลไร้การหดตัวของทีมโดยตรงและกำหนดตำแหน่งที่จะยิง,ยูนิต: คำอธิบาย/tooltip,148501
148550,Able Squad is granted White Phosphorus Grenades to use on the field.  Phosphorus rounds momentarily stun your enemies with a brilliant flash,Able Squad ได้รับ White Phosphorus Grenades เพื่อใช้บนสนาม การหมุนฟอสฟอรัสจะทำให้ศัตรูของคุณมึนงงด้วยแสงวาบอันเจิดจ้า,ยูนิต: คำอธิบาย/tooltip,148550
148600,Baker Squad is granted Smoke Grenades. Use these portable gas canisters to provide friendlies with cover.,Baker Squad ได้รับระเบิดควัน ใช้ถังแก๊สพกพาเหล่านี้เพื่อสร้างที่กำบังให้ฝ่ายเรา,ยูนิต: คำอธิบาย/tooltip,148600
148650,Baker Squad is granted Mk 2A1 Stun Grenades. These grenades replace the single Mk2 grenade with a more powerful HE concussive grenade that also stuns the enemy.,Baker Squad ได้รับ Mk 2A1 Stun Grenades ระเบิดเหล่านี้แทนที่ระเบิด Mk2 ลูกเดียวด้วยระเบิดแรงสั่นสะเทือน HE ที่ทรงพลังกว่า ซึ่งทำให้ศัตรูมึนงงด้วย,ยูนิต: คำอธิบาย/tooltip,148650
148700,Release a stun grenade that momentarily blinds and interupts enemy units.,ปล่อยระเบิดสตันที่ทำให้ตาบอดและขัดขวางยูนิตศัตรูชั่วขณะ,ยูนิต: คำอธิบาย/tooltip,148700
148750,The Squad will throw a Mk2A high-explosive concussion grenade that momentarily blinds and disrupts enemy units.,หน่วยจะขว้างระเบิดสั่นสะเทือนแรงสูง Mk2A ซึ่งจะทำให้ตาบอดและรบกวนยูนิตศัตรูชั่วขณะ,ยูนิต: คำอธิบาย/tooltip,148750
148800,"Satchel Charges are bundles of explosives that do heavy damage against Buildings, and can be devestating when thrown at Vehicles or Infantry.",Satchel Charge คือชุดระเบิดที่สร้างความเสียหายอย่างหนักต่อสิ่งก่อสร้าง และอาจสร้างความเสียหายได้เมื่อโยนใส่ยานพาหนะหรือทหารราบ,ยูนิต: คำอธิบาย/tooltip,148800
148850,Loads the 37mm main gun with a shotgun-like canister charge that blasts an area with dozens of lethal projectiles.,บรรจุกระสุนปืนหลัก 37 มม. ด้วยกระสุนปืนคล้ายปืนลูกซองที่จะโจมตีพื้นที่ที่มีกระสุนปืนร้ายแรงหลายสิบนัด,ยูนิต: คำอธิบาย/tooltip,148850
148900,"All infantry will unleash a fearsome assault for the Leader at the cost of their safety, increases rate of fire and damage, but makes the troops more susceptible to being hit.",ทหารราบทั้งหมดจะปล่อยการโจมตีอันน่าสะพรึงกลัวให้กับผู้นำโดยแลกกับความปลอดภัย เพิ่มอัตราการยิงและความเสียหาย แต่จะทำให้กองทหารเสี่ยงต่อการถูกโจมตีมากขึ้น,ยูนิต: คำอธิบาย/tooltip,148900
148950,The Hotchkiss is a medium armored vehicle with high mobility.,Hotchkiss เป็นพาหนะหุ้มเกราะขนาดกลางที่มีความคล่องตัวสูง,ยูนิต: คำอธิบาย/tooltip,148950
149003,"Equipped with a Pak40 75mm cannon, this highly mobile, anti-tank gun can lock-down and eliminate enemy targets at a rapid rate.",ปืนต่อสู้รถถังที่เคลื่อนที่ได้สูงนี้ติดตั้งปืนใหญ่ Pak40 75 มม. และสามารถล็อคดาวน์และกำจัดเป้าหมายศัตรูได้อย่างรวดเร็ว,ยูนิต: คำอธิบาย/tooltip,149003
149050,Call an Off-Map Stuh 42 assault howitzer to the battlefield. Ideal for urban assault operations.,เรียกปืนใหญ่วิถีโค้งจู่โจม Stuh 42 นอกแผนที่เข้าสู่สนามรบ เหมาะสำหรับปฏิบัติการโจมตีในเมือง,ยูนิต: คำอธิบาย/tooltip,149050|2149050
149100,Call an Off-Map Tiger Tank Reinforcement to the battlefield. Ideal for major assault operations.,เรียกกำลังเสริมรถถังไทเกอร์จากนอกแผนที่เข้าสู่สนามรบ เหมาะอย่างยิ่งสำหรับปฏิบัติการจู่โจมหลัก,ยูนิต: คำอธิบาย/tooltip,149100|2149100
149251,"A single, very powerful King Tiger is allocated to the battlefield, but only once. Such a decisive weapon should not be squandered.",King Tiger ที่ทรงพลังมากเพียงตัวเดียวถูกจัดสรรให้กับสนามรบ แต่เพียงครั้งเดียวเท่านั้น อาวุธชี้ขาดเช่นนี้ไม่ควรถูกทิ้งร้าง,ยูนิต: คำอธิบาย/tooltip,149251|2149251
149301,Zealous patriotism gives all friendly Units in controlled Territory a defensive bonus.,ความรักชาติที่กระตือรือร้นทำให้หน่วยที่เป็นมิตรทั้งหมดในเขตควบคุมได้รับโบนัสการป้องกัน,ยูนิต: คำอธิบาย/tooltip,149301|2149301
149351,Upgrades all Base Buildings with Defensive Machine Guns. Enables Reinforcement around Bunkers.,อัพเกรดอาคารฐานทั้งหมดด้วยปืนกลป้องกัน เปิดใช้งานการเสริมกำลังรอบบังเกอร์,ยูนิต: คำอธิบาย/tooltip,149351|2149351
149401,Enables Pioneers to deploy the 88mm Flak 36 AA/AT to the battlefield.,ช่วยให้ผู้บุกเบิกสามารถใช้งาน Flak 36 AA/AT ขนาด 88 มม. ในสนามรบได้,ยูนิต: คำอธิบาย/tooltip,149401|2149401
149451,Awarded for defending Oberst Heimchlar's Panzer Division.,ได้รับรางวัลจากการปกป้องกองยานเกราะของ Oberst Heimchlar,ยูนิต: คำอธิบาย/tooltip,149451
149501,Awarded for maintaining absolute control over the village of Trun and the surrounding territories.,ได้รับรางวัลจากการรักษาการควบคุมหมู่บ้าน Trun และดินแดนโดยรอบอย่างสมบูรณ์,ยูนิต: คำอธิบาย/tooltip,149501
149551,Awarded for continuing to defend your countrymen in the face of overwhelming odds.,ได้รับรางวัลจากการปกป้องเพื่อนร่วมชาติของคุณอย่างต่อเนื่องเมื่อเผชิญกับโอกาสที่มากมายมหาศาล,ยูนิต: คำอธิบาย/tooltip,149551
149601,"Awarded for exemplary courage and valor in line of duty, defending the village of Trun to the bitter end.",ได้รับรางวัลสำหรับความกล้าหาญและความกล้าหาญที่เป็นแบบอย่างในการปฏิบัติหน้าที่ ปกป้องหมู่บ้าน Trun จนถึงจุดสิ้นสุดอันขมขื่น,ยูนิต: คำอธิบาย/tooltip,149601
149650,Awarded for finding and redirecting lost Allied Paratroopers.,ได้รับรางวัลจากการค้นหาและเปลี่ยนเส้นทางพลร่มฝ่ายสัมพันธมิตรที่สูญหาย,ยูนิต: คำอธิบาย/tooltip,149650
149701,Awarded for destroying the Axis armored spearhead at Cauquigny.,ได้รับรางวัลจากการทำลายหัวหอกหุ้มเกราะฝ่ายอักษะที่ Cauquigny,ยูนิต: คำอธิบาย/tooltip,149701
149751,Awarded for clearing the way for the Allies Armored Cavalry.,ได้รับรางวัลจากการเคลียร์ทางให้กับทหารม้าหุ้มเกราะฝ่ายสัมพันธมิตร,ยูนิต: คำอธิบาย/tooltip,149751
149801,Awarded for successfully capturing and securing the Grey Castle and the Causeway at La Fière.,ได้รับรางวัลสำหรับความสำเร็จในการยึดปราสาทสีเทาและทางหลวงที่ La Fière ได้สำเร็จ,ยูนิต: คำอธิบาย/tooltip,149801
149902,Left-click icon and then Left-click target area to place mines.,คลิกซ้ายที่ไอคอน จากนั้นคลิกซ้ายพื้นที่เป้าหมายเพื่อวางทุ่นระเบิด,ยูนิต: คำอธิบาย/tooltip,149902|2149902
149903,Armored Cars carried Mines to be placed along likely routes of Enemy advance.,รถหุ้มเกราะบรรทุกทุ่นระเบิดเพื่อวางตามเส้นทางที่ศัตรูอาจรุกคืบ,ยูนิต: คำอธิบาย/tooltip,149903
149950,Loads the 37mm main gun with a White Phosphorus round that can stun a target by covering it with blinding incendiary smoke.,บรรจุปืนหลัก 37 มม. ด้วยกระสุนฟอสฟอรัสขาว ซึ่งสามารถทำให้เป้าหมายมึนงงด้วยม่านควันไฟเผาไหม้ที่บดบังทัศนวิสัย,ยูนิต: คำอธิบาย/tooltip,149950
150001,"Long range and effective firepower, the Howitzer is equipped with a 105mm Cannon.",ระยะไกลและอำนาจการยิงที่มีประสิทธิภาพ Howitzer ติดตั้งปืนใหญ่ 105 มม.,ยูนิต: คำอธิบาย/tooltip,150001
150050,Directly control the tank's turret and determine where it fires its cannon.,ควบคุมป้อมปืนของรถถังโดยตรงและกำหนดตำแหน่งที่จะยิงปืนใหญ่,ยูนิต: คำอธิบาย/tooltip,150050
150051,Left-click icon to enter Direct Fire mode and then Left-click to fire cannon.,คลิกซ้ายที่ไอคอนเพื่อเข้าสู่โหม็อด Direct Fire จากนั้นคลิกซ้ายเพื่อยิงปืนใหญ่,ยูนิต: คำอธิบาย/tooltip,150051
150150,Sgt. Craft provides healing aid to himself and nearby Squads while this ability is active.,จ่าคราฟต์ จะมอบความช่วยเหลือสนับสนุนทางยุทธวิธี...,ยูนิต: คำอธิบาย/tooltip,150150
150200,"Sgt. Craft initiates a charge making all nearby squads immune to suppression, and increasing their offensive and defensive attributes.",จ่าคราฟต์ เริ่มการชาร์จทำให้ทีมใกล้เคียงทั้งหมดมีภูมิคุ้มกันต่อการยิงกดดันตรึงกำลัง และเพิ่มคุณสมบัติการโจมตีและการป้องกันของพวกเขา,ยูนิต: คำอธิบาย/tooltip,150200
150250,The Squad will unleash a vicious rain of Grenades before getting into close range with the target.,หน่วยจะปล่อยระเบิดร้ายแรงก่อนที่จะเข้าสู่ระยะใกล้กับเป้าหมาย,ยูนิต: คำอธิบาย/tooltip,150250|165400|2165400
150350,Equip the M18 Hellcat with a M2HB .50 cal Machine Gun.,ติดตั้ง M18 Hellcat ด้วยปืนกล M2HB .50 cal,ยูนิต: คำอธิบาย/tooltip,150350
150422,One of your spuads has achieved Veteran Status,หนึ่งในหมู่ทหารของคุณได้รับสถานะทหารผ่านศึกแล้ว,ยูนิต: คำอธิบาย/tooltip,150422|2150422
150435,Your Medics have formed a new Squad of %1squad% from battle field Casualties,Medics ของคุณได้จัดตั้งทีม %1squad% ใหม่จากผู้เสียชีวิตในสนามรบ,ยูนิต: คำอธิบาย/tooltip,150435|2150435
150445,Failed to Complete Objective %1objective_name%,ไม่สามารถบรรลุวัตถุประสงค์ %1objective_name%,ยูนิต: คำอธิบาย/tooltip,150445|2150445
150501,Strategic Points are used to connect Resource Points together and maintain a Supply Line.,คะแนนเชิงกลยุทธ์ใช้เพื่อเชื่อมต่อคะแนนทรัพยากรเข้าด้วยกันและรักษาเส้นอุปทาน,ยูนิต: คำอธิบาย/tooltip,150501|150502|150504|150900|2150501|2150900
150551,Generate more Munitions by Securing this Point,สร้างอาวุธยุทโธปกรณ์เพิ่มเติมโดยการรักษาความปลอดภัยจุดนี้,ยูนิต: คำอธิบาย/tooltip,150551|150801|150851|2150551|2150801|2150851
150701,Able Squad is granted White Phosphorus Grenades to use on the field. Phosphorous rounds will burn the target area on explosion.,Able Squad ได้รับ White Phosphorus Grenades เพื่อใช้บนสนาม รอบฟอสฟอรัสจะเผาพื้นที่เป้าหมายเมื่อเกิดการระเบิด,ยูนิต: คำอธิบาย/tooltip,150701
152050,Call in a Heavy Machine Gun Team from off-map.,เรียกทีมปืนกลหนักเข้ามาจากนอกแผนที่,ยูนิต: คำอธิบาย/tooltip,152050|2152050
152300,Six Grenade heads bundled around a single handle deliver a powerful blast.,หัวระเบิดมือหกหัวที่รวมอยู่รอบด้ามจับเดียวทำให้เกิดระเบิดอันทรงพลัง,ยูนิต: คำอธิบาย/tooltip,152300|2152300
152500,"Equip your infantry with a Projector, Infantry, Anti Tank weapon.",จัดเตรียมทหารราบของคุณด้วยโปรเจ็กเตอร์ ทหารราบ อาวุธต่อต้านรถถัง,ยูนิต: คำอธิบาย/tooltip,152500
152700,An M26 Pershing Heavy Tank is available for support.,รถถังหนัก M26 Pershing พร้อมให้การสนับสนุนแล้ว,ยูนิต: คำอธิบาย/tooltip,152700|2152700|2203151
152750,Call in a Squad of Stormtroopers for Reinforcement.,เรียกหน่วยสตอร์มทรูปเปอร์เข้ามาเสริมกำลัง,ยูนิต: คำอธิบาย/tooltip,152750|2152750
153700,Throw Satchel Charges to destroy Buildings or masses of Infantry.,โยน Satchel Charge เพื่อทำลายอาคารหรือฝูงทหารราบ,ยูนิต: คำอธิบาย/tooltip,153700|2153700
153751,Decreases the upkeep cost of your troops and slightly increases the rate at which Riflemen Squads gain veterancy.,ลดต้นทุนการบำรุงรักษากองทหารของคุณ และเพิ่มอัตราที่หน่วยทหารปืนไรเฟิลได้รับประสบการณ์ทหารผ่านศึกเพิ่มขึ้นเล็กน้อย,ยูนิต: คำอธิบาย/tooltip,153751
154100,Equip Engineers with the M2 Flamethrower for use against infantry in builidngs or cover.,จัดเตรียมเครื่องพ่นไฟ M2 ให้ทหารช่างสนามเพื่อใช้กับทหารราบในอาคารหรือที่กำบัง,ยูนิต: คำอธิบาย/tooltip,154100|2154100
154151,Equip Engineers with the SCR-625 Mine detector. Engineers will automatically detect and defuse Mines.,จัดเตรียมเครื่องตรวจจับทุ่นระเบิด SCR-625 ให้ทหารช่างสนามสนาม ทหารช่างสนามจะตรวจจับและกลบเกลื่อนทุ่นระเบิดโดยอัตโนมัติ,ยูนิต: คำอธิบาย/tooltip,154151
154200,Equip all Riflemen Squads with the BAR. Squads equipped with the BAR can use the Suppression Fire ability. Researching this upgrade will also increase the rate at which Riflemen Squads gain veterancy.,จัดเตรียมหน่วยทหารปืนไรเฟิลทั้งหมดด้วย BAR ทีมที่ติดตั้ง BAR สามารถใช้ความสามารถ Suppression Fire ได้ การวิจัยการอัพเกรดนี้จะเพิ่มอัตราที่หน่วยทหารปืนไรเฟิลได้รับประสบการณ์ทหารผ่านศึกมากขึ้น,ยูนิต: คำอธิบาย/tooltip,154200
154400,Light Vehicles can now capture Territory Sectors.,ยานพาหนะขนาดเล็กสามารถยึดพื้นที่อาณาเขตได้แล้ว,ยูนิต: คำอธิบาย/tooltip,154400|2154400
154450,Deploy an M4 Sherman outfitted with a Calliope T34 Rocket Launcher to the battlefield.,วางกำลัง M4 Sherman ที่ติดตั้งเครื่องยิงจรวด Calliope T34 ไปยังสนามรบ,ยูนิต: คำอธิบาย/tooltip,154450|2154450
154500,Deploy an M26 Pershing Heavy Tank to the battlefield.,วางกำลังรถถังหนัก M26 Pershing ไปยังสนามรบ,ยูนิต: คำอธิบาย/tooltip,154500|2154500
154550,Vehicle and Tank production times are reduced.,เวลาในการผลิตพาหนะและรถถังลดลง,ยูนิต: คำอธิบาย/tooltip,154550|2154550
154600,Vehicle Crews Repair battle damage while ability is active.,ลูกเรือยานพาหนะ ซ่อมแซมความเสียหายจากการรบในขณะที่ความสามารถทำงาน,ยูนิต: คำอธิบาย/tooltip,154600|2154600
154650,Tank losses are immediately replaced at the HQ while this ability is active.,การสูญเสียรถถังจะถูกแทนที่ทันทีที่ศูนย์บัญชาการในขณะที่ความสามารถนี้ทำงาน,ยูนิต: คำอธิบาย/tooltip,154650|2154650
154800,Infantry and Heavy Weapon Team deployment times are reduced.,เวลาการจัดวางทีมทหารราบและอาวุธหนักลดลง,ยูนิต: คำอธิบาย/tooltip,154800|2154800
154850,"Rangers lead the way! Deploy Rangers, heavy Anti Tank Infantry, to the battlefield.",เรนเจอร์สนำหน้า! เคลื่อนพลเรนเจอร์ ซึ่งเป็นทหารราบต่อต้านรถถังหนัก ไปยังสนามรบ,ยูนิต: คำอธิบาย/tooltip,154850|2154850
154900,Call Off-Map Infantry and Vehicle Reinforcements to the battlefield.,เรียกกองทหารราบและยานพาหนะนอกแผนที่เข้าสู่สนามรบ,ยูนิต: คำอธิบาย/tooltip,154900|2154900
154950,Enables Riflemen to Construct Field Defenses. Speeds up Engineer construction of Defenses.,ช่วยให้ทหารปืนไรเฟิลสามารถสร้างการป้องกันภาคสนามได้ เร่งความเร็วการก่อสร้างทหารช่างสนามของการป้องกัน,ยูนิต: คำอธิบาย/tooltip,154950|2154950
155000,Call in Artillery strike on designated target area.,เรียกปืนใหญ่โจมตีในพื้นที่เป้าหมายที่กำหนด,ยูนิต: คำอธิบาย/tooltip,155000|2155000
155050,Enables Engineers to deploy the 105mm Howitzer to the battlefield.,ช่วยให้ทหารช่างสนามสามารถติดตั้งปืนใหญ่วิถีโค้ง 105 มม. ในสนามรบได้,ยูนิต: คำอธิบาย/tooltip,155050|2155050
155200,Deploy Paradropped 57mm Anti Tank Weapon and Crew.,จัดวางอาวุธและลูกเรือต่อต้านรถถัง Paradropped 57 มม.,ยูนิต: คำอธิบาย/tooltip,155200|2155200
155250,"Paradrop Munitions, Fuel Supplies, and some Heavy Weapons to Revealed Territory.",อาวุธยุทโธปกรณ์ เสบียงเชื้อเพลิง และอาวุธหนักบางส่วนที่จะเปิดเผยอาณาเขต,ยูนิต: คำอธิบาย/tooltip,155250|2155250
155300,Call in Recon Plane to scout targeted area of battlefield.,เรียกเครื่องบินลาดตระเวนเพื่อสอดแนมพื้นที่เป้าหมายของสนามรบ,ยูนิต: คำอธิบาย/tooltip,155300|2155300
155450,Support Airborne landings with an Airdropped Anti Tank gun for extra firepower against Vehicles and Buildings.,สนับสนุนการลงจอดทางอากาศด้วยปืนต่อสู้รถถัง Airdropped เพื่อเพิ่มพลังการยิงต่อยานพาหนะและอาคาร,ยูนิต: คำอธิบาย/tooltip,155450|2155450
155550,"Increases the visual range of all captured Points, revealing more of the surrounding Territory.",เพิ่มระยะการมองเห็นของคะแนนที่ยึดได้ทั้งหมด เผยให้เห็นพื้นที่โดยรอบมากขึ้น,ยูนิต: คำอธิบาย/tooltip,155550|2155550
155600,Call Off-Map Defensive Artillery Bombardment on one of your threatened Structures or Secured Points.,เรียกการโจมตีด้วยปืนใหญ่ป้องกันนอกแผนที่บนหนึ่งในสิ่งปลูกสร้างที่ถูกคุกคามหรือจุดยึดของคุณ,ยูนิต: คำอธิบาย/tooltip,155600|2155600
155650,Call Off-Map Barrage of devestating 280mm Rockets to target area.,เรียกการโจมตีนอกแผนที่เพื่อทำลายล้างจรวด 280 มม. ไปยังพื้นที่เป้าหมาย,ยูนิต: คำอธิบาย/tooltip,155650|2155650
155700,Enables Infantry Squads to Assault targets with Grenades.,ช่วยให้หมู่ทหารราบโจมตีเป้าหมายด้วยระเบิดมือ,ยูนิต: คำอธิบาย/tooltip,155700|2155700
155750,Receive a large Manpower bonus in exchange for freezing your Economy for a short period of time.,รับโบนัสกำลังพลจำนวนมากเพื่อแลกกับการแช่แข็งเศรษฐกิจของคุณในช่วงเวลาสั้นๆ,ยูนิต: คำอธิบาย/tooltip,155750|2155750
156201,Propaganda efforts inspire all Troops to attack the Enemy with renewed intensity with no regard for their personal safety while this ability is active.,ความพยายามในการโฆษณาชวนเชื่อเป็นแรงบันดาลใจให้กองกำลังทั้งหมดโจมตีศัตรูด้วยความเข้มข้นที่เพิ่มขึ้นใหม่ โดยไม่คำนึงถึงความปลอดภัยส่วนบุคคลของพวกเขาในขณะที่ความสามารถนี้ทำงานอยู่,ยูนิต: คำอธิบาย/tooltip,156201|2156201
156251,Superior Propaganda efforts demoralize Enemy Troops forcing a retreat to their HQ area.,ความพยายามในการโฆษณาชวนเชื่อที่เหนือกว่าทำให้กองกำลังศัตรูขวัญเสียและต้องถอยทัพไปยังพื้นที่กองบัญชาการของตน,ยูนิต: คำอธิบาย/tooltip,156251|2156251
156301,Call the terrifying V1 Rocket down on targeted area.,เรียกจรวด V1 ที่น่าสะพรึงกลัวลงมายังพื้นที่เป้าหมาย,ยูนิต: คำอธิบาย/tooltip,156301|2156301
156750,Crews will Repair their own Vehicles automatically.,ลูกเรือจะซ่อมยานพาหนะของตนเองโดยอัตโนมัติ,ยูนิต: คำอธิบาย/tooltip,156750|2178451|2178501
156801,Equip your M4 Sherman's with Smoke Canisters to create Defensive Smoke Screens.,ติดตั้งถังควันสำหรับ M4 Sherman's เพื่อสร้างม่านควันป้องกัน,ยูนิต: คำอธิบาย/tooltip,156801|2156801
156851,"When engaged, the Sherman Crab attachment can safely explode Mines.",เมื่อมีส่วนร่วม สิ่งที่แนบมากับ Sherman Crab จะสามารถระเบิดทุ่นระเบิดได้อย่างปลอดภัย,ยูนิต: คำอธิบาย/tooltip,156851|2156851
157001,"Call in a rare King Tiger, a veritable mobile fortress of a tank. The King Tiger is only available once per game, once you lose it, it's gone.",โทรหา King Tiger ที่หายาก ซึ่งเป็นป้อมปราการเคลื่อนที่ของรถถังอย่างแท้จริง King Tiger ใช้ได้เพียงครั้งเดียวเล่นต่อ เมื่อคุณสูญเสียมันจะหายไป,ยูนิต: คำอธิบาย/tooltip,157001|2157001
157150,An M4 Sherman equipped with a T34 Calliope Rocket Launcher is available for mobile Artillery Support.,M4 Sherman ที่ติดตั้งเครื่องยิงจรวด T34 Calliope มีให้ใช้งานสำหรับการสนับสนุนปืนใหญ่เคลื่อนที่,ยูนิต: คำอธิบาย/tooltip,157150|2157150|2201201|2203101
157200,M4 Shermans are upgraded with the more powerful M1A1C 76mm gun. The weapon trades area effect high explosive for increased armor penetration. Researching this upgrade will also greatly increase the M26 Pershing’s chance to penetrate enemy armor.,M4 Shermans ได้รับการอัพเกรดด้วยปืน M1A1C 76mm ที่ทรงพลังยิ่งขึ้น พื้นที่แลกเปลี่ยนอาวุธมีเอฟเฟกต์ระเบิดสูงเพื่อเพิ่มการเจาะเกราะ การวิจัยการอัพเกรดนี้จะช่วยเพิ่มโอกาสของ M26 Pershing ในการเจาะเกราะของศัตรูได้อย่างมาก,ยูนิต: คำอธิบาย/tooltip,157200
157351,"Requisition Veteran Infantry Squads. Call in Eastern Front Veteran Volksgrenadiers, Grenadiers, Stormtrooper, Knights Cross Holders, and Officers.",รับสมัครกองทหารราบทหารผ่านศึก. เชิญทหารผ่านศึกแนวรบด้านตะวันออก โวลคสเกรนาเดียร์ กองทัพบก สตอร์มทรูปเปอร์ ผู้ถือไม้กางเขนอัศวิน และนายทหารสัญญาบัตร,ยูนิต: คำอธิบาย/tooltip,157351
157401,"Requisition Veteran Support Units. Includes  HMG and Mortar sections, Snipers, Pioneers, and Nebelwerfers.","เบิกจ่ายกำลังสนับสนุนระดับทหารผ่านศึก รวมถึงหมวดปืนกลหนัก และหมวดปืนครก, สไนเปอร์, ทหารช่างไพโอเนียร์ และเครื่องยิงจรวดเนเบิลแวร์เฟอร์",ยูนิต: คำอธิบาย/tooltip,157401
157450,"Requisition Veteran Vehicles. Vehicles include Motorcycles, Schwimmwagens, Halftracks, Pumas, 50mm Pak38 AT Guns, and 88mm Flak 36s.","คำขอยานพาหนะทหารผ่านศึก ยานพาหนะ ได้แก่ รถจักรยานยนต์, Schwimmwagens, รถสายพานกึ่งล้อยาง, Pumas, ปืนต่อสู้รถถัง Pak 38 AT ขนาด 50 มม. และ Flak 36 ขนาด 88 มม.",ยูนิต: คำอธิบาย/tooltip,157450
157501,"Requisition Veteran Tank Crews. Tanks include the Stug, StuH, Ostwind Flakpanzer, Panzer IV, Panthers, and Tigers.","รับสมัครลูกเรือรถถังทหารผ่านศึก รถถังได้แก่ ชตุก, StuH, Ostwind Flakpanzer, Panzer IV, Panthers และ Tigers",ยูนิต: คำอธิบาย/tooltip,157501|2157501
157601,Elite Tank Crews have abundant combat experience.,Elite Tank Crews มีประสบการณ์การต่อสู้มากมาย,ยูนิต: คำอธิบาย/tooltip,157601|2157601
157701,Elite vehicle Crews have years of combat experience.,ลูกเรือยานพาหนะชั้นสูงมีประสบการณ์การต่อสู้หลายปี,ยูนิต: คำอธิบาย/tooltip,157701|2157701
157801,Support Units reach Elite status with lots of combat experience.,หน่วยสนับสนุนถึงสถานะ Elite พร้อมประสบการณ์การต่อสู้มากมาย,ยูนิต: คำอธิบาย/tooltip,157801|2157801
158151,Crack tank Crews have lots of combat experience and operate at a high level of proficiency.,ลูกเรือรถถังแตกมีประสบการณ์การต่อสู้มากมายและปฏิบัติการในระดับสูง,ยูนิต: คำอธิบาย/tooltip,158151|2158151
158501,"M2 Armor Piercing (AP) ball ammunition is loaded into the Machine Gun, making it very effective against Light Vehicles. HMG must be set up and able to fire at the target for the rounds to work.",กระสุนลูกเจาะเกราะ M2 ถูกบรรจุลงในปืนกล ทำให้มีประสิทธิภาพมากในการต่อสู้กับยานพาหนะขนาดเล็ก จะต้องติดตั้ง HMG และสามารถยิงไปยังเป้าหมายได้เพื่อให้กระสุนทำงานได้,ยูนิต: คำอธิบาย/tooltip,158501|2158501
158502,Left-click icon to activate the Armor Piercing Burst.,คลิกซ้ายที่ไอคอนเพื่อเปิดใช้งาน Armor Piercing Burst,ยูนิต: คำอธิบาย/tooltip,158502|2158502
158552,Upgrade your support Squads to level 2 Veterancy.,อัปเกรดทีมสนับสนุนของคุณเป็น Veterancy ระดับ 2,ยูนิต: คำอธิบาย/tooltip,158552|2158552
158678,Failed to complete objective %1objective_name%,ล้มเหลวในการบรรลุวัตถุประสงค์ %1objective_name%,ยูนิต: คำอธิบาย/tooltip,158678|158679|2158678|2158679
158701,Targeted Propaganda will cause Enemy Infantry within the target area to retreat.,การโฆษณาชวนเชื่อแบบกำหนดเป้าหมายจะทำให้ทหารราบของศัตรูภายในพื้นที่เป้าหมายล่าถอย,ยูนิต: คำอธิบาย/tooltip,158701
158751,"Call for an Artillery Strike at this building's location, purging the area of intruders.",เรียกการโจมตีด้วยปืนใหญ่ที่ที่ตั้งของอาคารนี้ เพื่อกวาดล้างผู้บุกรุกในพื้นที่,ยูนิต: คำอธิบาย/tooltip,158751|2158751
158753,Left-click icon to trigger Defensive Bombardment,คลิกซ้ายที่ไอคอนเพื่อเรียกใช้ Defensive Bombardment,ยูนิต: คำอธิบาย/tooltip,158753|2158753
158801,Call Off-Map Bombardment to target area. All Enemy Troops will be caught in a Firestorm.,เรียกการโจมตีนอกแผนที่ไปยังพื้นที่เป้าหมาย กองกำลังศัตรูทั้งหมดจะติดอยู่ในพายุไฟ,ยูนิต: คำอธิบาย/tooltip,158801|2158801
158851,"HQ awards you with 900 Manpower for outstanding bravery, Manpower rate is reduced to 50% for 3 minutes after triggering this ability.",HQ มอบรางวัล 900 Manpower สำหรับความกล้าหาญที่โดดเด่น อัตรากำลังพลจะลดลงเหลือ 50% เป็นเวลา 3 นาทีหลังจากเรียกใช้ความสามารถนี้,ยูนิต: คำอธิบาย/tooltip,158851|2134852
161300,Garrison this Building for defensive bonuses. Occupied Buildings may be garrisoned to allow the training of certain Units.,ส่งทหารเข้าประจำการในอาคารนี้เพื่อรับโบนัสการป้องกัน อาคารที่เข้ายึดอาจใช้เป็นที่ประจำการเพื่อฝึกหน่วยรบเฉพาะทางได้,ยูนิต: คำอธิบาย/tooltip,161300
161450,"All Infantry are ideologically motivated, and fight better in their own Territory.",ทหารราบทุกคนมีแรงจูงใจทางอุดมการณ์ และต่อสู้ได้ดีขึ้นในดินแดนของตนเอง,ยูนิต: คำอธิบาย/tooltip,161450|2094151
161601,Greatly decreases the upkeep cost of your troops further and again slightly increases the rate at which Riflemen Squads gain veterancy.,ลดต้นทุนการบำรุงรักษากองทหารของคุณลงอย่างมาก และเพิ่มอัตราที่หน่วยทหารปืนไรเฟิลได้รับประสบการณ์ทหารผ่านศึกเพิ่มขึ้นเล็กน้อยอีกครั้ง,ยูนิต: คำอธิบาย/tooltip,161601
161650,"Barrage the area ordered with six Wurfrahmen 40"" Heavy Rockets","โจมตีพื้นที่ที่ได้รับคำสั่งด้วยจรวดหนัก Wurfrahmen 40"" จำนวน 6 ลำ",ยูนิต: คำอธิบาย/tooltip,161650|2161650
161653,Area of Effect attack. Good vs. Light Vehicles and Buildings,การโจมตีแบบพื้นที่ส่งผล ดีเทียบกับยานพาหนะและอาคารขนาดเล็ก,ยูนิต: คำอธิบาย/tooltip,161653
162154,"Slow to build up strength, the Armor Commander is rewarded for their patience with the most powerful Allied Tanks in the game.",แม้จะใช้เวลาในการสะสมกำลัง แต่ผู้บัญชาการสายยานเกราะจะได้รับผลตอบแทนเป็นรถถังฝ่ายสัมพันธมิตรที่ทรงพลังที่สุดในเกม,ยูนิต: คำอธิบาย/tooltip,162154|2162154|2260152
162201,"Drop things from the sky -- Paratroopers, Supplies, and Hellfire from P-47 bombing runs. Ideal for Recon and Raiding operations against the Enemy.",ทิ้งสิ่งของลงมาจากท้องฟ้า พลร่ม เสบียง และไฟนรกจากการทิ้งระเบิด P-47 เหมาะสำหรับปฏิบัติการลาดตระเวนและจู่โจมศัตรู,ยูนิต: คำอธิบาย/tooltip,162201|2162201|2260150
162251,"The backbone of the Allied army. Focuses on Defenses, Off-Map Artillery, and Heavy Infantry Ranger. A well-rounded tree ideally suited to defensive players.",กระดูกสันหลังของกองทัพฝ่ายสัมพันธมิตร มุ่งเน้นการป้องกัน ปืนใหญ่นอกแผนที่ และหน่วยทหารราบหนักเรนเจอร์ เป็นสายบัญชาการที่ครบเครื่องเหมาะสำหรับผู้เล่นสายตั้งรับ,ยูนิต: คำอธิบาย/tooltip,162251|2162251|2260151
162304,Carry out fast assault ops by deploying overwhelming force. Strong assault Reinforcements and production bonuses help promote a strategy of aggressive expansion.,ปฏิบัติการจู่โจมอย่างรวดเร็วด้วยการใช้กำลังอันท่วมท้น การเสริมกำลังการโจมตีที่แข็งแกร่งและโบนัสการผลิตช่วยส่งเสริมกลยุทธ์การขยายตัวเชิงรุก,ยูนิต: คำอธิบาย/tooltip,162304|2162304|2260153
162354,Focuses on enforcing a stranglehold on Territory and favors defensive players. Fortify your front line and bombard Enemy positions with Artillery Strikes.,มุ่งเน้นไปที่การบังคับกำมือบนดินแดนและช่วยเหลือผู้เล่นฝ่ายรับ เสริมแนวหน้าของคุณและโจมตีตำแหน่งของศัตรูด้วยการโจมตีด้วยปืนใหญ่,ยูนิต: คำอธิบาย/tooltip,162354|2162354|2260154
162401,"Propaganda inspires courage in your Troops as well as inspiring fear in your enemies, and if that is not sufficient to overcome them, the Tiger Ace and V1 Rockets can be very convincing.",การโฆษณาชวนเชื่อเป็นแรงบันดาลใจให้เกิดความกล้าหาญในกองทัพของคุณ เช่นเดียวกับสร้างความกลัวให้กับศัตรูของคุณ และหากนั่นไม่เพียงพอที่จะเอาชนะพวกมัน ไทเกอร์ เอซ และ V1 Rockets ก็สามารถโน้มน้าวใจได้มาก,ยูนิต: คำอธิบาย/tooltip,162401|2162401|2260155
162501,Greatly decrease the upkeep cost of your troops and slightly increase the rate at which Riflemen Squads gain veterancy.,ลดต้นทุนการบำรุงรักษากองทหารของคุณลงอย่างมาก และเพิ่มอัตราที่หน่วยทหารปืนไรเฟิลได้รับทหารผ่านศึกเล็กน้อย,ยูนิต: คำอธิบาย/tooltip,162501
162600,Fires high penetration Armor Piercing Shells for a short duration.,ยิงกระสุนเจาะเกราะที่มีการเจาะเกราะสูงในช่วงเวลาสั้นๆ,ยูนิต: คำอธิบาย/tooltip,162600|2107601|2121350|2162600
162602,Left-click icon to activate Armor Piercing Shells.,คลิกซ้ายที่ไอคอนเพื่อเปิดใช้งาน Armor Piercing Shells,ยูนิต: คำอธิบาย/tooltip,162602|2162602
163252,Volksgrenadier Squads get improved short-range firepower with the MP40 Sub-Machine Gun.,หน่วย Volksgrenadier ได้รับการปรับปรุงอำนาจการยิงระยะสั้นด้วย MP40 Sub-Machine Gun,ยูนิต: คำอธิบาย/tooltip,163252|2163252
163450,Equip Halftrack with Quad .50 cal Maxson Mount. Cannot transport Troops when Equipped.,ติดตั้ง รถสายพานกึ่งล้อยาง ด้วย Quad .50 cal Maxson Mount ไม่สามารถขนส่งทหารได้เมื่อติดตั้ง,ยูนิต: คำอธิบาย/tooltip,163450|2163450
163550,Camouflage conceals the Pak 38 giving it a First Strike ambush bonus against Enemy Units.,ลายพรางปกปิด Pak 38 ทำให้ได้รับโบนัสการซุ่มโจมตีครั้งแรกกับยูนิตศัตรู,ยูนิต: คำอธิบาย/tooltip,163550|2163550
163650,"Camouflaged Units can only be detected if they engage in combat or if an Enemy Unit is in close proximity. While Camouflage is active, movement speed is reduced.",หน่วยพรางตัวสามารถตรวจพบได้ก็ต่อเมื่อพวกเขาเข้าร่วมการต่อสู้หรือหากหน่วยศัตรูอยู่ใกล้กัน ขณะที่ลายพรางทำงานอยู่ ความเร็วในการเคลื่อนที่จะลดลง,ยูนิต: คำอธิบาย/tooltip,163650|164600|2163650|2164600
163901,Awarded for obtaining Rank 3 Veterancy with a Ranger Squad.,ได้รับรางวัลสำหรับการได้รับอันดับ 3 Veterancy พร้อมหน่วย Ranger,ยูนิต: คำอธิบาย/tooltip,163901|2163901
164051,Awarded for destroying the 109th Panzer Company,ได้รับรางวัลจากการทำลายกองร้อยยานเกราะที่ 109,ยูนิต: คำอธิบาย/tooltip,164051|2164051
164101,Awarded for completing mission without any Allied Armor lost.,ได้รับรางวัลสำหรับการทำภารกิจให้สำเร็จโดยที่เกราะของฝ่ายพันธมิตรไม่สูญเสียไป,ยูนิต: คำอธิบาย/tooltip,164101|2164101
164201,Awarded for destroying all the Axis Supply Trucks.,ได้รับรางวัลสำหรับการทำลาย Axis Supply Trucks ทั้งหมด,ยูนิต: คำอธิบาย/tooltip,164201|2164201
164401,Awarded for capturing Hill 192 in record time.,ได้รับรางวัลสำหรับการจับฮิลล์ 192 ด้วยเวลาเป็นประวัติการณ์,ยูนิต: คำอธิบาย/tooltip,164401|2164401
164500,Awarded for completing mission with more than 250 Points remaining.,ได้รับรางวัลสำหรับการทำภารกิจให้สำเร็จโดยยังมีแต้มเหลือมากกว่า 250 แต้ม,ยูนิต: คำอธิบาย/tooltip,164500|165050|2165050
165201,Medics are deployed to the Aid Station and will recover Casualties from the battlefield and return them to active duty.,หน่วยแพทย์จะถูกส่งไปยังสถานีช่วยเหลือและจะช่วยเหลือผู้บาดเจ็บจากสนามรบและส่งพวกเขากลับเข้าประจำการ,ยูนิต: คำอธิบาย/tooltip,165201|166951|2165201|2166951
165300,Several high-angle 81mm Mortar Rounds will be fired into the targeted area.,กระสุนปืนครกขนาด 81 มม. มุมยิงสูงหลายนัดจะถูกระดมยิงไปยังพื้นที่เป้าหมาย,ยูนิต: คำอธิบาย/tooltip,165300|2165300
165350,"Call for an Artillery Strike at this location, purging the area of intruders.",เรียกการโจมตีด้วยปืนใหญ่ ณ ตำแหน่งนี้ เพื่อกวาดล้างผู้บุกรุกในพื้นที่,ยูนิต: คำอธิบาย/tooltip,165350
165401,Left-click icon and then Left-click target to assault.,คลิกซ้ายที่ไอคอน จากนั้นคลิกซ้ายที่เป้าหมายเพื่อโจมตี,ยูนิต: คำอธิบาย/tooltip,165401|2165401
165500,Infantry Reinforcements. Use these Units to rebuild and continue the struggle.,กำลังเสริมทหารราบ. ใช้หน่วยเหล่านี้เพื่อสร้างใหม่และต่อสู้ต่อไป,ยูนิต: คำอธิบาย/tooltip,165500|2165500
2090050,Long range Howitzers will fire a Barrage of at specified targets. Can be fired into the Fog of War.,ปืนใหญ่วิถีโค้งระยะไกลจะยิง ยิงปูพรม ไปยังเป้าหมายที่ระบุ สามารถยิงเข้าไปในหมอกสงครามได้,ยูนิต: คำอธิบาย/tooltip,2090050
2090152,Left-click icon and then Left-click target area to call in units.,คลิกซ้ายที่ไอคอน จากนั้นคลิกซ้ายพื้นที่เป้าหมายเพื่อเรียกเป็นหน่วย,ยูนิต: คำอธิบาย/tooltip,2090152|2090851|2094202|2094252|2126250|2133002|2151500|2178602|2203106|2203158|2203757
2090350,"While Fired-Up, Squads are less prone to Suppression and move faster for a short time.",ในขณะที่ Fired-Up ทีมจะมีโอกาสถูกยิงกดดันตรึงพื้นที่น้อยลงและเคลื่อนที่เร็วขึ้นในช่วงเวลาสั้น ๆ,ยูนิต: คำอธิบาย/tooltip,2090350
2090400,"All infantry units by the Heroic Unit will sprint and break supression, as well as experience an increase to their rate of fire",หมู่ทหารราบทั้งหมดโดยหน่วย Heroic จะวิ่งและทำลายการยิงกดดันตรึงกำลัง เช่นเดียวกับประสบการณ์การเพิ่มอัตราการยิง,ยูนิต: คำอธิบาย/tooltip,2090400|2261300
2090550,"Deploys Volksgrenadier Squads, Snipers, Heavy Machine Gun teams and Motorcycles.","เคลื่อนกำลังทีม Volksgrenadier, Snipers, ทีมปืนกลหนัก และรถจักรยานยนต์",ยูนิต: คำอธิบาย/tooltip,2090550
2090651,"The Lieutenant initiates a charge making all nearby squads immune to suppression, and increasing their offensive and defensive attributes.",ผู้หมวดเริ่มการโจมตีทำให้ทีมใกล้เคียงทั้งหมดมีภูมิคุ้มกันต่อการยิงกดดันตรึงกำลัง และเพิ่มคุณสมบัติการโจมตีและการป้องกัน,ยูนิต: คำอธิบาย/tooltip,2090651
2091300,"Makes available the Scout Car, Munitions Halftrack and 250/3 Funkwagen 'Vampire' Halftrack. Upgrades will equip squads with Anti Tank Grenades and increase the size of infantry squads.","จำหน่าย รถลาดตระเวน, Munitions รถสายพานกึ่งล้อยาง และ 250/3 Funkwagen 'Vampire' รถสายพานกึ่งล้อยาง การอัพเกรดจะจัดเตรียมหน่วยด้วย Anti Tank Grenades และเพิ่มขนาดของหมู่ทหารราบ",ยูนิต: คำอธิบาย/tooltip,2091300
2091651,"Transport and Reinforce Troops, or equip the Halftrack with a Quad .50 cal Turret.",ขนส่งและเสริมกำลังทหาร หรือติดตั้งป้อมปืน Quad .50 cal ให้ รถสายพานกึ่งล้อยาง,ยูนิต: คำอธิบาย/tooltip,2091651|2091751
2091852,105mm Howitzer item from Infantry Commander Tree,ไอเทมปืนใหญ่วิถีโค้ง 105 มม. จากแผนผังผู้บัญชาการทหารราบ,ยูนิต: คำอธิบาย/tooltip,2091852
2092051,"Highly experienced officers who led by example fighting from the front. Can Supervise Buildings to improve production, call in Mortar fire on Enemy Units, and Rout Enemy forces.","นายทหารสัญญาบัตรผู้มีประสบการณ์สูงซึ่งเป็นผู้นำในการรบจากแนวหน้า สามารถควบคุมดูแลอาคารเพื่อปรับปรุงการผลิต, สั่งยิงปืนครกถล่มหน่วยศัตรู และทำให้กองกำลังศัตรูแตกพ่ายได้",ยูนิต: คำอธิบาย/tooltip,2092051|2145000|2181400
2092152,The Munitions Halftrack is specially equipped to deliver munitions to front line units. Infantry and vehicles within the support radius of the Munitions Halftrack will rapidly recharge any abilities that make use of munitions.,Munitions รถสายพานกึ่งล้อยาง ได้รับการติดตั้งเป็นพิเศษเพื่อส่งอาวุธไปยังหน่วยแนวหน้า ทหารราบและยานพาหนะที่อยู่ในรัศมีการสนับสนุนของ Munitions รถสายพานกึ่งล้อยาง จะชาร์จความสามารถใดๆ ก็ตามที่ใช้อาวุธได้อย่างรวดเร็ว,ยูนิต: คำอธิบาย/tooltip,2092152
2092201,The Wall Crew pushes the Accelerator to travel at higher speeds enabling more effective Infantry Crush.,Wall Crew ผลัก Accelerator เพื่อเดินทางด้วยความเร็วที่สูงขึ้น ทำให้ Infantry Crush มีประสิทธิภาพมากขึ้น,ยูนิต: คำอธิบาย/tooltip,2092201
2093551,Increases the sight range of riflemen squads by 10%,เพิ่มระยะการมองเห็นของหน่วยปืนไรเฟิล 10%,ยูนิต: คำอธิบาย/tooltip,2093551
2093650,Increases the sight range of riflemen squads by 20%,เพิ่มระยะการมองเห็นของหน่วยปืนไรเฟิล 20%,ยูนิต: คำอธิบาย/tooltip,2093650
2093700,Increases the attack speed of the mortar by 10%,เพิ่มความเร็วในการยิงของปืนครกขึ้น 10%,ยูนิต: คำอธิบาย/tooltip,2093700
2093751,Increases the attack speed of the mortar by 20%,เพิ่มความเร็วในการยิงของปืนครกขึ้น 20%,ยูนิต: คำอธิบาย/tooltip,2093751
2093901,The Fire Panzerfaust ability is 10% cheaper to use,ความสามารถของ Fire Panzerfaust นั้นถูกกว่าการใช้ 10%,ยูนิต: คำอธิบาย/tooltip,2093901
2093950,The Fire Panzerfaust ability is 20% cheaper to use,ความสามารถของ Fire Panzerfaust นั้นถูกกว่าการใช้ 20%,ยูนิต: คำอธิบาย/tooltip,2093950
2094101,Focused propaganda in the selected area will lower enemy fighting effectiveness over a period of time.,การโฆษณาชวนเชื่อที่มุ่งเน้นในพื้นที่ที่เลือกจะลดประสิทธิภาพการต่อสู้ของศัตรูลงในช่วงเวลาหนึ่ง,ยูนิต: คำอธิบาย/tooltip,2094101|2203801
2094201,Call in a Stug IV or Ostwind Flakpanzer to assist you in battle.,เรียก ชตุก IV หรือ Ostwind Flakpanzer มาช่วยคุณในการรบ,ยูนิต: คำอธิบาย/tooltip,2094201
2094251,The King Tiger is called in from off-map to assist you.,King Tiger ถูกเรียกเข้ามาจากนอกแผนที่เพื่อช่วยเหลือคุณ,ยูนิต: คำอธิบาย/tooltip,2094251
2094253,Only one King Tiger may be called out per battle.,สามารถเรียก King Tiger ได้เพียงตัวเดียวต่อการรบ,ยูนิต: คำอธิบาย/tooltip,2094253
2094301,Order the tiger to sacrifice mobility to increase its defensive properties.,สั่งให้รถถังไทเกอร์ยอมสละความคล่องตัวเพื่อเพิ่มประสิทธิภาพในการป้องกัน,ยูนิต: คำอธิบาย/tooltip,2094301
2094401,"Incendiary Traps will only trigger on enemy infantry, once triggered a large incendiary explosion will burn the area over time.",กับดักเพลิงไหม้จะเริ่มทำงานกับทหารราบของศัตรูเท่านั้น เมื่อถูกกระตุ้นจะทำให้เกิดการระเบิดของเพลิงไหม้ครั้งใหญ่ พื้นที่จะเผาไหม้เมื่อเวลาผ่านไป,ยูนิต: คำอธิบาย/tooltip,2094401
2095052,"Choose a tank that you will use for this match.  Each tank has different capabilities, so choose wisely.",เลือกรถถังที่คุณจะใช้สำหรับแมตช์นี้ รถถังแต่ละคันมีความสามารถที่แตกต่างกัน ดังนั้นควรเลือกอย่างชาญฉลาด,ยูนิต: คำอธิบาย/tooltip,2095052|2095200
2095451,"Building three of these devices will allow you to triangulate where the enemy is, inside the Fog of War",การสร้างอุปกรณ์สามชิ้นนี้จะช่วยให้คุณสามารถระบุตำแหน่งของศัตรูภายในหมอกสงครามได้,ยูนิต: คำอธิบาย/tooltip,2095451|2095501
2095901,M18 Hellcat is an exception tank killer and anti-infantry unit.,M18 Hellcat เป็นหน่วยนักฆ่ารถถังและหน่วยต่อต้านทหารราบยกเว้น,ยูนิต: คำอธิบาย/tooltip,2095901
2095951,Pioneers receive a Small weapon accuracy increase bonus.,ผู้บุกเบิกจะได้รับโบนัสเพิ่มความแม่นยำของอาวุธขนาดเล็ก,ยูนิต: คำอธิบาย/tooltip,2095951
2096001,Pioneers receive a Moderate weapon accuracy increase bonus.,ผู้บุกเบิกจะได้รับโบนัสเพิ่มความแม่นยำของอาวุธปานกลาง,ยูนิต: คำอธิบาย/tooltip,2096001
2096051,Pioneers receive a Large weapon accuracy increase bonus.,ผู้บุกเบิกจะได้รับโบนัสเพิ่มความแม่นยำของอาวุธขนาดใหญ่,ยูนิต: คำอธิบาย/tooltip,2096051
2096101,Less than the maximum of 3 Snipers per player on the battlefield,น้อยกว่าสูงสุด 3 Sniper ต่อผู้เล่นในสนามรบ,ยูนิต: คำอธิบาย/tooltip,2096101|2204254
2096151,Call in anti-tank Defensive Infantry to protect the target location.,เรียกทหารราบป้องกันรถถังมาปกป้องตำแหน่งเป้าหมาย,ยูนิต: คำอธิบาย/tooltip,2096151|2096153
2096200,Call in anti-tank infantry to protect target location.,เรียกทหารราบต่อต้านรถถังเพื่อปกป้องพื้นที่เป้าหมาย,ยูนิต: คำอธิบาย/tooltip,2096200
2096251,Call in a single Artillery Strike on designated target area.,เรียกการโจมตีด้วยปืนใหญ่เพียงครั้งเดียวไปยังพื้นที่เป้าหมายที่กำหนด,ยูนิต: คำอธิบาย/tooltip,2096251|2107501
2096301,"Tank can be toggled into and out of a Hull Down position, which offers more protection to the vehicle and increases it's attack speed.",รถถังสามารถสลับเข้าและออกจากตำแหน่งตัวถังลงได้ ซึ่งให้การปกป้องยานพาหนะมากขึ้นและเพิ่มความเร็วในการโจมตี,ยูนิต: คำอธิบาย/tooltip,2096301
2096302,Vehicle in Hull Down position will recieve less damage and a faster Rate Of Fire but loses fire range,ยานพาหนะที่อยู่ในตำแหน่งตัวถังลงจะได้รับความเสียหายน้อยลงและมีอัตราการยิงที่เร็วขึ้นแต่จะสูญเสียระยะการยิง,ยูนิต: คำอธิบาย/tooltip,2096302
2096501,Churchill tanks charge into enemy infantry causing near instant supression.,รถถังเชอร์ชิลล์พุ่งเข้าใส่ทหารราบของศัตรูทำให้เกิดการยิงกดดันตรึงกำลังในทันที,ยูนิต: คำอธิบาย/tooltip,2096501
2096752,The Sherman fires an extended range shell guaranteed to hit unobscured targets.,Sherman ยิงกระสุนระยะไกลที่รับประกันว่าจะโดนเป้าหมายที่ไม่ชัดเจน,ยูนิต: คำอธิบาย/tooltip,2096752
2096851,Stuns the target for 10 seconds. Afflicted target cannot fire or move for the duration.,ทำให้เป้าหมายมึนงงเป็นเวลา 10 วินาที เป้าหมายที่ได้รับผลกระทบไม่สามารถยิงหรือเคลื่อนที่ได้ในช่วงเวลาหนึ่ง,ยูนิต: คำอธิบาย/tooltip,2096851
2096950,Vehicles afflicted by this ability cannot move or fire for a short period of time.,ยานพาหนะที่ได้รับผลกระทบจากความสามารถนี้จะไม่สามารถเคลื่อนที่หรือยิงได้ในช่วงเวลาสั้นๆ,ยูนิต: คำอธิบาย/tooltip,2096950
2097001,The Panzer IV fires three rapid shots instantly at the cost of slowing the cannons attack speed for a short period of time.,Panzer IV ยิงกระสุนเร็วสามนัดทันทีโดยแลกกับการลดความเร็วการโจมตีของปืนใหญ่ในช่วงเวลาสั้นๆ,ยูนิต: คำอธิบาย/tooltip,2097001
2097051,Drop Mines along likely routes of Enemy advance.,วางทุ่นระเบิดตามเส้นทางที่ศัตรูอาจรุกคืบ,ยูนิต: คำอธิบาย/tooltip,2097051
2097700,Drop a Hawkins mine to cause enough damage to slow any vehicles in its blast radius.,วางทุ่นระเบิดของ Hawkins เพื่อสร้างความเสียหายมากพอที่จะชะลอยานพาหนะทุกคันที่อยู่ในรัศมีการระเบิด,ยูนิต: คำอธิบาย/tooltip,2097700
2098400,Fires a special shell that explodes on the target with a bright blinding flash.,ยิงกระสุนพิเศษที่จะระเบิดใส่เป้าหมายด้วยแสงแฟลชที่สว่างจ้า,ยูนิต: คำอธิบาย/tooltip,2098400
2098553,The ubiquitous Bren Carrier can transport a section of Infantry or an officer. Can be outfitted with a Vickers MMG for added  fire support.,รถขนส่ง Bren Carrier ที่มีอยู่ทุกหนทุกแห่งสามารถขนส่งส่วนหนึ่งของทหารราบหรือนายทหารสัญญาบัตรได้ สามารถติดตั้ง Vickers MMG เพื่อเพิ่มการยิงสนับสนุนได้,ยูนิต: คำอธิบาย/tooltip,2098553
2099601,Covers the area with an ordered 40mm Rocket Barrage,ครอบคลุมพื้นที่ด้วย Rocket ยิงปูพรม ขนาด 40 มม. ที่สั่งไว้,ยูนิต: คำอธิบาย/tooltip,2099601
2100100,"Requisition the Sturm Armory to deploy Officers, Stug Ivs., SdKfz 234 Armored Cars, and the Nebelwerfer Rocket Battery.","ขออนุมัติกำลังรบจากคลังอาวุธสตวร์ม เพื่อส่งนายทหารสัญญาบัตร, ชตุก Ivs., รถเกราะ SdKfz 234 และฐานเครื่องยิงจรวดเนเบิลแวร์เฟอร์",ยูนิต: คำอธิบาย/tooltip,2100100
2100501,"This aimed shot can disable the wheels, engine, or treads of an enemy vehicle, reducing mobility.","การยิงเล็งเป้าหมายอย่างแม่นยำนี้สามารถทำลายล้อ, เครื่องยนต์ หรือตีนตะขาบของยานพาหนะศัตรู ทำให้ความคล่องตัวลดลง",ยูนิต: คำอธิบาย/tooltip,2100501
2100650,"Primary Vehicle Production Structure. Deploys M8 Armored Cars, Halftracks and 57mm Anti Tank guns.","โครงสร้างการผลิตรถยนต์เบื้องต้น ใช้งานรถหุ้มเกราะ M8, รถสายพานกึ่งล้อยาง และปืนต่อสู้รถถัง 57 มม.",ยูนิต: คำอธิบาย/tooltip,2100650
2101052,"All Tanks and Armored Vehicles move faster, crush everything in their paths, and fire more frequently.",รถถังและยานเกราะทุกคันเคลื่อนที่เร็วขึ้น บดขยี้ทุกสิ่งที่ขวางหน้า และยิงได้บ่อยขึ้น,ยูนิต: คำอธิบาย/tooltip,2101052
2101501,The Panther gains a larger sight radius and detects camouflaged units.,Panther ได้รับรัศมีการมองเห็นที่กว้างขึ้นและตรวจจับยูนิตที่พรางตัวได้,ยูนิต: คำอธิบาย/tooltip,2101501
2101602,"The crew will carry out some basic, but necessary repairs. Guns not operational during repairs.",ลูกเรือจะดำเนินการซ่อมแซมขั้นพื้นฐานแต่จำเป็น ปืนไม่ทำงานระหว่างการซ่อม,ยูนิต: คำอธิบาย/tooltip,2101602
2101951,The target of this ability suffers evasion penalties. Units firing on the target experience better accuracy. Target will be visible in fog of war,เป้าหมายของความสามารถนี้จะได้รับโทษจากการหลบหลีก หน่วยที่ยิงใส่เป้าหมายจะมีความแม่นยำมากขึ้น เป้าหมายจะมองเห็นได้ในหมอกสงคราม,ยูนิต: คำอธิบาย/tooltip,2101951
2102050,"Primary Tank Production Structure. Deploys M10's, M4 Shermans as well as Sherman Crocodiles. Also contains upgrades for the M4 Sherman.","โครงสร้างผลิตรถถังหลัก เรียกใช้ M10, M4 Shermans และ Sherman Crocodiles รวมถึงอัปเกรดสำหรับ M4 Sherman",ยูนิต: คำอธิบาย/tooltip,2102050
2102251,Friendly tanks in area will recieve a single shot heal that recovers a medium amount of damage.,รถถังฝ่ายเดียวกันในพื้นที่จะได้รับการฟื้นฟูพลังชีวิตด้วยการยิงนัดเดียว ซึ่งจะฟื้นฟูความเสียหายได้ปานกลาง,ยูนิต: คำอธิบาย/tooltip,2102251
2102601,"A versatile command tank, the Churchill was made to lead the frontline charge and offer support during battle. Pick the Churchill and offer support and security to your fellow Allies.",Churchill เป็นรถถังบังคับการอเนกประสงค์ที่ถูกสร้างขึ้นเพื่อเป็นผู้นำในการบุกโจมตีแนวหน้าและให้การสนับสนุนระหว่างการรบ เลือกเชอร์ชิลล์และให้การสนับสนุนและความปลอดภัยแก่พันธมิตรของคุณ,ยูนิต: คำอธิบาย/tooltip,2102601
2102651,"Fools judge a tank by its size, this is lucky for the small and mighty Hotchkiss. Both a viable tank killer and infantry harvester, the Hotchkiss is destruction on treads.",คนโง่ตัดสินรถถังจากขนาดของมัน นี่เป็นโชคดีสำหรับ Hotchkiss ที่ตัวเล็กและทรงพลัง ทั้งนักฆ่ารถถังและผู้เก็บเกี่ยวทหารราบ Hotchkiss ทำลายล้างได้,ยูนิต: คำอธิบาย/tooltip,2102651
2102751,"A Versatile tank destroyer, the Hellcat was made for speed and efficiency on the battlefield.  Become a stealth hunter, or a quick moving resource capturing unit with the M18 Hellcat.",ยานพิฆาตรถถังอเนกประสงค์ Hellcat ถูกสร้างมาเพื่อความเร็วและประสิทธิภาพในสนามรบ มาเป็นนักล่าล่องหนหรือหน่วยจับทรัพยากรที่เคลื่อนที่อย่างรวดเร็วด้วย M18 Hellcat,ยูนิต: คำอธิบาย/tooltip,2102751
2102851,"The Jack of all trades, the Panther is an invaluable utility tank. Range, speed and support, the Panther is always useful on the battlefield.",แจ็คแห่งการค้าขายทั้งหมด Panther เป็นรถถังอรรถประโยชน์อันล้ำค่า ระยะ ความเร็ว และการสนับสนุน Panther มีประโยชน์เสมอในสนามรบ,ยูนิต: คำอธิบาย/tooltip,2102851
2103201,"This Panzer IV is the classic striker tank, it shoots heavy ammunition at blazing speeds. This tank is a one machine army, send the Panzer IV and consider it done.",Panzer IV นี้เป็นรถถังกองหน้าสุดคลาสสิก ยิงกระสุนหนักด้วยความเร็วอันน่าทึ่ง รถถังคันนี้เป็นกองทัพจักรกลตัวเดียว ส่ง Panzer IV ไปพิจารณาได้เลย,ยูนิต: คำอธิบาย/tooltip,2103201
2103501,Power Walking will make a squad move faster for a short time.,Power Walking จะทำให้ทีมเคลื่อนที่เร็วขึ้นในช่วงเวลาสั้นๆ,ยูนิต: คำอธิบาย/tooltip,2103501
2103551,"A surefire utility tank, the M4 Sherman comes with a bevy of upgrades that can be just what the commander ordered. Take out enemies from afar or defend and assist your allies with the Sherman.",รถถังเอนกประสงค์ M4 Sherman มาพร้อมกับการอัพเกรดมากมายที่ผู้บังคับบัญชาสั่งได้ กำจัดศัตรูจากระยะไกลหรือปกป้องและช่วยเหลือพันธมิตรของคุณด้วยเชอร์แมน,ยูนิต: คำอธิบาย/tooltip,2103551
2103601,"Fire the disposable 100mm Panzerfaust at Enemy Armor or Structures, the Area of Effect of this Explosive Panzerfaust makes it more effective against buildings and infantry.",ยิง Panzerfaust แบบใช้แล้วทิ้งขนาด 100 มม. ไปที่เกราะหรือโครงสร้างของศัตรู พื้นที่ที่ได้รับผลกระทบของ Panzerfaust ระเบิดนี้จะทำให้มีประสิทธิภาพมากขึ้นในการต่อสู้กับสิ่งก่อสร้างและทหารราบ,ยูนิต: คำอธิบาย/tooltip,2103601
2103651,Six Large Grenade heads bundled around a single handle deliver a powerful blast.,หัวระเบิดมือขนาดใหญ่หกหัวที่รวมอยู่รอบด้ามจับเดียวทำให้เกิดการระเบิดที่ทรงพลัง,ยูนิต: คำอธิบาย/tooltip,2103651
2103801,Fires a 37mm shell that will disable a vehicle for a short duration of time.,ยิงกระสุนขนาด 37 มม. ซึ่งจะทำให้ยานพาหนะหยุดทำงานในช่วงเวลาสั้นๆ,ยูนิต: คำอธิบาย/tooltip,2103801
2103851,Put the fear of death into your loader and entice him to allow you to rapidly fire with the upgraded long barreled cannon.,ใส่ความกลัวตายลงในรถตักของคุณ และล่อลวงให้เขายอมให้คุณยิงอย่างรวดเร็วด้วยปืนใหญ่ลำกล้องยาวที่ได้รับการอัพเกรด,ยูนิต: คำอธิบาย/tooltip,2103851
2104251,Equip the Hotchkiss with Wurfrahmen 40 Rockets and enable it to release a barrage of rockets on a given target.,ติดตั้ง Hotchkiss ด้วย Wurfrahmen 40 Rockets และเปิดใช้งานเพื่อปล่อยจรวดจำนวนมากไปยังเป้าหมายที่กำหนด,ยูนิต: คำอธิบาย/tooltip,2104251
2104301,The target of this ability suffers evasion penalties and is visible even when in fog of war.,เป้าหมายของความสามารถนี้จะถูกลงโทษจากการหลบหลีก และสามารถมองเห็นได้แม้อยู่ในหมอกสงคราม,ยูนิต: คำอธิบาย/tooltip,2104301
2104351,Planted 4672 mines are capable of dealing great damage to enemy tanks. Plant mines along likely routes of the enemy's movement.,ทุ่นระเบิดที่ปลูกไว้ 4672 อันสามารถสร้างความเสียหายอย่างมากให้กับรถถังศัตรู วางทุ่นระเบิดตามเส้นทางการเคลื่อนไหวของศัตรู,ยูนิต: คำอธิบาย/tooltip,2104351
2104551,Gain the element of surprise by utilizing Camouflage to make the Hotchkiss detectable only by enemies in close proximity.,รับองค์ประกอบของความประหลาดใจด้วยการใช้การพรางตัวเพื่อทำให้ Hotchkiss ตรวจจับได้โดยศัตรูที่อยู่ในระยะประชิดเท่านั้น,ยูนิต: คำอธิบาย/tooltip,2104551
2105051,Grants the Field Repair Ability. All friendly tanks within the area of the Churchill Tank will quickly self repair.,มอบความสามารถในการซ่อมแซมสนาม รถถังฝ่ายเดียวกันทุกคันภายในบริเวณรถถังเชอร์ชิลล์จะซ่อมแซมตัวเองได้อย่างรวดเร็ว,ยูนิต: คำอธิบาย/tooltip,2105051
2105100,"Deploys the Officer, 234 Heavy Armored Cars, Stug tanks, and the Nebelwerfer Rocket Artillery.","วางกำลังนายทหารสัญญาบัตร, รถหุ้มเกราะหนัก 234 คัน, รถถัง ชตุก และปืนใหญ่จรวด Nebelwerfer",ยูนิต: คำอธิบาย/tooltip,2105100
2105551,"Grants the Hull Down Ability. When active, the Churchill will bury its belly into the dirt. Flanks recieve bonus defense, but the Churchill becomes immobile.",เพิ่มความสามารถ Hull Down เมื่อเปิดใช้งาน เชอร์ชิลล์จะฝังท้องของมันลงในดิน ปีกได้รับโบนัสการป้องกัน แต่เชอร์ชิลล์ไม่สามารถเคลื่อนไหวได้,ยูนิต: คำอธิบาย/tooltip,2105551
2105601,"Grants the Flank Speed ability. With Flank Speed activated, the Churchill Tank will be able to push its acceleration and top speed to their limits.",มอบความสามารถความเร็วปีก เมื่อเปิดใช้งานความเร็วด้านข้าง รถถัง Churchill จะสามารถเร่งความเร็วและความเร็วสูงสุดได้ถึงขีดจำกัด,ยูนิต: คำอธิบาย/tooltip,2105601
2105651,"Grants the Heroic Assault ability. All units near the Churchill Tank will receive: an increase in sight radius and weapon range, plus a faster rate of fire for the duration of the ability.",มอบความสามารถ Heroic Assault ทุกยูนิตที่อยู่ใกล้ Churchill Tank จะได้รับ: รัศมีการมองเห็นและระยะอาวุธเพิ่มขึ้น บวกกับอัตราการยิงที่เร็วขึ้นตลอดระยะเวลาของความสามารถ,ยูนิต: คำอธิบาย/tooltip,2105651
2105701,Grants the Tread Breaker Ability which allows the Churchill Tank to disable the treads of enemy tanks for a duration of time.,มอบความสามารถทำลายตีนตะขาบ ซึ่งทำให้รถถังเชอร์ชิลล์ สามารถทำลายตีนตะขาบของรถถังศัตรูได้ชั่วระยะเวลาหนึ่ง,ยูนิต: คำอธิบาย/tooltip,2105701
2105801,Grants the Ambush Ability. Lock-down your Hellcat and enter a Camouflaged state. The Hellcat's first-strike out of Camouflage has powerful ambush bonuses.,ได้รับความสามารถ Ambush ล็อค Hellcat ของคุณและเข้าสู่สถานะพรางตัว การโจมตีครั้งแรกของ Hellcat จากการพรางตัวมีโบนัสการซุ่มโจมตีอันทรงพลัง,ยูนิต: คำอธิบาย/tooltip,2105801
2105802,"Will gain camouflage, increased range, and increased damage",จะได้รับลายพราง เพิ่มระยะ และเพิ่มความเสียหาย,ยูนิต: คำอธิบาย/tooltip,2105802
2105951,Call in a glider full of Commandos. The glider is capable of producing and reinforcing more Commandos.,เรียกเครื่องร่อนที่เต็มไปด้วยหน่วยคอมมานโด เครื่องร่อนมีความสามารถในการผลิตและเสริมกำลังหน่วยคอมมานโดได้มากขึ้น,ยูนิต: คำอธิบาย/tooltip,2105951
2106451,Grants the ability to fire high penetration Armor Piercing Shells for a short duration of time.,เพิ่มความสามารถในการยิงกระสุนเจาะเกราะที่มีการเจาะเกราะสูงในช่วงเวลาสั้นๆ,ยูนิต: คำอธิบาย/tooltip,2106451
2106801,Grants the ability to drop Hawkins Mines. Once triggered all vehicles caught in the radius of the explosion will be slowed.,มอบความสามารถในการวางทุ่นระเบิดฮอว์กินส์ เมื่อทำงานแล้ว ยานพาหนะทั้งหมดที่อยู่ในรัศมีการระเบิดจะเคลื่อนที่ช้าลง,ยูนิต: คำอธิบาย/tooltip,2106801
2106901,Upgrades the M18 Hellcat's stock rounds to High Velocity Armor Piercing Ammunition.,อัพเกรดกระสุนสต็อกของ M18 Hellcat เป็นกระสุนเจาะเกราะความเร็วสูง,ยูนิต: คำอธิบาย/tooltip,2106901
2107001,Grants the ability for the Hellcat to increase its sight radius and detect camouflaged units from further away.,เพิ่มความสามารถของ Hellcat ในการเพิ่มรัศมีการมองเห็นและตรวจจับยูนิตที่พรางตัวจากระยะไกล,ยูนิต: คำอธิบาย/tooltip,2107001
2107101,Grants the ability to mark targets. The target suffers evasion penalties and is more vulnerable to enemy fire. The marked target is temporarily visible in the fog of war.,มอบความสามารถในการทำเครื่องหมายเป้าหมาย เป้าหมายได้รับโทษจากการหลบหลีกและเสี่ยงต่อการยิงของศัตรูมากขึ้น เป้าหมายที่ทำเครื่องหมายไว้จะมองเห็นได้ชั่วคราวในหมอกสงคราม,ยูนิต: คำอธิบาย/tooltip,2107101
2107201,Raises maximum health of the Panther Tank and lowers the chance of its flanks being penetrated,เพิ่มพลังชีวิตสูงสุดของ Panther Tank และลดโอกาสที่สีข้างจะถูกเจาะ,ยูนิต: คำอธิบาย/tooltip,2107201
2107301,Fires a special shell that explodes on the target with a bright blinding flare.,ยิงกระสุนพิเศษที่จะระเบิดใส่เป้าหมายด้วยแสงแฟลร์ที่สว่างจ้า,ยูนิต: คำอธิบาย/tooltip,2107301
2107302,Blinds targeted enemy vehicle for a short duration,ม่านบังตากำหนดเป้าหมายยานพาหนะศัตรูในช่วงเวลาสั้นๆ,ยูนิต: คำอธิบาย/tooltip,2107302
2107351,"The Panther moves and fires more quickly, crushing everything in its path.",แพนเธอร์เคลื่อนที่และยิงเร็วขึ้น ทำลายทุกสิ่งที่ขวางหน้า,ยูนิต: คำอธิบาย/tooltip,2107351
2107451,Equip your Panther with Smoke Canisters to create Defensive Smoke Screens.,ติดตั้งถังควันให้แพนเธอร์ของคุณเพื่อสร้างม่านควันป้องกัน,ยูนิต: คำอธิบาย/tooltip,2107451
2107551,The Panther can sacrifice mobility to gain range and more destructive power from its KwK 42 Anti Tank gun. The Panther will camouflage itself while immobilized.,Panther สามารถเสียสละความคล่องตัวเพื่อให้ได้ระยะและพลังทำลายล้างที่มากขึ้นจากปืนต่อสู้รถถัง KwK 42 แพนเธอร์จะพรางตัวในขณะที่ถูกตรึงกำลังไว้,ยูนิต: คำอธิบาย/tooltip,2107551
2107701,Raises maximum health of the Panzer IV and lowers the chance of its flanks being penetrated.,เพิ่มพลังชีวิตสูงสุดของ Panzer IV และลดโอกาสที่สีข้างจะถูกเจาะ,ยูนิต: คำอธิบาย/tooltip,2107701
2107751,The Panzer IV Tank will be able to push its acceleration and top speed to their limits.,รถถัง Panzer IV จะสามารถเร่งความเร็วและความเร็วสูงสุดได้ถึงขีดจำกัด,ยูนิต: คำอธิบาย/tooltip,2107751
2107901,"The vehicle crew will carry out some basic, but necessary repairs. Weapons disabled when in use.",ลูกเรือจะดำเนินการซ่อมแซมขั้นพื้นฐานแต่จำเป็น อาวุธถูกปิดการใช้งานเมื่อใช้งาน,ยูนิต: คำอธิบาย/tooltip,2107901
2107951,Shoots three consecutive shots at the expense of a short cooldown afterwards.,ยิงสามนัดติดต่อกันโดยมีคูลดาวน์สั้นๆ หลังจากนั้น,ยูนิต: คำอธิบาย/tooltip,2107951
2108001,The M4 Sherman is upgraded with the more powerful M1A1C 76mm gun. The weapon trades area-of-effect and high-explosive damage for increased armor penetration damage. This weapon upgrade grants the Long Range Shot ability.,M4 Sherman ได้รับการอัพเกรดด้วยปืน M1A1C 76mm ที่ทรงพลังยิ่งขึ้น อาวุธจะเปลี่ยนพื้นที่ส่งผลและความเสียหายจากการระเบิดสูงเพื่อเพิ่มความเสียหายจากการเจาะเกราะ การอัพเกรดอาวุธนี้ให้ความสามารถในการยิงระยะไกล,ยูนิต: คำอธิบาย/tooltip,2108001
2108002,Better vs. Armor and Vehicles and will gain the ability to fire a long range shot,ดีกว่าเมื่อเทียบกับเกราะและยานพาหนะ และจะได้รับความสามารถในการยิงระยะไกล,ยูนิต: คำอธิบาย/tooltip,2108002
2108301,Grants the ability to fire high penetration Armor Piercing Shells for a short duration.,เพิ่มความสามารถในการยิงกระสุนเจาะเกราะที่มีการเจาะเกราะสูงในช่วงเวลาสั้นๆ,ยูนิต: คำอธิบาย/tooltip,2108301
2108501,"Equips the M4 Sherman with a Crab Flail. When deployed, the Flail will destroy Enemy Mines in the Sherman's path.",ติดตั้ง M4 Sherman ด้วย Crab Flail เมื่อใช้งาน Flail จะทำลาย Enemy Mines ในเส้นทางของ Sherman,ยูนิต: คำอธิบาย/tooltip,2108501
2108651,Equip your M4 Sherman with Smoke Canisters to create Defensive Smoke Screens.,ติดตั้ง M4 Sherman ของคุณด้วยถังควันเพื่อสร้างม่านควันป้องกัน,ยูนิต: คำอธิบาย/tooltip,2108651
2108901,Equip the M4 Sherman with a M2HB .50 cal Machine Gun.,ติดตั้ง M4 Sherman ด้วยปืนกล M2HB .50 cal,ยูนิต: คำอธิบาย/tooltip,2108901|2115800
2108951,"Grants the Flank Speed ability. With Flank Speed, the Sherman tank will be able to push its acceleration and top speed to their limits.",มอบความสามารถความเร็วปีก ด้วยความเร็วด้านข้าง รถถัง Sherman จะสามารถเร่งความเร็วและความเร็วสูงสุดได้ถึงขีดจำกัด,ยูนิต: คำอธิบาย/tooltip,2108951
2109901,"Command HQs, Field Support Trucks, and Armored Command Trucks can move more quickly and generate more resources.",กองบัญชาการ รถบรรทุกสนับสนุนภาคสนาม และรถบังคับการหุ้มเกราะสามารถเคลื่อนที่ได้รวดเร็วยิ่งขึ้นและสร้างทรัพยากรได้มากขึ้น,ยูนิต: คำอธิบาย/tooltip,2109901
2110401,"Upgrades to a faster moving, but more lightly armed recon squad; also adds a well trained marksman.",อัปเกรดเป็นหน่วยลาดตระเวนที่เคลื่อนที่เร็วขึ้นแต่ติดอาวุธเบากว่า ยังเพิ่มนักแม่นปืนที่ผ่านการฝึกฝนมาเป็นอย่างดี,ยูนิต: คำอธิบาย/tooltip,2110401
2110751,Activate Flank Speed to push the tank's acceleration and top speed to their limit.,เปิดใช้งานความเร็วด้านข้างเพื่อเร่งความเร็วของรถถังและความเร็วสูงสุดจนถึงขีดจำกัด,ยูนิต: คำอธิบาย/tooltip,2110751|2110850|2110900
2110801,The tank will push acceleration and top speed to the limit.,รถถังจะดันความเร่งและความเร็วสูงสุดให้ถึงขีดจำกัด,ยูนิต: คำอธิบาย/tooltip,2110801|2119701
2111803,You may only have one Command Tank on the field.,คุณสามารถมีรถถังบังคับการได้เพียงคันเดียวในสนาม,ยูนิต: คำอธิบาย/tooltip,2111803
2111851,Manually control your tank turret to fire at the location you want,ควบคุมป้อมปืนรถถังของคุณด้วยตนเองเพื่อยิงไปยังตำแหน่งที่คุณต้องการ,ยูนิต: คำอธิบาย/tooltip,2111851
2112101,Call in rifle-armed Infantry to protect the target location.,เรียกทหารราบติดปืนไรเฟิลมาปกป้องสถานที่เป้าหมาย,ยูนิต: คำอธิบาย/tooltip,2112101|2121051
2112150,"Armor Production Facility.  Calls in the Cromwell Tank, Stuart Light Tank, Sherman Firefly and Command Tank.","โรงงานผลิตยานเกราะ เรียกรถถังครอมเวลล์, รถถังเบาสจ๊วต, เชอร์แมน ไฟร์ฟลาย และรถถังบัญชาการ",ยูนิต: คำอธิบาย/tooltip,2112150
2112901,"Call in a Stealth squad to protect the target location, Stealth squad is armed with Sniper Rifles and Stickybombs.",เรียกหน่วย Stealth เพื่อปกป้องสถานที่เป้าหมาย หน่วย Stealth จะติดอาวุธด้วย Sniper Rifle และ Stickybombs,ยูนิต: คำอธิบาย/tooltip,2112901|2121004
2113101,"When active all allied tanks within range will receive increases to their sight radius, weapon range and reload speed.",เมื่อใช้งาน รถถังพันธมิตรทั้งหมดที่อยู่ในระยะจะได้รับการเพิ่มรัศมีการมองเห็น ระยะอาวุธ และความเร็วในการบรรจุ,ยูนิต: คำอธิบาย/tooltip,2113101
2113102,"Buffs sight radius, weapon reload and weapon range",เพิ่มระยะการมองเห็น การรีโหลดอาวุธ และระยะของอาวุธ,ยูนิต: คำอธิบาย/tooltip,2113102
2113251,Target suffers evasion penalties. Units firing upon target gain better accuracy and can see target in the fog of war.,เป้าหมายได้รับโทษจากการหลบหลีก หน่วยที่ยิงใส่เป้าหมายจะได้รับความแม่นยำมากขึ้นและสามารถมองเห็นเป้าหมายในหมอกสงครามได้,ยูนิต: คำอธิบาย/tooltip,2113251
2113253,Left-click icon and then left-click a target to mark it.,คลิกซ้ายที่ไอคอน จากนั้นคลิกซ้ายที่เป้าหมายเพื่อทำเครื่องหมาย,ยูนิต: คำอธิบาย/tooltip,2113253
2113301,Call in a Firestorm Rocket Barrage in the selected area.,เรียก Firestorm Rocket ยิงปูพรม เข้ามาในพื้นที่ที่เลือก,ยูนิต: คำอธิบาย/tooltip,2113301|2256356
2113400,Activate Direct Fire to bring the tank turret under manual control.,เปิดใช้งานการยิงโดยตรงเพื่อนำป้อมปืนของรถถังมาอยู่ภายใต้การควบคุม็อด้วยตนเอง,ยูนิต: คำอธิบาย/tooltip,2113400
2113402,Left-click to toggle ability on / off and Left-click on target to shoot.,คลิกซ้ายเพื่อเปิด/ปิดความสามารถ และคลิกซ้ายที่เป้าหมายเพื่อยิง,ยูนิต: คำอธิบาย/tooltip,2113402
2113450,The M18 Hellcat is an exception tank killer and anti-infantry unit. It's high speed and thick armor make it a force to be reckoned with.,M18 Hellcat เป็นหน่วยนักฆ่ารถถังและหน่วยต่อต้านทหารราบ ด้วยความเร็วสูงและเกราะที่หนาทำให้เป็นพลังที่ต้องคำนึงถึง,ยูนิต: คำอธิบาย/tooltip,2113450
2113500,Activate to provide the vehicle with limited cover.,เปิดใช้งานเพื่อให้รถมีความคุ้มครองจำกัด,ยูนิต: คำอธิบาย/tooltip,2113500
2113550,Fires higher penetrating armor piercing shells for a short duration.,ยิงกระสุนเจาะเกราะที่เจาะเกราะได้สูงกว่าในช่วงเวลาสั้นๆ,ยูนิต: คำอธิบาย/tooltip,2113550
2113601,Lock-down the tank and enter a Camouflaged state. The first-strike made out of Camouflage has powerful ambush bonuses.,ล็อครถถังและเข้าสู่สถานะพรางตัว การโจมตีครั้งแรกจากการพรางตัวจะมีโบนัสการซุ่มโจมตีอันทรงพลัง,ยูนิต: คำอธิบาย/tooltip,2113601
2113650,Provides the tank with a larger sight radius and detects camouflaged units from further away.,ทำให้รถถังมีรัศมีการมองเห็นที่กว้างขึ้นและตรวจจับยูนิตที่พรางตัวจากระยะไกล,ยูนิต: คำอธิบาย/tooltip,2113650
2113700,A Smoke Round is fired from the vehicle which decreases the accuracy of all projectiles that travel through it.,กระสุนควันถูกยิงออกจากยานพาหนะ ซึ่งจะลดความแม่นยำของกระสุนทั้งหมดที่เคลื่อนที่ผ่านยานพาหนะ,ยูนิต: คำอธิบาย/tooltip,2113700
2113750,Activate the Sherman Crab attachment to safely clear mines in the tank's path.,เปิดใช้งานอุปกรณ์เสริม Sherman Crab เพื่อเคลียร์ทุ่นระเบิดในเส้นทางของรถถังอย่างปลอดภัย,ยูนิต: คำอธิบาย/tooltip,2113750
2113800,Activate the Sherman Crab attachment to safely clear mines in the tanks path.,เปิดใช้งานสิ่งที่แนบมากับ Sherman Crab เพื่อเคลียร์ทุ่นระเบิดในเส้นทางรถถังอย่างปลอดภัย,ยูนิต: คำอธิบาย/tooltip,2113800
2113901,"At the tradeoff of mobility, the Panzer IV's crew will all help load and fire the main gun as rapidly as possible.",เมื่อต้องแลกกับความคล่องตัว ลูกเรือของ Panzer IV จะช่วยบรรจุและยิงปืนหลักโดยเร็วที่สุด,ยูนิต: คำอธิบาย/tooltip,2113901
2113950,Camouflage to make unit detectable only by enemies in close proximity or units they engage. Tank remains stationary.,ลายพรางที่ทำให้ยูนิตถูกตรวจพบได้เฉพาะศัตรูในระยะประชิดหรือหน่วยที่กำลังปะทะเท่านั้น รถถังต้องอยู่นิ่ง,ยูนิต: คำอธิบาย/tooltip,2113950
2114000,Loads the main gun with a shotgun-like canister charge that blasts an area with dozens of lethal projectiles.,บรรจุปืนหลักด้วยประจุกระสุนคล้ายปืนลูกซองที่จะโจมตีพื้นที่ที่มีกระสุนปืนร้ายแรงหลายสิบนัด,ยูนิต: คำอธิบาย/tooltip,2114000
2114451,This tank can sacrifice mobility to gain range and more destructive power from its KwK 42 Anti Tank gun. The tank will camouflage itself while immobilized.,รถถังนี้สามารถเสียสละความคล่องตัวเพื่อให้ได้ระยะและพลังทำลายล้างที่มากขึ้นจากปืนต่อสู้รถถัง KwK 42 รถถังจะพรางตัวในขณะที่ไม่ได้เคลื่อนที่,ยูนิต: คำอธิบาย/tooltip,2114451
2114550,The Geschutzwagen is an excellent troop transport and anti-infantry armored vehicle.,Geschutzwagen เป็นพาหนะขนส่งกองทหารและรถหุ้มเกราะต่อต้านทหารราบที่ยอดเยี่ยม,ยูนิต: คำอธิบาย/tooltip,2114550
2115351,"The Kangaroo Carrier makes an exceptional troop transport vehicle, with weapons dependant on the infantry load out within it.",Kangaroo Carrier สร้างพาหนะขนส่งกองทหารที่มีความโดดเด่น โดยมีอาวุธขึ้นอยู่กับจำนวนทหารราบที่อยู่ภายใน,ยูนิต: คำอธิบาย/tooltip,2115351
2115550,Call in a glider loaded with a Tetrarch Tank. The glider is capable of producing more Tetrarch Tanks.,เรียกเครื่องร่อนที่บรรทุก Tetrarch Tank เข้ามา เครื่องร่อนสามารถผลิตรถถัง Tetrarch ได้มากขึ้น,ยูนิต: คำอธิบาย/tooltip,2115550
2115700,"Tank can be toggled into and out of a Hull Down Position, which offers more protection to the vehicle.",รถถังสามารถสลับเข้าและออกจากตำแหน่งตัวถังลงได้ ซึ่งให้การปกป้องยานพาหนะมากขึ้น,ยูนิต: คำอธิบาย/tooltip,2115700
2117451,Territory secured by this Command Truck will generate bonus munitions or fuel.,ดินแดนที่ยึดครองโดยรถบังคับการนี้จะสร้างอาวุธโบนัสหรือเชื้อเพลิง,ยูนิต: คำอธิบาย/tooltip,2117451
2117500,Medics will follow targeted squad at a safer combat distance.,หน่วยแพทย์จะติดตามทีมเป้าหมายในระยะการต่อสู้ที่ปลอดภัยยิ่งขึ้น,ยูนิต: คำอธิบาย/tooltip,2117500
2118601,Fallschirmjager squads can be ordered to reveal themselves from pre-infiltrated hiding locations in buildings.,สามารถสั่งให้ทีม Fallschirmjager แสดงตัวเองจากสถานที่ซ่อนตัวที่ถูกแทรกซึมล่วงหน้าในอาคารได้,ยูนิต: คำอธิบาย/tooltip,2118601
2119001,Upgrade this structure to a Medical Station which will passively heal any nearby infantry troops.,อัปเกรดโครงสร้างนี้เป็นสถานีการแพทย์ซึ่งจะรักษากองทหารราบที่อยู่ใกล้เคียงได้,ยูนิต: คำอธิบาย/tooltip,2119001
2119251,"The Wirblewind mounted a rapid firing quad 20mm flak 38 on a Panzer IV chassis. Rare, but effective, this vehicle provided excellent air and ground protection for armored columns.",Wirblewind ติดตั้ง flak 38 ควอด 20 มม. ยิงเร็วบนตัวถัง Panzer IV ยานเกราะนี้หายากแต่มีประสิทธิภาพ ให้การป้องกันทางอากาศและภาคพื้นดินที่ดีเยี่ยมสำหรับขบวนยานเกราะ,ยูนิต: คำอธิบาย/tooltip,2119251
2119301,The Wirblewind mounts four rapid firing 20mm flak 38s on a Panzer IV chassis. This vehicle provides excellent air and ground protection for armored columns.,Wirblewind ติดตั้ง flak 38 ยิงเร็วขนาด 20 มม. สี่ตัวบนตัวถัง Panzer IV ยานพาหนะคันนี้ให้การปกป้องทางอากาศและภาคพื้นดินที่ดีเยี่ยมสำหรับขบวนยานเกราะ,ยูนิต: คำอธิบาย/tooltip,2119301
2119800,Loads the Stuart's 37mm main gun with a shotgun-like canister charge that can blast an area with dozens of lethal projectiles.,บรรจุปืนหลัก 37 มม. ของ Stuart ด้วยกระสุนปืนคล้ายปืนลูกซองที่สามารถระเบิดพื้นที่ที่มีกระสุนปืนร้ายแรงหลายสิบนัด,ยูนิต: คำอธิบาย/tooltip,2119800
2119950,Anti tank Air support as well as solid defense options round out the Luftwaffe tree to help the Panzer Elite gain a foothold and keep it. Choosing this tree will grant the Kettenkrad the Camouflage ability.,การสนับสนุนทางอากาศต่อต้านรถถังรวมถึงตัวเลือกการป้องกันที่แข็งแกร่ง การเลือกสายบัญชาการนี้จะมอบความสามารถในการซ่อมแซมให้กับ Kettenkrad,ยูนิต: คำอธิบาย/tooltip,2119950
2120000,"Bombs, traps and tricks make it difficult for your opponent to maneuver around the battlefield. Bombard your enemy with the brutal power of Hummel 150mm Artillery. Choosing this tree will grant the Kettenkrad the Booby Trap ability.",ระเบิด กับดัก และกลลวงสร้างความยากลำบากให้ศัตรูในการเคลื่อนพล การเลือกสายบัญชาการนี้จะมอบความสามารถในการซ่อมแซมให้กับ Kettenkrad,ยูนิต: คำอธิบาย/tooltip,2120000
2120050,Destroy enemy tanks with superior Axis tanks and munitions. Choosing this tree will grant the Kettenkrad the Repair ability.,ทำลายรถถังศัตรูด้วยรถถังและยุทโธปกรณ์ฝ่ายอักษะที่เหนือกว่า การเลือกสายบัญชาการนี้จะมอบความสามารถในการซ่อมแซมให้กับ Kettenkrad,ยูนิต: คำอธิบาย/tooltip,2120050
2121400,"Encourage the selected units to heroic theatrics, making them run faster, shoot quicker, and harder to hit.",ส่งเสริมให้ยูนิตที่เลือกแสดงละครที่กล้าหาญ ทำให้พวกเขาวิ่งเร็วขึ้น ยิงเร็วขึ้น และตีได้ยากขึ้น,ยูนิต: คำอธิบาย/tooltip,2121400
2121450,Left-click icon to activate Observational Status.,คลิกซ้ายที่ไอคอนเพื่อเปิดใช้งานสถานะการสังเกต,ยูนิต: คำอธิบาย/tooltip,2121450|2259000
2121452,At the sacrifice of movement speed the selected unit has a larger sight radius and detects camouflaged units from further away.,เมื่อลดความเร็วในการเคลื่อนที่ลง ยูนิตที่เลือกจะมีรัศมีการมองเห็นที่กว้างขึ้น และตรวจจับยูนิตที่พรางตัวจากระยะไกล,ยูนิต: คำอธิบาย/tooltip,2121452|2199851
2123351,"Enables the Funkwagen 'Vampire' to divert 50% of all resources produced  from an enemy sector. It will also deny the enemy 50% of all resources in a connected supply line. When deployed, infantry can be detected in the Fog of War.",ช่วยให้ Funkwagen 'Vampire' สามารถเบี่ยงเบน 50% ของทรัพยากรทั้งหมดที่ผลิตจากภาคส่วนของศัตรู นอกจากนี้ยังจะปฏิเสธศัตรู 50% ของทรัพยากรทั้งหมดในสายส่งที่เชื่อมต่ออยู่ เมื่อใช้งาน จะสามารถตรวจจับทหารราบได้ใน Fog of War,ยูนิต: คำอธิบาย/tooltip,2123351
2123851,Order the Light Armored Car to move at maximum speed.,สั่งให้รถหุ้มเกราะเบาเคลื่อนที่ด้วยความเร็วสูงสุด,ยูนิต: คำอธิบาย/tooltip,2123851
2123901,Sprinting  will make a squad move faster for a short time.,การวิ่งจะทำให้ทีมเคลื่อนที่เร็วขึ้นในช่วงเวลาสั้นๆ,ยูนิต: คำอธิบาย/tooltip,2123901|2143450
2123950,Allows Grenadier Tank Buster squads to be built and unlocks the panzershreck upgrade on Panzer Grenadier squads.,อนุญาตให้สร้างทีม เกรนาเดียร์ Tank Buster และปลดล็อคการอัพเกรด panzershreck ในทีม Panzer เกรนาเดียร์,ยูนิต: คำอธิบาย/tooltip,2123950
2124101,Allows Grenadier Tank Buster squads to be built and unlocks the panzershreck upgrade on Grenadier squads.,อนุญาตให้สร้างทีม เกรนาเดียร์ Tank Buster และปลดล็อคการอัพเกรด panzershreck บนทีม เกรนาเดียร์,ยูนิต: คำอธิบาย/tooltip,2124101
2124350,Makes available: Panzer IV Infantry Support Tank,มีจำหน่าย: รถถังสนับสนุนทหารราบ Panzer IV,ยูนิต: คำอธิบาย/tooltip,2124350
2126152,Equip the M8 Armored Car with Light Armor Skirts.,ติดตั้งรถหุ้มเกราะ M8 ด้วยกระโปรงเกราะเบา,ยูนิต: คำอธิบาย/tooltip,2126152
2126252,Rangers are called in from off-map to aid your cause.,เรนเจอร์ถูกเรียกเข้ามาจากนอกแผนที่เพื่อช่วยเหลือคุณ,ยูนิต: คำอธิบาย/tooltip,2126252
2127651,"Deploys the Cromwell Tank, Cromwell Command Tank, and Sherman Firefly","ส่งรถถังครอมเวลล์, รถถังบัญชาการครอมเวลล์ และเชอร์แมน ไฟร์ฟลาย",ยูนิต: คำอธิบาย/tooltip,2127651
2127950,"For a short duration, the crew  will load and fire ultra-high penetration  APDS  Armor Piercing rounds.",ในช่วงเวลาสั้นๆ ลูกเรือจะโหลดและยิงกระสุน APDS Armor Piercing ที่มีการเจาะเกราะสูงเป็นพิเศษ,ยูนิต: คำอธิบาย/tooltip,2127950
2128200,Equip the M8 Armored Car with a M2HB .50 cal Machine Gun.,ติดตั้งรถหุ้มเกราะ M8 ด้วยปืนกล M2HB .50 cal,ยูนิต: คำอธิบาย/tooltip,2128200
2128351,"Initially produces the 250/10 Light Anti Tank Halftrack and Bergetiger Repair and Recovery vehicle. Can be upgraded to produce the Panzer IV Infantry Support Tank. A Veteran Sergeant makes squads tougher, harder to suppress, and gain experience more rapidly.",เริ่มแรกผลิตรถ 250/10 Light Anti Tank รถสายพานกึ่งล้อยาง และรถซ่อมแซมและกู้คืน Bergetiger สามารถอัพเกรดเพื่อผลิตรถถังสนับสนุนทหารราบ Panzer IV ได้ จ่าทหารผ่านศึกทำให้ทีมแข็งแกร่งขึ้น ยิงกดดันตรึงพื้นที่ได้ยากขึ้น และได้รับประสบการณ์เร็วขึ้น,ยูนิต: คำอธิบาย/tooltip,2128351
2128551,"Increase the Capture Rate of your Panzer Grenadier, Assault Grenadier, and Tank Buster squads.","เพิ่มอัตราการยึดครองของหน่วย Panzer เกรนาเดียร์, เกรนาเดียร์จู่โจม และ Tank Buster ของคุณ",ยูนิต: คำอธิบาย/tooltip,2128551
2131201,Upgrade your HQ Territory to recharge all Panzer Elite abilities and heal any injured infantry units.,อัปเกรดอาณาเขตกองบัญชาการของคุณเพื่อชาร์จความสามารถยานเกราะชั้นยอดทั้งหมดและรักษาหมู่ทหารราบที่ได้รับบาดเจ็บ,ยูนิต: คำอธิบาย/tooltip,2131201
2135202,1000 Manpower is awarded at the cost of income.,"1,000 กำลังพล จะได้รับตามต้นทุนของรายได้",ยูนิต: คำอธิบาย/tooltip,2135202
2137301,Engineer squads' construction speed increased by 8%,ความเร็วในการสร้างทีมทหารช่างสนามเพิ่มขึ้น 8%,ยูนิต: คำอธิบาย/tooltip,2137301
2139551,Engineer squads become camouflaged while in cover,ทีมทหารช่างสนามจะพรางตัวขณะอยู่ในที่กำบัง,ยูนิต: คำอธิบาย/tooltip,2139551
2139651,While sprinting squads move faster for a short time.,ในขณะที่ทีมวิ่งจะเคลื่อนที่เร็วขึ้นในช่วงเวลาสั้นๆ,ยูนิต: คำอธิบาย/tooltip,2139651
2139700,Engineer squads' construction speed increased by 16%,ความเร็วในการสร้างทีมทหารช่างสนามเพิ่มขึ้น 16%,ยูนิต: คำอธิบาย/tooltip,2139700
2139750,Engineer squads' construction speed increased by 24%,ความเร็วในการสร้างทีมทหารช่างสนามเพิ่มขึ้น 24%,ยูนิต: คำอธิบาย/tooltip,2139750
2140050,Wire Cutters are used to cut through Barbed Wire fences or destroy field constructed Sand Bags.,เครื่องตัดลวดใช้ในการตัดผ่านรั้วลวดหนามหรือทำลายถุงทรายที่สร้างในสนาม,ยูนิต: คำอธิบาย/tooltip,2140050
2140750,Ambush will enable armed Rocket Squads to enter camouflage when using cover. They'll be able to fire several shots before being detected.,การซุ่มโจมตีจะทำให้ทีมจรวดติดอาวุธสามารถเข้าสู่การพรางตัวได้เมื่อใช้ที่กำบัง พวกมันจะสามารถยิงได้หลายนัดก่อนที่จะถูกตรวจพบ,ยูนิต: คำอธิบาย/tooltip,2140750
2140850,"Located on Strategic Points, this building acts as the Hero Selector.",อาคารนี้ตั้งอยู่บนจุดยุทธศาสตร์ โดยทำหน้าที่เป็นผู้เลือกฮีโร่,ยูนิต: คำอธิบาย/tooltip,2140850|2141550
2142850,Defensive emplacement for locking down sectors and suppressing enemy threats.,ตำแหน่งการป้องกันสำหรับการล็อคภาคส่วนและยิงกดดันตรึงพื้นที่ภัยคุกคามของศัตรู,ยูนิต: คำอธิบาย/tooltip,2142850|2178300
2143251,Saturate area with a combination of 60mm Mortar rounds and off-map artillery.,ระดมยิงปูพรมพื้นที่ด้วยกระสุนปืนครกขนาด 60 มม. ผสานกับการยิงปืนใหญ่นอกแผนที่,ยูนิต: คำอธิบาย/tooltip,2143251
2147450,Use of the Medical Kit will heal your Squad over time.,การใช้ชุดการแพทย์จะรักษาทีมของคุณเมื่อเวลาผ่านไป,ยูนิต: คำอธิบาย/tooltip,2147450
2147651,Equip Riflemen with improvized Anti Tank weapons.,จัดเตรียมอาวุธต่อต้านรถถังให้กับพลปืนไรเฟิล,ยูนิต: คำอธิบาย/tooltip,2147651
2148100,"The vehicle crew will carry out some basic, but necessary repairs.",ลูกเรือจะดำเนินการซ่อมแซมขั้นพื้นฐานแต่จำเป็น,ยูนิต: คำอธิบาย/tooltip,2148100
2148550,The Jeep can recover vehicle wrecks and bring them back to a functional state.,รถจี๊ปสามารถกู้ซากรถและนำรถกลับคืนสู่สภาพใช้งานได้,ยูนิต: คำอธิบาย/tooltip,2148550
2148900,The Dislodger is a Heavy Weapon Team that excels well at ranged battles and flushing units out of cover. Its area of effect and range qualities are great.,Dislodger เป็นทีมอาวุธหนักที่เก่งในการต่อสู้ระยะไกลและขับไล่ยูนิตออกจากที่กำบัง พื้นที่เอฟเฟกต์และคุณภาพระยะของมันนั้นยอดเยี่ยมมาก,ยูนิต: คำอธิบาย/tooltip,2148900|2162450
2149651,Heavy Machine Gun Teams' accuracy increased by 3%,ความแม่นยำของทีมปืนกลหนักเพิ่มขึ้น 3%,ยูนิต: คำอธิบาย/tooltip,2149651
2149700,Heavy Machine Gun Teams' accuracy increased by 6%,ความแม่นยำของทีมปืนกลหนักเพิ่มขึ้น 6%,ยูนิต: คำอธิบาย/tooltip,2149700
2149750,Heavy Machine Gun Teams' accuracy increased by 9%,ความแม่นยำของทีมปืนกลหนักเพิ่มขึ้น 9%,ยูนิต: คำอธิบาย/tooltip,2149750
2149903,M8 Armored Cars carried Mines to be placed along likely routes of Enemy advance.,รถหุ้มเกราะ M8 บรรทุกทุ่นระเบิดเพื่อวางตามเส้นทางที่ศัตรูอาจรุกคืบ,ยูนิต: คำอธิบาย/tooltip,2149903
2149950,Armor Piercing Rounds munition cost reduced by 10%,Armor Piercing Rounds ราคากระสุนลดลง 10%,ยูนิต: คำอธิบาย/tooltip,2149950
2150001,Armor Piercing Rounds munition cost reduced by 20%,Armor Piercing Rounds ราคากระสุนลดลง 20%,ยูนิต: คำอธิบาย/tooltip,2150001
2151352,All Infantry in friendly territory receive defensive bonuses.,ทหารราบทุกคนในดินแดนที่เป็นมิตรจะได้รับโบนัสการป้องกัน,ยูนิต: คำอธิบาย/tooltip,2151352
2151450,Left-click icon and then Left-click target location.,คลิกซ้ายที่ไอคอน จากนั้นคลิกซ้ายที่ตำแหน่งเป้าหมาย,ยูนิต: คำอธิบาย/tooltip,2151450|2201103|2201153|2203653
2153401,Lock-down your vehicle and enter a Camouflaged state.,ล็อคยานพาหนะของคุณและเข้าสู่สถานะพรางตัว,ยูนิต: คำอธิบาย/tooltip,2153401
2153751,Decrease the Upkeep cost of your Troops by 25%.,ลดค่าบำรุงรักษากองทหารของคุณลง 25%,ยูนิต: คำอธิบาย/tooltip,2153751
2154200,Equip all Riflemen Squads with the BAR. Squads equipped with the BAR can use the Suppression Fire ability.,จัดเตรียมหน่วยทหารปืนไรเฟิลทั้งหมดด้วย BAR ทีมที่ติดตั้ง BAR สามารถใช้ความสามารถ Suppression Fire ได้,ยูนิต: คำอธิบาย/tooltip,2154200
2156051,"Stickybomb research acquired automatically at the start of the game, for no cost",การวิจัย Stickybomb ได้มาโดยอัตโนมัติเมื่อเริ่มเกมโดยไม่มีค่าใช้จ่าย,ยูนิต: คำอธิบาย/tooltip,2156051
2156751,An off-map Assault Force is sent in to assist you on the battlefield.,Assault Force นอกแผนที่ถูกส่งเข้ามาเพื่อช่วยเหลือคุณในสนามรบ,ยูนิต: คำอธิบาย/tooltip,2156751
2157200,M4 Shermans are upgraded with the more powerful M1A1C 76mm gun. The weapon trades area effect high explosive for increased armor penetration.,M4 Shermans ได้รับการอัพเกรดด้วยปืน M1A1C 76mm ที่ทรงพลังยิ่งขึ้น พื้นที่แลกเปลี่ยนอาวุธมีเอฟเฟกต์ระเบิดสูงเพื่อเพิ่มการเจาะเกราะ,ยูนิต: คำอธิบาย/tooltip,2157200
2157351,"Requisition Veteran Infantry Squads. Call in Eastern Front Volksgrenadiers, Grenadiers, Stormtrooper, Knights Cross Holders, and Officers.",รับสมัครกองทหารราบทหารผ่านศึก. เรียกอาสาสมัครแนวรบด้านตะวันออก กองทัพบก สตอร์มทรูปเปอร์ ผู้ถือไม้กางเขนอัศวิน และนายทหารสัญญาบัตร,ยูนิต: คำอธิบาย/tooltip,2157351
2157401,"Requisition Veteran Weapon Teams. Includes Pioneers, HMG and Mortar weapon teams, Snipers, Nebelwerfers, 50mm Pak38's, and the 88 Flak.","รับสมัครทีมงานอาวุธยุทโธปกรณ์ รวมถึงทีมอาวุธ Pioneers, HMG และ Mortar, Snipers, Nebelwerfers, 50mm Pak38's และ 88 Flak",ยูนิต: คำอธิบาย/tooltip,2157401
2157450,"Requisition Veteran Vehicles. Vehicles include Motorcycles, Halftracks, and Pumas.",คำขอยานพาหนะทหารผ่านศึก ยานพาหนะ ได้แก่ รถจักรยานยนต์ รถสายพานกึ่งล้อยาง และ Pumas,ยูนิต: คำอธิบาย/tooltip,2157450
2158251,"Release a Heartening Shout encouraging nearby infantry to increase their rate of fire, and reduce the damage they receive.",ปล่อยเสียง Heartening Shout เพื่อกระตุ้นให้ทหารราบที่อยู่ใกล้เคียงเพิ่มอัตราการยิง และลดความเสียหายที่พวกเขาได้รับ,ยูนิต: คำอธิบาย/tooltip,2158251
2158400,The Builder can construct Defensive Emplacements and game play props. This lone builder can become equipped with a Flame Thrower which gives a powerful spray of flames that is efficient at forcing units out of cover. It also acts as a health regenerator making them a more durable unit.,ตัวสร้างสามารถสร้างตำแหน่งการป้องกันและอุปกรณ์ประกอบการเล่นเกมได้ ช่างก่อสร้างคนเดียวนี้สามารถติดตั้งเครื่องพ่นไฟซึ่งพ่นเปลวไฟอันทรงพลังที่มีประสิทธิภาพในการขับไล่ยูนิตออกจากที่กำบัง มันยังทำหน้าที่เป็นตัวสร้างสุขภาพใหม่ ทำให้พวกมันมีความทนทานมากขึ้น,ยูนิต: คำอธิบาย/tooltip,2158400|2161451
2158451,"The Scout is the ultimate Finesse unit. A great capturing and reconnaissance unit, The Scout delivers a quick burst of speed with a Sniper Shot ability making it both combat and reconnaissance savvy.",หน่วยลาดตระเวน คือหน่วยรบที่อาศัยชั้นเชิงและความคล่องตัวขั้นสูงสุด เป็นเลิศทั้งการเข้ายึดพื้นที่และการลาดตระเวนสอดแนม โดยสามารถเร่งความเร็วอย่างฉับพลัน พร้อมความสามารถยิงสไนเปอร์สังหาร ทำให้เชี่ยวชาญทั้งการรบและการลาดตระเวน,ยูนิต: คำอธิบาย/tooltip,2158451|2161350
2158601,The Rocket comes equipped with Rocket Launchers that dispose of enemy vehicular threats. Its Precision and accuracy also come in handy against Elite Infantry types (Scouts & Medics) as it will act as a Sniper Shot. The downfall is its Precision Rocket has a very slow cool down. The Hold Fire ability comes in handy for easier control of the Precision Striking Rocket.,The Rocket มาพร้อมกับ Rocket Launchers ที่จะกำจัดภัยคุกคามจากยานพาหนะของศัตรู ความแม่นยำและความแม่นยำของมันยังมีประโยชน์เมื่อเทียบกับทหารราบประเภท Elite เนื่องจากมันจะทำหน้าที่เป็น Sniper Shot ความหายนะคือ Precision Rocket มีคูลดาวน์ช้ามาก ความสามารถ Hold Fire ช่วยให้ควบคุม Precision Strikeing Rocket ได้ง่ายขึ้น,ยูนิต: คำอธิบาย/tooltip,2158601|2161750
2158851,The Soldier is a very versatile unit that is always useful and offers many soft counters to all types of enemy threats. For basic combat the Allied Soldier performs well at distances and is quite accurate while on the move. The Axis Soldier is more susceptible to long ranged fire but has a higher max movement speed with specialized close combat attributes.,The Soldier เป็นหน่วยที่มีความสามารถรอบด้านซึ่งมีประโยชน์เสมอ และมีระบบโต้ตอบแบบนุ่มนวลมากมายสำหรับภัยคุกคามของศัตรูทุกประเภท สำหรับการต่อสู้ขั้นพื้นฐาน ทหารฝ่ายสัมพันธมิตรทำได้ดีในระยะไกลและค่อนข้างแม่นยำในขณะเคลื่อนที่ Axis Soldier นั้นไวต่อการยิงระยะไกลมากกว่า แต่มีความเร็วในการเคลื่อนที่สูงสุดที่สูงกว่าพร้อมคุณสมบัติการต่อสู้ระยะประชิดแบบพิเศษ,ยูนิต: คำอธิบาย/tooltip,2158851|2161500
2159001,The name says it all; The Sharp Shooter is the special ops Sniper unit.,ชื่อกล่าวมันทั้งหมด Sharp Shooter เป็นหน่วย Sniper ปฏิบัติการพิเศษ,ยูนิต: คำอธิบาย/tooltip,2159001|2161851
2162501,Decrease the Upkeep cost of your Troops by an additional 25%.,ลดค่าบำรุงรักษากองทหารของคุณลงอีก 25%,ยูนิต: คำอธิบาย/tooltip,2162501
2162551,The Machine Gunner is a Heavy Weapon Team that excels well at ranged battles in support for Infantry. Its area of effect and range qualities are great.,Machine Gunner เป็นทีมอาวุธหนักที่เก่งในการรบระยะไกลเพื่อสนับสนุนทหารราบ พื้นที่เอฟเฟกต์และคุณภาพระยะของมันนั้นยอดเยี่ยมมาก,ยูนิต: คำอธิบาย/tooltip,2162551|2197951
2178200,Defensive emplacement that ravishes a devastating flame that tears up enemy threats.,ตำแหน่งการป้องกันที่ทำลายล้างเปลวไฟทำลายล้างที่ฉีกภัยคุกคามของศัตรู,ยูนิต: คำอธิบาย/tooltip,2178200|2178250
2178400,A P-47 Thunderbolt will drop bombs on targets in the selected area.,P-47 Thunderbolt จะทิ้งระเบิดใส่เป้าหมายในพื้นที่ที่เลือก,ยูนิต: คำอธิบาย/tooltip,2178400
2178551,Squads that are not at full capacity for the duration of the ability receive bonuses for each member of the squad lost.,ทีมที่ไม่เต็มประสิทธิภาพตลอดระยะเวลาความสามารถจะได้รับโบนัสสำหรับสมาชิกแต่ละคนในทีมที่สูญเสียไป,ยูนิต: คำอธิบาย/tooltip,2178551
2199901,Support Airborne land with an Airdropped Anti Tank gun for extra firepower against Vehicles and Buildings.,สนับสนุนภาคพื้นดินทางอากาศด้วยปืนต่อสู้รถถังที่ทิ้งลงอากาศเพื่ออำนาจการยิงเพิ่มเติมต่อยานพาหนะและอาคาร,ยูนิต: คำอธิบาย/tooltip,2199901
2200354,"The M1 57mm Anti Tank Gun offered reasonable protection against Enemy Tanks, but could also tackle hardened Structures. AP Shells improve armor penetration.",ปืนต่อสู้รถถัง M1 57 มม. ให้การป้องกันที่สมเหตุสมผลต่อรถถังศัตรู แต่ก็สามารถรับมือกับโครงสร้างที่แข็งกระด้างได้เช่นกัน AP Shells ปรับปรุงการเจาะเกราะ,ยูนิต: คำอธิบาย/tooltip,2200354
2200602,"A devious tactic intended to wreak havoc on all Commanders' ability to control the battle.  Commander Tree access, radar, and radio frequencies are the victims of this assault.",กลยุทธ์อันคดเคี้ยวที่มีจุดมุ่งหมายเพื่อสร้างความเสียหายให้กับความสามารถของผู้บัญชาการทุกคนในการควบคุมการต่อสู้ การเข้าถึงแผนผังผู้บัญชาการ เรดาร์ และความถี่วิทยุเป็นเหยื่อของการโจมตีครั้งนี้,ยูนิต: คำอธิบาย/tooltip,2200602
2200603,Left-click icon to activate Blackout for its duration.,คลิกซ้ายที่ไอคอนเพื่อเปิดใช้งาน Blackout ตามระยะเวลา,ยูนิต: คำอธิบาย/tooltip,2200603
2200652,"For the duration of the ability lost non-heroic Rifleman, Engineer, and Ranger squads will be replaced.",ในช่วงระยะเวลาของความสามารถที่สูญเสียไป ทีมปืนไรเฟิล ทหารช่างสนามสนาม และหมู่ทหารเรนเจอร์ที่ไม่ใช่ฮีโร่จะถูกแทนที่,ยูนิต: คำอธิบาย/tooltip,2200652
2200653,Left-click icon to activate Infantry Attrition for its duration.,คลิกซ้ายที่ไอคอนเพื่อเปิดใช้งาน Infantry Attrition ตามระยะเวลา,ยูนิต: คำอธิบาย/tooltip,2200653
2200701,The selected ambient building is upgraded to a Forward Barracks.,สิ่งปลูกสร้างโดยรอบที่เลือกจะได้รับการอัปเกรดเป็นค่ายทหารข้างหน้า,ยูนิต: คำอธิบาย/tooltip,2200701
2200703,Left-click icon and then Left-click target structure.,คลิกซ้ายที่ไอคอน จากนั้นคลิกซ้ายที่โครงสร้างเป้าหมาย,ยูนิต: คำอธิบาย/tooltip,2200703
2201101,Supplies will be air-dropped in at the selected locations.,สิ่งของจะถูกส่งทางอากาศไปยังสถานที่ที่เลือก,ยูนิต: คำอธิบาย/tooltip,2201101
2201152,"Decoys are air-dropped in the selected area, potentially drawing unfocused enemy fire.",ตัวล่อจะถูกทิ้งทางอากาศในพื้นที่ที่เลือก ซึ่งอาจดึงดูดการยิงของศัตรูที่ไม่ได้โฟกัสได้,ยูนิต: คำอธิบาย/tooltip,2201152
2203001,"For the duration Armour Bounty is active, all vehicle units who score the killing blow on an enemy unit will score a resource bounty for the player, initially 10% of the killed units resource value.",ตลอดระยะเวลาที่ค่ารางวัลเกราะทำงาน หน่วยยานพาหนะทุกคันที่ทำคะแนนการสังหารศัตรูได้จะได้รับคะแนนค่าหัวทรัพยากรสำหรับผู้เล่น โดยเริ่มแรก 10% ของมูลค่าทรัพยากรหน่วยที่ถูกสังหาร,ยูนิต: คำอธิบาย/tooltip,2203001
2203003,Left-click icon to activate Armour Bounty for its duration.,คลิกซ้ายที่ไอคอนเพื่อเปิดใช้งาน Armor Bounty ตามระยะเวลา,ยูนิต: คำอธิบาย/tooltip,2203003
2203051,Replaces a destroyed Allied tank with a new Tank for a period of time.,แทนที่รถถังพันธมิตรที่ถูกทำลายด้วยรถถังใหม่เป็นระยะเวลาหนึ่ง,ยูนิต: คำอธิบาย/tooltip,2203051
2203052,Left-click icon to activate Allied War Machine for a duration,คลิกซ้ายที่ไอคอนเพื่อเปิดใช้งาน Allied War Machine ชั่วระยะเวลาหนึ่ง,ยูนิต: คำอธิบาย/tooltip,2203052
2203201,The Pershing fires one specialty shell for extended range that is guaranteed to hit targets in the open.,Pershing ยิงกระสุนพิเศษหนึ่งนัดเพื่อระยะการยิงที่ขยายออกไปซึ่งรับประกันว่าจะสามารถโจมตีเป้าหมายในที่โล่งได้,ยูนิต: คำอธิบาย/tooltip,2203201
2203301,Flares are triggered in the area revealing it and any camouflaged units for a period of time.,พลุจะถูกจุดขึ้นในพื้นที่ที่แสดงตัวมันและยูนิตที่พรางตัวไว้เป็นระยะเวลาหนึ่ง,ยูนิต: คำอธิบาย/tooltip,2203301
2203353,The selected infantry squad will instantly Camouflage. Units Camouflaged will stay Camouflaged until they enter combat or are detected.,หมู่ทหารราบที่เลือกจะพรางตัวทันที หน่วยที่พรางตัวจะยังคงพรางตัวอยู่จนกว่าพวกเขาจะเข้าสู่การต่อสู้หรือถูกตรวจพบ,ยูนิต: คำอธิบาย/tooltip,2203353
2203451,All infantry in friendly territory will sprint for the duration of this ability.,ทหารราบทุกคนในดินแดนที่เป็นมิตรจะวิ่งอย่างรวดเร็วตลอดระยะเวลาของความสามารถนี้,ยูนิต: คำอธิบาย/tooltip,2203451
2203453,Left-click icon to activate Aggressive Defense for its duration.,คลิกซ้ายที่ไอคอนเพื่อเปิดใช้งานการป้องกันเชิงรุกในช่วงเวลาดังกล่าว,ยูนิต: คำอธิบาย/tooltip,2203453
2203551,All infantry non-heroic units in friendly territory will camouflage for the duration of the ability.,หมู่ทหารราบที่ไม่ใช่วีรบุรุษทุกหน่วยในดินแดนที่เป็นมิตรจะพรางตัวตลอดระยะเวลาของความสามารถ,ยูนิต: คำอธิบาย/tooltip,2203551
2203552,Left-click icon to activate Fatherland Ambush for its duration.,คลิกซ้ายที่ไอคอนเพื่อเปิดใช้งาน Fatherland Ambush ในช่วงเวลาดังกล่าว,ยูนิต: คำอธิบาย/tooltip,2203552
2203601,For the duration of this ability all units lost by the player will award the player resources.,ในช่วงเวลาของความสามารถนี้ ทุกยูนิตที่ผู้เล่นสูญเสียไปจะได้รับทรัพยากรของผู้เล่น,ยูนิต: คำอธิบาย/tooltip,2203601
2203603,Left-click icon to activate Recoup Losses for its duration.,คลิกซ้ายที่ไอคอนเพื่อเปิดใช้งานการชดเชยการสูญเสียตามระยะเวลา,ยูนิต: คำอธิบาย/tooltip,2203603
2203652,Drop smoke in the targeted area obscuring the vision and reducing the combat effectiveness of anything firing into or through the smoke.,ปล่อยควันในพื้นที่เป้าหมายเพื่อบดบังการมองเห็น และลดประสิทธิภาพการต่อสู้ของทุกสิ่งที่ยิงเข้าหรือผ่านควัน,ยูนิต: คำอธิบาย/tooltip,2203652|2242101
2203701,Forces the target of this ability to retreat back to its Headquarters.,บังคับให้เป้าหมายของความสามารถนี้ถอยทัพไปยังกองบัญชาการ,ยูนิต: คำอธิบาย/tooltip,2203701
2204101,The Terror Officer marks a small area for a quick Firestorm Rocket strike.,นายทหารสัญญาบัตรก่อการร้ายทำเครื่องหมายพื้นที่เล็กๆ เพื่อโจมตีจรวดพายุเพลิงอย่างรวดเร็ว,ยูนิต: คำอธิบาย/tooltip,2204101
2204153,Replace Casualties. Must be in proximity to a Tank Depot to reinforce.,แทนที่ผู้บาดเจ็บล้มตาย ต้องอยู่ใกล้กับ Tank Depot เพื่อเสริมกำลัง,ยูนิต: คำอธิบาย/tooltip,2204153|2204203|2204303|2204353|2204403
2204201,Elite assault Troops that deploy with M9 Bazooka's and the option to upgrade to Thompson SMGs. Excels in all combat situations. Can be equipped with Grenades.,กองกำลังโจมตีชั้นยอดที่ส่งกำลังรบกับ M9 Bazooka's และตัวเลือกในการอัพเกรดเป็น Thompson SMG โดดเด่นในทุกสถานการณ์การต่อสู้ สามารถติดตั้งระเบิดได้,ยูนิต: คำอธิบาย/tooltip,2204201
2204305,Less than the maximum of 3 Mortar Squads per player on the battlefield,มีหมวดปืนครกในสนามรบน้อยกว่าจำนวนจำกัดสูงสุด 3 หมวดต่อผู้เล่น,ยูนิต: คำอธิบาย/tooltip,2204305|2259952
2218351,"The target of this ability suffers evasion penalties, all units firing at the target experience better accuracy.",เป้าหมายของความสามารถนี้จะถูกลงโทษจากการหลบหลีก ทุกหน่วยที่ยิงไปที่เป้าหมายจะมีความแม่นยำมากขึ้น,ยูนิต: คำอธิบาย/tooltip,2218351
2218352,Left-click icon and then left-click target to cast Mark Target.,คลิกซ้ายที่ไอคอน จากนั้นคลิกซ้ายที่เป้าหมายเพื่อร่าย Mark Target,ยูนิต: คำอธิบาย/tooltip,2218352
2218400,Mark the selected infantry squad increasing accuracy of all units firing at that squad.,ทำเครื่องหมายหมู่ทหารราบที่เลือกเพื่อเพิ่มความแม่นยำของทุกหน่วยที่ยิงใส่หน่วยนั้น,ยูนิต: คำอธิบาย/tooltip,2218400
2218901,"Deploys Engineers and Riflemen.  Additional units such as Rangers, Mortar Teams, HMG Teams, and Snipers can also be deployed after they are unlocked.","ส่งกำลังรบทหารช่างสนามและปืนไรเฟิล หน่วยเพิ่มเติมเช่น Rangers, Mortar Teams, HMG Teams และ Snipers สามารถใช้งานได้หลังจากปลดล็อคแล้ว",ยูนิต: คำอธิบาย/tooltip,2218901
2218904,"Deploys Jeeps.  Additional units such as M8 Greyhounds, 57mm Anti-Tank guns, M4 Shermans, M10 Tank Destroyers, and M26 Pershings can also be deployed after they are unlocked.","ส่งกำลังรบรถจี๊ป หน่วยเพิ่มเติม เช่น M8 Greyhounds, ปืนต่อสู้รถถัง 57 มม., M4 Shermans, M10 Tank Destroyers และ M26 Pershings สามารถนำไปใช้ได้หลังจากปลดล็อคแล้ว",ยูนิต: คำอธิบาย/tooltip,2218904
2218951,"Deploys Pioneers and Volksgrenadiers.  Additional units such as Grenadier, Mortar Teams, HMG Teams, and Snipers can also be deployed after they are unlocked.","เคลื่อนกำลังผู้บุกเบิกและกลุ่ม Volksgrenadiers หน่วยเพิ่มเติม เช่น เกรนาเดียร์, Mortar Teams, HMG Teams และ Snipers ก็สามารถนำไปใช้งานได้หลังจากปลดล็อคแล้ว",ยูนิต: คำอธิบาย/tooltip,2218951
2218956,"Deploys Motorcycles.  Additional units such as Sdkfz 234 Pumas, Stug IVs, Panzer IVs, Panthers, and Tigers can also be deployed after they are unlocked.","ส่งกำลังรบรถจักรยานยนต์ ยูนิตเพิ่มเติม เช่น Sdkfz 234 Pumas, ชตุก IVs, Panzer IVs, Panthers และ Tigers ยังสามารถใช้งานได้หลังจากปลดล็อคแล้ว",ยูนิต: คำอธิบาย/tooltip,2218956
2219450,Squads within the proximity of the Field Pioneer squad will heal during the use of this ability.  While being healed squads are slowed.,ทีมที่อยู่ในบริเวณใกล้เคียงกับทีม Field Pioneer จะได้รับการฮีลระหว่างการใช้ความสามารถนี้ ในขณะที่กำลังรักษาทีมจะถูกทำให้ช้าลง,ยูนิต: คำอธิบาย/tooltip,2219450
2221601,Halftracks receive a Moderate sight range bonus.,รถสายพานกึ่งล้อยาง จะได้รับโบนัสระยะการมองเห็นปานกลาง,ยูนิต: คำอธิบาย/tooltip,2221601
2222350,Heavy Machine Gun - Armor Piercing Discount II,ปืนกลหนัก - ส่วนลดการเจาะเกราะ II,ยูนิต: คำอธิบาย/tooltip,2222350
2224001,Decreases the build time of infantry by 8 percent,ลดเวลาในการสร้างทหารราบลง 8 เปอร์เซ็นต์,ยูนิต: คำอธิบาย/tooltip,2224001
2224051,Decreases the build time of infantry by 16 percent,ลดเวลาในการสร้างทหารราบลง 16 เปอร์เซ็นต์,ยูนิต: คำอธิบาย/tooltip,2224051
2226400,"Crippling Traps will only trigger on enemy infantry, once triggered all infantry caught in the radius will be slowed.",Crippling Traps จะทำงานเฉพาะกับทหารราบศัตรูเท่านั้น เมื่อทำงานแล้ว ทหารราบทั้งหมดที่อยู่ในรัศมีจะถูกทำให้ช้าลง,ยูนิต: คำอธิบาย/tooltip,2226400
2228801,Deployed AT guns can fire twice before emerging from camouflage,ปืน AT ที่ประจำการสามารถยิงได้สองครั้งก่อนที่จะออกจากลายพราง,ยูนิต: คำอธิบาย/tooltip,2228801
2229851,Reduces grenade detonation timer by 0.1 seconds,ลดเวลาการระเบิดของระเบิดมือลง 0.1 วินาที,ยูนิต: คำอธิบาย/tooltip,2229851
2229900,Reduces grenade detonation timer by 0.2 seconds,ลดเวลาการระเบิดของระเบิดมือลง 0.2 วินาที,ยูนิต: คำอธิบาย/tooltip,2229900
2229950,Reduces grenade detonation timer by 0.3 seconds,ลดเวลาการระเบิดของระเบิดมือลง 0.3 วินาที,ยูนิต: คำอธิบาย/tooltip,2229950
2231800,Knight's Cross Holders - Accuracy on the Move I,ผู้ถือไม้กางเขนของอัศวิน - ความแม่นยำในการเคลื่อนที่ I,ยูนิต: คำอธิบาย/tooltip,2231800
2231801,Increases weapon accuracy while moving by 3 percent,เพิ่มความแม่นยำของอาวุธขณะเคลื่อนที่ 3 เปอร์เซ็นต์,ยูนิต: คำอธิบาย/tooltip,2231801
2231850,Increases weapon accuracy while moving by 6 percent,เพิ่มความแม่นยำของอาวุธขณะเคลื่อนที่ 6 เปอร์เซ็นต์,ยูนิต: คำอธิบาย/tooltip,2231850
2231851,Knight's Cross Holders - Accuracy on the Move II,ผู้ถือไม้กางเขนของอัศวิน - ความแม่นยำในการเคลื่อนที่ II,ยูนิต: คำอธิบาย/tooltip,2231851
2231900,Increases weapon accuracy while moving by 9 percent,เพิ่มความแม่นยำของอาวุธขณะเคลื่อนที่ 9 เปอร์เซ็นต์,ยูนิต: คำอธิบาย/tooltip,2231900
2231901,Knight's Cross Holders - Accuracy on the Move III,ผู้ถือไม้กางเขนของอัศวิน - ความแม่นยำในการเคลื่อนที่ III,ยูนิต: คำอธิบาย/tooltip,2231901
2235751,Increases sandbag construction speed by 10 percent,เพิ่มความเร็วในการก่อสร้างกระสอบทราย 10 เปอร์เซ็นต์,ยูนิต: คำอธิบาย/tooltip,2235751
2235800,Increases sandbag construction speed by 20 percent,เพิ่มความเร็วในการก่อสร้างกระสอบทราย 20 เปอร์เซ็นต์,ยูนิต: คำอธิบาย/tooltip,2235800
2235850,Increases sandbag construction speed by 30 percent,เพิ่มความเร็วในการสร้างกระสอบทราย 30 เปอร์เซ็นต์,ยูนิต: คำอธิบาย/tooltip,2235850
2238001,Plant Demolitions with the Engineer anywhere on the terrain,รื้อถอนโรงงานกับทหารช่างสนามได้ทุกที่บนพื้นที่,ยูนิต: คำอธิบาย/tooltip,2238001
2238201,Select a target to affect with Ensnare in order to slow it down.  Your Scout will get a kill credit for any unit that is destroyed while affected with Ensnare,เลือกเป้าหมายที่จะใช้กับดักพันธนาการ เพื่อชะลอความเร็วของศัตรู หน่วยลาดตระเวนของคุณจะได้รับเครดิตการสังหารสำหรับยูนิตใดๆ ที่ถูกทำลายขณะตกอยู่ภายใต้ผลของ Ensnare,ยูนิต: คำอธิบาย/tooltip,2238201
2238500,Gain a 10 percent damage bonus to sticky bombs,ได้รับโบนัสความเสียหาย 10 เปอร์เซ็นต์จากระเบิดเหนียวดักรถถัง,ยูนิต: คำอธิบาย/tooltip,2238500
2238651,The Demolisher is an ordinary looking military vehicle that has been specially modified with a powerful explosive self destruct mechanism.,Demolisher เป็นยานพาหนะทางทหารที่ดูธรรมดาซึ่งได้รับการดัดแปลงเป็นพิเศษด้วยกลไกการทำลายตนเองด้วยระเบิดอันทรงพลัง,ยูนิต: คำอธิบาย/tooltip,2238651|2238701
2238654,You can only have one Demolisher at a time in your army.,คุณสามารถมีเครื่องทำลายล้างได้ครั้งละหนึ่งเครื่องในกองทัพของคุณเท่านั้น,ยูนิต: คำอธิบาย/tooltip,2238654|2238704
2240950,"Units under the effects of HVAP experience an increase in attack rate, penetration, accuracy, and even gain veterancy at an accelerated rate",หน่วยที่อยู่ภายใต้ผลกระทบของ HVAP จะได้รับอัตราการโจมตี การเจาะเกราะ ความแม่นยำเพิ่มขึ้น และแม้กระทั่งได้รับประสบการณ์ทหารผ่านศึกในอัตราเร่ง,ยูนิต: คำอธิบาย/tooltip,2240950
2240951,Left-click icon and then Left-click target unit.,คลิกซ้ายที่ไอคอน จากนั้นคลิกซ้ายที่หน่วยเป้าหมาย,ยูนิต: คำอธิบาย/tooltip,2240951|2241602
2241000,Call in a Squad of Stormtroopers for Reinforcement,เรียกหน่วยสตอร์มทรูปเปอร์เข้ามาเสริมกำลัง,ยูนิต: คำอธิบาย/tooltip,2241000
2241051,Left-click icon to activate Morale Command for its duration.,คลิกซ้ายที่ไอคอนเพื่อเปิดใช้งาน Morale Command ในช่วงระยะเวลาหนึ่ง,ยูนิต: คำอธิบาย/tooltip,2241051
2241100,"While not very combat effective, Contacted Reinforcements are experts of static defense",แม้ว่าการต่อสู้จะไม่มีประสิทธิภาพมากนัก แต่กองกำลังเสริมแบบสัมผัสก็เป็นผู้เชี่ยวชาญด้านการป้องกันแบบสถิต,ยูนิต: คำอธิบาย/tooltip,2241100
2241501,Call in a squad of Flamethrower wielding Engineers,เรียกหน่วยเครื่องพ่นไฟที่ถือทหารช่างสนามเข้ามา,ยูนิต: คำอธิบาย/tooltip,2241501
2241502,Left-click icon and then Left-click target friendly building to Reinforce.,คลิกซ้ายที่ไอคอน จากนั้นคลิกซ้ายสิ่งก่อสร้างที่เป็นมิตรเป้าหมายเพื่อเสริมกำลัง,ยูนิต: คำอธิบาย/tooltip,2241502
2241551,"Encourage the targeted units to heroic theatrics, making them run faster.",ส่งเสริมให้หน่วยเป้าหมายแสดงละครที่กล้าหาญ ทำให้พวกเขาวิ่งเร็วขึ้น,ยูนิต: คำอธิบาย/tooltip,2241551
2241601,"Encourage the selected units to heroic theatrics, making them run faster.",สนับสนุนให้ยูนิตที่เลือกแสดงละครที่กล้าหาญ ทำให้พวกเขาวิ่งเร็วขึ้น,ยูนิต: คำอธิบาย/tooltip,2241601
2241651,Call down a canister of gas that will damage units over time in the selected area.,เรียกถังแก๊สลงมาที่จะสร้างความเสียหายต่อยูนิตในพื้นที่ที่เลือก,ยูนิต: คำอธิบาย/tooltip,2241651
2241752,"Inspire troops in the selected area, increasing their rate of fire.",สร้างแรงบันดาลใจให้กับกองทหารในพื้นที่ที่เลือก เพิ่มอัตราการยิง,ยูนิต: คำอธิบาย/tooltip,2241752|2241801
2241902,Order your infantry to pillage enemy troops for a period of time.  While activated all kills made by the players infantry will reward the player with resources.,สั่งให้ทหารราบของคุณปล้นกองกำลังศัตรูเป็นระยะเวลาหนึ่ง ในขณะที่เปิดใช้งานการสังหารทั้งหมดที่ทำโดยทหารราบของผู้เล่นจะให้รางวัลแก่ผู้เล่นด้วยทรัพยากร,ยูนิต: คำอธิบาย/tooltip,2241902|2241951
2241903,Left-click icon to activate Infantry Pillage for its duration.,คลิกซ้ายที่ไอคอนเพื่อเปิดใช้งาน Infantry Pillage ตามระยะเวลา,ยูนิต: คำอธิบาย/tooltip,2241903
2242002,Infantry non-heroic units in the selected area will instantly Camouflage. Units Camouflaged will stay Camouflaged until they enter combat or are detected.,หมู่ทหารราบที่ไม่ใช่วีรบุรุษในพื้นที่ที่เลือกจะพรางตัวทันที หน่วยที่พรางตัวจะยังคงพรางตัวอยู่จนกว่าพวกเขาจะเข้าสู่การต่อสู้หรือถูกตรวจพบ,ยูนิต: คำอธิบาย/tooltip,2242002
2242051,"A devious tactic intended to wreak havoc on Commanders' ability to control the battle.  Commander Tree access, radar, and radio frequencies are the victims of this assault.",กลยุทธ์อันคดเคี้ยวที่มีจุดมุ่งหมายเพื่อสร้างความเสียหายให้กับความสามารถของผู้บัญชาการในการควบคุมการต่อสู้ การเข้าถึงแผนผังผู้บัญชาการ เรดาร์ และความถี่วิทยุเป็นเหยื่อของการโจมตีครั้งนี้,ยูนิต: คำอธิบาย/tooltip,2242051
2242151,Call in a Stuka Halftrack capable of a long-range rocket barrage.,เรียก Stuka รถสายพานกึ่งล้อยาง ที่สามารถโจมตีจรวดระยะไกลได้,ยูนิต: คำอธิบาย/tooltip,2242151
2242200,Halftrack equipped with Wurfrahmen 40 rockets ('Stuka zu Fuss').,รถสายพานกึ่งล้อยาง ติดตั้งจรวด Wurfrahmen 40,ยูนิต: คำอธิบาย/tooltip,2242200
2242252,All Axis Units in the selected area who are not moving will receive defensive bonuses.,หน่วยฝ่ายอักษะทั้งหมดในพื้นที่ที่เลือกซึ่งไม่เคลื่อนไหวจะได้รับโบนัสการป้องกัน,ยูนิต: คำอธิบาย/tooltip,2242252|2242301
2242801,Temporarily removes the Fog of War and makes any infantry within the target area easier to hit.,กำจัด Fog of War ชั่วคราว และทำให้ทหารราบที่อยู่ในพื้นที่เป้าหมายถูกโจมตีได้ง่ายขึ้น,ยูนิต: คำอธิบาย/tooltip,2242801
2242853,Friendly troops in the area will recieve a single shot heal that heals a medium amount of damage.,กองกำลังฝ่ายเดียวกันในพื้นที่จะได้รับการรักษาด้วยการยิงนัดเดียวซึ่งจะรักษาความเสียหายได้ปานกลาง,ยูนิต: คำอธิบาย/tooltip,2242853
2242902,Detonates an explosive device that destroys the unit and damages everything around it.,ระเบิดอุปกรณ์ระเบิดที่จะทำลายยูนิตและสร้างความเสียหายให้กับทุกสิ่งรอบตัว,ยูนิต: คำอธิบาย/tooltip,2242902
2242950,Infantry units in the selected area will instantly Camouflage. Units Camouflaged will stay Camouflaged until they enter combat or are detected.,หมู่ทหารราบในพื้นที่ที่เลือกจะพรางตัวทันที หน่วยที่พรางตัวจะยังคงพรางตัวอยู่จนกว่าพวกเขาจะเข้าสู่การต่อสู้หรือถูกตรวจพบ,ยูนิต: คำอธิบาย/tooltip,2242950
2242951,Camouflage will break once combat has been engaged.,การพรางตัวจะพังเมื่อการต่อสู้เกิดขึ้น,ยูนิต: คำอธิบาย/tooltip,2242951
2243202,"For a short duration, this Hero receives half damage.",ฮีโร่นี้จะได้รับความเสียหายครึ่งหนึ่งในช่วงเวลาสั้นๆ,ยูนิต: คำอธิบาย/tooltip,2243202
2243250,The Base Medic provides healing to nearby units.  It also has the ability to do a single shot emergency heal of all units within a specified area.,Base Medic ให้การรักษาแก่ยูนิตใกล้เคียง นอกจากนี้ยังมีความสามารถในการรักษาฉุกเฉินด้วยนัดเดียวของทุกยูนิตภายในพื้นที่ที่กำหนด,ยูนิต: คำอธิบาย/tooltip,2243250
2243300,The Field Medic provides healing to units nearby and is equipped with incendiary grenades.,Field Medic ให้การรักษาแก่ยูนิตใกล้เคียงและติดตั้งระเบิดเพลิง,ยูนิต: คำอธิบาย/tooltip,2243300|2244050
2243350,The Guardian Commando is capable of dropping concealing smoke to break suppression.,หน่วยคอมมานโดผู้พิทักษ์สามารถทิ้งควันที่ปกปิดไว้เพื่อทำลายการยิงกดดันตรึงกำลังได้,ยูนิต: คำอธิบาย/tooltip,2243350|2244100
2243400,Commandos can become fired up in order to break through enemy lines and can also conceal themselves within a smoke screen.,หน่วยคอมมานโดสามารถถูกยิงออกไปเพื่อบุกทะลวงแนวศัตรูและยังสามารถซ่อนตัวอยู่ในม่านควันได้อีกด้วย,ยูนิต: คำอธิบาย/tooltip,2243400|2244150
2243450,Demolition Engineers can plant demolition charges and are armed with SMGs,ทหารช่างสนามรื้อถอนสามารถตั้งข้อหารื้อถอนและติดอาวุธด้วย SMG,ยูนิต: คำอธิบาย/tooltip,2243450
2243500,"The Engineer can throw satchel charges, and is armed with a flamethrower.",ทหารช่างสนามสามารถขว้างกระเป๋าและติดอาวุธด้วยเครื่องพ่นไฟ,ยูนิต: คำอธิบาย/tooltip,2243500
2243550,"Schooled in many tactical doctrines, the Cunning Officer prefers camouflaged ambushes.",ด้วยการศึกษาหลักคำสอนทางยุทธวิธีมากมาย นายทหารสัญญาบัตรเจ้าเล่ห์ชอบการซุ่มโจมตีที่พรางตัว,ยูนิต: คำอธิบาย/tooltip,2243550|2244300
2243601,"Leading by example, the Inspirational Officer can inspire troops to perform great deeds.",นำโดยตัวอย่าง นายทหารสัญญาบัตรสร้างแรงบันดาลใจสามารถสร้างแรงบันดาลใจให้กองทหารทำความ็อดีได้,ยูนิต: คำอธิบาย/tooltip,2243601|2244351
2243651,Defender Heavy Weapons Specialists are armed with LMGs and can take lots of punishment.,ผู้เชี่ยวชาญด้านอาวุธหนักผู้พิทักษ์ติดอาวุธด้วย LMG และสามารถรับโทษได้มากมาย,ยูนิต: คำอธิบาย/tooltip,2243651
2243702,Storm Heavy Weapons Specialists are armed with LMGs and can take lots of punishment.,ผู้เชี่ยวชาญด้านอาวุธหนักของพายุติดอาวุธด้วย LMG และสามารถรับโทษได้มากมาย,ยูนิต: คำอธิบาย/tooltip,2243702|2244600|2244650
2243752,Observation Scouts are armed with an Ensnare ability that prevents enemies from following them back.,Observation Scouts ติดอาวุธด้วยความสามารถ Ensnare ที่ป้องกันไม่ให้ศัตรูติดตามพวกเขากลับมา,ยูนิต: คำอธิบาย/tooltip,2243752|2244400
2243800,"Eager to prove themselves, Vanguard Scouts are fearless on the attack.",ด้วยความกระตือรือร้นที่จะพิสูจน์ตัวเอง Vanguard Scouts จึงไม่เกรงกลัวต่อการโจมตี,ยูนิต: คำอธิบาย/tooltip,2243800|2244450
2243850,Highly skilled camouflage sniper who is effective against all Infantry. This Marksman can perform a Vital Shot.,นักแม่นปืนลายพรางที่มีทักษะสูงซึ่งสามารถต่อสู้กับทหารราบทุกคนได้ นักแม่นปืนคนนี้สามารถยิง Vital Shot ได้,ยูนิต: คำอธิบาย/tooltip,2243850
2243900,The Daredevil's speed makes it an ideal Reconnaissance unit.  It also has the ability to repair itself when damaged.,ความเร็วของ Daredevil ทำให้เป็นหน่วยลาดตระเวนในอุดมคติ อีกทั้งยังมีความสามารถในการซ่อมแซมตัวเองเมื่อได้รับความเสียหาย,ยูนิต: คำอธิบาย/tooltip,2243900|2244750
2243950,The Illuminator can drop flares to reveal parts of the battlefield and is adept at field repair.,ตัวเรืองแสงสามารถปล่อยพลุเพื่อเผยให้เห็นบางส่วนของสนามรบและเชี่ยวชาญในการซ่อมแซมภาคสนาม,ยูนิต: คำอธิบาย/tooltip,2243950|2244700
2244000,The Base Medic provides healing to nearby units. It also has the ability to do a single shot emergency heal of all units within a specified area.,Base Medic ให้การรักษาแก่ยูนิตใกล้เคียง นอกจากนี้ยังมีความสามารถในการรักษาฉุกเฉินด้วยนัดเดียวของทุกยูนิตภายในพื้นที่ที่กำหนด,ยูนิต: คำอธิบาย/tooltip,2244000
2244200,Demolition Pioneers can plant demolition charges and are armed with SMGs,ผู้บุกเบิกการทำลายล้างสามารถตั้งข้อหาทำลายล้างและติดอาวุธด้วย SMG,ยูนิต: คำอธิบาย/tooltip,2244200
2244250,"The Pioneer can throw satchel charges, and is armed with a flamethrower.",ผู้บุกเบิกสามารถขว้างกระเป๋าและติดอาวุธด้วยเครื่องพ่นไฟ,ยูนิต: คำอธิบาย/tooltip,2244250
2244500,"Highly skilled with a scoped rifle, and effective against all Infantry. Infiltrator Snipers can use the Camouflage ability.",มีทักษะสูงในการใช้ปืนไรเฟิลเล็ง และใช้ได้กับทหารราบทุกคน Snipers แทรกซึมสามารถใช้ความสามารถในการพรางตัวได้,ยูนิต: คำอธิบาย/tooltip,2244500|2255652
2244550,Highly skilled camouflage sniper who is effective against all Infantry. The Marksman can perform a Vital Shot.,นักแม่นปืนลายพรางที่มีทักษะสูงซึ่งสามารถต่อสู้กับทหารราบทุกคนได้ นักแม่นปืนสามารถยิง Vital Shot ได้,ยูนิต: คำอธิบาย/tooltip,2244550
2244801,Bring in smoke for retreating out of bad situations,สร้างม่านควันเพื่อล่าถอยออกจากสถานการณ์คับขัน,ยูนิต: คำอธิบาย/tooltip,2244801
2244852,Grenades will do more damage with this upgrade.,ระเบิดมือจะสร้างความเสียหายได้มากขึ้นด้วยการอัพเกรดนี้,ยูนิต: คำอธิบาย/tooltip,2244852|2244900|2244950|2245001|2245051|2245101
2245152,"Fire Armor Piercing rounds for 30 seconds, at the cost of 1 munitions",ยิงกระสุนเจาะเกราะ เป็นเวลา 30 วินาที โดยใช้ยุทโธปกรณ์ 1 หน่วย,ยูนิต: คำอธิบาย/tooltip,2245152
2245252,Plant Mines around the map to slow down your enemy.,วางทุ่นระเบิดรอบแผนที่เพื่อทำให้ศัตรูของคุณช้าลง,ยูนิต: คำอธิบาย/tooltip,2245252
2245302,"Self Repairs the tank over time, at the cost of 2 munitions",ซ่อมแซมรถถังด้วยตนเองเมื่อเวลาผ่านไป โดยมีค่าใช้จ่าย 2 กระสุน,ยูนิต: คำอธิบาย/tooltip,2245302
2246151,"Engineers are explosives specialists, utilizing satchel charges to cause destruction.",ทหารช่างสนามเป็นผู้เชี่ยวชาญด้านวัตถุระเบิด โดยใช้ประโยชน์จากกระเป๋าเพื่อทำลายล้าง,ยูนิต: คำอธิบาย/tooltip,2246151|2255001|2255101
2246158,"Medics can heal units on the fly, and can either be equipped with incendiary grenades, or perform emergency first aid on the battlefield.",แพทย์สามารถรักษายูนิตได้ทันที และสามารถติดตั้งระเบิดเพลิง หรือทำการปฐมพยาบาลฉุกเฉินในสนามรบได้,ยูนิต: คำอธิบาย/tooltip,2246158|2246208|2255007|2255057|2255107|2255157
2246161,"Officers are the elite of the army, able to inspire troops to perform great deeds, or devise cunning plans to deceive the enemy.",นายทหารสัญญาบัตรเป็นชนชั้นสูงของกองทัพ สามารถสร้างแรงบันดาลใจให้กองทหารทำสิ่งที่ยิ่งใหญ่ หรือวางแผนอันชาญฉลาดเพื่อหลอกลวงศัตรู,ยูนิต: คำอธิบาย/tooltip,2246161|2246211|2255010|2255060|2255110|2255160
2246163,"Swift, but lightly armored, the Recon Hero is ideally suited for quick in and out operations.",รวดเร็วแต่มีเกราะเบา Recon Hero เหมาะอย่างยิ่งสำหรับปฏิบัติการเข้าและออกอย่างรวดเร็ว,ยูนิต: คำอธิบาย/tooltip,2246163|2255019|2255119
2246167,"Snipers excel at ranged combat, camouflaging, and delivering critical damage.",สไนเปอร์เป็นเลิศในการต่อสู้ระยะไกล การพรางตัว และสร้างความเสียหายแบบคริติคอล,ยูนิต: คำอธิบาย/tooltip,2246167|2246215|2255066
2246175,The Heavy Weapons Specialist can withstand large amounts of damage and wields a damaging LMG.,ผู้เชี่ยวชาญด้านอาวุธหนักสามารถทนต่อความเสียหายจำนวนมาก และใช้ LMG ที่สร้างความเสียหายได้,ยูนิต: คำอธิบาย/tooltip,2246175|2246225|2255126|2255175
2246201,"Pioneers are explosives specialists, utilizing satchel charges to cause destruction.",ผู้บุกเบิกเป็นผู้เชี่ยวชาญด้านวัตถุระเบิด โดยใช้ประโยชน์จากกระเป๋าเพื่อทำลายล้าง,ยูนิต: คำอธิบาย/tooltip,2246201|2255051|2255151
2246213,"Swift, but lightly armored, the Recon Hero is ideally suited for quick in and out operations",รวดเร็วแต่มีเกราะเบา Recon Hero เหมาะอย่างยิ่งสำหรับปฏิบัติการเข้าและออกอย่างรวดเร็ว,ยูนิต: คำอธิบาย/tooltip,2246213|2255069|2255168
2246650,"The Medic initiates a Heroic Charge making all nearby squads immune to suppression, and increasing their offensive and defensive attributes.",แพทย์เริ่มชาร์จฮีโร่ ซึ่งจะทำให้ทีมใกล้เคียงทั้งหมดมีภูมิคุ้มกันต่อการยิงกดดันตรึงกำลัง และเพิ่มคุณสมบัติการโจมตีและการป้องกันของพวกเขา,ยูนิต: คำอธิบาย/tooltip,2246650
2246700,"Order off-map artillery units to monitor the area and fire if any enemy infantry are detected in the area, these units must be actively seen, it will not trigger in the Fog of War.  This ability can not be used in enemy territory.",สั่งหน่วยปืนใหญ่นอกแผนที่เพื่อตรวจตราพื้นที่และยิงหากตรวจพบทหารราบศัตรูในพื้นที่ หน่วยเหล่านี้จะต้องถูกมองเห็นอย่างแข็งขัน โดยจะไม่จุดชนวนในหมอกสงคราม ความสามารถนี้ไม่สามารถใช้ในดินแดนของศัตรูได้,ยูนิต: คำอธิบาย/tooltip,2246700
2246750,"Breaks any suppression or pinning effects, enveloping the affected area in concealing smoke.",ทำลายเอฟเฟกต์การระงับหรือการตรึงใด ๆ โดยห่อหุ้มพื้นที่ที่ได้รับผลกระทบเพื่อปกปิดควัน,ยูนิต: คำอธิบาย/tooltip,2246750
2255013,"While not as fast as a Recon Hero, the Scout nevertheless has a couple of surprising abilities up its sleeve.",แม้ว่าจะไม่เร็วเท่ากับ Recon Hero แต่ Scout ก็มีความสามารถที่น่าประหลาดใจอยู่บ้าง,ยูนิต: คำอธิบาย/tooltip,2255013|2255063|2255113|2255163
2255016,"Snipers excel in ranged combat.  Some are camouflage specialists, while others know where to aim for maximum damage.",พลซุ่มยิงเก่งในการต่อสู้ระยะไกล บางคนเป็นผู้เชี่ยวชาญด้านการพรางตัว ในขณะที่บางคนรู้ว่าจะเล็งไปที่ใดเพื่อสร้างความเสียหายสูงสุด,ยูนิต: คำอธิบาย/tooltip,2255016
2255022,"A Heavy wields weapons that would normally be considered overkill, such as anti-tank weapons and LMGs.",ทหารสาย Heavy ใช้อาวุธที่มีพลังทำลายล้างสูง เช่น อาวุธต่อต้านรถถังและปืนกลเบา,ยูนิต: คำอธิบาย/tooltip,2255022|2255072
2255116,"Snipers excel in ranged combat. They are camouflage specialists, who know where to aim for maximum damage.",พลซุ่มยิงเก่งในการต่อสู้ระยะไกล พวกเขาเป็นผู้เชี่ยวชาญด้านการพรางตัว ซึ่งรู้ว่าจะเล็งไปที่ใดเพื่อสร้างความเสียหายสูงสุด,ยูนิต: คำอธิบาย/tooltip,2255116|2255165
2255701,Replace Casualties. Must be in proximity to a Panzer Command to reinforce.,แทนที่ผู้บาดเจ็บล้มตาย ต้องอยู่ใกล้กับกองบัญชาการยานเกราะเพื่อเสริมกำลัง,ยูนิต: คำอธิบาย/tooltip,2255701|2255751|2259900|2259950|2260000
2255750,"Primary Builder. Can build and Repair Structures. In this scenario, Pioneers can be equipped with Flamethrowers and can salvage destroyed Vehicles for supplies.",ผู้สร้างหลัก สามารถสร้างและซ่อมแซมโครงสร้างได้ ในสถานการณ์สมมตินี้ ผู้บุกเบิกสามารถติดตั้งเครื่องพ่นไฟและสามารถกอบกู้ยานพาหนะที่ถูกทำลายเพื่อเป็นเสบียงได้,ยูนิต: คำอธิบาย/tooltip,2255750
2255951,Combat-hardened soldiers with additional engineering and construction resources,ทหารที่แข็งแกร่งในการรบด้วยทรัพยากรด้านทหารช่างสนามรมและการก่อสร้างเพิ่มเติม,ยูนิต: คำอธิบาย/tooltip,2255951
2256052,Increase Sight Radius and detects Camoflaged tanks and mines for a short time,เพิ่มรัศมีการมองเห็นและตรวจจับรถถังและทุ่นระเบิดลายพรางในช่วงเวลาสั้นๆ,ยูนิต: คำอธิบาย/tooltip,2256052
2256252,Button an enemy vehicle to immobilize it briefly,กดปุ่มพาหนะศัตรูเพื่อหยุดการเคลื่อนที่ชั่วคราว,ยูนิต: คำอธิบาย/tooltip,2256252
2256400,Well trained Stormtroopers can camouflage to get behind enemy lines.,สตอร์มทรูปเปอร์ที่ได้รับการฝึกฝนมาอย่างดีสามารถพรางตัวเพื่อหลบหลังแนวศัตรูได้,ยูนิต: คำอธิบาย/tooltip,2256400
2256450,Camouflaged Units can only be detected if they engage in combat or if an Enemy Unit is in close proximity.,หน่วยพรางตัวสามารถตรวจพบได้ก็ต่อเมื่อพวกเขาเข้าร่วมการต่อสู้หรือหากหน่วยศัตรูอยู่ใกล้กัน,ยูนิต: คำอธิบาย/tooltip,2256450
2256703,"A Smoke Round is fired from the vehicle, decreasing the accuracy of all projectiles travelling through it.",กระสุนควันถูกยิงออกจากยานพาหนะ ทำให้ความแม่นยำของกระสุนทั้งหมดที่เคลื่อนที่ผ่านยานพาหนะลดลง,ยูนิต: คำอธิบาย/tooltip,2256703
2256801,"For a short duration, this unit will repair itself.",ยูนิตนี้จะซ่อมแซมตัวเองในช่วงเวลาสั้นๆ,ยูนิต: คำอธิบาย/tooltip,2256801
2256901,Primary Builder. Can build and Repair Structures. Can build specialty mines.,หน่วยสร้างหลัก สามารถสร้างและซ่อมแซมสิ่งปลูกสร้างได้ สามารถวางทุ่นระเบิดชนิดพิเศษได้,ยูนิต: คำอธิบาย/tooltip,2256901
2257001,Call in a squad of Elite assault Troops equipped with MP44s. Excel in all combat situations.,เรียกกองกำลังจู่โจม Elite ที่ติดตั้ง MP44 เก่งในทุกสถานการณ์การต่อสู้,ยูนิต: คำอธิบาย/tooltip,2257001
2257051,Replace Casualties. Must be in proximity to a Basic Support Building to Reinforce.,แทนที่ผู้บาดเจ็บล้มตาย ต้องอยู่ใกล้กับอาคารสนับสนุนพื้นฐานเพื่อเสริมกำลัง,ยูนิต: คำอธิบาย/tooltip,2257051|2257101|2257151|2257201|2257251|2257301
2257351,Replace Casualties. Must be in proximity to a Barracks to Reinforce.,แทนที่ผู้บาดเจ็บล้มตาย ต้องอยู่ใกล้กับค่ายทหารเพื่อเสริมกำลัง,ยูนิต: คำอธิบาย/tooltip,2257351|2257401|2257451|2257501|2257551|2257601
2257650,Withdraw your units to the Medic's current position.,ถอนหน่วยของคุณไปยังตำแหน่งปัจจุบันของ Medic,ยูนิต: คำอธิบาย/tooltip,2257650|2257701
2257751,The Medic is the ultimate support unit. Use it in combination with your mainstream Infantry Heroes and engage its special abilities in the heat of battle to enable the up most performance of owned and nearby troops.,Medic คือหน่วยสนับสนุนขั้นสูงสุด ใช้มันร่วมกับฮีโร่ทหารราบหลักของคุณ และใช้ความสามารถพิเศษของมันในการรบอันดุเดือดเพื่อเพิ่มประสิทธิภาพสูงสุดให้กับกองทหารที่เป็นเจ้าของและใกล้เคียง,ยูนิต: คำอธิบาย/tooltip,2257751|2257801
2257802,You can only have one Medic at a time in your army.,คุณสามารถมี Medic ได้ครั้งละหนึ่งคนในกองทัพของคุณเท่านั้น,ยูนิต: คำอธิบาย/tooltip,2257802
2258850,"The Pathfinder is a highly mobile vehicle that has great detector qualities, and is great for hunting down enemy Snipers.",Pathfinder เป็นยานพาหนะที่มีความคล่องตัวสูงซึ่งมีคุณสมบัติในการตรวจจับที่ยอดเยี่ยม และเหมาะสำหรับการตามล่าสไนเปอร์ของศัตรู,ยูนิต: คำอธิบาย/tooltip,2258850|2258900
2259001,Activate Observational Status to receive increases to sight and camouflage detection radius'.  Activating this ability decreases movement speed.,เปิดใช้งานสถานะการสังเกตเพื่อเพิ่มระยะการตรวจจับการมองเห็นและลายพราง' การเปิดใช้งานความสามารถนี้จะลดความเร็วในการเคลื่อนที่,ยูนิต: คำอธิบาย/tooltip,2259001
2259150,All friendly units by the Heroic Unit will break suppression and pinned states and will be healed for a moderate amount.,ยูนิตฝ่ายเดียวกันทั้งหมดจากยูนิตวีรชนจะทำลายสถานะการยิงกดดันตรึงกำลังและตรึงไว้ และจะได้รับการรักษาในปริมาณปานกลาง,ยูนิต: คำอธิบาย/tooltip,2259150
2259200,"All units by the Heroic Unit will receive movement, rate of fire, and defensive bonuses for the duration of the ability.",ยูนิตทั้งหมดของยูนิตฮีโร่จะได้รับการเคลื่อนไหว อัตราการยิง และโบนัสการป้องกันตลอดระยะเวลาของความสามารถ,ยูนิต: คำอธิบาย/tooltip,2259200
2259600,Left-click icon to activate  for its duration.,คลิกซ้ายที่ไอคอนเพื่อเปิดใช้งานตามระยะเวลา,ยูนิต: คำอธิบาย/tooltip,2259600
2259650,Left-click icon to activate Self Repair for its duration.,คลิกซ้ายที่ไอคอนเพื่อเปิดใช้งานการซ่อมแซมตัวเองตามระยะเวลา,ยูนิต: คำอธิบาย/tooltip,2259650
2259700,Left-click icon to activate For the Fatherland for its duration.,คลิกซ้ายที่ไอคอนเพื่อเปิดใช้งานเพื่อปิตุภูมิตามระยะเวลา,ยูนิต: คำอธิบาย/tooltip,2259700
2259750,Left-click icon to activate Inspired Zeal for its duration.,คลิกซ้ายที่ไอคอนเพื่อเปิดใช้งาน Inspired Zeal ตามระยะเวลา,ยูนิต: คำอธิบาย/tooltip,2259750
2259800,Left-click icon and then Left-click target Unit.,คลิกซ้ายที่ไอคอน จากนั้นคลิกซ้ายที่หน่วยเป้าหมาย,ยูนิต: คำอธิบาย/tooltip,2259800
2259801,All Light Armoured Vehicles will be able to capture points for a period of time.,พาหนะหุ้มเกราะเบาทุกคันจะสามารถยึดแต้มได้ในช่วงระยะเวลาหนึ่ง,ยูนิต: คำอธิบาย/tooltip,2259801
2260550,Heavy Mines are more powerful and more expensive than the standard mine.,ทุ่นระเบิดหนักนั้นทรงพลังกว่าและมีราคาแพงกว่าทุ่นระเบิดมาตรฐาน,ยูนิต: คำอธิบาย/tooltip,2260550
2260600,Tricky Mines will detonate if any attempt to disarm them is made.,ทุ่นระเบิดหากินจะระเบิดหากมีความพยายามปลดอาวุธพวกมัน,ยูนิต: คำอธิบาย/tooltip,2260600
2260701,"Crippling Trap, when triggered, impedes movement of all nearby troops.",Crippling Trap เมื่อทำงาน จะขัดขวางการเคลื่อนที่ของกองกำลังที่อยู่ใกล้เคียงทั้งหมด,ยูนิต: คำอธิบาย/tooltip,2260701
2261000,Kill off infantry with a shotgun blast.  Good at taking out 88s.,สังหารทหารราบด้วยการระเบิดของปืนลูกซอง เก่งในการเอา 88s,ยูนิต: คำอธิบาย/tooltip,2261000
2261051,"Provide friendly units with increased movement, rate of fire, and defensive bonuses.",มอบยูนิตฝ่ายเดียวกันด้วยการเคลื่อนไหว อัตราการยิง และโบนัสการป้องกันที่เพิ่มขึ้น,ยูนิต: คำอธิบาย/tooltip,2261051
2261101,This vehicle has been packed with Explosives for a nasty surprise.,รถคันนี้เต็มไปด้วยวัตถุระเบิดเพื่อสร้างความประหลาดใจอันการรุกโจมตี,ยูนิต: คำอธิบาย/tooltip,2261101
2261402,"Increases the rate of fire, accuracy and movement when activated.",เพิ่มอัตราการยิง ความแม่นยำ และการเคลื่อนที่เมื่อเปิดใช้งาน,ยูนิต: คำอธิบาย/tooltip,2261402
2261652,"All Tanks and Armored Vehicles move more quickly, crush everything in their path, and fire more frequently.",รถถังและยานเกราะทุกคันเคลื่อนที่ได้เร็วกว่า บดขยี้ทุกสิ่งที่ขวางหน้า และยิงได้บ่อยขึ้น,ยูนิต: คำอธิบาย/tooltip,2261652
2261701,"SPEED:excellent, CAPTURE RATE:excellent, ARMOR:poor, GUN DAMAGE:poor, GUN RANGE:poor, GUN SPEED:excellent,      ABILITIES: rapid fire, smoke shells,  self detonate, blitzkrieg, canister round",ความเร็ว:ยอดเยี่ยม อัตราการจับ:ยอดเยี่ยม เกราะ:ไม่ดี ความเสียหายของปืน:ไม่ดี ระยะปืน:ไม่ดี ความเร็วปืน:ยอดเยี่ยม ความสามารถ: ยิงเร็ว กระสุนควัน ระเบิดตัวเอง สายฟ้าแลบ กระสุนกลม,ยูนิต: คำอธิบาย/tooltip,2261701|2261951
2261751,"SPEED:poor, CAPTURE RATE:poor, ARMOR:excellent, GUN DAMAGE:excellent, GUN RANGE:excellent, GUN SPEED:poor,       ABILITIES: site main gun, self repair, armor piercing rounds, button down, observational status","ความเร็ว:แย่, อัตราการยึด:ไม่ดี, เกราะ:ยอดเยี่ยม, ความเสียหายของปืน:ยอดเยี่ยม, ระยะปืน:ยอดเยี่ยม, ความเร็วปืน:ไม่ดี, ความสามารถ: ปืนหลักของไซต์, ซ่อมแซมตัวเอง, กระสุนเจาะเกราะ, ปุ่มลง, สถานะการสังเกต",ยูนิต: คำอธิบาย/tooltip,2261751|2261850
2261800,"SPEED:average, CAPTURE RATE:average, ARMOR:average, GUN DAMAGE:average, GUN RANGE:average, GUN SPEED:average,      ABILITIES: ambush, overdrive, mine drop, fire petard, advanced repair","ความเร็ว:ปานกลาง, อัตราการยึด:ปานกลาง, เกราะ:ปานกลาง, ความเสียหายของปืน:ปานกลาง, ระยะปืน:ปานกลาง, ความเร็วปืน:ปานกลาง, ความสามารถ: ซุ่มโจมตี, เร่งเครื่อง, วางทุ่นระเบิด, ยิงปืนครกเพทาร์ด, ซ่อมบำรุงขั้นสูง",ยูนิต: คำอธิบาย/tooltip,2261800|2261900
