id,english,thai,context,all_ids
1,%1X%.%2Y%,%1X%.%2Y%,UI: ระบบ/ปุ่มทั่วไป/ตั้งค่า,1
250,normal,ปกติ,UI: ระบบ/ปุ่มทั่วไป/ตั้งค่า,250
251,century14,century14,UI: ระบบ/ปุ่มทั่วไป/ตั้งค่า,251
252,century16,century16,UI: ระบบ/ปุ่มทั่วไป/ตั้งค่า,252
253,century18,century18,UI: ระบบ/ปุ่มทั่วไป/ตั้งค่า,253
254,GillSans_18a,GillSans_18a,UI: ระบบ/ปุ่มทั่วไป/ตั้งค่า,254
255,century14_chat,century14_chat,UI: ระบบ/ปุ่มทั่วไป/ตั้งค่า,255
280,enable,เปิดใช้งาน,UI: ระบบ/ปุ่มทั่วไป/ตั้งค่า,280
300,Error,ข้อผิดพลาด,UI: ระบบ/ปุ่มทั่วไป/ตั้งค่า,300|2700
301,Failed to initialize video card.,ไม่สามารถเริ่มต้นการ์ดวิดีโอได้,UI: ระบบ/ปุ่มทั่วไป/ตั้งค่า,301
302,Failed to initialize sound card.,ไม่สามารถเริ่มต้นการ์ดเสียงได้,UI: ระบบ/ปุ่มทั่วไป/ตั้งค่า,302
303,Not enough physical memory to run the game. Your system must have at least 512MB of RAM.,หน่วยความจำกายภาพไม่เพียงพอที่จะรันเกม ระบบของคุณต้องมี RAM อย่างน้อย 512MB,UI: ระบบ/ปุ่มทั่วไป/ตั้งค่า,303
304,Not enough virtual memory to run the game. Your system total paging files must be at least 768MB. Please consult the manual that came with your OS.,หน่วยความจำเสมือนไม่เพียงพอที่จะรันเกม ไฟล์เพจจิ้งรวมของระบบของคุณต้องมีขนาดอย่างน้อย 768MB โปรดศึกษาคู่มือที่มาพร้อมกับระบบปฏิบัติการของคุณ,UI: ระบบ/ปุ่มทั่วไป/ตั้งค่า,304
305,Your video card is not supported. In order to run Company of Heroes you must have a Shader Model 1.0 or better Video Card.,การ์ดแสดงผลของคุณไม่รองรับ ในการรัน Company of Heroes คุณต้องมีการ์ดวิดีโอ Shader Model 1.0 หรือดีกว่า,UI: ระบบ/ปุ่มทั่วไป/ตั้งค่า,305
306,Steam must be running to play this game.  Try again by launching game from Steam.,Steam จะต้องทำงานเพื่อเล่นเกมนี้ ลองอีกครั้งโดยเปิดเกมจาก Steam,UI: ระบบ/ปุ่มทั่วไป/ตั้งค่า,306
307,Game is not being run as a known Company of Heroes product.  Try again by launching game from Steam.,เกมไม่ได้ดำเนินการในฐานะผลิตภัณฑ์ Company of Heroes ที่เป็นที่รู้จัก ลองอีกครั้งโดยเปิดเกมจาก Steam,UI: ระบบ/ปุ่มทั่วไป/ตั้งค่า,307
308,No Valid Steam user.  Check you are fully logged in or switch accounts and try again.,ไม่มีผู้ใช้ Steam ที่ถูกต้อง ตรวจสอบว่าคุณเข้าสู่ระบบโดยสมบูรณ์หรือสลับบัญชีแล้วลองอีกครั้ง,UI: ระบบ/ปุ่มทั่วไป/ตั้งค่า,308
309,Current Steam account does not own this Company of Heroes product.  Switch Steam accounts and try again.,บัญชี Steam ปัจจุบันไม่ได้เป็นเจ้าของผลิตภัณฑ์ Company of Heroes นี้ สลับบัญชี Steam แล้วลองอีกครั้ง,UI: ระบบ/ปุ่มทั่วไป/ตั้งค่า,309
310,Steam is down or you are not logged in fully.  Please restart your Steam client and try again.,Steam หยุดทำงานหรือคุณไม่ได้เข้าสู่ระบบโดยสมบูรณ์ โปรดรีสตาร์ทไคลเอนต์ Steam ของคุณแล้วลองอีกครั้ง,UI: ระบบ/ปุ่มทั่วไป/ตั้งค่า,310
501,Afghanistan,อัฟกานิสถาน,UI: ระบบ/ปุ่มทั่วไป/ตั้งค่า,501
502,Albania,แอลเบเนีย,UI: ระบบ/ปุ่มทั่วไป/ตั้งค่า,502
503,Algeria,แอลจีเรีย,UI: ระบบ/ปุ่มทั่วไป/ตั้งค่า,503
504,American Samoa,อเมริกันซามัว,UI: ระบบ/ปุ่มทั่วไป/ตั้งค่า,504
505,Andorra,อันดอร์รา,UI: ระบบ/ปุ่มทั่วไป/ตั้งค่า,505
506,Angola,แองโกลา,UI: ระบบ/ปุ่มทั่วไป/ตั้งค่า,506
507,Anguilla,แองกวิลลา,UI: ระบบ/ปุ่มทั่วไป/ตั้งค่า,507
508,Antarctica,แอนตาร์กติกา,UI: ระบบ/ปุ่มทั่วไป/ตั้งค่า,508
509,Antigua and Barbuda,แอนติกาและบาร์บูดา,UI: ระบบ/ปุ่มทั่วไป/ตั้งค่า,509
510,Argentina,อาร์เจนตินา,UI: ระบบ/ปุ่มทั่วไป/ตั้งค่า,510
511,Armenia,อาร์เมเนีย,UI: ระบบ/ปุ่มทั่วไป/ตั้งค่า,511
512,Aruba,อารูบา,UI: ระบบ/ปุ่มทั่วไป/ตั้งค่า,512
513,Australia,ออสเตรเลีย,UI: ระบบ/ปุ่มทั่วไป/ตั้งค่า,513
514,Austria,ออสเตรีย,UI: ระบบ/ปุ่มทั่วไป/ตั้งค่า,514
515,Azerbaijan,อาเซอร์ไบจาน,UI: ระบบ/ปุ่มทั่วไป/ตั้งค่า,515
516,Bahamas,บาฮามาส,UI: ระบบ/ปุ่มทั่วไป/ตั้งค่า,516
517,Bahrain,บาห์เรน,UI: ระบบ/ปุ่มทั่วไป/ตั้งค่า,517
518,Bangladesh,บังกลาเทศ,UI: ระบบ/ปุ่มทั่วไป/ตั้งค่า,518
519,Barbados,บาร์เบโดส,UI: ระบบ/ปุ่มทั่วไป/ตั้งค่า,519
520,Belarus,เบลารุส,UI: ระบบ/ปุ่มทั่วไป/ตั้งค่า,520
521,Belgium,เบลเยียม,UI: ระบบ/ปุ่มทั่วไป/ตั้งค่า,521
522,Belize,เบลีซ,UI: ระบบ/ปุ่มทั่วไป/ตั้งค่า,522
523,Benin,เบนิน,UI: ระบบ/ปุ่มทั่วไป/ตั้งค่า,523
524,Bermuda,เบอร์มิวดา,UI: ระบบ/ปุ่มทั่วไป/ตั้งค่า,524
525,Bhutan,ภูฏาน,UI: ระบบ/ปุ่มทั่วไป/ตั้งค่า,525
526,Bolivia,โบลิเวีย,UI: ระบบ/ปุ่มทั่วไป/ตั้งค่า,526
527,Bosnia and Herzegovina,บอสเนียและเฮอร์เซโกวีนา,UI: ระบบ/ปุ่มทั่วไป/ตั้งค่า,527
528,Botswana,บอตสวานา,UI: ระบบ/ปุ่มทั่วไป/ตั้งค่า,528
529,Bouvet Island,เกาะบูเวต์,UI: ระบบ/ปุ่มทั่วไป/ตั้งค่า,529
530,Brazil,บราซิล,UI: ระบบ/ปุ่มทั่วไป/ตั้งค่า,530
531,British Indian Ocean Territory,บริติชอินเดียนโอเชียนเทร์ริทอรี,UI: ระบบ/ปุ่มทั่วไป/ตั้งค่า,531
532,Brunei,บรูไน,UI: ระบบ/ปุ่มทั่วไป/ตั้งค่า,532
533,Bulgaria,บัลแกเรีย,UI: ระบบ/ปุ่มทั่วไป/ตั้งค่า,533
534,Burkina Faso,บูร์กินาฟาโซ,UI: ระบบ/ปุ่มทั่วไป/ตั้งค่า,534
535,Burundi,บุรุนดี,UI: ระบบ/ปุ่มทั่วไป/ตั้งค่า,535
536,Cambodia,กัมพูชา,UI: ระบบ/ปุ่มทั่วไป/ตั้งค่า,536
537,Cameroon,แคเมอรูน,UI: ระบบ/ปุ่มทั่วไป/ตั้งค่า,537
538,Canada,แคนาดา,UI: ระบบ/ปุ่มทั่วไป/ตั้งค่า,538
539,Cape Verde,เคปเวิร์ด,UI: ระบบ/ปุ่มทั่วไป/ตั้งค่า,539
540,Cayman Islands,หมู่เกาะเคย์แมน,UI: ระบบ/ปุ่มทั่วไป/ตั้งค่า,540
541,Central African Republic,สาธารณรัฐแอฟริกากลาง,UI: ระบบ/ปุ่มทั่วไป/ตั้งค่า,541
542,Chad,ชาด,UI: ระบบ/ปุ่มทั่วไป/ตั้งค่า,542
543,Chile,ชิลี,UI: ระบบ/ปุ่มทั่วไป/ตั้งค่า,543
544,China,จีน,UI: ระบบ/ปุ่มทั่วไป/ตั้งค่า,544
545,Christmas Island,เกาะคริสต์มาส,UI: ระบบ/ปุ่มทั่วไป/ตั้งค่า,545
546,Cocos (Keeling) Islands,หมู่เกาะโคโคส (คีลิง),UI: ระบบ/ปุ่มทั่วไป/ตั้งค่า,546
547,Colombia,โคลอมเบีย,UI: ระบบ/ปุ่มทั่วไป/ตั้งค่า,547
548,Comoros,คอโมโรส,UI: ระบบ/ปุ่มทั่วไป/ตั้งค่า,548
549,Congo,คองโก,UI: ระบบ/ปุ่มทั่วไป/ตั้งค่า,549
550,Cook Islands,หมู่เกาะคุก,UI: ระบบ/ปุ่มทั่วไป/ตั้งค่า,550
551,Costa Rica,คอสตาริกา,UI: ระบบ/ปุ่มทั่วไป/ตั้งค่า,551
552,Côte d'Ivoire,โกตดิวัวร์,UI: ระบบ/ปุ่มทั่วไป/ตั้งค่า,552
553,Croatia (Hrvatska),โครเอเชีย,UI: ระบบ/ปุ่มทั่วไป/ตั้งค่า,553
554,Cuba,คิวบา,UI: ระบบ/ปุ่มทั่วไป/ตั้งค่า,554
555,Cyprus,ไซปรัส,UI: ระบบ/ปุ่มทั่วไป/ตั้งค่า,555
556,Czech Republic,สาธารณรัฐเช็ก,UI: ระบบ/ปุ่มทั่วไป/ตั้งค่า,556
557,Congo (DRC),สาธารณรัฐประชาธิปไตยคองโก,UI: ระบบ/ปุ่มทั่วไป/ตั้งค่า,557
558,Denmark,เดนมาร์ก,UI: ระบบ/ปุ่มทั่วไป/ตั้งค่า,558
559,Djibouti,จิบูตี,UI: ระบบ/ปุ่มทั่วไป/ตั้งค่า,559
560,Dominica,ดอมินีกา,UI: ระบบ/ปุ่มทั่วไป/ตั้งค่า,560
561,Dominican Republic,สาธารณรัฐโดมินิกัน,UI: ระบบ/ปุ่มทั่วไป/ตั้งค่า,561
562,East Timor,ติมอร์-เลสเต,UI: ระบบ/ปุ่มทั่วไป/ตั้งค่า,562
563,Ecuador,เอกวาดอร์,UI: ระบบ/ปุ่มทั่วไป/ตั้งค่า,563
564,Egypt,อียิปต์,UI: ระบบ/ปุ่มทั่วไป/ตั้งค่า,564
565,El Salvador,เอลซัลวาดอร์,UI: ระบบ/ปุ่มทั่วไป/ตั้งค่า,565
566,Equatorial Guinea,อิเควทอเรียลกินี,UI: ระบบ/ปุ่มทั่วไป/ตั้งค่า,566
567,Eritrea,เอริเทรีย,UI: ระบบ/ปุ่มทั่วไป/ตั้งค่า,567
568,Estonia,เอสโตเนีย,UI: ระบบ/ปุ่มทั่วไป/ตั้งค่า,568
569,Ethiopia,เอธิโอเปีย,UI: ระบบ/ปุ่มทั่วไป/ตั้งค่า,569
570,Falkland Islands (Islas Malvinas),หมู่เกาะฟอล์กลานด์,UI: ระบบ/ปุ่มทั่วไป/ตั้งค่า,570
571,Faroe Islands,หมู่เกาะแฟโร,UI: ระบบ/ปุ่มทั่วไป/ตั้งค่า,571
572,Fiji Islands,ฟีจี,UI: ระบบ/ปุ่มทั่วไป/ตั้งค่า,572
573,Finland,ฟินแลนด์,UI: ระบบ/ปุ่มทั่วไป/ตั้งค่า,573
574,France,ฝรั่งเศส,UI: ระบบ/ปุ่มทั่วไป/ตั้งค่า,574
575,French Guiana,เฟรนช์เกียนา,UI: ระบบ/ปุ่มทั่วไป/ตั้งค่า,575
576,French Polynesia,เฟรนช์โปลินีเซีย,UI: ระบบ/ปุ่มทั่วไป/ตั้งค่า,576
577,French Southern and Antarctic Lands,เฟรนช์เซาเทิร์นและแอนตาร์กติกแลนดส์,UI: ระบบ/ปุ่มทั่วไป/ตั้งค่า,577
578,Gabon,กาบอง,UI: ระบบ/ปุ่มทั่วไป/ตั้งค่า,578
579,Gambia,แกมเบีย,UI: ระบบ/ปุ่มทั่วไป/ตั้งค่า,579
580,Georgia,จอร์เจีย,UI: ระบบ/ปุ่มทั่วไป/ตั้งค่า,580
581,Germany,เยอรมนี,UI: ระบบ/ปุ่มทั่วไป/ตั้งค่า,581
582,Ghana,กานา,UI: ระบบ/ปุ่มทั่วไป/ตั้งค่า,582
583,Gibraltar,ยิบรอลตาร์,UI: ระบบ/ปุ่มทั่วไป/ตั้งค่า,583
584,Greece,กรีซ,UI: ระบบ/ปุ่มทั่วไป/ตั้งค่า,584
585,Greenland,กรีนแลนด์,UI: ระบบ/ปุ่มทั่วไป/ตั้งค่า,585
586,Grenada,เกรเนดา,UI: ระบบ/ปุ่มทั่วไป/ตั้งค่า,586
587,Guadeloupe,กวาเดอลูป,UI: ระบบ/ปุ่มทั่วไป/ตั้งค่า,587
588,Guam,กวม,UI: ระบบ/ปุ่มทั่วไป/ตั้งค่า,588
589,Guatemala,กัวเตมาลา,UI: ระบบ/ปุ่มทั่วไป/ตั้งค่า,589
590,Guinea,กินี,UI: ระบบ/ปุ่มทั่วไป/ตั้งค่า,590
591,GuineaBissau,กินีบิสเซา,UI: ระบบ/ปุ่มทั่วไป/ตั้งค่า,591
592,Guyana,กายอานา,UI: ระบบ/ปุ่มทั่วไป/ตั้งค่า,592
593,Haiti,เฮติ,UI: ระบบ/ปุ่มทั่วไป/ตั้งค่า,593
594,Heard Island and McDonald Islands,เกาะเฮิร์ดและหมู่เกาะแมกดอนัลด์,UI: ระบบ/ปุ่มทั่วไป/ตั้งค่า,594
595,Honduras,ฮอนดูรัส,UI: ระบบ/ปุ่มทั่วไป/ตั้งค่า,595
596,Hong Kong SAR,เขตบริหารพิเศษฮ่องกง,UI: ระบบ/ปุ่มทั่วไป/ตั้งค่า,596
597,Hungary,ฮังการี,UI: ระบบ/ปุ่มทั่วไป/ตั้งค่า,597
598,Iceland,ไอซ์แลนด์,UI: ระบบ/ปุ่มทั่วไป/ตั้งค่า,598
599,India,อินเดีย,UI: ระบบ/ปุ่มทั่วไป/ตั้งค่า,599
600,Indonesia,อินโดนีเซีย,UI: ระบบ/ปุ่มทั่วไป/ตั้งค่า,600
601,Iran,อิหร่าน,UI: ระบบ/ปุ่มทั่วไป/ตั้งค่า,601
602,Iraq,อิรัก,UI: ระบบ/ปุ่มทั่วไป/ตั้งค่า,602
603,Ireland,ไอร์แลนด์,UI: ระบบ/ปุ่มทั่วไป/ตั้งค่า,603
604,Israel,อิสราเอล,UI: ระบบ/ปุ่มทั่วไป/ตั้งค่า,604
605,Italy,อิตาลี,UI: ระบบ/ปุ่มทั่วไป/ตั้งค่า,605
606,Jamaica,จาเมกา,UI: ระบบ/ปุ่มทั่วไป/ตั้งค่า,606
607,Japan,ญี่ปุ่น,UI: ระบบ/ปุ่มทั่วไป/ตั้งค่า,607
608,Jordan,จอร์แดน,UI: ระบบ/ปุ่มทั่วไป/ตั้งค่า,608
609,Kazakhstan,คาซัคสถาน,UI: ระบบ/ปุ่มทั่วไป/ตั้งค่า,609
610,Kenya,เคนยา,UI: ระบบ/ปุ่มทั่วไป/ตั้งค่า,610
611,Kiribati,คิริบาส,UI: ระบบ/ปุ่มทั่วไป/ตั้งค่า,611
612,Korea,เกาหลี,UI: ระบบ/ปุ่มทั่วไป/ตั้งค่า,612
613,Kuwait,คูเวต,UI: ระบบ/ปุ่มทั่วไป/ตั้งค่า,613
614,Kyrgyzstan,คีร์กีซสถาน,UI: ระบบ/ปุ่มทั่วไป/ตั้งค่า,614
615,Laos,ลาว,UI: ระบบ/ปุ่มทั่วไป/ตั้งค่า,615
616,Latvia,ลัตเวีย,UI: ระบบ/ปุ่มทั่วไป/ตั้งค่า,616
617,Lebanon,เลบานอน,UI: ระบบ/ปุ่มทั่วไป/ตั้งค่า,617
618,Lesotho,เลโซโท,UI: ระบบ/ปุ่มทั่วไป/ตั้งค่า,618
619,Liberia,ไลบีเรีย,UI: ระบบ/ปุ่มทั่วไป/ตั้งค่า,619
620,Libya,ลิเบีย,UI: ระบบ/ปุ่มทั่วไป/ตั้งค่า,620
621,Liechtenstein,ลิกเตนสไตน์,UI: ระบบ/ปุ่มทั่วไป/ตั้งค่า,621
622,Lithuania,ลิทัวเนีย,UI: ระบบ/ปุ่มทั่วไป/ตั้งค่า,622
623,Luxembourg,ลักเซมเบิร์ก,UI: ระบบ/ปุ่มทั่วไป/ตั้งค่า,623
624,Macau SAR,เขตบริหารพิเศษมาเก๊า,UI: ระบบ/ปุ่มทั่วไป/ตั้งค่า,624
625,Macedonia Former Yugoslav Republic of,มาซิโดเนีย อดีตสาธารณรัฐยูโกสลาเวีย,UI: ระบบ/ปุ่มทั่วไป/ตั้งค่า,625
626,Madagascar,มาดากัสการ์,UI: ระบบ/ปุ่มทั่วไป/ตั้งค่า,626
627,Malawi,มาลาวี,UI: ระบบ/ปุ่มทั่วไป/ตั้งค่า,627
628,Malaysia,มาเลเซีย,UI: ระบบ/ปุ่มทั่วไป/ตั้งค่า,628
629,Maldives,มัลดีฟส์,UI: ระบบ/ปุ่มทั่วไป/ตั้งค่า,629
630,Mali,มาลี,UI: ระบบ/ปุ่มทั่วไป/ตั้งค่า,630
631,Malta,มอลตา,UI: ระบบ/ปุ่มทั่วไป/ตั้งค่า,631
632,Marshall Islands,หมู่เกาะมาร์แชลล์,UI: ระบบ/ปุ่มทั่วไป/ตั้งค่า,632
633,Martinique,มาร์ตีนิก,UI: ระบบ/ปุ่มทั่วไป/ตั้งค่า,633
634,Mauritania,มอริเตเนีย,UI: ระบบ/ปุ่มทั่วไป/ตั้งค่า,634
635,Mauritius,มอริเชียส,UI: ระบบ/ปุ่มทั่วไป/ตั้งค่า,635
636,Mayotte,มายอต,UI: ระบบ/ปุ่มทั่วไป/ตั้งค่า,636
637,Mexico,เม็กซิโก,UI: ระบบ/ปุ่มทั่วไป/ตั้งค่า,637
638,Micronesia,ไมโครนีเชีย,UI: ระบบ/ปุ่มทั่วไป/ตั้งค่า,638
639,Moldova,มอลโดวา,UI: ระบบ/ปุ่มทั่วไป/ตั้งค่า,639
640,Monaco,โมนาโก,UI: ระบบ/ปุ่มทั่วไป/ตั้งค่า,640
641,Mongolia,มองโกเลีย,UI: ระบบ/ปุ่มทั่วไป/ตั้งค่า,641
642,Montserrat,มอนต์เซอร์รัต,UI: ระบบ/ปุ่มทั่วไป/ตั้งค่า,642
643,Morocco,โมร็อกโก,UI: ระบบ/ปุ่มทั่วไป/ตั้งค่า,643
644,Mozambique,โมซัมบิก,UI: ระบบ/ปุ่มทั่วไป/ตั้งค่า,644
645,Myanmar,เมียนมา,UI: ระบบ/ปุ่มทั่วไป/ตั้งค่า,645
646,Namibia,นามิเบีย,UI: ระบบ/ปุ่มทั่วไป/ตั้งค่า,646
647,Nauru,นาอูรู,UI: ระบบ/ปุ่มทั่วไป/ตั้งค่า,647
648,Nepal,เนปาล,UI: ระบบ/ปุ่มทั่วไป/ตั้งค่า,648
649,Netherlands,เนเธอร์แลนด์,UI: ระบบ/ปุ่มทั่วไป/ตั้งค่า,649
650,Netherlands Antilles,เนเธอร์แลนด์แอนทิลลิส,UI: ระบบ/ปุ่มทั่วไป/ตั้งค่า,650
651,New Caledonia,นิวแคลิโดเนีย,UI: ระบบ/ปุ่มทั่วไป/ตั้งค่า,651
652,New Zealand,นิวซีแลนด์,UI: ระบบ/ปุ่มทั่วไป/ตั้งค่า,652
653,Nicaragua,นิการากัว,UI: ระบบ/ปุ่มทั่วไป/ตั้งค่า,653
654,Niger,ไนเจอร์,UI: ระบบ/ปุ่มทั่วไป/ตั้งค่า,654
655,Nigeria,ไนจีเรีย,UI: ระบบ/ปุ่มทั่วไป/ตั้งค่า,655
656,Niue,นีวเว,UI: ระบบ/ปุ่มทั่วไป/ตั้งค่า,656
657,Norfolk Island,เกาะนอร์ฟอล์ก,UI: ระบบ/ปุ่มทั่วไป/ตั้งค่า,657
658,North Korea,เกาหลีเหนือ,UI: ระบบ/ปุ่มทั่วไป/ตั้งค่า,658
659,Northern Mariana Islands,หมู่เกาะนอร์เทิร์นมาเรียนา,UI: ระบบ/ปุ่มทั่วไป/ตั้งค่า,659
660,Norway,นอร์เวย์,UI: ระบบ/ปุ่มทั่วไป/ตั้งค่า,660
661,Oman,โอมาน,UI: ระบบ/ปุ่มทั่วไป/ตั้งค่า,661
662,Pakistan,ปากีสถาน,UI: ระบบ/ปุ่มทั่วไป/ตั้งค่า,662
663,Palau,ปาเลา,UI: ระบบ/ปุ่มทั่วไป/ตั้งค่า,663
664,Panama,ปานามา,UI: ระบบ/ปุ่มทั่วไป/ตั้งค่า,664
665,Papua New Guinea,ปาปัวนิวกินี,UI: ระบบ/ปุ่มทั่วไป/ตั้งค่า,665
666,Paraguay,ปารากวัย,UI: ระบบ/ปุ่มทั่วไป/ตั้งค่า,666
667,Peru,เปรู,UI: ระบบ/ปุ่มทั่วไป/ตั้งค่า,667
668,Philippines,ฟิลิปปินส์,UI: ระบบ/ปุ่มทั่วไป/ตั้งค่า,668
669,Pitcairn Islands,หมู่เกาะพิตแคร์น,UI: ระบบ/ปุ่มทั่วไป/ตั้งค่า,669
670,Poland,โปแลนด์,UI: ระบบ/ปุ่มทั่วไป/ตั้งค่า,670
671,Portugal,โปรตุเกส,UI: ระบบ/ปุ่มทั่วไป/ตั้งค่า,671
672,Puerto Rico,เปอร์โตริโก,UI: ระบบ/ปุ่มทั่วไป/ตั้งค่า,672
673,Qatar,กาตาร์,UI: ระบบ/ปุ่มทั่วไป/ตั้งค่า,673
674,Reunion,เรอูว์นียง,UI: ระบบ/ปุ่มทั่วไป/ตั้งค่า,674
675,Romania,โรมาเนีย,UI: ระบบ/ปุ่มทั่วไป/ตั้งค่า,675
676,Russia,รัสเซีย,UI: ระบบ/ปุ่มทั่วไป/ตั้งค่า,676
677,Rwanda,รวันดา,UI: ระบบ/ปุ่มทั่วไป/ตั้งค่า,677
678,St. Kitts and Nevis,เซนต์คิตส์และเนวิส,UI: ระบบ/ปุ่มทั่วไป/ตั้งค่า,678
679,St. Lucia,เซนต์ลูเซีย,UI: ระบบ/ปุ่มทั่วไป/ตั้งค่า,679
680,St. Vincent and the Grenadines,เซนต์วินเซนต์และเกรนาดีนส์,UI: ระบบ/ปุ่มทั่วไป/ตั้งค่า,680
681,Samoa,ซามัว,UI: ระบบ/ปุ่มทั่วไป/ตั้งค่า,681
682,San Marino,ซานมารีโน,UI: ระบบ/ปุ่มทั่วไป/ตั้งค่า,682
683,São Tomé and Príncipe,เซาตูเมและปรินซิปี,UI: ระบบ/ปุ่มทั่วไป/ตั้งค่า,683
684,Saudi Arabia,ซาอุดีอาระเบีย,UI: ระบบ/ปุ่มทั่วไป/ตั้งค่า,684
685,Senegal,เซเนกัล,UI: ระบบ/ปุ่มทั่วไป/ตั้งค่า,685
686,Seychelles,เซเชลส์,UI: ระบบ/ปุ่มทั่วไป/ตั้งค่า,686
687,Sierra Leone,เซียร์ราลีโอน,UI: ระบบ/ปุ่มทั่วไป/ตั้งค่า,687
688,Singapore,สิงคโปร์,UI: ระบบ/ปุ่มทั่วไป/ตั้งค่า,688
689,Slovakia,สโลวาเกีย,UI: ระบบ/ปุ่มทั่วไป/ตั้งค่า,689
690,Slovenia,สโลวีเนีย,UI: ระบบ/ปุ่มทั่วไป/ตั้งค่า,690
691,Solomon Islands,หมู่เกาะโซโลมอน,UI: ระบบ/ปุ่มทั่วไป/ตั้งค่า,691
692,Somalia,โซมาเลีย,UI: ระบบ/ปุ่มทั่วไป/ตั้งค่า,692
693,South Africa,แอฟริกาใต้,UI: ระบบ/ปุ่มทั่วไป/ตั้งค่า,693
694,South Georgia and the South Sandwich Islands,เกาะเซาท์จอร์เจียและหมู่เกาะเซาท์แซนด์วิช,UI: ระบบ/ปุ่มทั่วไป/ตั้งค่า,694
695,Spain,สเปน,UI: ระบบ/ปุ่มทั่วไป/ตั้งค่า,695
696,Sri Lanka,ศรีลังกา,UI: ระบบ/ปุ่มทั่วไป/ตั้งค่า,696
697,St. Helena,เซนต์เฮเลน่า,UI: ระบบ/ปุ่มทั่วไป/ตั้งค่า,697
698,St. Pierre and Miquelon,แซงปีแยร์และมีเกอลง,UI: ระบบ/ปุ่มทั่วไป/ตั้งค่า,698
699,Sudan,ซูดาน,UI: ระบบ/ปุ่มทั่วไป/ตั้งค่า,699
700,Suriname,ซูรินาม,UI: ระบบ/ปุ่มทั่วไป/ตั้งค่า,700
701,Svalbard and Jan Mayen,สฟาลบาร์และยานไมเอน,UI: ระบบ/ปุ่มทั่วไป/ตั้งค่า,701
702,Swaziland,สวาซิแลนด์,UI: ระบบ/ปุ่มทั่วไป/ตั้งค่า,702
703,Sweden,สวีเดน,UI: ระบบ/ปุ่มทั่วไป/ตั้งค่า,703
704,Switzerland,สวิตเซอร์แลนด์,UI: ระบบ/ปุ่มทั่วไป/ตั้งค่า,704
705,Syria,ซีเรีย,UI: ระบบ/ปุ่มทั่วไป/ตั้งค่า,705
706,Taiwan,ไต้หวัน,UI: ระบบ/ปุ่มทั่วไป/ตั้งค่า,706
707,Tajikistan,ทาจิกิสถาน,UI: ระบบ/ปุ่มทั่วไป/ตั้งค่า,707
708,Tanzania,แทนซาเนีย,UI: ระบบ/ปุ่มทั่วไป/ตั้งค่า,708
709,Thailand,ไทย,UI: ระบบ/ปุ่มทั่วไป/ตั้งค่า,709
710,Togo,โตโก,UI: ระบบ/ปุ่มทั่วไป/ตั้งค่า,710
711,Tokelau,โตเกเลา,UI: ระบบ/ปุ่มทั่วไป/ตั้งค่า,711
712,Tonga,ตองกา,UI: ระบบ/ปุ่มทั่วไป/ตั้งค่า,712
713,Trinidad and Tobago,ตรินิแดดและโตเบโก,UI: ระบบ/ปุ่มทั่วไป/ตั้งค่า,713
714,Tunisia,ตูนิเซีย,UI: ระบบ/ปุ่มทั่วไป/ตั้งค่า,714
715,Turkey,ตุรกี,UI: ระบบ/ปุ่มทั่วไป/ตั้งค่า,715
716,Turkmenistan,เติร์กเมนิสถาน,UI: ระบบ/ปุ่มทั่วไป/ตั้งค่า,716
717,Turks and Caicos Islands,หมู่เกาะเติกส์และเคคอส,UI: ระบบ/ปุ่มทั่วไป/ตั้งค่า,717
718,Tuvalu,ตูวาลู,UI: ระบบ/ปุ่มทั่วไป/ตั้งค่า,718
719,Uganda,ยูกันดา,UI: ระบบ/ปุ่มทั่วไป/ตั้งค่า,719
720,Ukraine,ยูเครน,UI: ระบบ/ปุ่มทั่วไป/ตั้งค่า,720
721,United Arab Emirates,สหรัฐอาหรับเอมิเรตส์,UI: ระบบ/ปุ่มทั่วไป/ตั้งค่า,721
722,United Kingdom,สหราชอาณาจักร,UI: ระบบ/ปุ่มทั่วไป/ตั้งค่า,722
723,United States,สหรัฐอเมริกา,UI: ระบบ/ปุ่มทั่วไป/ตั้งค่า,723
724,United States Minor Outlying Islands,เกาะเล็กรอบนอกของสหรัฐอเมริกา,UI: ระบบ/ปุ่มทั่วไป/ตั้งค่า,724
725,Uruguay,อุรุกวัย,UI: ระบบ/ปุ่มทั่วไป/ตั้งค่า,725
726,Uzbekistan,อุซเบกิสถาน,UI: ระบบ/ปุ่มทั่วไป/ตั้งค่า,726
727,Vanuatu,วานูอาตู,UI: ระบบ/ปุ่มทั่วไป/ตั้งค่า,727
728,Vatican City,นครรัฐวาติกัน,UI: ระบบ/ปุ่มทั่วไป/ตั้งค่า,728
729,Venezuela,เวเนซุเอลา,UI: ระบบ/ปุ่มทั่วไป/ตั้งค่า,729
730,Viet Nam,เวียดนาม,UI: ระบบ/ปุ่มทั่วไป/ตั้งค่า,730
731,Virgin Islands (British),หมู่เกาะบริติชเวอร์จิน,UI: ระบบ/ปุ่มทั่วไป/ตั้งค่า,731
732,Virgin Islands,หมู่เกาะเวอร์จิน,UI: ระบบ/ปุ่มทั่วไป/ตั้งค่า,732
733,Wallis and Futuna,วาลลิสและฟูตูนา,UI: ระบบ/ปุ่มทั่วไป/ตั้งค่า,733
734,Yemen,เยเมน,UI: ระบบ/ปุ่มทั่วไป/ตั้งค่า,734
735,Yugoslavia,ยูโกสลาเวีย,UI: ระบบ/ปุ่มทั่วไป/ตั้งค่า,735
736,Zambia,แซมเบีย,UI: ระบบ/ปุ่มทั่วไป/ตั้งค่า,736
737,Zimbabwe,ซิมบับเว,UI: ระบบ/ปุ่มทั่วไป/ตั้งค่า,737
1000,Server has rejected your connection.,เซิร์ฟเวอร์ปฏิเสธการเชื่อมต่อของคุณ,UI: ระบบ/ปุ่มทั่วไป/ตั้งค่า,1000
1002,Session is full.,ห้องเกมเต็มแล้ว,UI: ระบบ/ปุ่มทั่วไป/ตั้งค่า,1002
1003,An error has occured.,เกิดข้อผิดพลาดขึ้น,UI: ระบบ/ปุ่มทั่วไป/ตั้งค่า,1003
1004,Waiting for server response.,กำลังรอการตอบกลับจากเซิร์ฟเวอร์...,UI: ระบบ/ปุ่มทั่วไป/ตั้งค่า,1004
1005,Connecting...,กำลังเชื่อมต่อ...,UI: ระบบ/ปุ่มทั่วไป/ตั้งค่า,1005|559058
1006,Failed to connect.,การเชื่อมต่อล้มเหลว,UI: ระบบ/ปุ่มทั่วไป/ตั้งค่า,1006
1007,Failed to join.,ไม่สามารถเข้าร่วมห้องได้,UI: ระบบ/ปุ่มทั่วไป/ตั้งค่า,1007
1008,%1PLAYERSCURRENT%/%2PLAYERSMAX%,%1PLAYERSCURRENT%/%2PLAYERSMAX%,UI: ระบบ/ปุ่มทั่วไป/ตั้งค่า,1008
1009,YES,ใช่,UI: ระบบ/ปุ่มทั่วไป/ตั้งค่า,1009|1038|1782|1787|1792|7506|7756|8006|16257|29752|30002|612260|706502|707002
1010,NO,ไม่,UI: ระบบ/ปุ่มทั่วไป/ตั้งค่า,1010|1039|1783|1788|1793|7507|7757|8007|16258|29751|30001|611256|706501|707001
1011,Incorrect version.,เวอร์ชันของเกมไม่ตรงกัน,UI: ระบบ/ปุ่มทั่วไป/ตั้งค่า,1011
1012,Incorrect Mod.,ม็อดไม่ตรงกัน,UI: ระบบ/ปุ่มทั่วไป/ตั้งค่า,1012
1013,IP: %1IPADDRESS%,ไอพี: %1IPADDRESS%,UI: ระบบ/ปุ่มทั่วไป/ตั้งค่า,1013
1014,Open,เปิด,UI: ระบบ/ปุ่มทั่วไป/ตั้งค่า,1014|1303
1015,Computer,คอมพิวเตอร์,UI: ระบบ/ปุ่มทั่วไป/ตั้งค่า,1015
1016,Closed,ปิด,UI: ระบบ/ปุ่มทั่วไป/ตั้งค่า,1016|1304
1018,Host migrated to player %1PLAYERNAME%.,โอนสิทธิ์หัวหน้าห้องไปยังผู้เล่น %1PLAYERNAME% แล้ว,UI: ระบบ/ปุ่มทั่วไป/ตั้งค่า,1018
1019,Player %1PLAYERNAME% joined.,ผู้เล่น %1PLAYERNAME% เข้าร่วมห้อง,UI: ระบบ/ปุ่มทั่วไป/ตั้งค่า,1019
1020,Player %1PLAYERNAME% dropped.,ผู้เล่น %1PLAYERNAME% หลุดออกจากการเชื่อมต่อ,UI: ระบบ/ปุ่มทั่วไป/ตั้งค่า,1020
1021,Time out trying to connect.,หมดเวลาในการพยายามเชื่อมต่อ,UI: ระบบ/ปุ่มทั่วไป/ตั้งค่า,1021
1022,<%1PLAYERNAME%>: %2CHATMESSAGE%,<%1PLAYERNAME%>: %2CHATMESSAGE%,UI: ระบบ/ปุ่มทั่วไป/ตั้งค่า,1022
1023,<Whisper From: %1PLAYERNAME%>: %2CHATMESSAGE%,<กระซิบจาก %1PLAYERNAME%>: %2CHATMESSAGE%,UI: ระบบ/ปุ่มทั่วไป/ตั้งค่า,1023
1024,<Whisper To: %1PLAYERNAME%>: %2CHATMESSAGE%,<กระซิบถึง %1PLAYERNAME%>: %2CHATMESSAGE%,UI: ระบบ/ปุ่มทั่วไป/ตั้งค่า,1024
1025,You've been kicked out of the game.,คุณถูกเตะออกจากห้องเกม,UI: ระบบ/ปุ่มทั่วไป/ตั้งค่า,1025
1026,%1PING%,%1PING%,UI: ระบบ/ปุ่มทั่วไป/ตั้งค่า,1026
1027,--,--,UI: ระบบ/ปุ่มทั่วไป/ตั้งค่า,1027|15252|15253
1028,Invalid IP address.,ที่อยู่ IP ไม่ถูกต้อง,UI: ระบบ/ปุ่มทั่วไป/ตั้งค่า,1028
1029,Enter password.,ใส่รหัสผ่าน,UI: ระบบ/ปุ่มทั่วไป/ตั้งค่า,1029
1030,Invalid password. Enter correct password.,รหัสผ่านไม่ถูกต้อง กรุณาใส่รหัสผ่านที่ถูกต้อง,UI: ระบบ/ปุ่มทั่วไป/ตั้งค่า,1030
1031,No response from server.,ไม่มีการตอบสนองจากเซิร์ฟเวอร์,UI: ระบบ/ปุ่มทั่วไป/ตั้งค่า,1031
1032,Failed to send chat message: %1CHATMESSAGE%,ไม่สามารถส่งข้อความแช็ต: %1CHATMESSAGE%,UI: ระบบ/ปุ่มทั่วไป/ตั้งค่า,1032
1035,Mod,ม็อด,UI: ระบบ/ปุ่มทั่วไป/ตั้งค่า,1035
1036,Map,แผนที่,UI: ระบบ/ปุ่มทั่วไป/ตั้งค่า,1036|10502
1037,Stats recorded,สถิติที่บันทึกไว้,UI: ระบบ/ปุ่มทั่วไป/ตั้งค่า,1037
1040,Failed to host game.,ไม่สามารถโฮสต์เกมได้,UI: ระบบ/ปุ่มทั่วไป/ตั้งค่า,1040
1041,Invalid game name. Must be at least one character. Only letters and numbers are allowed.,ชื่อห้องเกมไม่ถูกต้อง ต้องมีความยาวอย่างน้อย 1 ตัวอักษร และใช้ได้เฉพาะตัวอักษรและตัวเลขเท่านั้น,UI: ระบบ/ปุ่มทั่วไป/ตั้งค่า,1041
1042,Failed to send whisper message to user: %1USERNAME%,ไม่สามารถส่งข้อความกระซิบถึงผู้ใช้: %1USERNAME%,UI: ระบบ/ปุ่มทั่วไป/ตั้งค่า,1042
1043,<Broadcast from %1PLAYERNAME%>: %2CHATMESSAGE%,<ประกาศจาก %1PLAYERNAME%>: %2CHATMESSAGE%,UI: ระบบ/ปุ่มทั่วไป/ตั้งค่า,1043
1044,<Team from %1PLAYERNAME%>: %2CHATMESSAGE%,<ทีมจาก %1PLAYERNAME%>: %2CHATMESSAGE%,UI: ระบบ/ปุ่มทั่วไป/ตั้งค่า,1044
1045,Kick out,เตะออกจากห้อง,UI: ระบบ/ปุ่มทั่วไป/ตั้งค่า,1045
1046,Do you really want to kick out %1PLAYERNAME%?,คุณแน่ใจหรือไม่ว่าต้องการเตะผู้เล่น %1PLAYERNAME% ออกจากห้อง?,UI: ระบบ/ปุ่มทั่วไป/ตั้งค่า,1046
1047,Failed to send whisper message to player: %1USERNAME%,ไม่สามารถส่งข้อความกระซิบถึงผู้เล่น: %1USERNAME%,UI: ระบบ/ปุ่มทั่วไป/ตั้งค่า,1047
1048,Add-On,ส่วนเสริม,UI: ระบบ/ปุ่มทั่วไป/ตั้งค่า,1048
1049,%1MOD% %2MODVERSION%,%1MOD% %2MODVERSION%,UI: ระบบ/ปุ่มทั่วไป/ตั้งค่า,1049
1050,New Army,กองทัพใหม่,UI: ระบบ/ปุ่มทั่วไป/ตั้งค่า,1050
1051,%1UNITNAME% %2QUANTITY%,%1UNITNAME% %2QUANTITY%,UI: ระบบ/ปุ่มทั่วไป/ตั้งค่า,1051
1052,Game Version,เวอร์ชันเกม,UI: ระบบ/ปุ่มทั่วไป/ตั้งค่า,1052
1053,%1ENGINE% %2ENGINEVERSION%,%1ENGINE% %2ENGINEVERSION%,UI: ระบบ/ปุ่มทั่วไป/ตั้งค่า,1053
1055,Different Dev Mode,โหมดการพัฒนาที่แตกต่างกัน,UI: ระบบ/ปุ่มทั่วไป/ตั้งค่า,1055
1056,Incorrect Mod version,เวอร์ชันของม็อดไม่ตรงกัน,UI: ระบบ/ปุ่มทั่วไป/ตั้งค่า,1056
1060,The game will begin in %1TIME% second(s). Click READY to cancel.,เกมจะเริ่มขึ้นในอีก %1TIME% วินาที คลิก 'พร้อม' เพื่อยกเลิก,UI: ระบบ/ปุ่มทั่วไป/ตั้งค่า,1060
1061,The game will begin in %1TIME% second(s)...,เกมจะเริ่มขึ้นในอีก %1TIME% วินาที...,UI: ระบบ/ปุ่มทั่วไป/ตั้งค่า,1061
1062,The game countdown was canceled.,การนับถอยหลังของเกมถูกยกเลิก,UI: ระบบ/ปุ่มทั่วไป/ตั้งค่า,1062
1065,Missing data,ข้อมูลหายไป,UI: ระบบ/ปุ่มทั่วไป/ตั้งค่า,1065
1066,"Add-On ""%1ADDON%"" is not available on your system. Game cannot be started.","ส่วนเสริม ""%1ADDON%"" ไม่พร้อมใช้งานในระบบของคุณ ไม่สามารถเริ่มเกมได้",UI: ระบบ/ปุ่มทั่วไป/ตั้งค่า,1066
1067,"Add-On ""%1ADDON%"" is not compatible with the version being used in this game.  Game cannot be started.","ส่วนเสริม ""%1ADDON%"" เข้ากันไม่ได้กับเวอร์ชันที่ใช้ในเกมนี้ ไม่สามารถเริ่มเกมได้",UI: ระบบ/ปุ่มทั่วไป/ตั้งค่า,1067
1068,"Scenario ""%1SCENARIO%"" is not available on your system. Game cannot be started.","สถานการณ์ ""%1SCENARIO%"" ไม่พร้อมใช้งานในระบบของคุณ ไม่สามารถเริ่มเกมได้",UI: ระบบ/ปุ่มทั่วไป/ตั้งค่า,1068
1069,"Scenario ""%1SCENARIO%"" is not compatible with the version being used in this game.  Game cannot be started.","สถานการณ์ ""%1SCENARIO%"" เข้ากันไม่ได้กับเวอร์ชันที่ใช้ในเกมนี้ ไม่สามารถเริ่มเกมได้",UI: ระบบ/ปุ่มทั่วไป/ตั้งค่า,1069
1070,"Scenario ""%1SCENARIO%"" from the scenario pack ""%2SCENPACK%"" is not available on your system. Game cannot be started.","สถานการณ์จำลอง ""%1SCENARIO%"" จากชุดสถานการณ์จำลอง ""%2SCENPACK%"" ไม่มีอยู่บนระบบของคุณ ไม่สามารถเริ่มเกมได้",UI: ระบบ/ปุ่มทั่วไป/ตั้งค่า,1070
1071,"Scenario ""%1SCENARIO%"" from the scenario pack ""%2SCENPACK%"" is not compatible with the version being used in this game.  Game cannot be started.","สถานการณ์ ""%1SCENARIO%"" จากชุดสถานการณ์ ""%2SCENPACK%"" เข้ากันไม่ได้กับเวอร์ชันที่ใช้ในเกมนี้ ไม่สามารถเริ่มเกมได้",UI: ระบบ/ปุ่มทั่วไป/ตั้งค่า,1071
1075,"Add-On ""%2ADDON%"" is not available on %1PLAYER%'s system. Game cannot be started.","ส่วนเสริม ""%2ADDON%"" ไม่สามารถใช้งานได้บนระบบของ %1PLAYER% ไม่สามารถเริ่มเกมได้",UI: ระบบ/ปุ่มทั่วไป/ตั้งค่า,1075
1076,"Add-On ""%2ADDON%"" is not compatible on %1PLAYER%'s system.  Game cannot be started.","ส่วนเสริม ""%2ADDON%"" เข้ากันไม่ได้กับระบบของ %1PLAYER% ไม่สามารถเริ่มเกมได้",UI: ระบบ/ปุ่มทั่วไป/ตั้งค่า,1076
1077,"Scenario ""%2SCENARIO%"" is not available on %1PLAYER%'s system. Game cannot be started.","สถานการณ์ ""%2SCENARIO%"" ไม่สามารถใช้งานได้บนระบบของ %1PLAYER% ไม่สามารถเริ่มเกมได้",UI: ระบบ/ปุ่มทั่วไป/ตั้งค่า,1077
1078,"Scenario ""%2SCENARIO%"" is not compatible on %1PLAYER%'s system.  Game cannot be started.","สถานการณ์ ""%2SCENARIO%"" เข้ากันไม่ได้กับระบบของ %1PLAYER% ไม่สามารถเริ่มเกมได้",UI: ระบบ/ปุ่มทั่วไป/ตั้งค่า,1078
1080,Invasion of Normandy,การรุกรานนอร์มังดี,UI: ระบบ/ปุ่มทั่วไป/ตั้งค่า,1080|38000|559200
1081,Company of Heroes,Company of Heroes,UI: ระบบ/ปุ่มทั่วไป/ตั้งค่า,1081|2856|409020|490000|602508
1250,You lost.,คุณพ่ายแพ้,UI: ระบบ/ปุ่มทั่วไป/ตั้งค่า,1250
1251,You won.,คุณได้รับชัยชนะ,UI: ระบบ/ปุ่มทั่วไป/ตั้งค่า,1251
1252,You lost your connection.,การเชื่อมต่อของคุณขาดหาย,UI: ระบบ/ปุ่มทั่วไป/ตั้งค่า,1252
1253,Your game went out of sync.,เกมของคุณไม่ซิงค์กัน,UI: ระบบ/ปุ่มทั่วไป/ตั้งค่า,1253
1254,%1HOURS%:%2MINUTES%:%3SECONDS%,%1HOURS%:%2MINUTES%:%3SECONDS%,UI: ระบบ/ปุ่มทั่วไป/ตั้งค่า,1254|43500
1255,Network connection lost while loading.,การเชื่อมต่อเครือข่ายขาดหายไปขณะโหลด,UI: ระบบ/ปุ่มทั่วไป/ตั้งค่า,1255
1256,Incorrect data file version.,เวอร์ชันไฟล์ข้อมูลไม่ถูกต้อง,UI: ระบบ/ปุ่มทั่วไป/ตั้งค่า,1256
1257,You have been kicked out.,คุณถูกเตะออกจากห้อง,UI: ระบบ/ปุ่มทั่วไป/ตั้งค่า,1257
1258,Kicked out,ไล่ออกแล้ว,UI: ระบบ/ปุ่มทั่วไป/ตั้งค่า,1258
1259,Disconnected,ตัดการเชื่อมต่อแล้ว,UI: ระบบ/ปุ่มทั่วไป/ตั้งค่า,1259
1268,Totals,ผลรวม,UI: ระบบ/ปุ่มทั่วไป/ตั้งค่า,1268
1269,Game aborted: All players dropped while loading.,เกมถูกยกเลิก: ผู้เล่นทุกคนหลุดจากการเชื่อมต่อ!ขณะโหลด,UI: ระบบ/ปุ่มทั่วไป/ตั้งค่า,1269
1270,Out-of-sync.,ไม่ซิงค์กัน,UI: ระบบ/ปุ่มทั่วไป/ตั้งค่า,1270
1271,Post-game error.,ข้อผิดพลาดหลังเกม,UI: ระบบ/ปุ่มทั่วไป/ตั้งค่า,1271
1272,%1MINUTES%:%2SECONDS%,%1MINUTES%:%2SECONDS%,UI: ระบบ/ปุ่มทั่วไป/ตั้งค่า,1272|38351|43501
1280,Continue,เล่นต่อ,UI: ระบบ/ปุ่มทั่วไป/ตั้งค่า,1280|5508|21001|21256|43304|61151|65502|71005|76250|409019|562002|616000|616008|616750|616756|701253|705500|705511|803504|809000
1281,Restart,เริ่มใหม่,UI: ระบบ/ปุ่มทั่วไป/ตั้งค่า,1281|1790
1285,Mission Accomplished,ภารกิจสำเร็จ,UI: ระบบ/ปุ่มทั่วไป/ตั้งค่า,1285
1286,Mission Failed,ภารกิจล้มเหลว,UI: ระบบ/ปุ่มทั่วไป/ตั้งค่า,1286|39258|249933|9419640|9439160
1300,Team %1TEAMNUM%,ทีม %1TEAMNUM%,UI: ระบบ/ปุ่มทั่วไป/ตั้งค่า,1300
1301,Random,สุ่ม,UI: ระบบ/ปุ่มทั่วไป/ตั้งค่า,1301|40610|559049|600268
1302,AI,AI,UI: ระบบ/ปุ่มทั่วไป/ตั้งค่า,1302|1500
1305,Open Observer,เปิดผู้สังเกตการณ์,UI: ระบบ/ปุ่มทั่วไป/ตั้งค่า,1305
1308,Click Here To Join,คลิกที่นี่เพื่อเข้าร่วม,UI: ระบบ/ปุ่มทั่วไป/ตั้งค่า,1308
1309,CPU - Easy,บอท AI - ระดับง่าย,UI: ระบบ/ปุ่มทั่วไป/ตั้งค่า,1309
1310,CPU - Normal,บอท AI - ระดับปานกลาง,UI: ระบบ/ปุ่มทั่วไป/ตั้งค่า,1310
1311,CPU - Hard,บอท AI - ระดับยาก,UI: ระบบ/ปุ่มทั่วไป/ตั้งค่า,1311
1312,CPU - Expert,บอท AI - ระดับเชี่ยวชาญ,UI: ระบบ/ปุ่มทั่วไป/ตั้งค่า,1312
1313,Switch Position,ตำแหน่งสวิตช์,UI: ระบบ/ปุ่มทั่วไป/ตั้งค่า,1313
1320,Weather,สภาพอากาศ,UI: ระบบ/ปุ่มทั่วไป/ตั้งค่า,1320
1321,Default,ค่าเริ่มต้น,UI: ระบบ/ปุ่มทั่วไป/ตั้งค่า,1321|18507|19506|20506|503306
1322,Sunny,แดดจัด,UI: ระบบ/ปุ่มทั่วไป/ตั้งค่า,1322|62001
1323,Light Rain,ฝนตกปรอยๆ,UI: ระบบ/ปุ่มทั่วไป/ตั้งค่า,1323
1324,Medium Rain,ฝนตกปานกลาง,UI: ระบบ/ปุ่มทั่วไป/ตั้งค่า,1324
1325,Heavy Rain,ฝนตกหนัก,UI: ระบบ/ปุ่มทั่วไป/ตั้งค่า,1325|62012
1400,Cannot Start Game,ไม่สามารถเริ่มเกมได้,UI: ระบบ/ปุ่มทั่วไป/ตั้งค่า,1400
1401,%1RESULT%,%1RESULT%,UI: ระบบ/ปุ่มทั่วไป/ตั้งค่า,1401
1410,OK,ตกลง,UI: ระบบ/ปุ่มทั่วไป/ตั้งค่า,1410|2500|7502|7752|8002|10755|13507|14255|16250|409010|504506|510251|602752|604000|608751|611252|611767
1411,You must select a Win Condition.,คุณต้องเลือกเงื่อนไขการชนะ,UI: ระบบ/ปุ่มทั่วไป/ตั้งค่า,1411
1412,You must select a valid Map.,คุณต้องเลือกแผนที่ที่ถูกต้อง,UI: ระบบ/ปุ่มทั่วไป/ตั้งค่า,1412
1413,You cannot start a map with no player slots.,คุณไม่สามารถเริ่มแผนที่โดยไม่มีช่องผู้เล่นได้,UI: ระบบ/ปุ่มทั่วไป/ตั้งค่า,1413
1414,You must select between Auto Teams and Free For All.,คุณต้องเลือกระหว่างทีมอัตโนมัติและฟรีสำหรับทุกคน,UI: ระบบ/ปุ่มทั่วไป/ตั้งค่า,1414
1415,You need more teams to play this game type.,คุณต้องมีทีมเพิ่มเพื่อเล่นเกมประเภทนี้,UI: ระบบ/ปุ่มทั่วไป/ตั้งค่า,1415
1416,You have selected an invalid player type.,คุณได้เลือกประเภทผู้เล่นที่ไม่ถูกต้อง,UI: ระบบ/ปุ่มทั่วไป/ตั้งค่า,1416
1417,Local Skirmish or LAN games should not have remote players.,เกมศึกประจัญบานแบบเล่นในเครื่อง หรือแลน ไม่ควรมีผู้เล่นระยะไกล,UI: ระบบ/ปุ่มทั่วไป/ตั้งค่า,1417
1418,You must select a valid race.,คุณต้องเลือกการแข่งขันที่ถูกต้อง,UI: ระบบ/ปุ่มทั่วไป/ตั้งค่า,1418
1419,You must define a player name.,คุณต้องกำหนดชื่อผู้เล่น,UI: ระบบ/ปุ่มทั่วไป/ตั้งค่า,1419
1420,All players must be assigned to a valid team.,ผู้เล่นทุกคนจะต้องได้รับมอบหมายให้อยู่ในทีมที่ถูกต้อง,UI: ระบบ/ปุ่มทั่วไป/ตั้งค่า,1420
1421,All players must be Ready for the game to start.,ผู้เล่นทุกคนจะต้องพร้อมสำหรับการเริ่มต้นเกม,UI: ระบบ/ปุ่มทั่วไป/ตั้งค่า,1421
1422,You have too many local players for the number of available slots.,คุณมีผู้เล่นในพื้นที่มากเกินไปสำหรับจำนวนช่องที่มีอยู่,UI: ระบบ/ปุ่มทั่วไป/ตั้งค่า,1422
1423,You must have at least 2 local players to continue this game setup.,คุณต้องมีผู้เล่นในพื้นที่อย่างน้อย 2 คนจึงจะตั้งค่าเกมนี้ต่อได้,UI: ระบบ/ปุ่มทั่วไป/ตั้งค่า,1423
1424,At least one slot must be occupied by a human player.,ผู้เล่นที่เป็นมนุษย์จะต้องครอบครองช่องอย่างน้อยหนึ่งช่อง,UI: ระบบ/ปุ่มทั่วไป/ตั้งค่า,1424
1425,You must have at least two different teams for a valid game setup.,คุณต้องมีทีมที่แตกต่างกันอย่างน้อยสองทีมจึงจะตั้งค่าเกมได้,UI: ระบบ/ปุ่มทั่วไป/ตั้งค่า,1425
1426,You have selected an invalid option.,คุณเลือกตัวเลือกที่ไม่ถูกต้อง,UI: ระบบ/ปุ่มทั่วไป/ตั้งค่า,1426
1427,You have selected an invalid race.,คุณเลือกการแข่งขันที่ไม่ถูกต้อง,UI: ระบบ/ปุ่มทั่วไป/ตั้งค่า,1427
1428,You need remote players for a multiplayer game.,คุณต้องมีผู้เล่นระยะไกลสำหรับเกมที่มีผู้เล่นหลายคน,UI: ระบบ/ปุ่มทั่วไป/ตั้งค่า,1428
1429,You cannot close slots when Auto Teams is enabled.,คุณไม่สามารถปิดช่องได้เมื่อเปิดใช้งาน Auto Teams,UI: ระบบ/ปุ่มทั่วไป/ตั้งค่า,1429
1430,"All slots should be occupied by a player, or Closed.",ช่องทั้งหมดควรถูกครอบครองโดยผู้เล่นหรือปิด,UI: ระบบ/ปุ่มทั่วไป/ตั้งค่า,1430
1431,Local Skirmish games require at least 1 human player to continue.,เกมศึกประจัญบานแบบเล่นในเครื่องต้องมีผู้เล่นอย่างน้อย 1 คนเพื่อดำเนินการต่อ,UI: ระบบ/ปุ่มทั่วไป/ตั้งค่า,1431
1450,An error has occurred.,เกิดข้อผิดพลาด,UI: ระบบ/ปุ่มทั่วไป/ตั้งค่า,1450
1580,Error loading saved game.,เกิดข้อผิดพลาดในการโหลดเกมที่บันทึกไว้,UI: ระบบ/ปุ่มทั่วไป/ตั้งค่า,1580
1581,Unknown error loading saved game.,เกิดข้อผิดพลาดที่ไม่รู้จักในการโหลดเกมที่บันทึกไว้,UI: ระบบ/ปุ่มทั่วไป/ตั้งค่า,1581
1582,"Missing scenario ""%1SCENARIO%"".","สถานการณ์ที่หายไป ""%1SCENARIO%""",UI: ระบบ/ปุ่มทั่วไป/ตั้งค่า,1582
1583,"Missing scenario ""%1SCENARIO%"", in scenario pack ""%2SCENPACK%"".","สถานการณ์ที่ขาดหายไป ""%1SCENARIO%"" ในชุดสถานการณ์จำลอง ""%2SCENPACK%""",UI: ระบบ/ปุ่มทั่วไป/ตั้งค่า,1583
1584,"Missing add-on ""%1ADDON%"".","ไม่มีส่วนเสริม ""%1ADDON%""",UI: ระบบ/ปุ่มทั่วไป/ตั้งค่า,1584
1585,The file is not a valid saved game.,ไฟล์นี้ไม่ใช่เกมที่บันทึกไว้ที่ถูกต้อง,UI: ระบบ/ปุ่มทั่วไป/ตั้งค่า,1585
1586,This saved game is obsolete.,เกมที่บันทึกไว้นี้ล้าสมัย,UI: ระบบ/ปุ่มทั่วไป/ตั้งค่า,1586
1606,Waiting for players,รอผู้เล่นอยู่,UI: ระบบ/ปุ่มทั่วไป/ตั้งค่า,1606
1607,LOADING,กำลังโหลด,UI: ระบบ/ปุ่มทั่วไป/ตั้งค่า,1607
1608,AUTOSAVING...,กำลังบันทึกอัตโนมัติ...,UI: ระบบ/ปุ่มทั่วไป/ตั้งค่า,1608
1609,%1SCENARIO%_Auto:%2DESCRIPTION%,%1SCENARIO%_อัตโนมัติ:%2DESCRIPTION%,UI: ระบบ/ปุ่มทั่วไป/ตั้งค่า,1609
1610,Counterattack,การโต้กลับ,UI: ระบบ/ปุ่มทั่วไป/ตั้งค่า,1610|480005
1700,Easy,ง่าย,UI: ระบบ/ปุ่มทั่วไป/ตั้งค่า,1700|40530
1701,Normal,ปกติ,UI: ระบบ/ปุ่มทั่วไป/ตั้งค่า,1701|40622
1702,Hard,ยาก,UI: ระบบ/ปุ่มทั่วไป/ตั้งค่า,1702|40532
1703,Expert,ผู้เชี่ยวชาญ,UI: ระบบ/ปุ่มทั่วไป/ตั้งค่า,1703|40533
1704,Your new settings need to be accepted before you can choose to launch the performance test.,คุณต้องยอมรับการตั้งค่าใหม่ก่อนจึงจะสามารถเลือกเปิดการทดสอบประสิทธิภาพได้,UI: ระบบ/ปุ่มทั่วไป/ตั้งค่า,1704
1750,Game Paused,เกมหยุดชั่วคราว,UI: ระบบ/ปุ่มทั่วไป/ตั้งค่า,1750|71003
1751,You have been defeated.,กองกำลังของคุณพ่ายแพ้,UI: ระบบ/ปุ่มทั่วไป/ตั้งค่า,1751
1752,Playback,การเล่น,UI: ระบบ/ปุ่มทั่วไป/ตั้งค่า,1752|73004|803757|808258
1753,Playback over.,การเล่นจบลง,UI: ระบบ/ปุ่มทั่วไป/ตั้งค่า,1753
1754,Fatal Scar Error - Execution Paused,ข้อผิดพลาดร้ายแรงของแผลเป็น - การดำเนินการหยุดชั่วคราว,UI: ระบบ/ปุ่มทั่วไป/ตั้งค่า,1754
1755,Sync-error detected,ตรวจพบข้อผิดพลาดในการซิงค์,UI: ระบบ/ปุ่มทั่วไป/ตั้งค่า,1755
1756,Data-Sync-error detected - Game data does not match,ตรวจพบข้อผิดพลาดในการซิงค์ข้อมูล - ข้อมูลเกมไม่ตรงกัน,UI: ระบบ/ปุ่มทั่วไป/ตั้งค่า,1756
1757,Fatal AI Error - Execution Paused,ข้อผิดพลาดร้ายแรงของ AI - การดำเนินการหยุดชั่วคราว,UI: ระบบ/ปุ่มทั่วไป/ตั้งค่า,1757
1760,%1PLAYERNAME% has been kicked-out of the game.,%1PLAYERNAME% ถูกเตะออกจากเกม,UI: ระบบ/ปุ่มทั่วไป/ตั้งค่า,1760
1761,%1PLAYERNAME% has chosen to keep playing the game.,%1PLAYERNAME% เลือกที่จะเล่นเกมต่อไป,UI: ระบบ/ปุ่มทั่วไป/ตั้งค่า,1761
1762,%1PLAYERNAME% has chosen to resign from the game.,%1PLAYERNAME% เลือกที่จะลาออกจากเกม,UI: ระบบ/ปุ่มทั่วไป/ตั้งค่า,1762
1763,%1PLAYERNAME% has chosen to dispute the game.,%1PLAYERNAME% ได้เลือกที่จะโต้แย้งเกม,UI: ระบบ/ปุ่มทั่วไป/ตั้งค่า,1763
1780,Exit Game,ออกจากเกม,UI: ระบบ/ปุ่มทั่วไป/ตั้งค่า,1780|5510|705502
1785,Abort,ยกเลิก,UI: ระบบ/ปุ่มทั่วไป/ตั้งค่า,1785|43305
1786,Do you wish to abort this scenario?,คุณต้องการยกเลิกสถานการณ์นี้หรือไม่?,UI: ระบบ/ปุ่มทั่วไป/ตั้งค่า,1786
1791,Do you wish to restart this scenario?,คุณต้องการรีสตาร์ทสถานการณ์นี้หรือไม่?,UI: ระบบ/ปุ่มทั่วไป/ตั้งค่า,1791
1900,Waiting for player %1PLAYERNAME% to catch up.,กำลังรอให้ผู้เล่น %1PLAYERNAME% ตามทัน,UI: ระบบ/ปุ่มทั่วไป/ตั้งค่า,1900
1901,Trying to catch up with other systems.,พยายามไล่ตามระบบอื่นๆ,UI: ระบบ/ปุ่มทั่วไป/ตั้งค่า,1901
1902,LEAVE,ออกจากห้อง,UI: ระบบ/ปุ่มทั่วไป/ตั้งค่า,1902
1903,KICK OUT,เตะออกจากห้อง,UI: ระบบ/ปุ่มทั่วไป/ตั้งค่า,1903|68002
2501,ACCEPT,ตกลง,UI: ระบบ/ปุ่มทั่วไป/ตั้งค่า,2501|7503|7753|8003|8254|13508|15506|15750|16251|17003|19251|22252|67009|74014|74257|74506|74507|75500|506507|701034|707754|712001|802004|804001|804006|806804|806807|6901368|6901372
2502,CANCEL,ยกเลิก,UI: ระบบ/ปุ่มทั่วไป/ตั้งค่า,2502|7504|7505|7754|7755|8004|8005|8255|12502|13509|15508|15760|16252|16256|19255|28004|29254|29280|30251|67007|74505|75506|502500|611766|612016|612516|701037|707251|707753|712000|712758|713001|802005|804000|806803|806806|6901367|6901370
2525,whisper,กระซิบ,UI: ระบบ/ปุ่มทั่วไป/ตั้งค่า,2525|556100
2526,w,ว,UI: ระบบ/ปุ่มทั่วไป/ตั้งค่า,2526|556101
2527,msg,ผงชูรส,UI: ระบบ/ปุ่มทั่วไป/ตั้งค่า,2527
2528,m,ม,UI: ระบบ/ปุ่มทั่วไป/ตั้งค่า,2528
2529,broadcast,ออกอากาศ,UI: ระบบ/ปุ่มทั่วไป/ตั้งค่า,2529
2530,b,ข,UI: ระบบ/ปุ่มทั่วไป/ตั้งค่า,2530
2531,team,ทีม,UI: ระบบ/ปุ่มทั่วไป/ตั้งค่า,2531
2532,t,ที,UI: ระบบ/ปุ่มทั่วไป/ตั้งค่า,2532
2533,help,ช่วย,UI: ระบบ/ปุ่มทั่วไป/ตั้งค่า,2533|556106
2534,h,ชม.,UI: ระบบ/ปุ่มทั่วไป/ตั้งค่า,2534
2535,?,?,UI: ระบบ/ปุ่มทั่วไป/ตั้งค่า,2535
2550,That is not a valid command. Type /help for more info.    ,นั่นไม่ใช่คำสั่งที่ถูกต้อง พิมพ์ /help เพื่อดูข้อมูลเพิ่มเติม,UI: ระบบ/ปุ่มทั่วไป/ตั้งค่า,2550
2551,Available Commands:,คำสั่งที่ใช้ได้:,UI: ระบบ/ปุ่มทั่วไป/ตั้งค่า,2551
2552,Who do you want to send the message to?,คุณต้องการส่งข้อความถึงใคร?,UI: ระบบ/ปุ่มทั่วไป/ตั้งค่า,2552
2553,What do you want to say?,คุณต้องการพูดอะไร?,UI: ระบบ/ปุ่มทั่วไป/ตั้งค่า,2553|2554|2555
2556,Unrecognized command. Type /help for more info.,คำสั่งที่ไม่รู้จัก พิมพ์ /help เพื่อดูข้อมูลเพิ่มเติม,UI: ระบบ/ปุ่มทั่วไป/ตั้งค่า,2556
2557,/whisper USERNAME MESSAGE,/กระซิบข้อความชื่อผู้ใช้,UI: ระบบ/ปุ่มทั่วไป/ตั้งค่า,2557
2558,Sends a private MESSAGE to USERNAME.,ส่งข้อความส่วนตัวถึง USERNAME,UI: ระบบ/ปุ่มทั่วไป/ตั้งค่า,2558
2559,/team MESSAGE.,/ข้อความของทีม,UI: ระบบ/ปุ่มทั่วไป/ตั้งค่า,2559
2560,Sends a private MESSAGE to all players in your team.,ส่งข้อความส่วนตัวถึงผู้เล่นทุกคนในทีมของคุณ,UI: ระบบ/ปุ่มทั่วไป/ตั้งค่า,2560
2561,/broadcast MESSAGE.,/ข้อความออกอากาศ,UI: ระบบ/ปุ่มทั่วไป/ตั้งค่า,2561
2562,Sends a MESSAGE to all players in the room you're in.,ส่งข้อความถึงผู้เล่นทุกคนในห้องที่คุณอยู่,UI: ระบบ/ปุ่มทั่วไป/ตั้งค่า,2562
2563,Type /help COMMAND for information about a specific command.,พิมพ์ /help COMMAND เพื่อดูข้อมูลเกี่ยวกับคำสั่งเฉพาะ,UI: ระบบ/ปุ่มทั่วไป/ตั้งค่า,2563
2601,You cannot play a game without selecting an army.,คุณไม่สามารถเล่นเกมโดยไม่เลือกกองทัพได้,UI: ระบบ/ปุ่มทั่วไป/ตั้งค่า,2601
2602,Graphic Settings,การตั้งค่ากราฟิก,UI: ระบบ/ปุ่มทั่วไป/ตั้งค่า,2602
2603,Your graphic settings have been configured. Do you want to keep these Settings? Reverting in %1Seconds% seconds.,การตั้งค่ากราฟิกของคุณได้รับการกำหนดค่าแล้ว คุณต้องการเก็บการตั้งค่าเหล่านี้ไว้หรือไม่ กำลังเปลี่ยนกลับใน %1Seconds% วินาที,UI: ระบบ/ปุ่มทั่วไป/ตั้งค่า,2603
2604,High quality,คุณภาพสูง,UI: ระบบ/ปุ่มทั่วไป/ตั้งค่า,2604
2605,Medium quality,คุณภาพปานกลาง,UI: ระบบ/ปุ่มทั่วไป/ตั้งค่า,2605
2606,Low quality,คุณภาพต่ำ,UI: ระบบ/ปุ่มทั่วไป/ตั้งค่า,2606
2607,Video mode change failed.  The video settings were restored to their original state.,การเปลี่ยนแปลงโหมดวิดีโอล้มเหลว การตั้งค่าวิดีโอกลับคืนสู่สถานะดั้งเดิม,UI: ระบบ/ปุ่มทั่วไป/ตั้งค่า,2607
2701,You cannot delete the last profile.,คุณไม่สามารถลบโปรไฟล์ล่าสุดได้,UI: ระบบ/ปุ่มทั่วไป/ตั้งค่า,2701
2702,Player%1NUMBERTOBEAPPENDED%,ผู้เล่น%1NUMBERTOBEAPPENDED%,UI: ระบบ/ปุ่มทั่วไป/ตั้งค่า,2702
2703,Delete profile.,ลบโปรไฟล์,UI: ระบบ/ปุ่มทั่วไป/ตั้งค่า,2703
2704,Are you sure you want to delete the profile?,คุณแน่ใจหรือไม่ว่าต้องการลบโปรไฟล์?,UI: ระบบ/ปุ่มทั่วไป/ตั้งค่า,2704
2705,User name must be at least one character.  Only letters or numbers are allowed.,ชื่อผู้ใช้ต้องมีอย่างน้อยหนึ่งอักขระ อนุญาตให้ใช้เฉพาะตัวอักษรหรือตัวเลขเท่านั้น,UI: ระบบ/ปุ่มทั่วไป/ตั้งค่า,2705
2706,A profile for that name already exists.,มีโปรไฟล์สำหรับชื่อนั้นอยู่แล้ว,UI: ระบบ/ปุ่มทั่วไป/ตั้งค่า,2706
2707,Unknown error.,ข้อผิดพลาดที่ไม่รู้จัก,UI: ระบบ/ปุ่มทั่วไป/ตั้งค่า,2707
2708,Unable to create profile.,ไม่สามารถสร้างโปรไฟล์ได้,UI: ระบบ/ปุ่มทั่วไป/ตั้งค่า,2708
2750,Parental Control,การควบคุมโดยผู้ปกครอง,UI: ระบบ/ปุ่มทั่วไป/ตั้งค่า,2750
2751,The current Windows user does not have permission to play Company of Heroes.,ผู้ใช้ Windows ปัจจุบันไม่ได้รับอนุญาตให้เล่น Company of Heroes,UI: ระบบ/ปุ่มทั่วไป/ตั้งค่า,2751
2800,Mission %1MISSION_NUM%,ภารกิจ %1MISSION_NUM%,UI: ระบบ/ปุ่มทั่วไป/ตั้งค่า,2800
2810,Congratulations! You've been awarded the %1MEDAL_NAME% for completing %2CAMPAIGN_NAME%.,ยินดีด้วย! คุณได้รับรางวัล %1MEDAL_NAME% จากการทำ %2CAMPAIGN_NAME% ให้สำเร็จ,UI: ระบบ/ปุ่มทั่วไป/ตั้งค่า,2810
2850,Failed to find a supported hardware rendering device. Ensure that your system meets the minimum requirements for Company of Heroes. Verify that DirectX is properly installed and that you have the latest drivers for your system.,ล้มเหลวในการค้นหาอุปกรณ์แสดงผลฮาร์ดแวร์ที่รองรับ ตรวจสอบให้แน่ใจว่าระบบของคุณตรงตามข้อกำหนดขั้นต่ำสำหรับ Company of Heroes ตรวจสอบว่าติดตั้ง DirectX อย่างถูกต้อง และคุณมีไดรเวอร์ล่าสุดสำหรับระบบของคุณ,UI: ระบบ/ปุ่มทั่วไป/ตั้งค่า,2850
2851,Failed to find a supported hardware rendering device. Ensure that your system meets the minimum requirements for Company of Heroes.,ล้มเหลวในการค้นหาอุปกรณ์แสดงผลฮาร์ดแวร์ที่รองรับ ตรวจสอบให้แน่ใจว่าระบบของคุณตรงตามข้อกำหนดขั้นต่ำสำหรับ Company of Heroes,UI: ระบบ/ปุ่มทั่วไป/ตั้งค่า,2851
2852,Failed to initialize rendering device.,ไม่สามารถเริ่มต้นอุปกรณ์แสดงผลได้,UI: ระบบ/ปุ่มทั่วไป/ตั้งค่า,2852
2853,Failed to find a working fullscreen mode.,ไม่พบโหมดเต็มหน้าจอที่ใช้งานได้,UI: ระบบ/ปุ่มทั่วไป/ตั้งค่า,2853
2854,Failed to set a working mode for the rendering device. This could be due to having an old version of DirectX installed.,ไม่สามารถตั้งค่าโหมดการทำงานสำหรับอุปกรณ์แสดงผลได้ อาจเกิดจากการติดตั้ง DirectX เวอร์ชันเก่าไว้,UI: ระบบ/ปุ่มทั่วไป/ตั้งค่า,2854
2855,Graphics Setup,การตั้งค่ากราฟิก,UI: ระบบ/ปุ่มทั่วไป/ตั้งค่า,2855
2857,An instance of this program is already running.,อินสแตนซ์ของโปรแกรมนี้กำลังทำงานอยู่,UI: ระบบ/ปุ่มทั่วไป/ตั้งค่า,2857
2900,On,เปิด,UI: ระบบ/ปุ่มทั่วไป/ตั้งค่า,2900|60500|60510|60530|60720|605038|605041|605047|605065|605292|605295|605300|605314|608028|613015|613033|613079|613081|613083|613275|613277|613511|617018|617502|617515|617518
2901,Off,ปิด,UI: ระบบ/ปุ่มทั่วไป/ตั้งค่า,2901|60501|60511|60531|60700|60721
2902,Ultra,สูงสุด,UI: ระบบ/ปุ่มทั่วไป/ตั้งค่า,2902|60743
2903,High,สูง,UI: ระบบ/ปุ่มทั่วไป/ตั้งค่า,2903|40522|60702|60742
2904,Medium,ปานกลาง,UI: ระบบ/ปุ่มทั่วไป/ตั้งค่า,2904|60741|61101|555312
2905,Low,ต่ำ,UI: ระบบ/ปุ่มทั่วไป/ตั้งค่า,2905|40520|60701|60740
2906,Far,ไกล,UI: ระบบ/ปุ่มทั่วไป/ตั้งค่า,2906
2907,Near,ใกล้,UI: ระบบ/ปุ่มทั่วไป/ตั้งค่า,2907
2908,Shader Model 1,เชเดอร์โมเดล 1,UI: ระบบ/ปุ่มทั่วไป/ตั้งค่า,2908
2909,Shader Model 2,Shader รุ่น 2,UI: ระบบ/ปุ่มทั่วไป/ตั้งค่า,2909
2910,Shader Model 3,Shader รุ่น 3,UI: ระบบ/ปุ่มทั่วไป/ตั้งค่า,2910
2911,Shader Model 4,Shader รุ่น 4,UI: ระบบ/ปุ่มทั่วไป/ตั้งค่า,2911
2912,Custom,กำหนดเอง,UI: ระบบ/ปุ่มทั่วไป/ตั้งค่า,2912
2913,44100 Hz,44100 เฮิรตซ์,UI: ระบบ/ปุ่มทั่วไป/ตั้งค่า,2913|60541
2914,22050 Hz,22050 เฮิรตซ์,UI: ระบบ/ปุ่มทั่วไป/ตั้งค่า,2914|60540
2915,128,128,UI: ระบบ/ปุ่มทั่วไป/ตั้งค่า,2915|60563
2916,96,96,UI: ระบบ/ปุ่มทั่วไป/ตั้งค่า,2916|60562
2917,80,80,UI: ระบบ/ปุ่มทั่วไป/ตั้งค่า,2917
2918,64,64,UI: ระบบ/ปุ่มทั่วไป/ตั้งค่า,2918|60561
2919,48,48,UI: ระบบ/ปุ่มทั่วไป/ตั้งค่า,2919
2920,32,32,UI: ระบบ/ปุ่มทั่วไป/ตั้งค่า,2920|60560
2921,System Configuration,การกำหนดค่าระบบ,UI: ระบบ/ปุ่มทั่วไป/ตั้งค่า,2921|60590
2922,Stereo,สเตอริโอ,UI: ระบบ/ปุ่มทั่วไป/ตั้งค่า,2922|60591
2923,Headphones,หูฟัง,UI: ระบบ/ปุ่มทั่วไป/ตั้งค่า,2923|60592
2924,Surround Sound,ระบบเสียงรอบทิศทาง,UI: ระบบ/ปุ่มทั่วไป/ตั้งค่า,2924
2925,SRS Circle Surround,SRS วงกลมเซอร์ราวด์,UI: ระบบ/ปุ่มทั่วไป/ตั้งค่า,2925|60594
2926,5.1 Discrete,ระบบเสียง 5.1 แชนเนล,UI: ระบบ/ปุ่มทั่วไป/ตั้งค่า,2926|60595
2927,6.1 Discrete,ระบบเสียง 6.1 แชนเนล,UI: ระบบ/ปุ่มทั่วไป/ตั้งค่า,2927|60596
2928,7.1 Discrete,ระบบเสียง 7.1 แชนเนล,UI: ระบบ/ปุ่มทั่วไป/ตั้งค่า,2928|60597
2929,8.1 Discrete,ระบบเสียง 8.1 แชนเนล,UI: ระบบ/ปุ่มทั่วไป/ตั้งค่า,2929|60598
2930,%1WIDTH%x%2HEIGHT%,%1WIDTH%x%2HEIGHT%,UI: ระบบ/ปุ่มทั่วไป/ตั้งค่า,2930
2931,%1WIDTH%x%2HEIGHT% (widescreen),%1WIDTH%x%2HEIGHT% (จอกว้าง),UI: ระบบ/ปุ่มทั่วไป/ตั้งค่า,2931
2932,Enabled,เปิดใช้งาน,UI: ระบบ/ปุ่มทั่วไป/ตั้งค่า,2932
2933,Disabled,ปิดใช้งาน,UI: ระบบ/ปุ่มทั่วไป/ตั้งค่า,2933
2934,Enable,เปิดใช้งาน,UI: ระบบ/ปุ่มทั่วไป/ตั้งค่า,2934
2935,Disable,ปิดการใช้งาน,UI: ระบบ/ปุ่มทั่วไป/ตั้งค่า,2935
2936,Advanced,ขั้นสูง,UI: ระบบ/ปุ่มทั่วไป/ตั้งค่า,2936
2937,Custom (Advanced),กำหนดเอง (ขั้นสูง),UI: ระบบ/ปุ่มทั่วไป/ตั้งค่า,2937
2938,1x,1x,UI: ระบบ/ปุ่มทั่วไป/ตั้งค่า,2938
2939,2x,2x,UI: ระบบ/ปุ่มทั่วไป/ตั้งค่า,2939
2940,4x,4x,UI: ระบบ/ปุ่มทั่วไป/ตั้งค่า,2940
2941,8x,8x,UI: ระบบ/ปุ่มทั่วไป/ตั้งค่า,2941
2942,16x,16x,UI: ระบบ/ปุ่มทั่วไป/ตั้งค่า,2942
2943,Quality,คุณภาพ,UI: ระบบ/ปุ่มทั่วไป/ตั้งค่า,2943
2944,Performance,ประสิทธิภาพ,UI: ระบบ/ปุ่มทั่วไป/ตั้งค่า,2944|561756|600039|604785|604788
2945,Balanced,สม็อดุล,UI: ระบบ/ปุ่มทั่วไป/ตั้งค่า,2945
2946,Very Low,ต่ำมาก,UI: ระบบ/ปุ่มทั่วไป/ตั้งค่า,2946
2947,Shader Model 2 (Low),Shader รุ่น 2 (ต่ำ),UI: ระบบ/ปุ่มทั่วไป/ตั้งค่า,2947
2948,Shader Model 2 (High),Shader รุ่น 2 (สูง),UI: ระบบ/ปุ่มทั่วไป/ตั้งค่า,2948
2949,Very Low (VS1/PS1),ต่ำมาก,UI: ระบบ/ปุ่มทั่วไป/ตั้งค่า,2949
2950,Low (VS2/PS1),ต่ำ,UI: ระบบ/ปุ่มทั่วไป/ตั้งค่า,2950
2951,Medium (VS2/PS2),ปานกลาง,UI: ระบบ/ปุ่มทั่วไป/ตั้งค่า,2951
2952,High (VS3/PS3),สูง,UI: ระบบ/ปุ่มทั่วไป/ตั้งค่า,2952
2953,Ultra (VS4/PS4),อัลตร้า,UI: ระบบ/ปุ่มทั่วไป/ตั้งค่า,2953
2954,FSAA,FSAA,UI: ระบบ/ปุ่มทั่วไป/ตั้งค่า,2954
2955,V-Sync,V-ซิงค์,UI: ระบบ/ปุ่มทั่วไป/ตั้งค่า,2955
2956,Minimum,ขั้นต่ำ,UI: ระบบ/ปุ่มทั่วไป/ตั้งค่า,2956
2957,Maximum,สูงสุด,UI: ระบบ/ปุ่มทั่วไป/ตั้งค่า,2957
2958,Window,หน้าต่าง,UI: ระบบ/ปุ่มทั่วไป/ตั้งค่า,2958
2959,Windowed,หน้าต่าง,UI: ระบบ/ปุ่มทั่วไป/ตั้งค่า,2959
2960,Full Screen,เต็มจอ,UI: ระบบ/ปุ่มทั่วไป/ตั้งค่า,2960
2961,Automatic,อัตโนมัติ,UI: ระบบ/ปุ่มทั่วไป/ตั้งค่า,2961|555102
2962,Do you wish to keep these settings?,คุณต้องการเก็บการตั้งค่าเหล่านี้ไว้หรือไม่,UI: ระบบ/ปุ่มทั่วไป/ตั้งค่า,2962
2963,Yes,ใช่,UI: ระบบ/ปุ่มทั่วไป/ตั้งค่า,2963|8501|40570|40590|40630|43302|409013|604004|604007|700506|707502|708252|708502|708752
2964,No,ไม่,UI: ระบบ/ปุ่มทั่วไป/ตั้งค่า,2964|8500|40571|40591|40631|43303|409014|604005|604006|700507|707501|708251|708501|708751
2965,Direct3D 10,ไดเร็กต์ 3ดี 10,UI: ระบบ/ปุ่มทั่วไป/ตั้งค่า,2965
2966,None,ไม่มี,UI: ระบบ/ปุ่มทั่วไป/ตั้งค่า,2966|10501
2967,8x CSAA,8x ซีเอสเอเอ,UI: ระบบ/ปุ่มทั่วไป/ตั้งค่า,2967
2968,8xQ CSAA,8xQ ซีเอสเอเอ,UI: ระบบ/ปุ่มทั่วไป/ตั้งค่า,2968
2969,16x CSAA,16x ซีเอสเอเอ,UI: ระบบ/ปุ่มทั่วไป/ตั้งค่า,2969
2970,16xQ CSAA,16xQ ซีเอสเอเอ,UI: ระบบ/ปุ่มทั่วไป/ตั้งค่า,2970
2971,Low Virtual Address Space,พื้นที่ที่อยู่เสมือนต่ำ,UI: ระบบ/ปุ่มทั่วไป/ตั้งค่า,2971
2972,These settings require more memory than your system has.  Please lower them to continue.,การตั้งค่าเหล่านี้ต้องการหน่วยความจำมากกว่าที่ระบบของคุณมี โปรดลดระดับลงเพื่อดำเนินการต่อ,UI: ระบบ/ปุ่มทั่วไป/ตั้งค่า,2972
2973,1 Channel,1 ช่อง,UI: ระบบ/ปุ่มทั่วไป/ตั้งค่า,2973
2974,2 Channels,2 ช่อง,UI: ระบบ/ปุ่มทั่วไป/ตั้งค่า,2974
2975,Great,ยอดเยี่ยม,UI: ระบบ/ปุ่มทั่วไป/ตั้งค่า,2975
2976,Good,ดี,UI: ระบบ/ปุ่มทั่วไป/ตั้งค่า,2976
2977,Average,เฉลี่ย,UI: ระบบ/ปุ่มทั่วไป/ตั้งค่า,2977
2978,Poor,ยากจน,UI: ระบบ/ปุ่มทั่วไป/ตั้งค่า,2978
2979,%1VALUE% fps,%1VALUE% เฟรมต่อวินาที,UI: ระบบ/ปุ่มทั่วไป/ตั้งค่า,2979
3250,Slag cost,ต้นทุนวัตถุดิบ,UI: ระบบ/ปุ่มทั่วไป/ตั้งค่า,3250
3251,Power Point cost,ต้นทุนคะแนนกำลังพล,UI: ระบบ/ปุ่มทั่วไป/ตั้งค่า,3251
3252,Research level,ระดับการวิจัย,UI: ระบบ/ปุ่มทั่วไป/ตั้งค่า,3252
3253,Health,สุขภาพ,UI: ระบบ/ปุ่มทั่วไป/ตั้งค่า,3253
3254,Defense,กลาโหม,UI: ระบบ/ปุ่มทั่วไป/ตั้งค่า,3254
3255,Speed,ความเร็ว,UI: ระบบ/ปุ่มทั่วไป/ตั้งค่า,3255
3256,Water speed,ความเร็วน้ำ,UI: ระบบ/ปุ่มทั่วไป/ตั้งค่า,3256
3257,Sight radius,รัศมีการมองเห็น,UI: ระบบ/ปุ่มทั่วไป/ตั้งค่า,3257
3258,Size,ขนาด,UI: ระบบ/ปุ่มทั่วไป/ตั้งค่า,3258|717027|717050
3259,Melee damage,ความเสียหายระยะประชิด,UI: ระบบ/ปุ่มทั่วไป/ตั้งค่า,3259
3260,Range damage,ความเสียหายช่วง,UI: ระบบ/ปุ่มทั่วไป/ตั้งค่า,3260
3500,Mission Title,ชื่อภารกิจ,UI: ระบบ/ปุ่มทั่วไป/ตั้งค่า,3500
3501,Mission Description,รายละเอียดภารกิจ,UI: ระบบ/ปุ่มทั่วไป/ตั้งค่า,3501
3502,Loading,กำลังโหลด,UI: ระบบ/ปุ่มทั่วไป/ตั้งค่า,3502
4006,Click to send new message or hit ENTER.,คลิกเพื่อส่งข้อความใหม่หรือกด ENTER,UI: ระบบ/ปุ่มทั่วไป/ตั้งค่า,4006
4007,Enter new message.,พิมพ์ข้อความใหม่ที่นี่,UI: ระบบ/ปุ่มทั่วไป/ตั้งค่า,4007
4500,This is a subtitle text,นี่คือข้อความคำบรรยาย,UI: ระบบ/ปุ่มทั่วไป/ตั้งค่า,4500|65500|803505
5000,Back,ย้อนกลับ,UI: ระบบ/ปุ่มทั่วไป/ตั้งค่า,5000|14500|18004|18500|19000|19504|20250|21502|22500|23004|23504|40879|40881|500294|501753|502251|503285|503758|504003|504505|505000|505257|505752|508001|508501|509255|509501|509779|510001|510501|510751|511000|511251|511751|512003|600503|601757|602500|602751|603009|604503|605503|606251|607001|607251|607501|607751
5250,CAMPAIGN,แคมเปญ,UI: ระบบ/ปุ่มทั่วไป/ตั้งค่า,5250|9250|16000|27506|27757|559091|702789|703756|713512
5251,PRIMARY OBJECTIVE,เป้าหมายหลัก,UI: ระบบ/ปุ่มทั่วไป/ตั้งค่า,5251|710261
5252,MY CAMPAIGN,แคมเปญของฉัน,UI: ระบบ/ปุ่มทั่วไป/ตั้งค่า,5252|702751
5253,MEDAL OBJECTIVE,เป้าหมายชิงเหรียญเกียรติยศ,UI: ระบบ/ปุ่มทั่วไป/ตั้งค่า,5253|31257|710267
5254,SECONDARY OBJECTIVE,เป้าหมายรอง,UI: ระบบ/ปุ่มทั่วไป/ตั้งค่า,5254|710262
5256,MAIN MENU,เมนูหลัก,UI: ระบบ/ปุ่มทั่วไป/ตั้งค่า | เมนูเก่า: เมนูหลัก,5256|22013|28751|32263|53550|600270|606002|702788|703256|704020|710060|710250|802272
5257,NEXT MISSION,ภารกิจต่อไป,UI: ระบบ/ปุ่มทั่วไป/ตั้งค่า,5257|53549|710251
5293,REPLAY MISSION,ภารกิจการเล่นซ้ำ,UI: ระบบ/ปุ่มทั่วไป/ตั้งค่า,5293|710254
5509,Exit Application,ออกจากโปรแกรม,UI: ระบบ/ปุ่มทั่วไป/ตั้งค่า,5509|705501
5511,Restart Game,เริ่มเกมใหม่,UI: ระบบ/ปุ่มทั่วไป/ตั้งค่า,5511|705503
5512,Game Options,ตัวเลือกเกม,UI: ระบบ/ปุ่มทั่วไป/ตั้งค่า,5512|705507
5513,System Options,ตัวเลือกระบบ,UI: ระบบ/ปุ่มทั่วไป/ตั้งค่า,5513|705504
5514,Load Game,โหลดเกม,UI: ระบบ/ปุ่มทั่วไป/ตั้งค่า,5514|15759|25755|25774|705505
5515,Save Game,บันทึกเกม,UI: ระบบ/ปุ่มทั่วไป/ตั้งค่า,5515|705506
6500,Accept,ตกลง,UI: ระบบ/ปุ่มทั่วไป/ตั้งค่า,6500|7000|8505|8506|11500|12006|43306|71500|513500|605754|607000|607004|706751|707750|708250|708500|708750
6508,Cancel,ยกเลิก,UI: ระบบ/ปุ่มทั่วไป/ตั้งค่า,6508|7001|8507|11501|12007|43301|68510|71501|409011|502750|509001|512256|512503|561773|562003|562023|600252|601000|601001|601251|602002|602005|603040|604001|616253|616256|616504|616505|706750|707751
6509,Delete Game,ลบเกม,UI: ระบบ/ปุ่มทั่วไป/ตั้งค่า,6509|7002
7500,v,v,UI: ระบบ/ปุ่มทั่วไป/ตั้งค่า,7500|7750|8000|12503|12505|12507|14751|15004|15250|15267|15274|16254|16522|16528|16530|16532|17256
7501,Don't show again,อย่าแสดงอีก,UI: ระบบ/ปุ่มทั่วไป/ตั้งค่า,7501|7751|8001|16255
8251,Save profile as...,บันทึกโปรไฟล์เป็น...,UI: ระบบ/ปุ่มทั่วไป/ตั้งค่า,8251
8508,Don't show this again,อย่าแสดงสิ่งนี้อีก,UI: ระบบ/ปุ่มทั่วไป/ตั้งค่า,8508
8509,Test Title,หัวข้อทดสอบ,UI: ระบบ/ปุ่มทั่วไป/ตั้งค่า,8509|512252|513002|602252|604002|608250|611257|611502|611750|612000|612250|620500
8510,Test Message,ข้อความทดสอบ,UI: ระบบ/ปุ่มทั่วไป/ตั้งค่า,8510|512253|604003|605751|608251|611254|616751
9251,SKIRMISH,ศึกประจัญบาน,UI: ระบบ/ปุ่มทั่วไป/ตั้งค่า | เมนูเก่า: ศึกรวดเร็ว,9251|25503|25778|27505|27758|703754|704028|713509
9252,MULTIPLAYER,ผู้เล่นหลายคน,UI: ระบบ/ปุ่มทั่วไป/ตั้งค่า | เมนูเก่า: ผู้เล่นหลายคน,9252|16004|27504|27759|703753|713520
9253,OPTIONS,ตัวเลือก,UI: ระบบ/ปุ่มทั่วไป/ตั้งค่า,9253|16007|16511|27503|27760|29266|32262|65054|506758|555152|603518|701038|703752|705282|708001|713521
9254,CREDITS,เครดิต,UI: ระบบ/ปุ่มทั่วไป/ตั้งค่า,9254|16008|27502
9255,QUIT,ออก,UI: ระบบ/ปุ่มทั่วไป/ตั้งค่า,9255|27500|28003|30252|707252|708002
9256,TUTORIAL,การฝึกรบ,UI: ระบบ/ปุ่มทั่วไป/ตั้งค่า,9256|16006|27501|713503
10000,Movie Paused,ภาพยนตร์หยุดชั่วคราว,UI: ระบบ/ปุ่มทั่วไป/ตั้งค่า,10000
10250,LAN TCP/IP,แลน TCP/IP,UI: ระบบ/ปุ่มทั่วไป/ตั้งค่า,10250
10251,BACK,ย้อนกลับ,UI: ระบบ/ปุ่มทั่วไป/ตั้งค่า,10251|10750|13253|14761|15001|16512|17260|20009|22251|25502|502001|503503|504750|506501|511502|605022|611509|710064|717000
10252,PROTOCOL,โปรโตคอล,UI: ระบบ/ปุ่มทั่วไป/ตั้งค่า,10252
10253,LAN IPX,แลน ไอพีเอ็กซ์,UI: ระบบ/ปุ่มทั่วไป/ตั้งค่า,10253
10254,INTERNET TCP,อินเทอร์เน็ต TCP,UI: ระบบ/ปุ่มทั่วไป/ตั้งค่า,10254
10255,IC ONLINE,ไอซีออนไลน์,UI: ระบบ/ปุ่มทั่วไป/ตั้งค่า,10255
10257,EXIT,ออกจากเกม,UI: ระบบ/ปุ่มทั่วไป/ตั้งค่า,10257|10751|13254|14762|15016|16001|16513|17259|20008|27762|73001|703750|713510|802358|803758|806008
10503,Add-on,ส่วนเสริม,UI: ระบบ/ปุ่มทั่วไป/ตั้งค่า,10503
10754,Connection Status,สถานะการเชื่อมต่อ,UI: ระบบ/ปุ่มทั่วไป/ตั้งค่า,10754|14254
11000,Campaign,แคมเปญ,UI: ระบบ/ปุ่มทั่วไป/ตั้งค่า,11000|506258
11001,Skirmish,ศึกประจัญบาน,UI: ระบบ/ปุ่มทั่วไป/ตั้งค่า,11001|506250|555171|600508
11002,Multiplayer,ผู้เล่นหลายคน,UI: ระบบ/ปุ่มทั่วไป/ตั้งค่า,11002|506251
11003,Options,ตัวเลือก,UI: ระบบ/ปุ่มทั่วไป/ตั้งค่า,11003|75254|503260
11004,Credits,เครดิต,UI: ระบบ/ปุ่มทั่วไป/ตั้งค่า,11004
11006,Quit,ออก,UI: ระบบ/ปุ่มทั่วไป/ตั้งค่า,11006|21000|21257|506253
11502,Are you sure you want to quit game and return to Windows ?,คุณแน่ใจหรือไม่ว่าต้องการออกจากเกมและกลับสู่ Windows,UI: ระบบ/ปุ่มทั่วไป/ตั้งค่า,11502|12005
12000,Would you like to return to the MAIN MENU or EXIT TO WINDOWS?,คุณต้องการกลับไปที่เมนูหลักหรือออกจาก WINDOWS?,UI: ระบบ/ปุ่มทั่วไป/ตั้งค่า,12000|28250
12001,RETURN TO MAIN MENU,กลับสู่เมนูหลัก,UI: ระบบ/ปุ่มทั่วไป/ตั้งค่า,12001|28252
12002,EXIT TO WINDOWS?,ออกไปที่ WINDOWS หรือไม่?,UI: ระบบ/ปุ่มทั่วไป/ตั้งค่า,12002
12500,Mission Difficulty Level,ระดับความยากของภารกิจ,UI: ระบบ/ปุ่มทั่วไป/ตั้งค่า,12500
12501,SAVE,บันทึก,UI: ระบบ/ปุ่มทั่วไป/ตั้งค่า,12501|28001|29253|30253|612517|707253|712757
12504,EASY,ง่าย,UI: ระบบ/ปุ่มทั่วไป/ตั้งค่า,12504
12506,MEDIUM,ปานกลาง,UI: ระบบ/ปุ่มทั่วไป/ตั้งค่า,12506
12508,HARD,ยาก,UI: ระบบ/ปุ่มทั่วไป/ตั้งค่า,12508
13250,JOIN GAME,เข้าร่วมเกม,UI: ระบบ/ปุ่มทั่วไป/ตั้งค่า,13250|15002|20003|555156|605020|605270
13251,GAME NAME,ชื่อห้องเกม,UI: ระบบ/ปุ่มทั่วไป/ตั้งค่า,13251|13252|13255|14756
13256,GAME INFO,ข้อมูลเกม,UI: ระบบ/ปุ่มทั่วไป/ตั้งค่า,13256|500311|507052|508762|605012|605284|613011
13257,GAME LOBBY,ล็อบบี้เกม,UI: ระบบ/ปุ่มทั่วไป/ตั้งค่า,13257|600019|600754|603513|605251|606757|609516|613000|613250|615250|617500
13258,Refresh list,รีเฟรชรายการ,UI: ระบบ/ปุ่มทั่วไป/ตั้งค่า,13258|717005
13260,CURRENT ROOM,ห้องปัจจุบัน,UI: ระบบ/ปุ่มทั่วไป/ตั้งค่า,13260
13262,GAME TYPE,ประเภทเกม,UI: ระบบ/ปุ่มทั่วไป/ตั้งค่า,13262|13263|13264
13269,HOST GAME,สร้างห้องเกม,UI: ระบบ/ปุ่มทั่วไป/ตั้งค่า,13269|20004|555154|605021|605272
13501,Connection status,สถานะการเชื่อมต่อ,UI: ระบบ/ปุ่มทั่วไป/ตั้งค่า,13501|68000
13503,Password,รหัสผ่าน,UI: ระบบ/ปุ่มทั่วไป/ตั้งค่า,13503
13750,Loading...,กำลังโหลด...,UI: ระบบ/ปุ่มทั่วไป/ตั้งค่า,13750|704500
13751,- Legal Text -,- ข้อความทางกฎหมาย -,UI: ระบบ/ปุ่มทั่วไป/ตั้งค่า,13751|26000
14750,Record stats,บันทึกสถิติ,UI: ระบบ/ปุ่มทั่วไป/ตั้งค่า,14750
14755,PASSWORD,รหัสผ่าน,UI: ระบบ/ปุ่มทั่วไป/ตั้งค่า,14755
14757,HOST SETUP,การตั้งค่าโฮสต์,UI: ระบบ/ปุ่มทั่วไป/ตั้งค่า,14757
14758,DONE,เสร็จสิ้น,UI: ระบบ/ปุ่มทั่วไป/ตั้งค่า,14758|65069|66268|70002|72002
15000,START GAME,เริ่มเกม,UI: ระบบ/ปุ่มทั่วไป/ตั้งค่า,15000|17258|555022|704025
15003,Record game,บันทึกเกม,UI: ระบบ/ปุ่มทั่วไป/ตั้งค่า,15003|17255
15005,IP ADDRESS DISPLAY,การแสดงที่อยู่ IP,UI: ระบบ/ปุ่มทั่วไป/ตั้งค่า,15005
15006,ARMY,กองทัพ,UI: ระบบ/ปุ่มทั่วไป/ตั้งค่า,15006|17251
15007,READY,พร้อม,UI: ระบบ/ปุ่มทั่วไป/ตั้งค่า,15007
15008,COLOR,สี,UI: ระบบ/ปุ่มทั่วไป/ตั้งค่า,15008|17252
15009,TEAM,ทีม,UI: ระบบ/ปุ่มทั่วไป/ตั้งค่า,15009|17253
15010,PING,ปิง,UI: ระบบ/ปุ่มทั่วไป/ตั้งค่า,15010
15011,PLAYER,ผู้เล่น,UI: ระบบ/ปุ่มทั่วไป/ตั้งค่า,15011|17254
15039,GAME:,เกม:,UI: ระบบ/ปุ่มทั่วไป/ตั้งค่า,15039
15040,ROOM:,ห้อง:,UI: ระบบ/ปุ่มทั่วไป/ตั้งค่า,15040
15262,Game type,ประเภทเกม,UI: ระบบ/ปุ่มทั่วไป/ตั้งค่า,15262|40500
15500,Delete Army,ลบกองทัพ,UI: ระบบ/ปุ่มทั่วไป/ตั้งค่า,15500
15501,Load Army,โหลดกองทัพ,UI: ระบบ/ปุ่มทั่วไป/ตั้งค่า,15501
15505,32439,32439,UI: ระบบ/ปุ่มทั่วไป/ตั้งค่า,15505|15751|15754|16609|17008|19250
15752,RECORDED GAMES,เกมที่บันทึกไว้,UI: ระบบ/ปุ่มทั่วไป/ตั้งค่า,15752|15756|25760|704042
15753,Delete Saved Game,ลบเกมที่บันทึกไว้,UI: ระบบ/ปุ่มทั่วไป/ตั้งค่า,15753|704038
15755,SAVED GAMES,เกมที่บันทึกไว้,UI: ระบบ/ปุ่มทั่วไป/ตั้งค่า,15755|15757|25776|702791|704043
15758,Delete Playback File,ลบไฟล์การเล่น,UI: ระบบ/ปุ่มทั่วไป/ตั้งค่า,15758
16003,PLAYER vs COMPUTER,ผู้เล่นกับคอมพิวเตอร์,UI: ระบบ/ปุ่มทั่วไป/ตั้งค่า,16003|17250
16005,ARMY BUILDER,ผู้สร้างกองทัพ,UI: ระบบ/ปุ่มทั่วไป/ตั้งค่า,16005
16500,Gamma,แกมมา (ความสว่าง),UI: ระบบ/ปุ่มทั่วไป/ตั้งค่า,16500|65051
16501,Shadow detail level,ระดับรายละเอียดเงา,UI: ระบบ/ปุ่มทั่วไป/ตั้งค่า,16501|65067
16502,Texture detail level,ระดับรายละเอียดพื้นผิว,UI: ระบบ/ปุ่มทั่วไป/ตั้งค่า,16502
16503,Rendering system,ระบบการเรนเดอร์,UI: ระบบ/ปุ่มทั่วไป/ตั้งค่า,16503
16504,Ambient world sounds,เสียงโลกโดยรอบ,UI: ระบบ/ปุ่มทั่วไป/ตั้งค่า,16504
16505,6618,6618,UI: ระบบ/ปุ่มทั่วไป/ตั้งค่า,16505|16515|16517|16536
16506,Resolution,ความละเอียดหน้าจอ,UI: ระบบ/ปุ่มทั่วไป/ตั้งค่า,16506|22016|701013
16508,RESET DEFAULTS,รีเซ็ตค่าเริ่มต้น,UI: ระบบ/ปุ่มทั่วไป/ตั้งค่า,16508|16524
16509,APPLY SETTINGS,ใช้การตั้งค่า,UI: ระบบ/ปุ่มทั่วไป/ตั้งค่า,16509
16510,GRAPHICS,กราฟิก,UI: ระบบ/ปุ่มทั่วไป/ตั้งค่า,16510|16520|65002|701052
16514,Shiny objects,วัตถุแวววาว,UI: ระบบ/ปุ่มทั่วไป/ตั้งค่า,16514
16516,Color depth,ความลึกของสี,UI: ระบบ/ปุ่มทั่วไป/ตั้งค่า,16516
16518,PLAYER PROFILE,โปรไฟล์ผู้เล่น,UI: ระบบ/ปุ่มทั่วไป/ตั้งค่า,16518|16521
16519,AUDIO,ระบบเสียง,UI: ระบบ/ปุ่มทั่วไป/ตั้งค่า,16519|16545|22028|29256|65001|701053|712752
16526,Exit to Windows,ออกจากเกมกลับสู่ Windows,UI: ระบบ/ปุ่มทั่วไป/ตั้งค่า,16526|604255|604270|616001|616009|616752|616757|705256|708016
16527,Low-end system settings,การตั้งค่าระบบขั้นต่ำ,UI: ระบบ/ปุ่มทั่วไป/ตั้งค่า,16527
16529,Medium system settings,การตั้งค่าระบบปานกลาง,UI: ระบบ/ปุ่มทั่วไป/ตั้งค่า,16529
16531,High-end system settings,การตั้งค่าระบบระดับสูง,UI: ระบบ/ปุ่มทั่วไป/ตั้งค่า,16531
16533,Custom system settings,การตั้งค่าระบบแบบกำหนดเอง,UI: ระบบ/ปุ่มทั่วไป/ตั้งค่า,16533
16534,Sound quality,คุณภาพเสียง,UI: ระบบ/ปุ่มทั่วไป/ตั้งค่า,16534
16537,3D audio driver,ไดร์เวอร์เสียง 3D,UI: ระบบ/ปุ่มทั่วไป/ตั้งค่า,16537
16546,SELECT PROFILE:,เลือกโปรไฟล์:,UI: ระบบ/ปุ่มทั่วไป/ตั้งค่า,16546
16556,Music volume,ระดับเสียงดนตรีประกอบ,UI: ระบบ/ปุ่มทั่วไป/ตั้งค่า,16556|65059
16557,Speech volume,ระดับเสียงพูด,UI: ระบบ/ปุ่มทั่วไป/ตั้งค่า,16557|65060
16558,SFX volume,ระดับเสียงเอฟเฟกต์,UI: ระบบ/ปุ่มทั่วไป/ตั้งค่า,16558|65061
16559,SFX channels,ช่อง SFX,UI: ระบบ/ปุ่มทั่วไป/ตั้งค่า,16559
16566,GAMEPLAY and KEY CONFIGURATION options are available in the game.  They can be accessed from the Gameplay Options menu from within the game.,ตัวเลือกการเล่นเกมและการกำหนดค่าคีย์มีอยู่ในเกม สามารถเข้าถึงได้จากเมนูตัวเลือกการเล่นเกมจากภายในเกม,UI: ระบบ/ปุ่มทั่วไป/ตั้งค่า,16566
16602,Creature detail level,ระดับรายละเอียดสิ่งมีชีวิต,UI: ระบบ/ปุ่มทั่วไป/ตั้งค่า,16602
16603,Object detail level,ระดับรายละเอียดวัตถุ,UI: ระบบ/ปุ่มทั่วไป/ตั้งค่า,16603|65050
16604,Preferred frame rate,อัตราเฟรมที่ต้องการ,UI: ระบบ/ปุ่มทั่วไป/ตั้งค่า,16604
16610,Delete profile,ลบโปรไฟล์,UI: ระบบ/ปุ่มทั่วไป/ตั้งค่า,16610
16611,New profile,โปรไฟล์ใหม่,UI: ระบบ/ปุ่มทั่วไป/ตั้งค่า,16611
16750,SAVE GAME,บันทึกเกม,UI: ระบบ/ปุ่มทั่วไป/ตั้งค่า,16750|29265|705281
16751,RESUME GAME,เล่นเกมต่อ,UI: ระบบ/ปุ่มทั่วไป/ตั้งค่า,16751
16752,EXIT TO WINDOWS,ออกจากเกมกลับสู่ Windows,UI: ระบบ/ปุ่มทั่วไป/ตั้งค่า,16752|28251|28501|29250|29501|32264|703001|705276|706250|708003
16753,GAMEPLAY OPTIONS,ตัวเลือกการเล่นเกม,UI: ระบบ/ปุ่มทั่วไป/ตั้งค่า,16753|66307
16756,QUIT GAME,ออกจากเกม,UI: ระบบ/ปุ่มทั่วไป/ตั้งค่า,16756|29251|706251
16757,GAME MENU,เมนูเกม,UI: ระบบ/ปุ่มทั่วไป/ตั้งค่า,16757
16758,SYSTEM OPTIONS,ตัวเลือกระบบ,UI: ระบบ/ปุ่มทั่วไป/ตั้งค่า,16758|65000
16759,LOAD GAME,โหลดเกม,UI: ระบบ/ปุ่มทั่วไป/ตั้งค่า,16759|29264|29279|613021|702779|704008|704023|705280|713002|802258
16760,RESTART,เริ่มใหม่,UI: ระบบ/ปุ่มทั่วไป/ตั้งค่า,16760|32261|705278|708000|802250
17000,Delete Profile,ลบโปรไฟล์,UI: ระบบ/ปุ่มทั่วไป/ตั้งค่า,17000|505250|559032|604502
17001,Select Player Profile,เลือกโปรไฟล์ผู้เล่น,UI: ระบบ/ปุ่มทั่วไป/ตั้งค่า,17001
17010,New Profile,โปรไฟล์ใหม่,UI: ระบบ/ปุ่มทั่วไป/ตั้งค่า,17010
17257,Load game,โหลดเกม,UI: ระบบ/ปุ่มทั่วไป/ตั้งค่า,17257
17500,SELECT MAP,เลือกแผนที่,UI: ระบบ/ปุ่มทั่วไป/ตั้งค่า,17500
17501,MAP INFO,ข้อมูลแผนที่,UI: ระบบ/ปุ่มทั่วไป/ตั้งค่า,17501|502260|503250|600839
18000,Select Map,เลือก แผนที่,UI: ระบบ/ปุ่มทั่วไป/ตั้งค่า,18000|21500
18002,Load Replay,โหลดเล่นซ้ำ,UI: ระบบ/ปุ่มทั่วไป/ตั้งค่า,18002|21504
18003,Load Saved Game,โหลดเกมที่บันทึกไว้,UI: ระบบ/ปุ่มทั่วไป/ตั้งค่า,18003|21503|704037|713004
18005,Select this map,เลือกแผนที่นี้,UI: ระบบ/ปุ่มทั่วไป/ตั้งค่า,18005|21501
18007,SKIRMISH GAME SETUP,การตั้งค่าเกมศึกประจัญบาน,UI: ระบบ/ปุ่มทั่วไป/ตั้งค่า,18007|19510|21505
18501,Launch Game!,เปิดตัวเกม!,UI: ระบบ/ปุ่มทั่วไป/ตั้งค่า,18501|18502|19505|20505
18503,Mission Name,ชื่อภารกิจ,UI: ระบบ/ปุ่มทั่วไป/ตั้งค่า,18503|19500|20500|702756|702768
18504,Players,ผู้เล่น,UI: ระบบ/ปุ่มทั่วไป/ตั้งค่า,18504|19501|20501|500303|500307|507044|507048|508754|508758|509010|611012|611505|613008
18505,Map size,ขนาดแผนที่,UI: ระบบ/ปุ่มทั่วไป/ตั้งค่า,18505|19502|20502
18506,0,0,UI: ระบบ/ปุ่มทั่วไป/ตั้งค่า,18506|20503|508258|508262|508267|508272|508275|508276|508280|508281|710520|801776|801876|2204000
19252,Enter game name:,ใส่ชื่อเกม:,UI: ระบบ/ปุ่มทั่วไป/ตั้งค่า,19252
19253,Save game as...,บันทึกเกมเป็น...,UI: ระบบ/ปุ่มทั่วไป/ตั้งค่า,19253
19254,Saved games:,เกมที่บันทึกไว้:,UI: ระบบ/ปุ่มทั่วไป/ตั้งค่า,19254
19503,Option:,ตัวเลือก:,UI: ระบบ/ปุ่มทั่วไป/ตั้งค่า,19503|19507|19508|19509|19511|19515|503290|503291|503292|503293|503294|503295
20002,SETUP,การตั้งค่า,UI: ระบบ/ปุ่มทั่วไป/ตั้งค่า,20002
20005,IP ADDRESS,ที่อยู่ IP,UI: ระบบ/ปุ่มทั่วไป/ตั้งค่า,20005
20007,12263,12263,UI: ระบบ/ปุ่มทั่วไป/ตั้งค่า,20007
20504,Back to map list,กลับไปยังรายการแผนที่,UI: ระบบ/ปุ่มทั่วไป/ตั้งค่า,20504
20507,AI Difficulty,ความยากของ AI,UI: ระบบ/ปุ่มทั่วไป/ตั้งค่า,20507
20508,GAME PAUSED,เกมหยุดชั่วคราว,UI: ระบบ/ปุ่มทั่วไป/ตั้งค่า,20508
20509,HIDE,ซ่อน,UI: ระบบ/ปุ่มทั่วไป/ตั้งค่า,20509
21002,GAME OVER,จบเกม,UI: ระบบ/ปุ่มทั่วไป/ตั้งค่า,21002
21003,"Click continue to look around the map, or Quit to exit the game.",คลิกดำเนินการต่อเพื่อดูรอบๆ แผนที่ หรือออกเพื่อออกจากเกม,UI: ระบบ/ปุ่มทั่วไป/ตั้งค่า,21003|21254
21250,VICTORY!,ชัยชนะ!,UI: ระบบ/ปุ่มทั่วไป/ตั้งค่า,21250
21251,DEFEATED...,พ่ายแพ้...,UI: ระบบ/ปุ่มทั่วไป/ตั้งค่า,21251
21253,MISSION COMPLETED!,ภารกิจเสร็จสิ้น!,UI: ระบบ/ปุ่มทั่วไป/ตั้งค่า,21253
22000,HELP Text,ข้อความช่วยเหลือ,UI: ระบบ/ปุ่มทั่วไป/ตั้งค่า,22000
22001,Squad Control,การควบคุมทีม,UI: ระบบ/ปุ่มทั่วไป/ตั้งค่า,22001|701027|712760
22002,Squad Decorators,ทีมตกแต่ง,UI: ระบบ/ปุ่มทั่วไป/ตั้งค่า,22002
22005,SELECT,เลือก,UI: ระบบ/ปุ่มทั่วไป/ตั้งค่า,22005
22006,EXTRAS,พิเศษ,UI: ระบบ/ปุ่มทั่วไป/ตั้งค่า,22006|27761|28752|703251|703751
22007,Mouse Scroll Speed,ความเร็วการเลื่อนเมาส์,UI: ระบบ/ปุ่มทั่วไป/ตั้งค่า,22007|701026|712761
22008,Playback Frequency,ความถี่ในการเล่น,UI: ระบบ/ปุ่มทั่วไป/ตั้งค่า,22008
22009,Audio FX,เสียง FX,UI: ระบบ/ปุ่มทั่วไป/ตั้งค่า,22009
22010,Sound Configuration,การกำหนดค่าเสียง,UI: ระบบ/ปุ่มทั่วไป/ตั้งค่า,22010
22011,ADD,เพิ่ม,UI: ระบบ/ปุ่มทั่วไป/ตั้งค่า,22011
22012,SET DEFAULTS,ตั้งค่าเริ่มต้น,UI: ระบบ/ปุ่มทั่วไป/ตั้งค่า,22012
22015,Player Color,สีของผู้เล่น,UI: ระบบ/ปุ่มทั่วไป/ตั้งค่า,22015
22017,Shadows,เงา,UI: ระบบ/ปุ่มทั่วไป/ตั้งค่า,22017|701018
22018,Reflections,ภาพสะท้อน,UI: ระบบ/ปุ่มทั่วไป/ตั้งค่า,22018|701019
22019,Shader Complexity,ความซับซ้อนของ Shader,UI: ระบบ/ปุ่มทั่วไป/ตั้งค่า,22019
22020,Brightness,ความสว่าง,UI: ระบบ/ปุ่มทั่วไป/ตั้งค่า,22020|701015|712784
22021,Texture Detail,รายละเอียดพื้นผิว,UI: ระบบ/ปุ่มทั่วไป/ตั้งค่า,22021|701016
22023,RENAME,เปลี่ยนชื่อ,UI: ระบบ/ปุ่มทั่วไป/ตั้งค่า,22023
22024,DELETE,ลบ,UI: ระบบ/ปุ่มทั่วไป/ตั้งค่า,22024
22025,USER PROFILE,โปรไฟล์ผู้ใช้,UI: ระบบ/ปุ่มทั่วไป/ตั้งค่า,22025
22026,CONTROLS,การควบคุม,UI: ระบบ/ปุ่มทั่วไป/ตั้งค่า,22026|29258
22027,VIDEO,การแสดงผลวิดีโอ,UI: ระบบ/ปุ่มทั่วไป/ตั้งค่า,22027|29257|712751
22250,SET DEFAULT,ตั้งค่าเริ่มต้น,UI: ระบบ/ปุ่มทั่วไป/ตั้งค่า,22250|29282
22253,TAB,แท็บ,UI: ระบบ/ปุ่มทั่วไป/ตั้งค่า,22253|22254|22255
22256,$22256 No Key,$22256 No Key,UI: ระบบ/ปุ่มทั่วไป/ตั้งค่า,22256
22501,LAN,แลน,UI: ระบบ/ปุ่มทั่วไป/ตั้งค่า,22501|23000|23500|511500|600507|606004|606006
22502,Online,ออนไลน์,UI: ระบบ/ปุ่มทั่วไป/ตั้งค่า,22502|23001|23501|559063|561800|600506
22503,Host,สร้างห้อง,UI: ระบบ/ปุ่มทั่วไป/ตั้งค่า,22503|23002|23502
22504,Join,เข้าร่วม,UI: ระบบ/ปุ่มทั่วไป/ตั้งค่า,22504|23003|23503|503756|601756
23070,No map currently selected,ไม่ได้เลือกแผนที่ในขณะนี้,UI: ระบบ/ปุ่มทั่วไป/ตั้งค่า,23070
24000,Test,ทดสอบ,UI: ระบบ/ปุ่มทั่วไป/ตั้งค่า,24000|2200000
24500,Some test text.,ข้อความทดสอบบางส่วน,UI: ระบบ/ปุ่มทั่วไป/ตั้งค่า,24500|24501
24502,Some test text.!,บททดสอบบางส่วน.!,UI: ระบบ/ปุ่มทั่วไป/ตั้งค่า,24502
25211,Get help on the available chat commands and options.,รับความช่วยเหลือเกี่ยวกับคำสั่งและตัวเลือกการแชทที่มี,UI: ระบบ/ปุ่มทั่วไป/ตั้งค่า,25211
25212,Type a new message here and hit ENTER.,พิมพ์ข้อความใหม่ที่นี่แล้วกด ENTER,UI: ระบบ/ปุ่มทั่วไป/ตั้งค่า,25212
25301,Return to the game.,กลับไปที่เกม,UI: ระบบ/ปุ่มทั่วไป/ตั้งค่า,25301|25325
25315,Adjust the in-game music volume.,ปรับระดับเสียงเพลงในเกม,UI: ระบบ/ปุ่มทั่วไป/ตั้งค่า,25315
25316,Adjust the in-game speech volume.,ปรับระดับเสียงพูดในเกม,UI: ระบบ/ปุ่มทั่วไป/ตั้งค่า,25316
25317,Adjust the in-game sound effects volume.,ปรับระดับเสียงเอฟเฟ็กต์เสียงในเกม,UI: ระบบ/ปุ่มทั่วไป/ตั้งค่า,25317
25319,Set preferred frame rate.,ตั้งค่าอัตราเฟรมที่ต้องการ,UI: ระบบ/ปุ่มทั่วไป/ตั้งค่า,25319
25320,"Adjust the relative intensities of red, green and blue channels.",ปรับความเข้มสัมพัทธ์ของช่องสีแดง เขียว และน้ำเงิน,UI: ระบบ/ปุ่มทั่วไป/ตั้งค่า,25320
25321,Set preferred minimum level of object detail.,ตั้งค่าระดับรายละเอียดออบเจ็กต์ขั้นต่ำที่ต้องการ,UI: ระบบ/ปุ่มทั่วไป/ตั้งค่า,25321
25322,Set preferred level of terrain detail.,ตั้งค่าระดับรายละเอียดภูมิประเทศที่ต้องการ,UI: ระบบ/ปุ่มทั่วไป/ตั้งค่า,25322
25323,Select preferred level of shadow detail.,เลือกระดับรายละเอียดเงาที่ต้องการ,UI: ระบบ/ปุ่มทั่วไป/ตั้งค่า,25323
25324,Save the settings and return to the game.,บันทึกการตั้งค่าและกลับสู่เกม,UI: ระบบ/ปุ่มทั่วไป/ตั้งค่า,25324
25327,Set game speed.,ตั้งค่าความเร็วของเกม,UI: ระบบ/ปุ่มทั่วไป/ตั้งค่า,25327
25328,Set mouse scroll rate.,ตั้งค่าอัตราการเลื่อนเมาส์,UI: ระบบ/ปุ่มทั่วไป/ตั้งค่า,25328
25329,Set key scroll rate.,ตั้งค่าอัตราการเลื่อนปุ่ม,UI: ระบบ/ปุ่มทั่วไป/ตั้งค่า,25329
25330,Toggle building sounds on/off.,เปิด/ปิดเสียงอาคาร,UI: ระบบ/ปุ่มทั่วไป/ตั้งค่า,25330
25331,Toggle event cues on/off.,สลับเปิด/ปิดตัวชี้นำเหตุการณ์,UI: ระบบ/ปุ่มทั่วไป/ตั้งค่า,25331
25332,Toggle unit responses on/off.,สลับการเปิด/ปิดการตอบสนองของหน่วย,UI: ระบบ/ปุ่มทั่วไป/ตั้งค่า,25332
25333,Toggle unit confirmations on/off.,สลับเปิด/ปิดการยืนยันหน่วย,UI: ระบบ/ปุ่มทั่วไป/ตั้งค่า,25333
25334,Invert camera declination.,กลับด้านมุมกล้อง,UI: ระบบ/ปุ่มทั่วไป/ตั้งค่า,25334
25335,Toggle for mini-map to rotate with the camera or to remain static.,สลับเพื่อดูแผนที่ขนาดเล็กเพื่อหมุนด้วยกล้องหรือให้คงที่,UI: ระบบ/ปุ่มทั่วไป/ตั้งค่า,25335
25336,Toggle for mini-map to zoom with the camera or remain static.,สลับเพื่อดูแผนที่ขนาดเล็กเพื่อซูม็อด้วยกล้องหรือคงอยู่นิ่ง,UI: ระบบ/ปุ่มทั่วไป/ตั้งค่า,25336
25337,Toggle for mini-map to scroll with the camera or remain static.,สลับเพื่อดูแผนที่ขนาดเล็กเพื่อเลื่อนด้วยกล้องหรือคงที่,UI: ระบบ/ปุ่มทั่วไป/ตั้งค่า,25337
25338,Toggle camera rotation on/off.,สลับเปิด/ปิดการหมุนกล้อง,UI: ระบบ/ปุ่มทั่วไป/ตั้งค่า,25338
25339,Toggle camera declination on/off.,สลับเปิด/ปิดการปฏิเสธกล้อง,UI: ระบบ/ปุ่มทั่วไป/ตั้งค่า,25339
25340,"Select a hotkey group to view the associated assigned keys.  ""?"" indicates group(s) with unassigned hotkeys. A lock icon indicates that the group's keys cannot be changed.","เลือกกลุ่มคีย์ลัดเพื่อดูคีย์ที่กำหนดที่เกี่ยวข้อง ""?"" ระบุกลุ่มที่มีปุ่มลัดที่ยังไม่ได้กำหนด ไอคอนล็อคบ่งบอกว่าไม่สามารถเปลี่ยนคีย์ของกลุ่มได้",UI: ระบบ/ปุ่มทั่วไป/ตั้งค่า,25340
25341,"Assigned keys for the selected hotkey group.  ""?"" indicates unassigned hotkey(s).","ปุ่มที่กำหนดให้กับกลุ่มปุ่มลัดที่เลือก ""?"" บ่งชี้ปุ่มลัดที่ยังไม่ได้กำหนด",UI: ระบบ/ปุ่มทั่วไป/ตั้งค่า,25341
25342,Reset all keys to the default settings.,รีเซ็ตคีย์ทั้งหมดเป็นการตั้งค่าเริ่มต้น,UI: ระบบ/ปุ่มทั่วไป/ตั้งค่า,25342
25343,Assign a hotkey to the selected item.,กำหนดปุ่มลัดให้กับรายการที่เลือก,UI: ระบบ/ปุ่มทั่วไป/ตั้งค่า,25343
25344,Reset currently selected key to the default setting.,รีเซ็ตคีย์ที่เลือกในปัจจุบันเป็นการตั้งค่าเริ่มต้น,UI: ระบบ/ปุ่มทั่วไป/ตั้งค่า,25344
25345,Save current settings and return to the game.,บันทึกการตั้งค่าปัจจุบันและกลับสู่เกม,UI: ระบบ/ปุ่มทั่วไป/ตั้งค่า,25345
25346,Invert middle-mouse-drag camera panning.,สลับการแพนกล้องโดยใช้เมาส์ลากตรงกลาง,UI: ระบบ/ปุ่มทั่วไป/ตั้งค่า,25346
25351,List of current players in the game.,รายชื่อผู้เล่นในเกมปัจจุบัน,UI: ระบบ/ปุ่มทั่วไป/ตั้งค่า,25351
25352,Indication of player's enemy status towards you.,บ่งชี้สถานะศัตรูของผู้เล่นที่มีต่อคุณ,UI: ระบบ/ปุ่มทั่วไป/ตั้งค่า,25352
25353,Check the box to ally or break alliance with another player.,ทำเครื่องหมายที่ช่องเพื่อเป็นพันธมิตรหรือแยกพันธมิตรกับผู้เล่นอื่น,UI: ระบบ/ปุ่มทั่วไป/ตั้งค่า,25353
25354,Click to share or unshare your vision with the respective player.,คลิกเพื่อแชร์หรือยกเลิกการแชร์วิสัยทัศน์ของคุณกับผู้เล่นที่เกี่ยวข้อง,UI: ระบบ/ปุ่มทั่วไป/ตั้งค่า,25354
25355,Donate some or all of your power points resource to the respective player.,บริจาคทรัพยากรจุดพลังงานบางส่วนหรือทั้งหมดของคุณให้กับผู้เล่นที่เกี่ยวข้อง,UI: ระบบ/ปุ่มทั่วไป/ตั้งค่า,25355
25356,Donate some or all of your slag resource to the respective player.,บริจาคทรัพยากรตะกรันของคุณบางส่วนหรือทั้งหมดให้กับผู้เล่นที่เกี่ยวข้อง,UI: ระบบ/ปุ่มทั่วไป/ตั้งค่า,25356
25357,Clear donations to all players.,เคลียร์การบริจาคให้กับผู้เล่นทุกคน,UI: ระบบ/ปุ่มทั่วไป/ตั้งค่า,25357
25358,Accept current settings/donations and return to the game.,ยอมรับการตั้งค่า/การบริจาคปัจจุบันและกลับสู่เกม,UI: ระบบ/ปุ่มทั่วไป/ตั้งค่า,25358
25359,Cancel current setting/donations and return to the game.,ยกเลิกการตั้งค่า/การบริจาคในปัจจุบัน และกลับสู่เกม,UI: ระบบ/ปุ่มทั่วไป/ตั้งค่า,25359
25500,START,เริ่ม,UI: ระบบ/ปุ่มทั่วไป/ตั้งค่า,25500|559060|600013|600777|604750
25508,team A01,ทีม A01,UI: ระบบ/ปุ่มทั่วไป/ตั้งค่า,25508
25750,Map:,แผนที่:,UI: ระบบ/ปุ่มทั่วไป/ตั้งค่า,25750|25751|704005|704033
25752,Players:,จำนวนผู้เล่น:,UI: ระบบ/ปุ่มทั่วไป/ตั้งค่า,25752|502258|503288|704006
25753,Map Size:,ขนาดแผนที่:,UI: ระบบ/ปุ่มทั่วไป/ตั้งค่า,25753|704007|704032
25754,Delete,ลบ,UI: ระบบ/ปุ่มทั่วไป/ตั้งค่า,25754|25758|702780|704001|704009|717036|717066
25756,Rename,เปลี่ยนชื่อ,UI: ระบบ/ปุ่มทั่วไป/ตั้งค่า,25756
25757,Start Game,เริ่มเกม,UI: ระบบ/ปุ่มทั่วไป/ตั้งค่า,25757
25759,V.1.02,เวอร์ชัน 1.02,UI: ระบบ/ปุ่มทั่วไป/ตั้งค่า,25759
25761,ALLIES,ฝ่ายสัมพันธมิตร,UI: ระบบ/ปุ่มทั่วไป/ตั้งค่า,25761|509762|510023|600769|600813|604773
25762,Win Condition,เงื่อนไขชัยชนะ,UI: ระบบ/ปุ่มทั่วไป/ตั้งค่า,25762|500256|507007|508529|509024|509756|509767|510007|510030|600776|604757|704018
25763,AXIS,ฝ่ายอักษะ,UI: ระบบ/ปุ่มทั่วไป/ตั้งค่า,25763|509759|510020|604770
25764,Victory Ticker:,ตัวนับคะแนนชัยชนะ:,UI: ระบบ/ปุ่มทั่วไป/ตั้งค่า,25764|500255|507006|509755|510015|600775|604765|606505|704017
25765,Start Resources:,เริ่มทรัพยากร:,UI: ระบบ/ปุ่มทั่วไป/ตั้งค่า,25765|704016
25766,Start Locations:,เริ่มสถานที่:,UI: ระบบ/ปุ่มทั่วไป/ตั้งค่า,25766|704015
25767,Suggested Players:,จำนวนผู้เล่นที่แนะนำ:,UI: ระบบ/ปุ่มทั่วไป/ตั้งค่า,25767|508005|508504|508790|511001
25768,Map size:,ขนาดแผนที่:,UI: ระบบ/ปุ่มทั่วไป/ตั้งค่า,25768|500251|502259|503289|507002|508006|508505|508791|509022|509751|510003|600823|604753|605051|605298|606501|613037
25769,Death rides a Panzer,มัจจุราชควบยานเกราะ,UI: ระบบ/ปุ่มทั่วไป/ตั้งค่า,25769|508034|508506|508792|704014
25770,WWWWWWWWWWWWWWWWWWWWWW,WWWWWWWWWWWWWWWWWWWWWW,UI: ระบบ/ปุ่มทั่วไป/ตั้งค่า,25770|704002
25771,000/00/00_10:33,000/00/00_10:33,UI: ระบบ/ปุ่มทั่วไป/ตั้งค่า,25771|25773
25772,Mission Name Goes Here,ชื่อภารกิจ,UI: ระบบ/ปุ่มทั่วไป/ตั้งค่า,25772|29281|615254|615293|615295|615297|702759|702775|702777|702782|702783|702785|704010
25775,Main Menu,เมนูหลัก,UI: ระบบ/ปุ่มทั่วไป/ตั้งค่า,25775|75255
25777,GAME SETUP,การตั้งค่าเกม,UI: ระบบ/ปุ่มทั่วไป/ตั้งค่า,25777|704013
27750,CONTINUE CAMPAIGN,ดำเนินการแคมเปญต่อไป,UI: ระบบ/ปุ่มทั่วไป/ตั้งค่า,27750|703755
27751,START TUTORIAL,เริ่มการสอน,UI: ระบบ/ปุ่มทั่วไป/ตั้งค่า,27751|703757
27752,Play through the Tutorial before playing the game,เล่นผ่านบทช่วยสอนก่อนที่จะเล่นเกม,UI: ระบบ/ปุ่มทั่วไป/ตั้งค่า,27752
27753,Play the Single Player Campaign,เล่นแคมเปญผู้เล่นเดี่ยว,UI: ระบบ/ปุ่มทั่วไป/ตั้งค่า,27753|27754
27755,Exit Company of Heroes,ออกจากกองร้อยฮีโร่,UI: ระบบ/ปุ่มทั่วไป/ตั้งค่า,27755
27756,View the Company of Heroes Credits,ดูเครดิต Company of Heroes,UI: ระบบ/ปุ่มทั่วไป/ตั้งค่า,27756
27763,Continue a Single Player Campaign,ดำเนินแคมเปญผู้เล่นคนเดียวต่อไป,UI: ระบบ/ปุ่มทั่วไป/ตั้งค่า,27763
27764,Play a CPU Skirmish Match,เล่นโหมดศึกประจัญบานกับบอท,UI: ระบบ/ปุ่มทั่วไป/ตั้งค่า,27764
27765,Configure Company of Heroes,กำหนดค่า Company of Heroes,UI: ระบบ/ปุ่มทั่วไป/ตั้งค่า,27765|705250|708018
27766,Play a Multiplayer Match,เล่นแมตช์ผู้เล่นหลายคน,UI: ระบบ/ปุ่มทั่วไป/ตั้งค่า,27766|713519
28000,Do you want to SAVE your game before quitting?,คุณต้องการบันทึกเกมของคุณก่อนที่จะออกหรือไม่?,UI: ระบบ/ปุ่มทั่วไป/ตั้งค่า,28000|30250
28500,Are you sure you to QUIT the game and EXIT TO WINDOWS?,คุณแน่ใจหรือว่าคุณจะออกจากเกมและออกจากเกมไปที่ WINDOWS?,UI: ระบบ/ปุ่มทั่วไป/ตั้งค่า,28500|29500|703000
28502,RETURN TO GAME,กลับเข้าสู่เกม,UI: ระบบ/ปุ่มทั่วไป/ตั้งค่า,28502|29502|703002
28753,PLAY MOVIE,เล่นภาพยนตร์,UI: ระบบ/ปุ่มทั่วไป/ตั้งค่า,28753|703252
28754,CLICK button to play CoH movie.,คลิกปุ่มเพื่อเล่นภาพยนตร์ CoH,UI: ระบบ/ปุ่มทั่วไป/ตั้งค่า,28754
29252,CONTINUE,เล่นต่อ,UI: ระบบ/ปุ่มทั่วไป/ตั้งค่า,29252|31252|31523|31773|706252|713500|713524|713526|713527|713530|713532|802269
29255,LOAD SAVED GAME,โหลดเกมที่บันทึกไว้,UI: ระบบ/ปุ่มทั่วไป/ตั้งค่า,29255|713000
29259,$29324 No Key,$29324 No Key,UI: ระบบ/ปุ่มทั่วไป/ตั้งค่า,29259
29260,$29253 No Key,$29253 No Key,UI: ระบบ/ปุ่มทั่วไป/ตั้งค่า,29260
29261,$29254 No Key,$29254 No Key,UI: ระบบ/ปุ่มทั่วไป/ตั้งค่า,29261
29262,$29255 No Key,$29255 No Key,UI: ระบบ/ปุ่มทั่วไป/ตั้งค่า,29262
29263,RESTART GAME,เริ่มเกมใหม่,UI: ระบบ/ปุ่มทั่วไป/ตั้งค่า,29263
29267,MOD OPTIONS,ตัวเลือก MOD,UI: ระบบ/ปุ่มทั่วไป/ตั้งค่า,29267
29268,WWWWWWWWWWWWWWWWWWWWWWWWWWWWWWWWWWWWWWWWWWWWWWWW,WWWWWWWWWWWWWWWWWWWWWWWWWWWWWWWWWWWWWWWWWWWWWWWW,UI: ระบบ/ปุ่มทั่วไป/ตั้งค่า,29268
29269,$29257 No Key,$29257 No Key,UI: ระบบ/ปุ่มทั่วไป/ตั้งค่า,29269
29270,$29258 No Key,$29258 No Key,UI: ระบบ/ปุ่มทั่วไป/ตั้งค่า,29270
29271,$29261 No Key,$29261 No Key,UI: ระบบ/ปุ่มทั่วไป/ตั้งค่า,29271
29272,$29268 No Key,$29268 No Key,UI: ระบบ/ปุ่มทั่วไป/ตั้งค่า,29272
29273,$29262 No Key,$29262 No Key,UI: ระบบ/ปุ่มทั่วไป/ตั้งค่า,29273
29274,$29269 No Key,$29269 No Key,UI: ระบบ/ปุ่มทั่วไป/ตั้งค่า,29274
29275,MASTER VOLUME,ระดับเสียงหลัก,UI: ระบบ/ปุ่มทั่วไป/ตั้งค่า,29275
29276,$29271 No Key,$29271 No Key,UI: ระบบ/ปุ่มทั่วไป/ตั้งค่า,29276
29277,$29273 No Key,$29273 No Key,UI: ระบบ/ปุ่มทั่วไป/ตั้งค่า,29277
29278,$29272 No Key,$29272 No Key,UI: ระบบ/ปุ่มทั่วไป/ตั้งค่า,29278
29283,15.,15.,UI: ระบบ/ปุ่มทั่วไป/ตั้งค่า,29283
29284,Campaign:,แคมเปญ:,UI: ระบบ/ปุ่มทั่วไป/ตั้งค่า,29284|713005
29750,RESTART current game?,รีสตาร์ทเกมปัจจุบันใช่ไหม?,UI: ระบบ/ปุ่มทั่วไป/ตั้งค่า,29750|30000
30501,DESIGN MESSAGES,ข้อความการออกแบบ,UI: ระบบ/ปุ่มทั่วไป/ตั้งค่า,30501
30505,Mission decription goes...,คำอธิบายภารกิจไป...,UI: ระบบ/ปุ่มทั่วไป/ตั้งค่า,30505
30512,CLOSE,ปิด,UI: ระบบ/ปุ่มทั่วไป/ตั้งค่า,30512
30750,"© SEGA. All rights reserved. Developed by Relic Entertainment Inc.  The NVIDIA logo and ""The way it's meant to be played"" logo are registered trademarks or trademarks of NVIDIA Corporation.  Uses Miles Sound System.  Copyright © 1991-2006 by RAD Game Tools, Inc.  SEGA, the SEGA logo and Relic Entertainment are either registered trademarks or trademarks of SEGA Corporation. All other trademarks, logos and copyrights are property of their respective owners.","© เซก้า สงวนลิขสิทธิ์. พัฒนาโดย Relic Entertainment Inc. โลโก้ NVIDIA และโลโก้ ""วิธีการเล่น"" เป็นเครื่องหมายการค้าจดทะเบียนหรือเครื่องหมายการค้าของ NVIDIA Corporation ใช้ระบบเครื่องเสียงไมลส์ ลิขสิทธิ์© 1991-2006 โดย RAD Game Tools, Inc. SEGA, โลโก้ SEGA และ Relic Entertainment เป็นเครื่องหมายการค้าจดทะเบียนหรือเครื่องหมายการค้าของ SEGA Corporation เครื่องหมายการค้า โลโก้ และลิขสิทธิ์อื่นๆ ทั้งหมดเป็นทรัพย์สินของเจ้าของที่เกี่ยวข้อง",UI: ระบบ/ปุ่มทั่วไป/ตั้งค่า,30750
30751,LOADING . . .,กำลังโหลด . .,UI: ระบบ/ปุ่มทั่วไป/ตั้งค่า,30751|31001|702001|712501
31000,"© 2012 SEGA Inc.  Developed by Relic Entertainment.  The NVIDIA logo and ""The way it's meant to be played"" logo are registered trademarks or trademarks of NVIDIA Corporation.  Uses Miles Sound System.  Copyright © 1991-2012 by RAD Game Tools, Inc.  SEGA, Relic Entertainment and their respective logos are trademarks and/or registered trademarks of SEGA Inc.  All rights reserved.  All other trademarks, logos and copyrights are property of their respective owners","© 2012 SEGA Inc. พัฒนาโดย Relic Entertainment โลโก้ NVIDIA และโลโก้ ""วิธีการเล่น"" เป็นเครื่องหมายการค้าจดทะเบียนหรือเครื่องหมายการค้าของ NVIDIA Corporation ใช้ระบบเครื่องเสียงไมลส์ ลิขสิทธิ์ © 1991-2012 โดย RAD Game Tools, Inc. SEGA, Relic Entertainment และโลโก้ที่เกี่ยวข้องเป็นเครื่องหมายการค้าและ/หรือเครื่องหมายการค้าจดทะเบียนของ SEGA Inc. สงวนลิขสิทธิ์ เครื่องหมายการค้า โลโก้ และลิขสิทธิ์อื่นๆ ทั้งหมดเป็นทรัพย์สินของเจ้าของที่เกี่ยวข้อง",UI: ระบบ/ปุ่มทั่วไป/ตั้งค่า,31000
31250,Objective Description,คำอธิบายวัตถุประสงค์,UI: ระบบ/ปุ่มทั่วไป/ตั้งค่า,31250|6029102
31251,PRIMARY OBJECTIVES,เป้าหมายหลัก,UI: ระบบ/ปุ่มทั่วไป/ตั้งค่า,31251
31256,SECONDARY OBJECTIVES,เป้าหมายรอง,UI: ระบบ/ปุ่มทั่วไป/ตั้งค่า,31256
31276,REPLAY LEVEL,ระดับการเล่นซ้ำ,UI: ระบบ/ปุ่มทั่วไป/ตั้งค่า,31276
31277,VIEW LEVEL,ดูระดับ,UI: ระบบ/ปุ่มทั่วไป/ตั้งค่า,31277
31500,GRAPH,กราฟ,UI: ระบบ/ปุ่มทั่วไป/ตั้งค่า,31500
31524,stats_a01,stats_a01,UI: ระบบ/ปุ่มทั่วไป/ตั้งค่า,31524
31525,POST GAME STATS MP,MP สถิติหลังเกม,UI: ระบบ/ปุ่มทั่วไป/ตั้งค่า,31525|710545
31528,BASIC STATS,สถิติพื้นฐาน,UI: ระบบ/ปุ่มทั่วไป/ตั้งค่า,31528|31777
31530,teamplayer_a,teamplayer_a,UI: ระบบ/ปุ่มทั่วไป/ตั้งค่า,31530
31750,name or team,ชื่อหรือทีม,UI: ระบบ/ปุ่มทั่วไป/ตั้งค่า,31750
31751,00000,00000,UI: ระบบ/ปุ่มทั่วไป/ตั้งค่า,31751|31752|31753|31754|31755|31756|31757|31758|710013|710014|710015|710016|710019|710020|710021|710022|710023|710024|710025|710041|710042|710043|710058|710070|710535|710536|710537|710538|710539|710540|710541|710542
31759,VIEW GRAPH,ดูกราฟ,UI: ระบบ/ปุ่มทั่วไป/ตั้งค่า,31759
31760,*enter game length,*กรอกความยาวของเกม,UI: ระบบ/ปุ่มทั่วไป/ตั้งค่า,31760
31774,POST GAME STATS,สถิติการโพสต์เกม,UI: ระบบ/ปุ่มทั่วไป/ตั้งค่า,31774
40501,Resources,ทรัพยากร,UI: ระบบ/ปุ่มทั่วไป/ตั้งค่า,40501
40502,AI difficulty,ความยากของ AI,UI: ระบบ/ปุ่มทั่วไป/ตั้งค่า,40502
40503,Build time,เวลาในการสร้าง,UI: ระบบ/ปุ่มทั่วไป/ตั้งค่า,40503
40504,Unit cap,ขีดจำกัดจำนวนหน่วยรบ,UI: ระบบ/ปุ่มทั่วไป/ตั้งค่า,40504
40505,Starting resources,ทรัพยากรเริ่มต้น,UI: ระบบ/ปุ่มทั่วไป/ตั้งค่า,40505
40506,Lock teams,ล็อกทีม,UI: ระบบ/ปุ่มทั่วไป/ตั้งค่า,40506
40507,Enable cheats,เปิดใช้งานกลโกง,UI: ระบบ/ปุ่มทั่วไป/ตั้งค่า,40507
40508,Starting location,สถานที่เริ่มต้น,UI: ระบบ/ปุ่มทั่วไป/ตั้งค่า,40508
40509,Game speed,ความเร็วของเกม,UI: ระบบ/ปุ่มทั่วไป/ตั้งค่า,40509|66252
40510,Resource Sharing,การแบ่งปันทรัพยากร,UI: ระบบ/ปุ่มทั่วไป/ตั้งค่า,40510
40511,Victory Point Ticker,สัญลักษณ์แห่งชัยชนะ,UI: ระบบ/ปุ่มทั่วไป/ตั้งค่า,40511|40773
40512,Enable Reward Units,เปิดใช้งานหน่วยรางวัล,UI: ระบบ/ปุ่มทั่วไป/ตั้งค่า,40512
40521,Standard,มาตรฐาน,UI: ระบบ/ปุ่มทั่วไป/ตั้งค่า,40521|40531|40540|40560
40541,Fast,เร็ว,UI: ระบบ/ปุ่มทั่วไป/ตั้งค่า,40541|40623
40561,High Resources,ทรัพยากรสูง,UI: ระบบ/ปุ่มทั่วไป/ตั้งค่า,40561
40580,Destroy Enemy HQ,ทำลายกองบัญชาการศัตรู,UI: ระบบ/ปุ่มทั่วไป/ตั้งค่า,40580
40581,Destroy Enemy base,ทำลายฐานศัตรู,UI: ระบบ/ปุ่มทั่วไป/ตั้งค่า,40581
40582,Hunt Rex,ฮันท์เร็กซ์,UI: ระบบ/ปุ่มทั่วไป/ตั้งค่า,40582
40583,Show Me The Power Points!,แสดงให้ฉันเห็นจุดพลัง!,UI: ระบบ/ปุ่มทั่วไป/ตั้งค่า,40583
40584,Hold Strategic Points,ถือคะแนนเชิงกลยุทธ์,UI: ระบบ/ปุ่มทั่วไป/ตั้งค่า,40584
40600,Destroy Enemy Command HQ.,ทำลายศูนย์บัญชาการศัตรู,UI: ระบบ/ปุ่มทั่วไป/ตั้งค่า,40600
40601,Destroy Enemy units and buildings.,ทำลายยูนิตและสิ่งปลูกสร้างของศัตรู,UI: ระบบ/ปุ่มทั่วไป/ตั้งค่า,40601
40602,Kill Enemy Rex.,ฆ่าศัตรูเร็กซ์,UI: ระบบ/ปุ่มทั่วไป/ตั้งค่า,40602
40603,Collect a set amount of Power Points.,สะสม Power Points ตามจำนวนที่กำหนด,UI: ระบบ/ปุ่มทั่วไป/ตั้งค่า,40603
40604,Hold a percentage of Strategic Points for a set period of time.,ถือเปอร์เซ็นต์ของคะแนนกลยุทธ์ตามระยะเวลาที่กำหนด,UI: ระบบ/ปุ่มทั่วไป/ตั้งค่า,40604
40611,Fixed,ที่ตายตัว,UI: ระบบ/ปุ่มทั่วไป/ตั้งค่า,40611
40620,Very slow,ช้ามาก,UI: ระบบ/ปุ่มทั่วไป/ตั้งค่า,40620
40621,Slow,ช้า,UI: ระบบ/ปุ่มทั่วไป/ตั้งค่า,40621
40624,Very fast,รวดเร็วมาก,UI: ระบบ/ปุ่มทั่วไป/ตั้งค่า,40624
40640,250 points,250 คะแนน,UI: ระบบ/ปุ่มทั่วไป/ตั้งค่า,40640
40641,500 points,500 คะแนน,UI: ระบบ/ปุ่มทั่วไป/ตั้งค่า,40641
40642,1000 points,"1,000 คะแนน",UI: ระบบ/ปุ่มทั่วไป/ตั้งค่า,40642
40643,25 points,25 คะแนน,UI: ระบบ/ปุ่มทั่วไป/ตั้งค่า,40643
40750,Manpower,กำลังคน,UI: ระบบ/ปุ่มทั่วไป/ตั้งค่า,40750|710047
40751,Manpower is gained from controlling Territory Sectors.,กำลังคนได้มาจากการควบคุมภาคอาณาเขต,UI: ระบบ/ปุ่มทั่วไป/ตั้งค่า,40751
40752,Munitions,อาวุธยุทโธปกรณ์,UI: ระบบ/ปุ่มทั่วไป/ตั้งค่า,40752|409576|710048
40753,Munitions is gained by Capturing and Securing Munition Territory Sectors.,อาวุธยุทโธปกรณ์ได้มาจากการยึดและรักษาเขตแดนอาวุธยุทโธปกรณ์,UI: ระบบ/ปุ่มทั่วไป/ตั้งค่า,40753
40754,Fuel,เชื้อเพลิง,UI: ระบบ/ปุ่มทั่วไป/ตั้งค่า,40754|710049
40755,Fuel is gained by Capturing and Securing Fuel Territory Sectors.,เชื้อเพลิงได้มาจากการจับและรักษาภาคส่วนอาณาเขตเชื้อเพลิง,UI: ระบบ/ปุ่มทั่วไป/ตั้งค่า,40755
40756,Battlefield Experience (XP),ประสบการณ์สนามรบ,UI: ระบบ/ปุ่มทั่วไป/ตั้งค่า,40756
40757,"Your Battlefield Experience tally. Combat, Building and Exploration increases your XP total.",ประสบการณ์ Battlefield ของคุณนับรวม การต่อสู้ การสร้าง และการสำรวจจะเพิ่ม XP ทั้งหมดของคุณ,UI: ระบบ/ปุ่มทั่วไป/ตั้งค่า,40757
40758,Population Cap,ขีดจำกัดประชากร,UI: ระบบ/ปุ่มทั่วไป/ตั้งค่า,40758
40759,Current Population/Maximum Population. Capture more Territory Sectors to increase your Population.,ประชากรปัจจุบัน/ประชากรสูงสุด ยึดครองอาณาเขตเพิ่มเติมเพื่อเพิ่มจำนวนประชากรของคุณ,UI: ระบบ/ปุ่มทั่วไป/ตั้งค่า,40759
40760,Current Population/Maximum Population.,ประชากรปัจจุบัน/ประชากรสูงสุด,UI: ระบบ/ปุ่มทั่วไป/ตั้งค่า,40760
40765,Control Groups,กลุ่มควบคุม,UI: ระบบ/ปุ่มทั่วไป/ตั้งค่า,40765
40766,Mouse Over to view and select your Control Groups,วางเมาส์เหนือเพื่อดูและเลือกกลุ่มควบคุมของคุณ,UI: ระบบ/ปุ่มทั่วไป/ตั้งค่า,40766
40767,All Squads,ทุกทีม,UI: ระบบ/ปุ่มทั่วไป/ตั้งค่า,40767
40768,Mouse Over to display all current Squads and Vehicles.,วางเมาส์เหนือเพื่อแสดงทีมและยานพาหนะปัจจุบันทั้งหมด,UI: ระบบ/ปุ่มทั่วไป/ตั้งค่า,40768
40769,Unassigned Squads,ทีมที่ไม่ได้รับมอบหมาย,UI: ระบบ/ปุ่มทั่วไป/ตั้งค่า,40769
40770,Mouse Over to display all unassigned Squads.,วางเมาส์เหนือเพื่อแสดงทีมที่ยังไม่ได้มอบหมายทั้งหมด,UI: ระบบ/ปุ่มทั่วไป/ตั้งค่า,40770
40771,Victory Point,คะแนนชัยชนะ,UI: ระบบ/ปุ่มทั่วไป/ตั้งค่า,40771|91401|561770|2091401
40772,Holding Victory Points will prevent your Ticker Points from decreasing.,การถือ Victory Points จะป้องกันไม่ให้ Ticker Points ของคุณลดลง,UI: ระบบ/ปุ่มทั่วไป/ตั้งค่า,40772
40774,Team Victory Points Remaining. Maintain the current Ticker Point level by holding all of the Victory Points.,คะแนนชัยชนะของทีมที่เหลืออยู่ รักษาระดับ Ticker Point ในปัจจุบันโดยถือ Victory Points ทั้งหมด,UI: ระบบ/ปุ่มทั่วไป/ตั้งค่า,40774
40775,Opponent's Victory Points Remaining. Reduce the Opponent's Ticker Points by holding more than half of the Victory Points on the map.,คะแนนชัยชนะของฝ่ายตรงข้ามที่เหลืออยู่ ลด Ticker Points ของฝ่ายตรงข้ามโดยถือ Victory Points มากกว่าครึ่งหนึ่งบนแผนที่,UI: ระบบ/ปุ่มทั่วไป/ตั้งค่า,40775
40780,Manpower Rate,อัตรากำลังคน,UI: ระบบ/ปุ่มทั่วไป/ตั้งค่า,40780
40781,Current Manpower rate per minute.,อัตรากำลังคนปัจจุบันต่อนาที,UI: ระบบ/ปุ่มทั่วไป/ตั้งค่า,40781
40782,Munitions Rate,อัตรากระสุน,UI: ระบบ/ปุ่มทั่วไป/ตั้งค่า,40782
40783,Current Munitions rate per minute.,อัตรากระสุนปัจจุบันต่อนาที,UI: ระบบ/ปุ่มทั่วไป/ตั้งค่า,40783
40784,Fuel Rate,อัตราน้ำมันเชื้อเพลิง,UI: ระบบ/ปุ่มทั่วไป/ตั้งค่า,40784
40785,Current Fuel rate per minute,อัตราน้ำมันเชื้อเพลิงปัจจุบันต่อนาที,UI: ระบบ/ปุ่มทั่วไป/ตั้งค่า,40785
40790,Attack Here!,โจมตีที่นี่!,UI: ระบบ/ปุ่มทั่วไป/ตั้งค่า,40790
40791,This option creates an Attack Here! signal that your teammates can see.,ตัวเลือกนี้จะสร้างการโจมตีที่นี่! สัญญาณที่เพื่อนร่วมทีมของคุณสามารถมองเห็นได้,UI: ระบบ/ปุ่มทั่วไป/ตั้งค่า,40791
40792,Defend Here!,ปกป้องที่นี่!,UI: ระบบ/ปุ่มทั่วไป/ตั้งค่า,40792
40793,This option creates a Defend Here! signal that your teammates can see.,ตัวเลือกนี้จะสร้าง Defend Here! สัญญาณที่เพื่อนร่วมทีมของคุณสามารถมองเห็นได้,UI: ระบบ/ปุ่มทั่วไป/ตั้งค่า,40793|803761|806005|808266
40794,Capture Here!,จับที่นี่!,UI: ระบบ/ปุ่มทั่วไป/ตั้งค่า,40794
40795,This option creates a Capture Here! signal that your teammates can see.,ตัวเลือกนี้จะสร้าง Capture Here! สัญญาณที่เพื่อนร่วมทีมของคุณสามารถมองเห็นได้,UI: ระบบ/ปุ่มทั่วไป/ตั้งค่า,40795|802365|803762|806015|808267
40796,Company Commander,ผู้บังคับการกองร้อย,UI: ระบบ/ปุ่มทั่วไป/ตั้งค่า,40796|40806
40797,"Earn Commander Points to unlock powerful special abilities, Reinforcements and unique Units. The more XPs you earn, the more Commander Points you will gain.",รับคะแนนผู้บัญชาการเพื่อปลดล็อกความสามารถพิเศษอันทรงพลัง กำลังเสริม และยูนิตที่ไม่ซ้ำใคร ยิ่งคุณได้รับ XP มากเท่าไร คุณก็จะได้รับคะแนนผู้บัญชาการมากขึ้นเท่านั้น,UI: ระบบ/ปุ่มทั่วไป/ตั้งค่า,40797|40807
40798,Tactical Map,แผนที่ยุทธวิธี,UI: ระบบ/ปุ่มทั่วไป/ตั้งค่า,40798|409575|802359|806009|808262
40799,"View the Battlefield, plan and manage attacks from the Tactical Map.",ดูสนามรบ วางแผนและจัดการการโจมตีจากแผนที่ยุทธวิธี,UI: ระบบ/ปุ่มทั่วไป/ตั้งค่า,40799
40800,Left-click icon then Left-click on the Mini-Map,คลิกซ้ายที่ไอคอน จากนั้นคลิกซ้ายบนแผนที่ย่อ,UI: ระบบ/ปุ่มทั่วไป/ตั้งค่า,40800
40801,Direct Fire,การยิงเล็งตรง,UI: ระบบ/ปุ่มทั่วไป/ตั้งค่า,40801|146550|148402|148452|148502|150052|2111850|2113350|2113403|2116300
40802,Directly control the tank's turret and when it fires its cannon.,ควบคุมป้อมปืนของรถถังโดยตรงและจังหวะที่ยิงปืนใหญ่,UI: ระบบ/ปุ่มทั่วไป/ตั้งค่า,40802
40803,Left-click icon to enter Direct Fire mode and then Left-click to fire cannon.  ,คลิกซ้ายที่ไอคอนเพื่อเข้าสู่โหมดการยิงเล็งตรง จากนั้นคลิกซ้ายเพื่อยิงปืนใหญ่,UI: ระบบ/ปุ่มทั่วไป/ตั้งค่า,40803
40804,Exit Direct Fire,ออกจากการยิงเล็งตรง,UI: ระบบ/ปุ่มทั่วไป/ตั้งค่า,40804
40805,Left-click icon to exit Direct Fire mode.,คลิกซ้ายที่ไอคอนเพื่อออกจากโหมดการยิงเล็งตรง,UI: ระบบ/ปุ่มทั่วไป/ตั้งค่า,40805
40819,Cost:,ค่าใช้จ่าย:,UI: ระบบ/ปุ่มทั่วไป/ตั้งค่า,40819|69755|73503
40820,Move,เคลื่อนไหว,UI: ระบบ/ปุ่มทั่วไป/ตั้งค่า,40820
40821,Right-click on a location to move there.,คลิกขวาที่ตำแหน่งเพื่อย้ายไปที่นั่น,UI: ระบบ/ปุ่มทั่วไป/ตั้งค่า,40821
40822,Left-click icon then Left-click to attack a specific location.,คลิกซ้ายที่ไอคอน จากนั้นคลิกซ้ายเพื่อโจมตีตำแหน่งที่ต้องการ,UI: ระบบ/ปุ่มทั่วไป/ตั้งค่า,40822
40823,Attack Move,เคลื่อนที่พร้อมโจมตี,UI: ระบบ/ปุ่มทั่วไป/ตั้งค่า,40823|409273
40824,Units will attack any enemies they encounter en route to their destination.,หน่วยจะโจมตีศัตรูที่พวกเขาเผชิญระหว่างทางไปยังจุดหมายปลายทาง,UI: ระบบ/ปุ่มทั่วไป/ตั้งค่า,40824
40825,Left-click icon then Left-click to move to a location.,คลิกซ้ายที่ไอคอน จากนั้นคลิกซ้ายเพื่อเคลื่อนที่ไปยังตำแหน่ง,UI: ระบบ/ปุ่มทั่วไป/ตั้งค่า,40825
40826,Attack,โจมตี,UI: ระบบ/ปุ่มทั่วไป/ตั้งค่า,40826
40827,Right-click to attack.,คลิกขวาเพื่อโจมตี,UI: ระบบ/ปุ่มทั่วไป/ตั้งค่า,40827
40828,Attack Ground,โจมตีพื้นที่,UI: ระบบ/ปุ่มทั่วไป/ตั้งค่า,40828
40829,Order unit to attack a specified location.,สั่งหน่วยให้โจมตีสถานที่ที่ระบุ,UI: ระบบ/ปุ่มทั่วไป/ตั้งค่า,40829
40830,Halt!,หยุด!,UI: ระบบ/ปุ่มทั่วไป/ตั้งค่า,40830
40831,Orders units to stop their current action.,สั่งให้หน่วยหยุดการกระทำในปัจจุบัน,UI: ระบบ/ปุ่มทั่วไป/ตั้งค่า,40831
40832,XX Dig In,XX ขุดหลุมตั้งรับ,UI: ระบบ/ปุ่มทั่วไป/ตั้งค่า,40832
40833,XX Order your troops to dig foxholes for extra protection.,XX สั่งให้กองทหารของคุณขุดหลุมบุคคลเพื่อการป้องกันเป็นพิเศษ,UI: ระบบ/ปุ่มทั่วไป/ตั้งค่า,40833
40834,XX Dig Out,XX ขุดออกไป,UI: ระบบ/ปุ่มทั่วไป/ตั้งค่า,40834
40835,XX Order your troops to leave their foxholes.,XX สั่งให้กองทหารของคุณออกจากหลุมบุคคล,UI: ระบบ/ปุ่มทั่วไป/ตั้งค่า,40835
40836,Rally Point,จุดชุมนุม,UI: ระบบ/ปุ่มทั่วไป/ตั้งค่า,40836
40837,Order units to a Rally Point.,สั่งหน่วยไปยังจุดชุมนุม,UI: ระบบ/ปุ่มทั่วไป/ตั้งค่า,40837
40838,Retreat,ถอยทัพ,UI: ระบบ/ปุ่มทั่วไป/ตั้งค่า,40838|409582
40839,Retreat units to the nearest HQ.,ถอยหน่วยไปยังกองบัญชาการที่ใกล้ที่สุด,UI: ระบบ/ปุ่มทั่วไป/ตั้งค่า,40839
40840,Garrison/Embark,เข้าประจำอาคาร/ขึ้นยานพาหนะ,UI: ระบบ/ปุ่มทั่วไป/ตั้งค่า,40840
40841,Orders Units to enter target vehicle or building.,สั่งให้หน่วยเข้าไปในยานพาหนะหรืออาคารเป้าหมาย,UI: ระบบ/ปุ่มทั่วไป/ตั้งค่า,40841
40842,Unload Selected Troops,ปล่อยกำลังพลที่เลือกออกจากยานพาหนะ,UI: ระบบ/ปุ่มทั่วไป/ตั้งค่า,40842|40844
40843,Order Troops to leave the vehicle or building.,สั่งทหารออกจากยานพาหนะหรืออาคาร,UI: ระบบ/ปุ่มทั่วไป/ตั้งค่า,40843|40845
40846,Scuttle,ทำลายทิ้ง,UI: ระบบ/ปุ่มทั่วไป/ตั้งค่า,40846
40847,Scuttle this Unit or Structure.,ทำลายยูนิตหรือสิ่งปลูกสร้างนี้ทิ้ง,UI: ระบบ/ปุ่มทั่วไป/ตั้งค่า,40847
40848,Cancel Construction,ยกเลิกการก่อสร้าง,UI: ระบบ/ปุ่มทั่วไป/ตั้งค่า,40848
40849,Cancel Construction of this Structure.,ยกเลิกการก่อสร้างโครงสร้างนี้,UI: ระบบ/ปุ่มทั่วไป/ตั้งค่า,40849
40850,Assault,การจู่โจม,UI: ระบบ/ปุ่มทั่วไป/ตั้งค่า,40850|60004|165403|2165403
40851,Order your Troops to assault some enemy Troops.,สั่งให้กองทหารของคุณโจมตีกองทหารของศัตรู,UI: ระบบ/ปุ่มทั่วไป/ตั้งค่า,40851
40852,Next Idle Vehicle,ยานพาหนะที่ไม่ได้ใช้งานถัดไป,UI: ระบบ/ปุ่มทั่วไป/ตั้งค่า,40852
40853,Cycle through Idle Vehicle and Tanks.,วนเลือกยานพาหนะและรถถังที่ว่างอยู่,UI: ระบบ/ปุ่มทั่วไป/ตั้งค่า,40853
40854,Next Idle Infantry,ทหารราบที่ไม่ได้ใช้งานต่อไป,UI: ระบบ/ปุ่มทั่วไป/ตั้งค่า,40854
40855,Cycle through Idle Infantry Squads.,วนเลือกหน่วยทหารราบที่ว่างอยู่,UI: ระบบ/ปุ่มทั่วไป/ตั้งค่า,40855
40856,Chat,แช็ต,UI: ระบบ/ปุ่มทั่วไป/ตั้งค่า,40856
40857,Left-click to chat with other players.,คลิกซ้ายเพื่อสนทนากับผู้เล่นอื่น,UI: ระบบ/ปุ่มทั่วไป/ตั้งค่า,40857
40858,Self-Destruct,ทำลายตนเอง,UI: ระบบ/ปุ่มทั่วไป/ตั้งค่า,40858
40859,Destroy this Structure.,ทำลายโครงสร้างนี้,UI: ระบบ/ปุ่มทั่วไป/ตั้งค่า,40859
40860,Abandon Team Weapon,สละอาวุธประจำหน่วย,UI: ระบบ/ปุ่มทั่วไป/ตั้งค่า,40860
40861,Orders the crew to abandon the Team Weapon.,สั่งให้พลประจำปืนละทิ้งอาวุธประจำหน่วย,UI: ระบบ/ปุ่มทั่วไป/ตั้งค่า,40861
40862,Supply Yard,ลานซัพพลาย,UI: ระบบ/ปุ่มทั่วไป/ตั้งค่า,40862|101101|101251|2101101|2101251
40863,Left-click to Select the Supply Yard. Double click to focus the camera on the Supply Yard.,คลิกซ้ายเพื่อเลือกลานเสบียง ดับเบิลคลิกเพื่อโฟกัสกล้องไปที่ Supply Yard,UI: ระบบ/ปุ่มทั่วไป/ตั้งค่า,40863
40864,Quarter Master,นายพลาธิการ,UI: ระบบ/ปุ่มทั่วไป/ตั้งค่า,40864
40865,Left-click to Select the Quarter Master. Double click to focus the camera on the Quarter Master.,คลิกซ้ายเพื่อเลือกนายพลาธิการ ดับเบิลคลิกเพื่อโฟกัสกล้องไปที่นายพลาธิการ,UI: ระบบ/ปุ่มทั่วไป/ตั้งค่า,40865
40866,Tank Depot,คลังรถถัง,UI: ระบบ/ปุ่มทั่วไป/ตั้งค่า,40866|101051|102051|2102051
40867,Left-click to Select the Tank Depot. Double click to focus the camera on the Tank Depot.,คลิกซ้ายเพื่อเลือกคลังรถถัง ดับเบิลคลิกเพื่อโฟกัสกล้องไปที่คลังรถถัง,UI: ระบบ/ปุ่มทั่วไป/ตั้งค่า,40867
40870,XX Aggressive stance,XX ท่าทางก้าวร้าว,UI: ระบบ/ปุ่มทั่วไป/ตั้งค่า,40870
40871,XX Territorial stance,XX สถานะอาณาเขต,UI: ระบบ/ปุ่มทั่วไป/ตั้งค่า,40871
40872,XX Stand ground stance,XX ท่าตั้งรับปักหลัก,UI: ระบบ/ปุ่มทั่วไป/ตั้งค่า,40872
40873,XX No stance (won't attack),XX ไม่มีท่าทาง (จะไม่โจมตี),UI: ระบบ/ปุ่มทั่วไป/ตั้งค่า,40873
40874,Retreating,กำลังถอย,UI: ระบบ/ปุ่มทั่วไป/ตั้งค่า,40874
40875,Assaulting,กำลังเข้าจู่โจม,UI: ระบบ/ปุ่มทั่วไป/ตั้งค่า,40875
40876,Rank: %1RANK%,อันดับ: %1RANK%,UI: ระบบ/ปุ่มทั่วไป/ตั้งค่า,40876
40877,Rank: %1RANK% (%2DESC%),อันดับ: %1RANK%,UI: ระบบ/ปุ่มทั่วไป/ตั้งค่า,40877
40878,Experience: %1EXPERIENCE%,ประสบการณ์: %1EXPERIENCE%,UI: ระบบ/ปุ่มทั่วไป/ตั้งค่า,40878
40880,Return to the previous menu.,กลับไปที่เมนูก่อนหน้า,UI: ระบบ/ปุ่มทั่วไป/ตั้งค่า,40880|40882
40883,Left-click icon to Halt your Units.,คลิกซ้ายที่ไอคอนเพื่อหยุดหน่วยของคุณ,UI: ระบบ/ปุ่มทั่วไป/ตั้งค่า,40883
40884,Left-click icon to Retreat.,คลิกซ้ายที่ไอคอนเพื่อถอย,UI: ระบบ/ปุ่มทั่วไป/ตั้งค่า,40884
40885,Left-click icon then Left-click target location to set a Rally Point.,คลิกซ้ายที่ไอคอน จากนั้นคลิกซ้ายตำแหน่งเป้าหมายเพื่อตั้งค่าจุดระดมพล,UI: ระบบ/ปุ่มทั่วไป/ตั้งค่า,40885
40888,Deploy Hero Squads,ปรับใช้ทีมฮีโร่,UI: ระบบ/ปุ่มทั่วไป/ตั้งค่า,40888
40889,Deploy Hero Squads from reserved task force,จัดกำลังทีมฮีโร่จากกองกำลังเฉพาะกิจที่สงวนไว้,UI: ระบบ/ปุ่มทั่วไป/ตั้งค่า,40889
40890,Deploy Veteran Squads,จัดกำลังทหารผ่านศึก,UI: ระบบ/ปุ่มทั่วไป/ตั้งค่า,40890
40891,Deploy Veteran Squads from previous missions,จัดกำลังทหารผ่านศึกจากภารกิจก่อนหน้านี้,UI: ระบบ/ปุ่มทั่วไป/ตั้งค่า,40891
40892,Head Quarters (HQ),กองบัญชาการ,UI: ระบบ/ปุ่มทั่วไป/ตั้งค่า,40892
40893,Left-click to Select the HQ. Double click to focus the camera on the HQ.,คลิกซ้ายเพื่อเลือก HQ ดับเบิลคลิกเพื่อโฟกัสกล้องไปที่ HQ,UI: ระบบ/ปุ่มทั่วไป/ตั้งค่า,40893
40894,Barracks,ค่ายทหาร,UI: ระบบ/ปุ่มทั่วไป/ตั้งค่า,40894|95001|239104|239203|249104|409573|2095001
40895,Left-click to Select the Barracks. Double click to focus the camera on the Barracks.,คลิกซ้ายเพื่อเลือกค่ายทหาร ดับเบิลคลิกเพื่อโฟกัสกล้องไปที่ค่ายทหาร,UI: ระบบ/ปุ่มทั่วไป/ตั้งค่า,40895
40896,Weapon Support Center,ศูนย์สนับสนุนอาวุธ,UI: ระบบ/ปุ่มทั่วไป/ตั้งค่า,40896
40897,Left-click to Select the Weapon Support Center. Double click to focus the camera on the Weapon Support Center.,คลิกซ้ายเพื่อเลือกศูนย์สนับสนุนอาวุธ ดับเบิลคลิกเพื่อโฟกัสกล้องไปที่ศูนย์สนับสนุนอาวุธ,UI: ระบบ/ปุ่มทั่วไป/ตั้งค่า,40897
40898,Motor Pool,มอเตอร์พูล,UI: ระบบ/ปุ่มทั่วไป/ตั้งค่า,40898|100651|2100651
40899,Left-click to Select the Motor Pool. Double click to focus the camera on the Motor Pool.,คลิกซ้ายเพื่อเลือกมอเตอร์พูล ดับเบิลคลิกเพื่อโฟกัสกล้องไปที่มอเตอร์พูล,UI: ระบบ/ปุ่มทั่วไป/ตั้งค่า,40899
40900,Engine Damaged,เครื่องยนต์เสียหาย,UI: ระบบ/ปุ่มทั่วไป/ตั้งค่า,40900
40901,The Vehicle has sustained critical engine damage which will impair movement.,ยานพาหนะได้รับความเสียหายร้ายแรงต่อเครื่องยนต์ ซึ่งจะทำให้การเคลื่อนที่ลดลง,UI: ระบบ/ปุ่มทั่วไป/ตั้งค่า,40901
40902,Primary Weapon Damaged,อาวุธหลักได้รับความเสียหาย,UI: ระบบ/ปุ่มทั่วไป/ตั้งค่า,40902
40903,The Vehicle has sustained critical damage to its main gun.,พาหนะได้รับความเสียหายร้ายแรงต่อปืนหลัก,UI: ระบบ/ปุ่มทั่วไป/ตั้งค่า,40903
40904,Secondary Weapon Damaged,อาวุธรองได้รับความเสียหาย,UI: ระบบ/ปุ่มทั่วไป/ตั้งค่า,40904
40905,The Vehicle has sustained critical damage to its secondary gun.,พาหนะได้รับความเสียหายร้ายแรงต่อปืนรอง,UI: ระบบ/ปุ่มทั่วไป/ตั้งค่า,40905
40906,Rear Armor,เกราะด้านหลัง,UI: ระบบ/ปุ่มทั่วไป/ตั้งค่า,40906
40907,The Vehicle's rear armor plating has sustained critical damage.,แผ่นเกราะด้านหลังของยานพาหนะได้รับความเสียหายร้ายแรง,UI: ระบบ/ปุ่มทั่วไป/ตั้งค่า,40907
40908,Frontal Armor,เกราะหน้า,UI: ระบบ/ปุ่มทั่วไป/ตั้งค่า,40908
40909,The Vehicle's frontal armor plating has sustained critical damage.,แผ่นเกราะด้านหน้าของพาหนะได้รับความเสียหายร้ายแรง,UI: ระบบ/ปุ่มทั่วไป/ตั้งค่า,40909
40910,Left Tread,สายพานซ้าย,UI: ระบบ/ปุ่มทั่วไป/ตั้งค่า,40910
40911,The Vehicle's left tread has been damaged.,สายพานด้านซ้ายของยานพาหนะได้รับความเสียหาย,UI: ระบบ/ปุ่มทั่วไป/ตั้งค่า,40911
40912,Right Tread,สายพานขวา,UI: ระบบ/ปุ่มทั่วไป/ตั้งค่า,40912
40913,The Vehicle's right tread has been damaged.,สายพานด้านขวาของยานพาหนะได้รับความเสียหาย,UI: ระบบ/ปุ่มทั่วไป/ตั้งค่า,40913
40950,Menu,เมนู,UI: ระบบ/ปุ่มทั่วไป/ตั้งค่า,40950|69753|73252|73502|801821|801921|802368|802821|803507|806018|808264
40951,XX ARMY MANAGEMENT,การจัดการกองทัพ XX,UI: ระบบ/ปุ่มทั่วไป/ตั้งค่า,40951
40952,XX CHAT,XX แชท,UI: ระบบ/ปุ่มทั่วไป/ตั้งค่า,40952
40953,XX DIPLOMACY,XX การทูต,UI: ระบบ/ปุ่มทั่วไป/ตั้งค่า,40953
40954,XX OBJECTIVES,วัตถุประสงค์ XX,UI: ระบบ/ปุ่มทั่วไป/ตั้งค่า,40954
40955,XX TEAM OBJECTIVE,วัตถุประสงค์ของทีม XX,UI: ระบบ/ปุ่มทั่วไป/ตั้งค่า,40955
40956,XX RECALL SPEECH,XX จำคำพูดได้,UI: ระบบ/ปุ่มทั่วไป/ตั้งค่า,40956
40957,Access in game options.,เข้าถึงตัวเลือกเกม,UI: ระบบ/ปุ่มทั่วไป/ตั้งค่า,40957|808255
40970,XX Ally,XX พันธมิตร,UI: ระบบ/ปุ่มทั่วไป/ตั้งค่า,40970
40971,XX Enemy,XX ศัตรู,UI: ระบบ/ปุ่มทั่วไป/ตั้งค่า,40971
40980,1.11111E+11,1.11111E+11,UI: ระบบ/ปุ่มทั่วไป/ตั้งค่า,40980
40981,2.22222E+11,2.22222E+11,UI: ระบบ/ปุ่มทั่วไป/ตั้งค่า,40981
40982,Infantry Kill Counter,เคาน์เตอร์ฆ่าทหารราบ,UI: ระบบ/ปุ่มทั่วไป/ตั้งค่า,40982
40983,Shows how many infantry units this squad has killed.,แสดงจำนวนหน่วยทหารราบที่หน่วยนี้สังหารได้,UI: ระบบ/ปุ่มทั่วไป/ตั้งค่า,40983
40984,Light Armor Kill Counter,เคาน์เตอร์ฆ่าเกราะเบา,UI: ระบบ/ปุ่มทั่วไป/ตั้งค่า,40984
40985,Shows how many light armored units this squad has destroyed.,แสดงจำนวนยูนิตเกราะเบาที่หน่วยนี้ทำลายได้,UI: ระบบ/ปุ่มทั่วไป/ตั้งค่า,40985
40986,Heavy Armor Kill Counter,เคาน์เตอร์ฆ่าเกราะหนัก,UI: ระบบ/ปุ่มทั่วไป/ตั้งค่า,40986
40987,Shows how many heavy armored units this squad has destroyed.,แสดงจำนวนหน่วยหุ้มเกราะหนักที่หน่วยนี้ทำลายได้,UI: ระบบ/ปุ่มทั่วไป/ตั้งค่า,40987
40988,Structure Kill Counter,โครงสร้างเคาน์เตอร์ฆ่า,UI: ระบบ/ปุ่มทั่วไป/ตั้งค่า,40988
40989,Shows how many structures this squad has destroyed.,แสดงจำนวนโครงสร้างที่หน่วยนี้ทำลายได้,UI: ระบบ/ปุ่มทั่วไป/ตั้งค่า,40989
53250,Choose a game type.,เลือกประเภทเกม,UI: ระบบ/ปุ่มทั่วไป/ตั้งค่า,53250
53251,Determine the amount of power points available on the map.,กำหนดจำนวนจุดพลังงานที่มีอยู่บนแผนที่,UI: ระบบ/ปุ่มทั่วไป/ตั้งค่า,53251
53252,Determine the level of AI difficulty.,กำหนดระดับความยากของ AI,UI: ระบบ/ปุ่มทั่วไป/ตั้งค่า,53252
53253,Choose a speed for Build times.,เลือกความเร็วสำหรับเวลาสร้าง,UI: ระบบ/ปุ่มทั่วไป/ตั้งค่า,53253
53254,Set the limit for the number of Units allowed per player.,กำหนดขีดจำกัดสำหรับจำนวนหน่วยที่อนุญาตต่อผู้เล่น,UI: ระบบ/ปุ่มทั่วไป/ตั้งค่า,53254
53255,Determine the amount of resources each player starts with.,กำหนดจำนวนทรัพยากรที่ผู้เล่นแต่ละคนเริ่มต้นด้วย,UI: ระบบ/ปุ่มทั่วไป/ตั้งค่า,53255
53256,Allow or disallow players to switch teams once the game has started.,อนุญาตหรือไม่อนุญาตให้ผู้เล่นเปลี่ยนทีมเมื่อเกมเริ่มแล้ว,UI: ระบบ/ปุ่มทั่วไป/ตั้งค่า,53256
53257,Enable or disable cheats within the game.,เปิดหรือปิดสูตรโกงภายในเกม,UI: ระบบ/ปุ่มทั่วไป/ตั้งค่า,53257
53258,Choose whether the starting location is fixed or random.,เลือกว่าตำแหน่งเริ่มต้นได้รับการแก้ไขหรือสุ่ม,UI: ระบบ/ปุ่มทั่วไป/ตั้งค่า,53258
53259,Choose the game speed.,เลือกความเร็วของเกม,UI: ระบบ/ปุ่มทั่วไป/ตั้งค่า,53259
53260,Enable or disable resource sharing between teams.,เปิดหรือปิดการใช้ทรัพยากรร่วมกันระหว่างทีม,UI: ระบบ/ปุ่มทั่วไป/ตั้งค่า,53260
53261,Choose the Victory Point Ticker value.,เลือกค่า Victory Point Ticker,UI: ระบบ/ปุ่มทั่วไป/ตั้งค่า,53261
53500,Overall Combat score.  See Combat tab for a detailed breakdown of this score.,คะแนนการต่อสู้โดยรวม ดูแท็บการต่อสู้เพื่อดูรายละเอียดคะแนนนี้,UI: ระบบ/ปุ่มทั่วไป/ตั้งค่า,53500
53501,Overall Resource score.  See Resource tab for a detailed breakdown of this score.,คะแนนทรัพยากรโดยรวม ดูแท็บทรัพยากรเพื่อดูรายละเอียดคะแนนนี้,UI: ระบบ/ปุ่มทั่วไป/ตั้งค่า,53501
53502,Overall Research score.  See Research tab for a detailed breakdown of this score.,คะแนนการวิจัยโดยรวม ดูแท็บการวิจัยเพื่อดูรายละเอียดคะแนนนี้,UI: ระบบ/ปุ่มทั่วไป/ตั้งค่า,53502
53503,A compilation of scores from all areas.,รวบรวมคะแนนจากทุกด้าน,UI: ระบบ/ปุ่มทั่วไป/ตั้งค่า,53503
53513,Percentage of the map revealed to each player through exploration and expansion.,เปอร์เซ็นต์ของแผนที่ที่เปิดเผยต่อผู้เล่นแต่ละคนผ่านการสำรวจและการขยาย,UI: ระบบ/ปุ่มทั่วไป/ตั้งค่า,53513
53514,The total number of Engineers each player produced.,จำนวนทหารช่างสนามทั้งหมดที่ผู้เล่นแต่ละคนผลิตขึ้นมา,UI: ระบบ/ปุ่มทั่วไป/ตั้งค่า,53514
53533,The maximum number of Engineers this player had at any one point in time throughout the duration of the game.,จำนวนทหารช่างสนามสูงสุดที่ผู้เล่นคนนี้มีในช่วงเวลาใดเวลาหนึ่งตลอดระยะเวลาของเกม,UI: ระบบ/ปุ่มทั่วไป/ตั้งค่า,53533
53534,The total number of Structures built by each player throughout the course of the game.,จำนวนโครงสร้างทั้งหมดที่สร้างโดยผู้เล่นแต่ละคนตลอดทั้งเกม,UI: ระบบ/ปุ่มทั่วไป/ตั้งค่า,53534
53548,RESTART MISSION,เริ่มภารกิจใหม่,UI: ระบบ/ปุ่มทั่วไป/ตั้งค่า,53548
60000,Annihilate,ทำลายล้างทั้งหมด,UI: ระบบ/ปุ่มทั่วไป/ตั้งค่า,60000
60001,Strategic Victory,ชัยชนะเชิงยุทธศาสตร์,UI: ระบบ/ปุ่มทั่วไป/ตั้งค่า,60001
60002,Victory Point Win,ชัยชนะด้วยคะแนนยุทธศาสตร์,UI: ระบบ/ปุ่มทั่วไป/ตั้งค่า,60002|508015
60003,Victory Point Control,การควบคุมจุดยุทธศาสตร์,UI: ระบบ/ปุ่มทั่วไป/ตั้งค่า,60003
60006,Destroy HQ,ทำลายศูนย์บัญชาการ,UI: ระบบ/ปุ่มทั่วไป/ตั้งค่า,60006
60007,SEGA Demo,การสาธิตเซก้า,UI: ระบบ/ปุ่มทั่วไป/ตั้งค่า,60007
60100,You Annihilated the enemy!,คุณทำลายล้างศัตรู!,UI: ระบบ/ปุ่มทั่วไป/ตั้งค่า,60100
60101,You have achieved a Strategic Victory!,คุณได้รับชัยชนะเชิงกลยุทธ์แล้ว!,UI: ระบบ/ปุ่มทั่วไป/ตั้งค่า,60101
60102,You have achieved a Victory Point win!,คุณได้รับแต้มชัยชนะแล้ว!,UI: ระบบ/ปุ่มทั่วไป/ตั้งค่า,60102
60103,You have achieved a Victory Point Possession win!,คุณได้รับชัยชนะจากการครอบครองแต้มชัยชนะแล้ว!,UI: ระบบ/ปุ่มทั่วไป/ตั้งค่า,60103
60104,You have won by Assault!,คุณได้รับชัยชนะจากการโจมตี!,UI: ระบบ/ปุ่มทั่วไป/ตั้งค่า,60104
60106,You have destroyed all enemy HQs!,คุณได้ทำลายกองบัญชาการของศัตรูทั้งหมดแล้ว!,UI: ระบบ/ปุ่มทั่วไป/ตั้งค่า,60106
60200,You have been Annihilated.,คุณถูกทำลายล้างแล้ว,UI: ระบบ/ปุ่มทั่วไป/ตั้งค่า,60200
60201,Your opponent has achieved a Strategic Victory.,คู่ต่อสู้ของคุณได้รับชัยชนะเชิงกลยุทธ์,UI: ระบบ/ปุ่มทั่วไป/ตั้งค่า,60201
60202,Your opponent has achieved a Victory Point win.,คู่ต่อสู้ของคุณได้รับชัยชนะด้วยคะแนนชัยชนะ,UI: ระบบ/ปุ่มทั่วไป/ตั้งค่า,60202
60203,Your opponent has achieved a Victory Point possession win.,คู่ต่อสู้ของคุณได้รับชัยชนะในการครอบครองชัยชนะ,UI: ระบบ/ปุ่มทั่วไป/ตั้งค่า,60203
60204,Your opponent has achieved an Assault Victory.,คู่ต่อสู้ของคุณได้รับชัยชนะจากการจู่โจม,UI: ระบบ/ปุ่มทั่วไป/ตั้งค่า,60204
60206,Your HQ has been destroyed.,กองบัญชาการของคุณถูกทำลายแล้ว,UI: ระบบ/ปุ่มทั่วไป/ตั้งค่า,60206
60300,Annihilate the enemy.,ทำลายล้างศัตรู,UI: ระบบ/ปุ่มทั่วไป/ตั้งค่า,60300
60301,Capture and hold Strategy Points to win.,จับและถือคะแนนกลยุทธ์เพื่อชนะ,UI: ระบบ/ปุ่มทั่วไป/ตั้งค่า,60301
60302,Capture and hold Victory Points to win.,จับและถือคะแนนชัยชนะเพื่อชนะ,UI: ระบบ/ปุ่มทั่วไป/ตั้งค่า,60302|60303
60304,Win by having the most Points at the end of the time limit or by destroying your enemy.,ชนะโดยมีคะแนนมากที่สุดเมื่อสิ้นสุดเวลาที่กำหนดหรือโดยการทำลายศัตรูของคุณ,UI: ระบบ/ปุ่มทั่วไป/ตั้งค่า,60304
60306,Destroy all enemy HQs.,ทำลายกองบัญชาการศัตรูทั้งหมด,UI: ระบบ/ปุ่มทั่วไป/ตั้งค่า,60306
60520,HP Bar,เอชพี บาร์,UI: ระบบ/ปุ่มทั่วไป/ตั้งค่า,60520
60521,Cover,ที่กำบัง,UI: ระบบ/ปุ่มทั่วไป/ตั้งค่า,60521|68517
60522,Pinned,ถูกตรึงกำลัง,UI: ระบบ/ปุ่มทั่วไป/ตั้งค่า,60522|146705|150420|2150420
60523,Veterancy,อายุยืน,UI: ระบบ/ปุ่มทั่วไป/ตั้งค่า,60523|710031|710054
60593,Dolby Surround,ระบบเสียงดอลบี้เซอร์ราวด์,UI: ระบบ/ปุ่มทั่วไป/ตั้งค่า,60593
60650,800x600 16 bit,800x600 16 บิต,UI: ระบบ/ปุ่มทั่วไป/ตั้งค่า,60650
60651,1024x768 16 bit,1024x768 16 บิต,UI: ระบบ/ปุ่มทั่วไป/ตั้งค่า,60651
60760,Basic,ขั้นพื้นฐาน,UI: ระบบ/ปุ่มทั่วไป/ตั้งค่า,60760
60761,Simple,เรียบง่าย,UI: ระบบ/ปุ่มทั่วไป/ตั้งค่า,60761
60762,Complex,ซับซ้อน,UI: ระบบ/ปุ่มทั่วไป/ตั้งค่า,60762
60763,Vista,วิสตา,UI: ระบบ/ปุ่มทั่วไป/ตั้งค่า,60763
60800,Tutorial,การฝึกรบ,UI: ระบบ/ปุ่มทั่วไป/ตั้งค่า,60800|409000
60801,Are you sure you want to enter the Tutorial?,คุณแน่ใจหรือไม่ว่าต้องการเข้าสู่การฝึกสอน?,UI: ระบบ/ปุ่มทั่วไป/ตั้งค่า,60801
60826,Are you sure you want to rename the Profile?,คุณแน่ใจหรือไม่ว่าต้องการเปลี่ยนชื่อโปรไฟล์?,UI: ระบบ/ปุ่มทั่วไป/ตั้งค่า,60826
60827,Are you sure you want to delete the Profile?,คุณแน่ใจหรือไม่ว่าต้องการลบโปรไฟล์?,UI: ระบบ/ปุ่มทั่วไป/ตั้งค่า,60827
60828,Are you sure you want to rename the Campaign?,คุณแน่ใจหรือไม่ว่าต้องการเปลี่ยนชื่อแคมเปญ,UI: ระบบ/ปุ่มทั่วไป/ตั้งค่า,60828
60829,Are you sure you want to delete the Campaign?,คุณแน่ใจหรือไม่ว่าต้องการลบแคมเปญ,UI: ระบบ/ปุ่มทั่วไป/ตั้งค่า,60829
60830,Are you sure you want to rename the Saved game?,คุณแน่ใจหรือไม่ว่าต้องการเปลี่ยนชื่อเกมที่บันทึกไว้,UI: ระบบ/ปุ่มทั่วไป/ตั้งค่า,60830
60831,Are you sure you want to delete the Saved game?,คุณแน่ใจหรือไม่ว่าต้องการลบเกมที่บันทึกไว้?,UI: ระบบ/ปุ่มทั่วไป/ตั้งค่า,60831
60832,The Tutorial hasn't been completed. Play the Tutorial instead?,บทช่วยสอนยังไม่เสร็จสมบูรณ์ เล่นบทช่วยสอนแทนเหรอ?,UI: ระบบ/ปุ่มทั่วไป/ตั้งค่า,60832
60833,Invalid Recorded Game.  File may be corrupt or version is incompatible.,เกมที่บันทึกไม่ถูกต้อง ไฟล์อาจเสียหายหรือเวอร์ชันเข้ากันไม่ได้,UI: ระบบ/ปุ่มทั่วไป/ตั้งค่า,60833
60834,Are you sure you want to delete the recorded game?,คุณแน่ใจหรือไม่ว่าต้องการลบเกมที่บันทึกไว้?,UI: ระบบ/ปุ่มทั่วไป/ตั้งค่า,60834
60835,Are you sure you want to quit the current game?,คุณแน่ใจหรือไม่ว่าต้องการออกจากเกมปัจจุบัน?,UI: ระบบ/ปุ่มทั่วไป/ตั้งค่า,60835
60836,Are you sure you want to exit to Windows?,คุณแน่ใจหรือไม่ว่าต้องการออกไปยัง Windows,UI: ระบบ/ปุ่มทั่วไป/ตั้งค่า,60836|707500
60837,Are you sure you want to restart the game?,คุณแน่ใจหรือไม่ว่าต้องการเริ่มเกมใหม่?,UI: ระบบ/ปุ่มทั่วไป/ตั้งค่า,60837
60851,Profile Name:,ชื่อโปรไฟล์:,UI: ระบบ/ปุ่มทั่วไป/ตั้งค่า,60851
60852,Saved Game Name:,ชื่อเกมที่บันทึกไว้:,UI: ระบบ/ปุ่มทั่วไป/ตั้งค่า,60852
60853,Saved Replay Name:,ชื่อเล่นซ้ำที่บันทึกไว้:,UI: ระบบ/ปุ่มทั่วไป/ตั้งค่า,60853
60854,Player,ผู้เล่น,UI: ระบบ/ปุ่มทั่วไป/ตั้งค่า,60854|67004
60901,Omaha Beach,หาดโอมาฮา,UI: ระบบ/ปุ่มทั่วไป/ตั้งค่า,60901
60902,Vierville,เวียร์วิลล์,UI: ระบบ/ปุ่มทั่วไป/ตั้งค่า,60902
60903,Carentan,คาเรนตัน,UI: ระบบ/ปุ่มทั่วไป/ตั้งค่า,60903
60904,Carentan Counterattack,การตอบโต้ของคาเรนตัน,UI: ระบบ/ปุ่มทั่วไป/ตั้งค่า,60904
60905,Montebourg,มอนเตเบิร์ก,UI: ระบบ/ปุ่มทั่วไป/ตั้งค่า,60905
60906,Cherbourg,เชอร์บูร์ก,UI: ระบบ/ปุ่มทั่วไป/ตั้งค่า,60906|269000
60907,Sottevast,ซอตเตอวาสต์,UI: ระบบ/ปุ่มทั่วไป/ตั้งค่า,60907
60908,St. Fromond,แซงต์ฟรอมงต์,UI: ระบบ/ปุ่มทั่วไป/ตั้งค่า,60908
60909,Hill 192,ฮิลล์ 192,UI: ระบบ/ปุ่มทั่วไป/ตั้งค่า,60909|299060
60910,St. Lô,แซงต์โล,UI: ระบบ/ปุ่มทั่วไป/ตั้งค่า,60910
60911,Hébécrevon,เฮเบเครวอน,UI: ระบบ/ปุ่มทั่วไป/ตั้งค่า,60911
60912,Mortain,มอร์แต็ง,UI: ระบบ/ปุ่มทั่วไป/ตั้งค่า,60912|339000|359000
60913,Mortain Counterattack,มอร์แต็งโต้กลับ,UI: ระบบ/ปุ่มทั่วไป/ตั้งค่า,60913
60914,Autry,ออทรี,UI: ระบบ/ปุ่มทั่วไป/ตั้งค่า,60914
60915,Chambois,ชองบัวส์,UI: ระบบ/ปุ่มทั่วไป/ตั้งค่า,60915|369000
60916,Pointe du Hoc (4),ปวงต์ ดู ฮอก,UI: ระบบ/ปุ่มทั่วไป/ตั้งค่า,60916
60917,Vire River Valley (4),ลุ่มแม่น้ำวีร์,UI: ระบบ/ปุ่มทั่วไป/ตั้งค่า,60917
60918,Hedgerow Siege (6),ล้อมพุ่มไม้,UI: ระบบ/ปุ่มทั่วไป/ตั้งค่า,60918
60920,"Having secured Hill 192, Able Company's mission is now to root out all Axis defenders from  St. Lô itself. German forces have made St. Lô a fortress city and will defend it to the last man.",หลังจากยึด Hill 192 ได้แล้ว ภารกิจของ Able Company ในตอนนี้คือการถอนรากถอนโคนกองหลังฝ่าย Axis ทั้งหมดจาก St. Lô กองกำลังเยอรมันได้ทำให้แซงต์โลกลายเป็นเมืองป้อมปราการและจะปกป้องเมืองนี้จนคนสุดท้าย,UI: ระบบ/ปุ่มทั่วไป/ตั้งค่า,60920
60921,Omaha Beach. June 6th 1944 - D-Day. Able Company orders are to clear Dog White and neutralize all German strongpoints in the area.,หาดโอมาฮา 6 มิถุนายน 1944 - ดีเดย์ คำสั่งของกองร้อยเอเบิลคือการเคลียร์แนวด็อกไวท์และกวาดล้างที่มั่นเยอรมันทั้งหมดในพื้นที่,UI: ระบบ/ปุ่มทั่วไป/ตั้งค่า,60921
60922,Shortly after midnight on June 6th the largest airborne invasion in history is under way. Paratroopers from Fox Company must secure a vital road link between Omaha beach and the town of Vierville prior to the beach landings.,หลังเที่ยงคืนของวันที่ 6 มิถุนายนไม่นาน การรุกรานทางอากาศครั้งใหญ่ที่สุดในประวัติศาสตร์กำลังดำเนินอยู่ พลร่มจาก Fox Company จะต้องรักษาถนนสายสำคัญระหว่างชายหาด Omaha และเมือง Vierville ก่อนที่จะลงจอดที่ชายหาด,UI: ระบบ/ปุ่มทั่วไป/ตั้งค่า,60922
60923,"Perched on a crossroads linking Utah and Omaha Beaches, Carentan is a critical objective in establishing a decisive Allied beachhead in Normandy. Fox company orders are to secure Carentan and push back the Axis defenders.",คาเรนตันตั้งอยู่บนทางแยกที่เชื่อมระหว่างหาดยูทาห์และหาดโอมาฮา ถือเป็นเป้าหมายสำคัญในการก่อตั้งหัวหาดของฝ่ายพันธมิตรที่เด็ดขาดในนอร์ม็องดี คำสั่งของกองร้อย Fox คือให้จับตัว คาเรนตัน และขับไล่ฝ่ายอักษะกลับไป,UI: ระบบ/ปุ่มทั่วไป/ตั้งค่า,60923
60924,"Having secured Carentan, Fox Company must now face a determined German counterattack. Shortly before sundown, lead elements of the 17th SS Panzergrenadier Division launch an offensive to regain Carentan.",หลังจากยึดเมืองคาเรนตันได้แล้ว ตอนนี้กองร้อยฟ็อกซ์ ต้องเผชิญกับการตีโต้ตอบของเยอรมันอย่างดุเดือด ไม่นานก่อนพระอาทิตย์ตกดิน หน่วยนำของกองพลยานเกราะเอ็สเอ็สที่ 17 ได้เปิดฉากการบุกเพื่อยึดคาเรนตันคืน,UI: ระบบ/ปุ่มทั่วไป/ตั้งค่า,60924
60925,"4 days out of Carentan, Able and Dog companies are tasked with clearing a route to Cherbourg and defending a convoy of troops and supplies needed for the final push to Cherbourg.",4 วันหลังจากออกจากคาเรนตัน กองร้อยเอเบิล และกองร้อยด็อก ได้รับมอบหมายให้เคลียร์เส้นทางสู่เชอร์บูร์ก และคุ้มกันขบวนรถลำเลียงพลและเสบียงที่จำเป็นสำหรับการรุกคืบครั้งสุดท้ายสู่เชอร์บูร์ก,UI: ระบบ/ปุ่มทั่วไป/ตั้งค่า,60925
60926,Able Company is tapped with leading the final assault and securing the port of Cherbourg intact. Supporting Able Company are naval guns from the USS Texas.,กองร้อยเอเบิลได้รับมอบหมายให้นำการเข้าตีระลอกสุดท้ายและยึดท่าเรือเชอร์บูร์กให้อยู่ในสภาพสมบูรณ์ โดยมีปืนใหญ่เรือรบจาก USS Texas คอยยิงสนับสนุนกองร้อยเอเบิล,UI: ระบบ/ปุ่มทั่วไป/ตั้งค่า,60926
60927,"Allied intelligence has uncovered a functional V2 rocket site. To deal with this threat, Fox company is called in to raid the facility. Their mission is to neutralize the V2 site's garrison and destroy the rockets.",หน่วยข่าวกรองของพันธมิตรได้ค้นพบที่ตั้งจรวด V2 ที่ใช้งานได้ เพื่อจัดการกับภัยคุกคามนี้ กองร้อย Fox จึงถูกเรียกให้เข้าไปตรวจค้นสถานที่ดังกล่าว ภารกิจของพวกเขาคือการต่อต้านเข้าประจำการในอาคารของจุด V2 และทำลายจรวด,UI: ระบบ/ปุ่มทั่วไป/ตั้งค่า,60927
60928,"Operation Cobra. Able Company is deployed to St. Lô sector, also known as Hedgerow country.  Their first mission is to secure the town of St. Fromond and establish a bridgehead across the river Vire.",ปฏิบัติการคอบร้า กองร้อยเอเบิล ได้รับการปรับใช้ในภาคส่วน St. Lô หรือที่รู้จักในชื่อประเทศ Hedgerow ภารกิจแรกของพวกเขาคือการรักษาเมืองแซงต์ฟรอมงด์และสร้างหัวสะพานข้ามแม่น้ำ Vire,UI: ระบบ/ปุ่มทั่วไป/ตั้งค่า,60928
60929,"Between Able company and Hill 192 lies the maze-like bocage nestled within German 88s, Panzers and concealed infantry. Able's orders are to secure Hill 192 before advancing towards St. Lô.",ระหว่างกองร้อยเอเบิล และ Hill 192 มีโบเคจคล้ายเขาวงกตตั้งอยู่ภายในปืนใหญ่ 88 มม. ของเยอรมัน ยานเกราะ และทหารราบที่ซ่อนเร้น คำสั่งของเอเบิลคือยึดเนินเขา 192 ก่อนมุ่งหน้าสู่แซงต์โล,UI: ระบบ/ปุ่มทั่วไป/ตั้งค่า,60929
60931,Able company is ordered on the offensive to hunt down and destroy the remaining Panther tanks of the Panzer Lehr Division.,กองร้อยของ Able ได้รับคำสั่งให้โจมตีและทำลายรถถัง Panther ที่เหลือของกองพล Panzer Lehr,UI: ระบบ/ปุ่มทั่วไป/ตั้งค่า,60931
60932,"Following the loss of Capt. MacKay, Able Company is taken off the front lines and ordered to relieve Dog Company from Mortain. Able's orders are to dig in and wait for re-supply.",หลังจากการสูญเสียกัปตันแม็คเคย์ กองร้อยเอเบิล ถูกนำออกจากแนวหน้าและได้รับคำสั่งให้ปลดเปลื้อง Dog Company จาก มอร์แต็ง คำสั่งของ Able คือการขุดเข้าไปและรออุปทานใหม่,UI: ระบบ/ปุ่มทั่วไป/ตั้งค่า,60932
60933,"Having survived the night and stalled the Panzer Division's initial attack, Able company braces for a stiff counterattack on Hill 317.",หลังจากรอดชีวิตในคืนนั้นและขัดขวางการโจมตีครั้งแรกของกองยานเกราะ กองร้อยของเอเบิลก็เตรียมการตอบโต้อย่างแข็งขันบนเนินเขา 317,UI: ระบบ/ปุ่มทั่วไป/ตั้งค่า,60933
60934,"The German 7th Army has begun its withdrawal from Normandy. Having only limited escape routes, Panzers and Tiger tanks are called in to keep the escape routes open as long as possible.  Capt. Shultz and the remains of his elite Tigergroupen are guarding one such escape route.",กองทัพที่ 7 ของเยอรมนีเริ่มถอนกำลังออกจากนอร์ม็องดี ด้วยเส้นทางหลบหนีที่จำกัด รถถัง Panzer และ Tiger จะถูกเรียกเข้ามาเพื่อให้เส้นทางหลบหนีเปิดไว้ให้นานที่สุด กัปตัน ชูลทซ์ และซากศพของ Tigergroupen ชั้นยอดของเขากำลังเฝ้าปกป้องเส้นทางหลบหนีดังกล่าว,UI: ระบบ/ปุ่มทั่วไป/ตั้งค่า,60934
60935,"On August 19th the Allies have almost completely encircled the German 7th Army. With the Canadians and Polish divisions closing in from the north, Able company has a chance to tighten the noose around the Axis divisions at Chambois.",เมื่อวันที่ 19 สิงหาคม ฝ่ายสัมพันธมิตรได้ปิดล้อมกองทัพที่ 7 ของเยอรมันเกือบทั้งหมดแล้ว เมื่อฝ่ายแคนาดาและโปแลนด์ปิดตัวลงจากทางเหนือ กองร้อยเอเบิล ก็มีโอกาสที่จะกระชับบ่วงรอบฝ่ายฝ่ายอักษะที่ Cambois,UI: ระบบ/ปุ่มทั่วไป/ตั้งค่า,60935
60936,"The pre-invasion bombing of Pointe du Hoc has left ample craters and cover for the wise commander to utilize.  This area has seen heavy combat due to German counterattacks, Axis brass understanding the strategic value of the beachhead.  Controlling the beachhead will secure supplies, but the difficulty of maintaining a line to that beachhead makes it hard to predict whether it’s the Allied defenders or the Axis on the counteroffensive who carry the advantage.",การวางระเบิดก่อนการรุกรานของ Pointe du Hoc ได้ทิ้งหลุมอุกกาบาตไว้มากมายและเป็นที่กำบังให้ผู้บัญชาการที่ชาญฉลาดได้ใช้ประโยชน์ บริเวณนี้เผชิญการรบหนักเนื่องจากการตีโต้ของเยอรมัน ฝ่ายอักษะทองเหลืองเข้าใจคุณค่าทางยุทธศาสตร์ของหัวหาด การควบคุมหัวหาดจะทำให้มีเสบียงเพียงพอ แต่ความยากลำบากในการรักษาแนวของหัวหาดนั้นทำให้ยากต่อการคาดเดาว่ากองหลังฝ่ายสัมพันธมิตรหรือฝ่ายอักษะฝ่ายรุกที่เป็นฝ่ายได้เปรียบ,UI: ระบบ/ปุ่มทั่วไป/ตั้งค่า,60936
60937,"Nestled in the large valley a small rural community has been torn by war. The river that runs through this community was once a place where children and adults alike would fish or wet their feet on a hot summer day, but now it is nothing more than a natural barrier that has led to stalemate after stalemate between the Allied and Axis forces stationed in the area. It has been told that the commander who takes this valley once and for all is to receive commendations of the highest order.",ชุมชนชนบทเล็กๆ ที่ตั้งอยู่ในหุบเขาขนาดใหญ่ได้รับความเสียหายจากสงคราม แม่น้ำที่ไหลผ่านชุมชนนี้เคยเป็นสถานที่ที่เด็กและผู้ใหญ่มาตกปลาหรือแช่เท้าในฤดูร้อน แต่ตอนนี้กลับกลายเป็นเพียงอุปสรรคทางธรรมชาติที่นำไปสู่ภาวะคุมเชิงกันระหว่างกองกำลังฝ่ายสัมพันธมิตรและฝ่ายอักษะที่ประจำการอยู่ในพื้นที่ มีคำกล่าวว่าผู้บังคับการที่ยึดหุบเขานี้ได้อย่างเด็ดขาดจะได้รับเหรียญเกียรติยศขั้นสูงสุด,UI: ระบบ/ปุ่มทั่วไป/ตั้งค่า,60937
60938,"There is no obstacle in France that favors the defense more than the Hedgerows of Normandy. A cunning commander can control these small rectangular compartments with as little as an anti-tank emplacement and a couple of machine guns; formidable obstacles, at least until the Artillery comes. ""...they say finding your way through the Hedgerows in 1944 is Nature's Way of instituting 'Survival of the fittest'... God I hope we are the fittest.""","ไม่มีอุปสรรคใดในฝรั่งเศสที่เอื้อต่อการตั้งรับมากไปกว่าแนวพุ่มไม้เตี้ย ของนอร์มังดี ผู้บังคับการที่ชาญฉลาดสามารถควบคุมพื้นที่สี่เหลี่ยมเล็กๆ เหล่านี้ได้ด้วยปืนต่อสู้รถถังและปืนกลเพียงไม่กี่กระบอก ซึ่งเป็นแนวป้องกันที่น่าเกรงขามจนกว่าปืนใหญ่จะยิงถล่ม ""...พวกเขาว่ากันว่าการหาทางฝ่าแนวพุ่มไม้ในปี 1944 คือวิถีธรรมชาติในการคัดสรร 'ผู้ที่แข็งแกร่งที่สุด'... พระเจ้า ขอให้พวกเราคือผู้รอดชีวิต""",UI: ระบบ/ปุ่มทั่วไป/ตั้งค่า,60938
60939,"The small farming community of Angoville has the potential to be the staging ground of a short but bloody battle. Open fields in the west would allow the swift movement of large squadrons unhindered by the terrain. Medics pray that the shelter found on the eastern end would be enough to hold off an Axis offensive that would surely prove fatal for the wounded too weak for transportation. The farmhouses to the east have been long abandoned, farmers fearing the impending conflict.",ชุมชนเกษตรกรรมเล็กๆ ในอ็องโกวีล มีแนวโน้มที่จะกลายเป็นสมรภูมิการรบระยะสั้นแต่นองเลือด ทุ่งโล่งทางทิศตะวันตกช่วยให้ขบวนยานเกราะขนาดใหญ่เคลื่อนพลได้อย่างรวดเร็วโดยไร้สิ่งกีดขวาง แพทย์สนามต่างภาวนาให้ที่กำบังทางทิศตะวันออกเพียงพอที่จะต้านทานการบุกของฝ่ายอักษะ ซึ่งจะเป็นอันตรายถึงชีวิตสำหรับผู้บาดเจ็บที่อาการหนักเกินกว่าจะเคลื่อนย้ายได้ บ้านไร่ทางทิศตะวันออกถูกทิ้งร้างมานานโดยชาวบ้านที่หวาดกลัวสงครามที่กำลังมาถึง,UI: ระบบ/ปุ่มทั่วไป/ตั้งค่า,60939
60940,"""... and our jump was off, that's for sure.  Sergeant Richards says we're outside the town of Lyon - an urban stronghold for the Germans in this region.  When we managed to creep up close enough to get a look at the city though, seems that may have changed.  About one-third of the town is in rubble and no sign of the enemy.  We setup our HQ in..."" Partially destroyed city blocks make urban tactics a must in Lyon.","""...และการโดดร่มของเราผิดจุด นั่นแน่นอนอยู่แล้ว จ่าริชาร์ดส์บอกว่าเราอยู่นอกเมืองลียง ซึ่งเป็นฐานที่มั่นในเมืองของฝ่ายเยอรมันในภูมิภาคนี้ แต่พอเราคืบคลานเข้าไปใกล้พอจะมองดูเมือง ดูเหมือนสถานการณ์จะเปลี่ยนไป ราวหนึ่งในสามของเมืองกลายเป็นซากปรักหักพังและไม่พบร่องรอยศัตรู เราตั้งกองบัญชาการของเราใน..."" บล็อกอาคารเมืองที่พังทลายบางส่วนทำให้ยุทธวิธีรบในเมืองเป็นสิ่งจำเป็นในลียง",UI: ระบบ/ปุ่มทั่วไป/ตั้งค่า,60940
60941,01,01,UI: ระบบ/ปุ่มทั่วไป/ตั้งค่า,60941
60942,02,02,UI: ระบบ/ปุ่มทั่วไป/ตั้งค่า,60942
60943,03,03,UI: ระบบ/ปุ่มทั่วไป/ตั้งค่า,60943
60944,04,04,UI: ระบบ/ปุ่มทั่วไป/ตั้งค่า,60944
60945,05,05,UI: ระบบ/ปุ่มทั่วไป/ตั้งค่า,60945
60946,06,06,UI: ระบบ/ปุ่มทั่วไป/ตั้งค่า,60946
60947,07,07,UI: ระบบ/ปุ่มทั่วไป/ตั้งค่า,60947
60948,08,08,UI: ระบบ/ปุ่มทั่วไป/ตั้งค่า,60948
60949,09,09,UI: ระบบ/ปุ่มทั่วไป/ตั้งค่า,60949
60950,10,10,UI: ระบบ/ปุ่มทั่วไป/ตั้งค่า,60950
60951,11,11,UI: ระบบ/ปุ่มทั่วไป/ตั้งค่า,60951
60952,12,12,UI: ระบบ/ปุ่มทั่วไป/ตั้งค่า,60952
60953,13,13,UI: ระบบ/ปุ่มทั่วไป/ตั้งค่า,60953
60954,"""... looking back, I recall asking my Captain why command was so interested in this little town, what possible reason could there be for taking it.  I'll never forget the answer he gave me - 'Because Jerry wants it'."" The combination of rural countryside and natural chokepoints means victory will go to the side who can best exploit the landscape.","""... เมื่อมองย้อนกลับไป ฉันจำได้ว่าเคยถามกัปตันว่าทำไมคำสั่งจึงสนใจเมืองเล็กๆ แห่งนี้ มีเหตุผลอะไรที่เป็นไปได้ในการยึดครองเมืองนี้ ฉันจะไม่มีวันลืมคำตอบที่เขาให้ฉัน - 'เพราะเจอร์รี่ต้องการมัน'"" การผสมผสานระหว่างชนบทในชนบทและจุดปิดกั้นทางธรรมชาติหมายความว่าชัยชนะจะเป็นของฝ่ายที่สามารถใช้ประโยชน์จากภูมิประเทศได้ดีที่สุด",UI: ระบบ/ปุ่มทั่วไป/ตั้งค่า,60954
60955,"The industrial complex of Sturzdorf is the primary supplier of the 88mm barrels mounted on the formidable Tiger Tanks, making it an ongoing strategic concern.  Beyond this, Oberst Shmitt is extremely preoccupied with losing the large paint factory located in Sturzdorf, as it provides the puce required for his special camouflage unit.  Oberst Shmitt has given strict orders that any soldier who allows the paint factory to fall into Allied hands will be executed.",ศูนย์อุตสาหกรรมที่ Sturzdorf เป็นซัพพลายเออร์หลักของถังขนาด 88 มม. ที่ติดตั้งบนรถถัง Tiger Tanks ที่น่าเกรงขาม ซึ่งทำให้เป็นปัญหาเชิงกลยุทธ์ที่กำลังดำเนินอยู่ นอกจากนี้ Oberst Shmitt ยังหมกมุ่นอยู่กับการสูญเสียโรงงานสีขนาดใหญ่ที่ตั้งอยู่ใน Sturzdorf เนื่องจากโรงงานแห่งนี้เป็นแหล่งผลิตเม็ดทรายที่จำเป็นสำหรับหน่วยลายพรางพิเศษของเขา Oberst Shmitt ออกคำสั่งอย่างเข้มงวดว่าทหารคนใดก็ตามที่ยอมให้โรงงานสีตกไปอยู่ในมือของฝ่ายสัมพันธมิตรจะถูกประหารชีวิต,UI: ระบบ/ปุ่มทั่วไป/ตั้งค่า,60955
60956,"""Far be it from me, a lowly grunt, to question command's decisions - but if I were to, I would definitely want to know what the tactical importance of a leveled courtyard in the middle of hedgerow country is.  Someone needs to remind the brass that those of us on the frontlines aren't as gung-ho to throw our lives away for some rocks and rubble as they are."" Rows of Hedgerows and Structures make for effective firing lanes.",“ไม่ว่าฉันจะเป็นคนเสแสร้งต่ำต้อยที่จะตั้งคำถามต่อการตัดสินใจของผู้บังคับบัญชา แต่ถ้าฉันทำ ฉันคงอยากรู้อย่างแน่นอนว่าความสำคัญทางยุทธวิธีของลานโล่งที่อยู่ตรงกลางของพุ่มไม้เตี้ยคืออะไร ต้องมีใครสักคนเตือนทองเหลืองว่าพวกเราในแนวหน้าไม่เหมือนกับพวกที่เอาชีวิตรอดเพื่อเอาก้อนหินและเศษหินมาทิ้ง” แถวของพุ่มไม้และโครงสร้างสร้างช่องทางการยิงที่มีประสิทธิภาพ,UI: ระบบ/ปุ่มทั่วไป/ตั้งค่า,60956
60957,"""I remember this town the day we arrived - streets packed with children playing, markets buzzing with activity in the warm midday sun.  Now it's no more than a graveyard of rubble and ash; a burial plot for the innocence of mankind."" A heavily destroyed urban landscape, Lorraine favors close-quarters combat amongst the ruins.","""ฉันจำเมืองนี้ในวันที่เรามาถึงได้ ถนนที่เต็มไปด้วยเด็กๆ กำลังเล่นกัน ตลาดที่คึกคักไปด้วยกิจกรรมท่ามกลางแสงแดดอันอบอุ่นในยามเที่ยง ตอนนี้มันไม่ได้เป็นเพียงสุสานที่เต็มไปด้วยเศษหินและขี้เถ้า เป็นสถานที่ฝังศพเพื่อความไร้เดียงสาของมนุษยชาติ"" ภูมิทัศน์เมืองที่ถูกทำลายล้างอย่างหนัก Lorraine ชอบการต่อสู้ระยะประชิดท่ามกลางซากปรักหักพัง",UI: ระบบ/ปุ่มทั่วไป/ตั้งค่า,60957
60958,"Allied planes shot down had the inadvertent pleasure of taking out a main Axis supply shipment as they crashed to the ground. The order has been given to salvage what was left of that shipment, Axis officials hoping the roads running east to west will provide swift access to the wreckage. It has been advised that if a skirmish breaks out to utilize the eastern logging camp and surrounding forests for troop cover, and garrison the western civilian buildings to halt an Allied advance.",เครื่องบินของฝ่ายสัมพันธมิตรที่ถูกยิงตกได้พุ่งชนขบวนขนส่งเสบียงหลักของฝ่ายอักษะโดยบังเอิญขณะตกลงสู่พื้น จึงมีคำสั่งให้เก็บกู้สิ่งที่เหลืออยู่จากขบวนส่งกำลังดังกล่าว เจ้าหน้าที่ฝ่ายอักษะหวังว่าถนนสายตะวันออก-ตะวันตกจะช่วยให้เข้าถึงซากได้รวดเร็ว หากเกิดการปะทะขึ้น มีคำแนะนำให้ใช้ค่ายตัดไม้ทางทิศตะวันออกและป่าโดยรอบเป็นที่กำบังให้กองทหาร และเข้าประจำอาคารพลเรือนทางตะวันตกเพื่อหยุดยั้งการรุกคืบของฝ่ายสัมพันธมิตร,UI: ระบบ/ปุ่มทั่วไป/ตั้งค่า,60958
60959,"The heavy industrial capacity provided by St.Hilaire made it a critical strategic target for both the Axis and Allied forces. Factories bordering the railway line produced much needed munitions and materiel to support the war effort, and a small port permitted the shipping of fuel resources to Axis supply depots along the river. Marshlands to the West proved a daunting challenge for infantry, forcing troop and vehicle movement towards the center of the town, where the heaviest fighting occurred.",ขีดความสามารถทางอุตสาหกรรมหนักของแซงต์อีแลร์ ทำให้ที่นี่กลายเป็นเป้าหมายทางยุทธศาสตร์สำคัญสำหรับทั้งฝ่ายอักษะและฝ่ายสัมพันธมิตร โรงงานที่อยู่ติดกับเส้นทางรถไฟผลิตอาวุธและยุทโธปกรณ์ที่จำเป็นอย่างยิ่งในการทำสงคราม และท่าเรือขนาดเล็กยังเอื้อต่อการขนส่งทรัพยากรเชื้อเพลิงไปยังคลังส่งกำลังบำรุงของฝ่ายอักษะริมแม่น้ำ ที่ลุ่มชื้นแฉะทางทิศตะวันตกเป็นความท้าทายอันน่าหวั่นเกรงสำหรับทหารราบ บังคับให้การเคลื่อนพลและยานพาหนะต้องมุ่งเข้าสู่ใจกลางเมือง ซึ่งเป็นจุดที่มีการสู้รบดุเดือดที่สุด,UI: ระบบ/ปุ่มทั่วไป/ตั้งค่า,60959
60960,"""Command has expressed their frustration time and time again over this mound of dirt.  The ridge itself has been changing hands non-stop over the last month and a half - there's not much left up there other than piles of dirt, sandbags and the occasional tank carcass.  This is not going to be easy."" Fierce, king-of-the-hill style combat dominates this map. The team that can hold the three hills will enjoy a decisive advantage.",“กองบัญชาการได้แสดงความคับข้องใจครั้งแล้วครั้งเล่าเกี่ยวกับกองดินนี้ ตัวสันเขาเองมีการเปลี่ยนมืออย่างไม่หยุดยั้งในช่วงเดือนครึ่งที่แล้ว - ไม่มีอะไรเหลืออยู่อีกแล้วนอกจากกองดิน ถุงทราย และซากรถถังเป็นครั้งคราว นี่จะไม่ง่ายเลย” การต่อสู้สไตล์ราชาแห่งขุนเขาที่ดุเดือดครอบงำแผนที่นี้ ทีมที่สามารถยึดสามเนินได้จะได้เปรียบอย่างเด็ดขาด,UI: ระบบ/ปุ่มทั่วไป/ตั้งค่า,60960
60961,"Few crossings over the Meuse River are as important as Montherme.  This urban center provides numerous access roads leading inland through the thick forests that surround the rugged valley the city is constructed on.  While the city dominates most of the area, savvy commanders would be wise to make use of the few trails through the forests towards the top of the ridge; perfect for avoiding the clustered streets of the town.",การข้ามแม่น้ำมิวส์เพียงไม่กี่ครั้งก็มีความสำคัญพอๆ กับเมืองมงแตร์เม ใจกลางเมืองแห่งนี้มีถนนทางเข้าหลายสายที่ทอดเข้าสู่แผ่นดินผ่านป่าหนาทึบที่ล้อมรอบหุบเขาอันขรุขระที่เมืองนี้สร้างขึ้น แม้ว่าเมืองจะครองพื้นที่ส่วนใหญ่ ผู้บัญชาการที่เชี่ยวชาญก็ควรที่จะใช้เส้นทางไม่กี่เส้นทางผ่านป่าไปยังยอดสันเขา เหมาะสำหรับการหลีกเลี่ยงถนนที่กระจุกตัวในเมือง,UI: ระบบ/ปุ่มทั่วไป/ตั้งค่า,60961
60962,"The Region around Montargis is carved out of the rugged and hilly landscape, surrounded by a large pine forest. Several industrial sectors can be found, with various complexes connected and supporting one another.  The access to these complexes and the abundance of resources make the area a region of great strategic import.  ""If the Capture of Montargis is not possible, then its destruction would be the best way of denying our enemy.""","ภูมิภาครอบๆ มอนตาร์จิสมีภูมิประเทศที่ขรุขระและเป็นเนินเขา ล้อมรอบด้วยป่าสนขนาดใหญ่ สามารถพบภาคอุตสาหกรรมหลายแห่ง โดยมีคอมเพล็กซ์ต่างๆ เชื่อมต่อกันและสนับสนุนซึ่งกันและกัน การเข้าถึงคอมเพล็กซ์เหล่านี้และทรัพยากรที่มีอยู่มากมายทำให้พื้นที่นี้เป็นภูมิภาคที่มีการนำเข้าเชิงกลยุทธ์ที่ดีเยี่ยม ""หากไม่สามารถยึดครองมอนทาร์จิสได้ การทำลายล้างจะเป็นวิธีที่ดีที่สุดในการปฏิเสธศัตรูของเรา""",UI: ระบบ/ปุ่มทั่วไป/ตั้งค่า,60962
60963,Route N13 is an important supply and troop transport road that runs through the middle of Sainte-Mère-Église. Between the hedgerows and stone walls of the small urban setting lies a devastating strategic advantage: a direct route into northern France from the Utah and Omaha beachheads. The Commanders that control route N13 are the Commanders that control the war.,เส้นทาง N13 เป็นถนนขนส่งเสบียงและทหารที่สำคัญที่ตัดผ่านตอนกลางของ Sainte-Mère-Église ระหว่างแนวพุ่มไม้และกำแพงหินของเมืองเล็กๆ มีข้อได้เปรียบเชิงกลยุทธ์ที่ทำลายล้าง นั่นคือเส้นทางตรงสู่ฝรั่งเศสตอนเหนือจากหัวหาดยูทาห์และโอมาฮา ผู้บัญชาการที่ควบคุมเส้นทาง N13 คือผู้บัญชาการที่ควบคุมสงคราม,UI: ระบบ/ปุ่มทั่วไป/ตั้งค่า,60963
60964,Angoville (2),แองโกวิลล์,UI: ระบบ/ปุ่มทั่วไป/ตั้งค่า,60964
60965,Lyon (2),ลียง,UI: ระบบ/ปุ่มทั่วไป/ตั้งค่า,60965
60966,"Near the mouth of the Seine River lies Port-Jérôme, a small developing port with a large quantity of industrial resources.  Both Allied and Axis officers have identified Port-Jérôme as a significant strategic location for controlling the flow of traffic along the Seine River, as well as controlling movement along the mainland. The importance of the docks and bridges is destined to convert this once bustling dockside community into nothing but debris.",ใกล้ปากแม่น้ำแซนเป็นที่ตั้งของพอร์ต-เจอโรม ซึ่งเป็นท่าเรือเล็กๆ ที่กำลังพัฒนาซึ่งมีทรัพยากรทางอุตสาหกรรมจำนวนมาก เจ้าหน้าที่ทั้งฝ่ายพันธมิตรและฝ่ายอักษะระบุว่าเมืองพอร์ต-เจอโรมเป็นที่ตั้งทางยุทธศาสตร์ที่สำคัญในการควบคุมการสัญจรไปตามแม่น้ำแซน ตลอดจนควบคุมการเคลื่อนตัวไปตามแผ่นดินใหญ่ ความสำคัญของท่าเรือและสะพานถูกกำหนดไว้เพื่อเปลี่ยนชุมชนริมท่าเรือที่คึกคักแห่งนี้ให้กลายเป็นเพียงเศษซาก,UI: ระบบ/ปุ่มทั่วไป/ตั้งค่า,60966
60967,Semois (2),เซมอยส์,UI: ระบบ/ปุ่มทั่วไป/ตั้งค่า,60967
60968,Sturzdorf (2),ชตูร์ซดอร์ฟ,UI: ระบบ/ปุ่มทั่วไป/ตั้งค่า,60968
60969,McGechaen's War (4),สงครามของแมคเกเชน,UI: ระบบ/ปุ่มทั่วไป/ตั้งค่า,60969
60970,Lorraine (4),ลอร์เรน,UI: ระบบ/ปุ่มทั่วไป/ตั้งค่า,60970
60971,Rails and Metal (4),รางและโลหะ,UI: ระบบ/ปุ่มทั่วไป/ตั้งค่า,60971
60972,Hill 331 (6),ฮิลล์ 331,UI: ระบบ/ปุ่มทั่วไป/ตั้งค่า,60972
60973,Montherme (6),ม็องแตร์เม,UI: ระบบ/ปุ่มทั่วไป/ตั้งค่า,60973
60974,Montargis Region (8),ภูมิภาคมอนตาร์จิส,UI: ระบบ/ปุ่มทั่วไป/ตั้งค่า,60974
60975,Route N13 (8),เส้นทาง N13,UI: ระบบ/ปุ่มทั่วไป/ตั้งค่า,60975
60976,St.Hilaire (4),เซนต์ฮิแลร์,UI: ระบบ/ปุ่มทั่วไป/ตั้งค่า,60976
60977,Seine River Docks (6),ท่าเรือแม่น้ำแซน,UI: ระบบ/ปุ่มทั่วไป/ตั้งค่า,60977
60978,14,14,UI: ระบบ/ปุ่มทั่วไป/ตั้งค่า,60978
60979,15,15,UI: ระบบ/ปุ่มทั่วไป/ตั้งค่า,60979
60980,"On August 19th, 1944 the Falaise Pocket was closed.",เมื่อวันที่ 19 สิงหาคม พ.ศ. 2487 วงล้อมฟาเลส์ถูกปิด,UI: ระบบ/ปุ่มทั่วไป/ตั้งค่า,60980
60981,"50,000 Germans surrendered to Allied forces. 10,000 others were killed or wounded.","ชาวเยอรมัน 50,000 คนยอมจำนนต่อกองกำลังพันธมิตร มีผู้เสียชีวิตหรือบาดเจ็บอีก 10,000 คน",UI: ระบบ/ปุ่มทั่วไป/ตั้งค่า,60981
60982,This marked the end of German resistance in Normandy.,นี่เป็นจุดสิ้นสุดของการต่อต้านของเยอรมันในนอร์ม็องดี,UI: ระบบ/ปุ่มทั่วไป/ตั้งค่า,60982
60983,Able company had suffered an 80% casualty rate by the end of the war.,กองร้อยเอเบิล มีอัตราการเสียชีวิตถึง 80% เมื่อสิ้นสุดสงคราม,UI: ระบบ/ปุ่มทั่วไป/ตั้งค่า,60983
60984,Lieutenant Joe Conti survived.,ร้อยโทโจ คอนติรอดชีวิตมาได้,UI: ระบบ/ปุ่มทั่วไป/ตั้งค่า,60984
60986,"Fighting continued through Lyon into the night and early the next morning. Both sides had come to a stalemate; neither willing to budge until reinforcements arrived later that morning.  Now, exactly twenty-four hours after the initial engagement, fighting has renewed as the sounds of battle fill the streets again.",การสู้รบดำเนินต่อไปทั่วลียงในตอนกลางคืนและเช้าตรู่วันรุ่งขึ้น ทั้งสองฝ่ายถึงทางตัน ไม่เต็มใจที่จะขยับตัวจนกว่ากำลังเสริมจะมาถึงในเช้าวันนั้น บัดนี้ ยี่สิบสี่ชั่วโมงหลังจากการสู้รบครั้งแรก การต่อสู้ก็กลับมาอีกครั้งพร้อมกับเสียงการต่อสู้ดังก้องไปทั่วท้องถนนอีกครั้ง,UI: ระบบ/ปุ่มทั่วไป/ตั้งค่า,60986
60987,"Rugged hills and thick forests separated by small patches of farming and green pasture dot the terrain in the region of Beaux.  As harsh as the landscape is, fighting amongst the Allied and Axis forces is even more unforgiving, as quick confrontations and close-quarters skirmishes are the order of the day.",เนินเขาที่ขรุขระและป่าหนาทึบที่แยกจากกันด้วยพื้นที่เกษตรกรรมเล็กๆ และทุ่งหญ้าเขียวขจีกระจายอยู่ทั่วภูมิประเทศในภูมิภาคโบซ์ แม้ว่าภูมิประเทศจะโหดร้ายก็ตาม การต่อสู้ระหว่างกองกำลังพันธมิตรและฝ่ายอักษะนั้นยิ่งเป็นเรื่องที่ไม่น่าให้อภัย เนื่องจากการเผชิญหน้าอย่างรวดเร็วและการต่อสู้ระยะประชิดถือเป็นเรื่องธรรมดาของวันนี้,UI: ระบบ/ปุ่มทั่วไป/ตั้งค่า,60987
60988,Lyon (4),ลียง,UI: ระบบ/ปุ่มทั่วไป/ตั้งค่า,60988
60989,Beaux Lowlands (2),โบซ์ โลว์แลนด์,UI: ระบบ/ปุ่มทั่วไป/ตั้งค่า,60989
60990,Langres (2),ลองเกรส,UI: ระบบ/ปุ่มทั่วไป/ตั้งค่า,60990
60991,Wrecked Train (2),รถไฟอับปาง,UI: ระบบ/ปุ่มทั่วไป/ตั้งค่า,60991
60992,St. Mere Dumont (2),แซงต์ เมียร์ ดูมองต์,UI: ระบบ/ปุ่มทั่วไป/ตั้งค่า,60992
60993,"Secure this small rural town. St. Mere Dumont is a community map created by Richard Keys (Kalipsojak) for a Relic map contest. All community maps are provided “as-is”, as Relic cannot provide technical support for them.","ปกป้องเมืองชนบทเล็กๆ แห่งนี้ St. Mere Dumont เป็นแผนที่ชุมชนที่สร้างโดย Richard Keys สำหรับการประกวดแผนที่ Relic แผนที่ชุมชนทั้งหมดมีให้ ""ตามที่เป็น"" เนื่องจาก Relic ไม่สามารถให้การสนับสนุนทางเทคนิคได้",UI: ระบบ/ปุ่มทั่วไป/ตั้งค่า,60993
60994,"In the night Allied forces destroy a vital railway switching yard. By dawn, both sides seek to control this strategic position. Wrecked Train is a community map created by Harald Cichos (Hatge) for a Relic map contest. All community maps are provided “as-is”, as Relic cannot provide technical support for them.","ในตอนกลางคืน กองกำลังพันธมิตรทำลายลานเปลี่ยนเส้นทางรถไฟที่สำคัญ เมื่อรุ่งเช้า ทั้งสองฝ่ายพยายามที่จะควบคุมตำแหน่งทางยุทธศาสตร์นี้ Wrecked Train เป็นแผนที่ชุมชนที่สร้างโดย Harald Cichos สำหรับการประกวดแผนที่ Relic แผนที่ชุมชนทั้งหมดมีให้ ""ตามที่เป็น"" เนื่องจาก Relic ไม่สามารถให้การสนับสนุนทางเทคนิคได้",UI: ระบบ/ปุ่มทั่วไป/ตั้งค่า,60994
60995,"Fight for Langres. Langres is a community map created by Michael Scharhag (m1cHi) for a Relic map contest. All community maps are provided “as-is”, as Relic cannot provide technical support for them.","สู้เพื่อแลงเกรส Langres เป็นแผนที่ชุมชนที่สร้างโดย Michael Scharhag สำหรับการประกวดแผนที่ Relic แผนที่ชุมชนทั้งหมดมีให้ ""ตามที่เป็น"" เนื่องจาก Relic ไม่สามารถให้การสนับสนุนทางเทคนิคได้",UI: ระบบ/ปุ่มทั่วไป/ตั้งค่า,60995
60996,Bernieres-Sur-Mer (2),แบร์นิแยร์-ซูร์-แมร์,UI: ระบบ/ปุ่มทั่วไป/ตั้งค่า,60996
60997,"Early on the morning of June 6th, 1944 the small, quiet coastal town of Bernieres-Sur-Mer woke to find itself deeply mired in one of the greatest invasions ever seen. Villagers were surprised to hear the invading soldiers speaking French - French Canadians of Le Régiment de la Chaudière.",เช้าตรู่ของวันที่ 6 มิถุนายน พ.ศ. 2487 เมืองชายฝั่งเล็กๆ อันเงียบสงบอย่าง Bernieres-Sur-Mer ตื่นขึ้นและพบว่าตัวเองติดหล่มลึกในการรุกรานครั้งใหญ่ที่สุดครั้งหนึ่งที่เคยมีมา ชาวบ้านต่างประหลาดใจเมื่อได้ยินทหารผู้บุกรุกพูดภาษาฝรั่งเศส - ชาวแคนาดาฝรั่งเศสแห่ง Le Régiment de la Chaudière,UI: ระบบ/ปุ่มทั่วไป/ตั้งค่า,60997
61001,Reinforcements have arrived,กำลังเสริมมาถึงแล้ว,UI: ระบบ/ปุ่มทั่วไป/ตั้งค่า,61001|1329185|1369160
61002,Snipers have arrived!,สไนเปอร์มาแล้ว!,UI: ระบบ/ปุ่มทั่วไป/ตั้งค่า,61002
61003,Final Reinforcements have arrived,กำลังเสริมสุดท้ายมาถึงแล้ว,UI: ระบบ/ปุ่มทั่วไป/ตั้งค่า,61003
61100,Small,เล็ก,UI: ระบบ/ปุ่มทั่วไป/ตั้งค่า,61100|555311
61102,Large,ใหญ่,UI: ระบบ/ปุ่มทั่วไป/ตั้งค่า,61102|555313
61103,Extra Large,ใหญ่พิเศษ,UI: ระบบ/ปุ่มทั่วไป/ตั้งค่า,61103|555314
61121,%1DATE% %2TIME%,%1DATE% %2TIME%,UI: ระบบ/ปุ่มทั่วไป/ตั้งค่า,61121
61150,Warning: Using the selected Texture Detail on this system may cause performance and visual problems.,คำเตือน: การใช้รายละเอียดพื้นผิวที่เลือกบนระบบนี้อาจทำให้เกิดปัญหาด้านประสิทธิภาพและภาพ,UI: ระบบ/ปุ่มทั่วไป/ตั้งค่า,61150
61152,Modify,แก้ไข,UI: ระบบ/ปุ่มทั่วไป/ตั้งค่า,61152
61153,Warning: Using High Model Quality on this system may cause performance and visual problems.,คำเตือน: การใช้โมเดลคุณภาพสูงบนระบบนี้อาจทำให้เกิดปัญหาด้านประสิทธิภาพและภาพ,UI: ระบบ/ปุ่มทั่วไป/ตั้งค่า,61153
61154,Warning: Using Ultra Texture Detail on this system will cause stability issues. Please change to a lower texture detail setting.,คำเตือน: การใช้ Ultra Texture Detail ในระบบนี้จะทำให้เกิดปัญหาด้านความเสถียร โปรดเปลี่ยนเป็นการตั้งค่ารายละเอียดพื้นผิวที่ต่ำลง,UI: ระบบ/ปุ่มทั่วไป/ตั้งค่า,61154
61155,Warning: Your computer does not have enough memory to optimally run these settings.  You will have long load times and performance stutters.,คำเตือน: คอมพิวเตอร์ของคุณมีหน่วยความจำไม่เพียงพอที่จะเรียกใช้การตั้งค่าเหล่านี้อย่างเหมาะสม คุณจะมีเวลาโหลดนานและประสิทธิภาพการทำงานสะดุด,UI: ระบบ/ปุ่มทั่วไป/ตั้งค่า,61155
61500,Best (2),ดีที่สุด,UI: ระบบ/ปุ่มทั่วไป/ตั้งค่า,61500
61501,"I'd like to say that Best is jammed between a rock and a hard place, but it's not. It's jammed between a wet place and a wetter place. Canals and rivers mean bridges, and bridges mean control.",ฉันอยากจะบอกว่าเบสต์ติดอยู่ระหว่างก้อนหินกับที่แข็ง แต่ก็ไม่ใช่ มันติดอยู่ระหว่างที่เปียกและที่เปียกกว่า คลองและแม่น้ำหมายถึงสะพาน และสะพานหมายถึงการควบคุม,UI: ระบบ/ปุ่มทั่วไป/ตั้งค่า,61501
61502,Hinderdam (2),ฮินเดอร์ดัม,UI: ระบบ/ปุ่มทั่วไป/ตั้งค่า,61502
61503,"Small fortified towns, like Hinderdam, guarded key high points in a swath of low land that, in the event of invasion, could be flooded to create a near-impenetrable barrier. The 17th century designers of the 'Water Line' would have been proud to see their legacy still causing problems for 20th century invaders.",เมืองที่มีป้อมปราการเล็กๆ เช่น ฮินเดอร์ดัม คอยปกป้องจุดสูงสำคัญๆ ในพื้นที่ราบต่ำ ซึ่งในกรณีของการบุกรุก อาจถูกน้ำท่วมเพื่อสร้างกำแพงกั้นที่แทบจะทะลุผ่านไม่ได้ ผู้ออกแบบ 'Water Line' ในศตวรรษที่ 17 คงภูมิใจที่ได้เห็นมรดกของพวกเขายังคงสร้างปัญหาให้กับผู้รุกรานในศตวรรษที่ 20,UI: ระบบ/ปุ่มทั่วไป/ตั้งค่า,61503
61504,Verrieres Ridge (2),แวร์ริเรส ริดจ์,UI: ระบบ/ปุ่มทั่วไป/ตั้งค่า,61504
61505,"A few short kilometers south of the blasted city of Caen lay the small rise of Verrieres Ridge. Crowned with fields and hedgerows, and surrounded by sleepy farms, the idyllic nature of Verrieres Ridge belied the carnage it would see, as the summer of 1944 proved to be deathly hot. ""Well may the wheat and the sugar-beets grow green and lush upon its gentle slope, for...the best blood of Canada was freely poured out upon them."" Col. C.P. Stacey, Official Canadian History of WWII.",ไม่กี่กิโลเมตรทางใต้ของเมืองก็องที่ถูกระเบิดทำให้เกิดแนวสันเขา Verrieres เล็กน้อย ธรรมชาติอันเงียบสงบของ Verrieres Ridge ล้อมรอบด้วยทุ่งนาและพุ่มไม้ และรายล้อมไปด้วยฟาร์มที่เงียบสงบ ปฏิเสธการสังหารหมู่ที่จะได้เห็น ในช่วงฤดูร้อนปี 1944 พิสูจน์แล้วว่าร้อนถึงตาย “ขอให้ข้าวสาลีและหัวบีทหวานเติบโตบนความลาดชันอันอ่อนโยนของมัน เพราะ...เลือดที่ดีที่สุดของแคนาดาหลั่งไหลมาสู่พวกมันอย่างอิสระ” พ.อ.ซี.พี. Stacey ประวัติศาสตร์สงครามโลกครั้งที่สองอย่างเป็นทางการของแคนาดา,UI: ระบบ/ปุ่มทั่วไป/ตั้งค่า,61505|61523
61506,Bedum (4),เบดุม,UI: ระบบ/ปุ่มทั่วไป/ตั้งค่า,61506
61507,"Bedum lies a short distance from strategic crossroads city of Groningen. Our forces will fight a tactical withdrawal against the Canadian First Army at Bedum. The rest of the Kampfgruppe will head north and east, where they will try to reach the Ems River estuary and secure a crossing into Germany.",Bedum ตั้งอยู่ไม่ไกลจากเมือง Groningen ซึ่งเป็นทางแยกยุทธศาสตร์ กองกำลังของเราจะต่อสู้กับการถอนกำลังทางยุทธวิธีต่อกองทัพที่ 1 ของแคนาดาที่เบดัม ส่วนที่เหลือของ คัมฟ์กรุปเป้ จะมุ่งหน้าไปทางเหนือและตะวันออก ซึ่งพวกเขาจะพยายามไปถึงปากแม่น้ำ Ems และข้ามเข้าสู่เยอรมนี,UI: ระบบ/ปุ่มทั่วไป/ตั้งค่า,61507
61508,Gilroy's Harbor (4),ท่าเรือกิลรอย,UI: ระบบ/ปุ่มทั่วไป/ตั้งค่า,61508
61509,"The residents of Oye swore they would rename their small harbor town in honor of the first Allied soldier to liberate them. Lucky for them, Private Gilroy was one step ahead of Corporal Butts. These harbors dot the coasts and river estuaries of France, Belgium and the Netherlands and each, no matter the size, could be used to transship material vital to the Allied war effort.",ชาวเมือง Oye สาบานว่าพวกเขาจะเปลี่ยนชื่อเมืองท่าเล็กๆ ของตนเพื่อเป็นเกียรติแก่ทหารฝ่ายสัมพันธมิตรคนแรกที่ปลดปล่อยพวกเขา โชคดีสำหรับพวกเขา ไพรเวทกิลรอยนำหน้าสิบตรีบัตส์ไปหนึ่งก้าว ท่าเรือเหล่านี้กระจายอยู่ทั่วชายฝั่งและปากแม่น้ำของฝรั่งเศส เบลเยียม และเนเธอร์แลนด์ และไม่ว่าจะมีขนาดเท่าใดก็ตาม ก็สามารถใช้เพื่อขนย้ายวัสดุที่สำคัญต่อความพยายามทำสงครามของฝ่ายสัมพันธมิตรได้,UI: ระบบ/ปุ่มทั่วไป/ตั้งค่า,61509
61510,Etavaux (4),เอตาโวซ์,UI: ระบบ/ปุ่มทั่วไป/ตั้งค่า,61510
61511,"For centuries, the quarry at Etavaux had been providing stone to Norman farmers for their houses, barns, and churches. Now, thanks to the war, those buildings are mostly in ruins, and the quarry now provides safety to the local inhabitants, as two million men, locked in deadly battle, rage back and forth across the Norman countryside.",เป็นเวลาหลายศตวรรษแล้วที่เหมืองหินที่ Etavaux ได้จัดหาหินให้กับเกษตรกรชาวนอร์มันเพื่อใช้เป็นบ้าน โรงนา และโบสถ์ของพวกเขา ต้องขอบคุณสงครามที่ทำให้อาคารเหล่านี้ส่วนใหญ่กลายเป็นซากปรักหักพัง และตอนนี้เหมืองหินได้มอบความปลอดภัยให้กับผู้อยู่อาศัยในท้องถิ่น ในขณะที่คนสองล้านคนถูกขังอยู่ในการต่อสู้ที่อันตรายถึงชีวิต เดือดดาลไปมาทั่วชนบทของนอร์มัน,UI: ระบบ/ปุ่มทั่วไป/ตั้งค่า,61511
61512,Linden (4),ลินเดน,UI: ระบบ/ปุ่มทั่วไป/ตั้งค่า,61512
61513,"Holland is turning into a wet version of hell. We're constantly pinned down on these elevated roads and dykes and hammered by 88s, and there are very few places to flank the enemy. Just before Smith got shot in the ass, he took to calling us Omelettes; we're all bad eggs, there used to be a dozen of us, and we've been really beaten up. I don't know if I agree. I think we've been whipped so hard lately we're more like mayonnaise.",ฮอลแลนด์กำลังกลายเป็นนรกเวอร์ชั่นเปียก เราถูกตรึงอยู่ตลอดเวลาบนถนนยกระดับและการยิงปูพรมเหล่านี้ และถูกทุบด้วยปืนใหญ่ 88 มม. และมีที่น้อยมากที่จะขนาบข้างศัตรู ก่อนที่สมิธจะถูกยิงเข้าที่ตูด เขาก็เรียกเราว่าออมเล็ต เราทุกคนต่างก็เป็นไข่เน่า เคยมีพวกเราหลายสิบคน และพวกเราก็ถูกทุบตีจริงๆ ไม่รู้ว่าตกลงหรือเปล่า ฉันคิดว่าเราถูกตีอย่างหนักในช่วงนี้ เราเป็นเหมือนมายองเนสมากกว่า,UI: ระบบ/ปุ่มทั่วไป/ตั้งค่า,61513
61514,Wolfheze (4),วูล์ฟเฮเซอ,UI: ระบบ/ปุ่มทั่วไป/ตั้งค่า,61514
61515,"I expected to spend a few months retraining and recuperating in Holland after two years on the Eastern Front...but that was not to be. I thought the Reds were scary, but we had never faced the Red Devils - legions of British Commandos and paratroopers dropped from an air armada so thick that it eclipsed the sun.","ฉันคิดว่าจะได้ใช้เวลาสองสามเดือนในการฝึกรบใหม่และพักฟื้นในฮอลแลนด์หลังจากกรำศึกสองปีในแนวรบตะวันออก...แต่มันไม่เป็นเช่นนั้น ฉันเคยคิดว่าพวกกองทัพแดงน่ากลัวแล้ว แต่เราไม่เคยเจอกับพวก ""เรดเดวิลส์"" มาก่อน — กองพันคอมมานโดและทหารพลร่มอังกฤษที่โดดร่มลงมาจากกองเรืออากาศที่มืดฟ้ามัวดินจนบดบังดวงอาทิตย์",UI: ระบบ/ปุ่มทั่วไป/ตั้งค่า,61515
61516,The Hochwald Gap (8),ช่องแคบโฮชวัลด์,UI: ระบบ/ปุ่มทั่วไป/ตั้งค่า,61516
61517,"Early February 1945 saw the multinational forces of the First Canadian Army - British, Belgian, Dutch, Polish, and US units - fighting on German soil for the first time and resistance was fanatical. A series of natural and man-made defensive lines had to be crossed: first the Siegfried Line and the ancient cities of Kleve and Goch; then vast areas purposely flooded by the Germans that would earn the Allied attackers the nickname of 'Water Rats'; then the dense forest, high ground, and deadly fortifications of the Hochwald. After all of that, the most daunting obstacle of all, The Rhine.",ต้นเดือนกุมภาพันธ์ พ.ศ. 2488 กองกำลังข้ามชาติของกองทัพแคนาดาที่หนึ่ง - หน่วยอังกฤษ เบลเยียม ดัตช์ โปแลนด์ และสหรัฐอเมริกา - ต่อสู้บนดินเยอรมันเป็นครั้งแรก และการต่อต้านเป็นเรื่องที่คลั่งไคล้ จะต้องข้ามแนวป้องกันตามธรรมชาติและที่มนุษย์สร้างขึ้น: อันดับแรกคือแนวซิกฟรีดและเมืองโบราณของ Kleve และ Goch; จากนั้นพื้นที่กว้างใหญ่ที่เยอรมันจงใจท่วมซึ่งจะทำให้ฝ่ายพันธมิตรได้รับฉายาว่า 'หนูน้ำ'; จากนั้นก็เป็นป่าทึบ พื้นที่สูง และป้อมปราการอันอันตรายของ Hochwald หลังจากนั้นสิ่งกีดขวางที่น่ากลัวที่สุดก็คือแม่น้ำไรน์,UI: ระบบ/ปุ่มทั่วไป/ตั้งค่า,61517
61518,Drekplaats (6),เดรกพลาตส์,UI: ระบบ/ปุ่มทั่วไป/ตั้งค่า,61518
61519,"There's mud everywhere. Mud in my eye, mud in my boots, mud in my hair, mud, mud, mud. My food tastes like mud, and my water tastes like mud. A tank was crossing a field yesterday and completely disappeared. Somebody will dig it up in a thousand years and wonder what we were all thinking.",มีโคลนทุกที่ โคลนเข้าตา โคลนในรองเท้าบู๊ต โคลนในผม โคลน โคลน โคลน อาหารของฉันรสชาติเหมือนโคลน และน้ำของฉันก็รสชาติเหมือนโคลน เมื่อวานมีรถถังข้ามสนามและหายไปหม็อด จะมีคนขุดมันขึ้นมาในอีกพันปี และสงสัยว่าเราทุกคนกำลังคิดอะไรอยู่,UI: ระบบ/ปุ่มทั่วไป/ตั้งค่า,61519
61520,The Scheldt (6),เดอะสเชลต์,UI: ระบบ/ปุ่มทั่วไป/ตั้งค่า,61520
61521,"Towns like Vlissingen on the Scheldt River were vital, but their harbors and waterways left little dry land, and created difficult ground for both defenders and attackers. Combat was close-ranged and bloody, often fought from riverbank to riverbank across cold and dark water.",เมืองอย่างฟลิสซิงเงิน บนแม่น้ำเชลด์ท นั้นสำคัญยิ่ง แต่ท่าเรือและทางน้ำทำให้เหลือพื้นที่แห้งเพียงเล็กน้อย และสร้างภูมิประเทศที่ยากลำบากสำหรับทั้งฝ่ายรับและฝ่ายรุก การรบเป็นการปะทะระยะประชิดและนองเลือด มักยิงต่อสู้กันข้ามฝั่งแม่น้ำท่ามกลางผืนน้ำที่เหน็บหนาวและมืดมิด,UI: ระบบ/ปุ่มทั่วไป/ตั้งค่า,61521
61522,Verrieres Ridge - No Bunkers (2),แวร์เรียเรส ริดจ์ - ไม่มีบังเกอร์,UI: ระบบ/ปุ่มทั่วไป/ตั้งค่า,61522
62002,Midday,เที่ยงวัน,UI: ระบบ/ปุ่มทั่วไป/ตั้งค่า,62002
62003,Stormy,พายุ,UI: ระบบ/ปุ่มทั่วไป/ตั้งค่า,62003
62004,Stormy Dawn,รุ่งอรุณแห่งพายุ,UI: ระบบ/ปุ่มทั่วไป/ตั้งค่า,62004
62005,Dusk,ค่ำ,UI: ระบบ/ปุ่มทั่วไป/ตั้งค่า,62005
62006,Night,กลางคืน,UI: ระบบ/ปุ่มทั่วไป/ตั้งค่า,62006
62007,Rainy Day,วันที่ฝนตก,UI: ระบบ/ปุ่มทั่วไป/ตั้งค่า,62007
62008,Afternoon Rain,ฝนตกช่วงบ่าย,UI: ระบบ/ปุ่มทั่วไป/ตั้งค่า,62008
62009,Dawn,รุ่งอรุณ,UI: ระบบ/ปุ่มทั่วไป/ตั้งค่า,62009
62010,Overcast,มืดครึ้ม,UI: ระบบ/ปุ่มทั่วไป/ตั้งค่า,62010
62011,Afternoon,ตอนบ่าย,UI: ระบบ/ปุ่มทั่วไป/ตั้งค่า,62011
62013,Hazy,หมอก,UI: ระบบ/ปุ่มทั่วไป/ตั้งค่า,62013
62014,Dusk Rain,ฝนพลบค่ำ,UI: ระบบ/ปุ่มทั่วไป/ตั้งค่า,62014
62015,Hazy Dusk,ฟ้ามืดครึ้ม,UI: ระบบ/ปุ่มทั่วไป/ตั้งค่า,62015
62016,Daytime,กลางวัน,UI: ระบบ/ปุ่มทั่วไป/ตั้งค่า,62016
62017,Raining,ฝนตก,UI: ระบบ/ปุ่มทั่วไป/ตั้งค่า,62017
62018,Stormy Night,คืนที่มีพายุ,UI: ระบบ/ปุ่มทั่วไป/ตั้งค่า,62018
62019,Overcast Daytime,ฟ้าครึ้ม ตอนกลางวัน,UI: ระบบ/ปุ่มทั่วไป/ตั้งค่า,62019
62100,Compound conflict (4),ความขัดแย้งแบบผสม,UI: ระบบ/ปุ่มทั่วไป/ตั้งค่า,62100
62101,Nestled deep within the forest stands an abandoned factory compound. The hangars might be shelled out husks but the high powered generators still function perfectly. both the Axis and the Allies are desperate to recover the generators and this has led them into a bitter struggle for the compound.,โรงงานร้างตั้งอยู่ลึกเข้าไปในป่า โรงเก็บเครื่องบินอาจเหลือเพียงซากปรักหักพังจากการโดนปืนใหญ่ยิงถล่ม แต่เครื่องกำเนิดไฟฟ้ากำลังสูงยังคงทำงานได้อย่างสมบูรณ์ ทั้งฝ่ายอักษะและฝ่ายสัมพันธมิตรต่างต้องการชิงเครื่องกำเนิดไฟฟ้ากลับคืนมา และสิ่งนี้ทำให้เกิดการต่อสู้แย่งชิงพื้นที่โรงงานอย่างดุเดือด,UI: ระบบ/ปุ่มทั่วไป/ตั้งค่า,62101
62102,Cemetery (2),สุสาน,UI: ระบบ/ปุ่มทั่วไป/ตั้งค่า,62102
62103,They say that this village is haunted and that's why it was abandoned. Personally i'd worry less about ghosts and more about bullets. Just make sure that you watch your steps when you're in the cemetery...,พวกเขาบอกว่าหมู่บ้านนี้มีผีสิงและนั่นคือสาเหตุที่ทำให้ถูกทิ้งร้าง โดยส่วนตัวแล้วฉันจะกังวลเกี่ยวกับผีน้อยลงและเกี่ยวกับกระสุนมากขึ้น เพียงให้แน่ใจว่าคุณระวังก้าวของคุณเมื่อคุณอยู่ในสุสาน...,UI: ระบบ/ปุ่มทั่วไป/ตั้งค่า,62103
62104,Irreville (4),เออร์เรวิลล์,UI: ระบบ/ปุ่มทั่วไป/ตั้งค่า,62104
62105,"In times of old, this crossroad served not only as a transportation hub, but also as a place to exchange goods and pleasantries when people crossed paths. With the onset of war the things now most exchanged are bullets and artillery shells. Two opposing forces are now about to have a most heated exchange.",ในสมัยโบราณ ทางแยกนี้ไม่เพียงแต่เป็นศูนย์กลางการคมนาคมเท่านั้น แต่ยังเป็นสถานที่แลกเปลี่ยนสินค้าและความรื่นรมย์เมื่อผู้คนสัญจรไปมา เมื่อสงครามเริ่มขึ้น สิ่งของที่มีการแลกเปลี่ยนกันมากที่สุดในปัจจุบันคือกระสุนและกระสุนปืนใหญ่ กองกำลังฝ่ายตรงข้ามทั้งสองกำลังจะมีการแลกเปลี่ยนกันอย่างดุเดือดที่สุด,UI: ระบบ/ปุ่มทั่วไป/ตั้งค่า,62105
62106,Refinery (6),โรงกลั่นน้ำมัน,UI: ระบบ/ปุ่มทั่วไป/ตั้งค่า,62106
62107,"The Germans are making a considerable effort to defend their oil production facilities seeing as how desperately short on fuel they are. Should these facilities be knocked out, the German war machine would grind to a screeching halt. Knowing this the Allies have thrown some of their best men at one of these facilities.",ชาวเยอรมันกำลังใช้ความพยายามอย่างมากในการปกป้องโรงงานผลิตน้ำมันของตนโดยเห็นว่าเชื้อเพลิงขาดแคลนเพียงใด หากสิ่งอำนวยความสะดวกเหล่านี้ถูกกระแทก เครื่องจักรสงครามของเยอรมันก็จะหยุดชะงักลง เมื่อรู้เช่นนี้แล้ว ฝ่ายสัมพันธมิตรจึงโยนคนเก่งที่สุดบางคนไปที่สถานที่เหล่านี้,UI: ระบบ/ปุ่มทั่วไป/ตั้งค่า,62107
62108,City Battle (4),ศึกเมือง,UI: ระบบ/ปุ่มทั่วไป/ตั้งค่า,62108
62109,"Snipers hiding in the houses, narrow streets, Anti-tank guns waiting in ambush, dead-ends and buildings crumbling unto your head. Fighting in a city is like facing two enemies at once. The one shooting at you and the city itself.",พลซุ่มยิงซ่อนตัวอยู่ในบ้าน ถนนแคบๆ ปืนต่อต้านรถถังที่ซุ่มโจมตี ทางตัน และอาคารต่างๆ ที่พังทลายลงมาใส่หัวคุณ การต่อสู้ในเมืองก็เหมือนกับการเผชิญหน้ากับศัตรูสองคนพร้อมกัน คนที่ยิงคุณและเมืองนั้นเอง,UI: ระบบ/ปุ่มทั่วไป/ตั้งค่า,62109
62110,Flooded Plains (2),ที่ราบน้ำท่วม,UI: ระบบ/ปุ่มทั่วไป/ตั้งค่า,62110
62111,"What used to be a sightly quaint village has since been decimated by flood waters from a broken dam upriver. The streets, overcome by the rush of water were ruined; houses were crushed, and anything not nailed down was swept away. What's left is a treacherous landscape that presents as many dangers as the enemy lurking within it...",สิ่งที่เคยเป็นหมู่บ้านที่มีเสน่ห์ดึงดูดสายตา ตั้งแต่นั้นมาก็ถูกทำลายลงด้วยน้ำท่วมจากต้นน้ำของเขื่อนที่แตก ถนนที่ถูกน้ำท่วมพังทลายลง บ้านเรือนถูกพังทลาย และสิ่งใดที่ไม่ถูกตอกตะปูก็ถูกพัดพาไป สิ่งที่เหลืออยู่คือภูมิประเทศที่ทรยศซึ่งนำเสนออันตรายมากมายพอ ๆ กับศัตรูที่ซุ่มซ่อนอยู่ภายใน...,UI: ระบบ/ปุ่มทั่วไป/ตั้งค่า,62111
62112,Beach Assault (2),การโจมตีชายหาด,UI: ระบบ/ปุ่มทั่วไป/ตั้งค่า,62112
62113,From the beach up to the trenches this little corner of Normandy has seen a lot of action. The area is tight like the quartermaster’s  purse strings so you'll have a hard time maneuvering  but at least you won't get lost.,จากชายหาดไปจนถึงสนามเพลาะ มุมเล็กๆ ของนอร์ม็องดีแห่งนี้เต็มไปด้วยกิจกรรมมากมาย พื้นที่นี้แน่นหนาเหมือนเชือกคล้องกระเป๋าของนายพลาธิการ ดังนั้นคุณจะลำบากในการเคลื่อนตัว แต่อย่างน้อยคุณก็จะไม่หลงทาง,UI: ระบบ/ปุ่มทั่วไป/ตั้งค่า,62113
62114,Harbour Battle (2),ศึกท่าเรือ,UI: ระบบ/ปุ่มทั่วไป/ตั้งค่า,62114
62115,This harbour was a major shipping hub right up until the war started which is why it was one of the first to be attacked. Many of the buildings were reduced to rubble providing much cover for the pitched city fighting that ensued.,ท่าเรือแห่งนี้เป็นศูนย์กลางการขนส่งที่สำคัญจนกระทั่งสงครามเริ่มต้นขึ้น จึงเป็นหนึ่งในจุดแรกๆ ที่ถูกโจมตี อาคารหลายแห่งพังทลายกลายเป็นซากปรักหักพัง ซึ่งกลายเป็นที่กำบังชั้นดีสำหรับการต่อสู้อันดุเดือดในเมืองที่ตามมา,UI: ระบบ/ปุ่มทั่วไป/ตั้งค่า,62115|62133
62116,Achelous River (4),อเคลัส ริเวอร์,UI: ระบบ/ปุ่มทั่วไป/ตั้งค่า,62116
62117,The key to victory is simple: control the bridge points and the strategically superior islands and you will triumph. Unfortunately your enemies are aware of these facts as well.,กุญแจสู่ชัยชนะนั้นง่ายมาก: ควบคุมจุดสะพานและเกาะที่มีกลยุทธ์เหนือกว่าแล้วคุณจะประสบความสำเร็จ น่าเสียดายที่ศัตรูของคุณทราบข้อเท็จจริงเหล่านี้เช่นกัน,UI: ระบบ/ปุ่มทั่วไป/ตั้งค่า,62117
62118,Tank Battle (6),การต่อสู้รถถัง,UI: ระบบ/ปุ่มทั่วไป/ตั้งค่า,62118
62119,A small airstrip nestled against an industrial complex makes for a prime target and the heavy bombardments they have been subjected to have left nothing but ruins and large avenues ideal for amoured combat.,ลานบินขนาดเล็กที่ตั้งตระหง่านติดกับเขตอุตสาหกรรมทำให้เป็นเป้าหมายหลัก และการทิ้งระเบิดอย่างหนักที่พวกเขาถูกโจมตีไม่เหลืออะไรนอกจากซากปรักหักพังและถนนขนาดใหญ่ที่เหมาะสำหรับการต่อสู้อันน่าหลงใหล,UI: ระบบ/ปุ่มทั่วไป/ตั้งค่า,62119
62120,King of the Hill (8),ราชาแห่งขุนเขา,UI: ระบบ/ปุ่มทั่วไป/ตั้งค่า,62120
62121,The area is typical of any French bocage; littered with hedgerows and small narrow paths. Dominating this ville is a small hill which provides a tactical view of the surrounding countryside. We need this hill.,พื้นที่นี้เป็นเรื่องปกติของ bocage ฝรั่งเศส; เกลื่อนไปด้วยพุ่มไม้และทางแคบเล็กๆ การปกครองวิลล์นี้เป็นเนินเขาเล็กๆ ที่ให้ทัศนียภาพทางยุทธวิธีของชนบทโดยรอบ เราต้องการเนินเขานี้,UI: ระบบ/ปุ่มทั่วไป/ตั้งค่า,62121
62122,Swamp (8),หนองน้ำ,UI: ระบบ/ปุ่มทั่วไป/ตั้งค่า,62122
62123,Swamps are no place to live and they're no place to die either.,หนองน้ำไม่ใช่ที่อยู่อาศัย และพวกมันก็ไม่ใช่ที่ที่จะตายเช่นกัน,UI: ระบบ/ปุ่มทั่วไป/ตั้งค่า,62123
62124,Beach Assault 88 (2),ชายหาดโจมตี 88,UI: ระบบ/ปุ่มทั่วไป/ตั้งค่า,62124
62125,Ripped to pieces from the tips of the beach to the ends of the trenches this little corner of Normandy is layered with fallen soldiers. The area is as tight as the quartermaster’s purse strings so maneuvering will be hell. Word has it too that some 88's have been left unattended...,มุมเล็กๆ ของนอร์มังดีนี้ถูกฉีกออกเป็นชิ้นๆ ตั้งแต่ปลายชายหาดไปจนถึงปลายสนามเพลาะ มีทหารที่ล้มอยู่เป็นชั้นๆ พื้นที่นั้นคับแคบพอ ๆ กับเชือกกระเป๋าเงินของนายพลาธิการ ดังนั้นการหลบหลีกจะเป็นนรก มีคำพูดเช่นกันว่า 88 บางคนถูกปล่อยทิ้งไว้โดยไม่มีใครดูแล...,UI: ระบบ/ปุ่มทั่วไป/ตั้งค่า,62125
62126,Stonewall: Boucamps,สโตนวอลล์: บูแคมป์,UI: ระบบ/ปุ่มทั่วไป/ตั้งค่า,62126
62127,"Objective:\You and your team must defend your HQ against successive waves of enemies of increasing difficulty.\n\nResources: \n- Players will obtain resources by defeating the invading enemy units, with more powerful units providing a higher resource value. \n- From time to time, players will receive a free ability for surviving various waves, these abilities only have one use so use them wisely! \n\nSpawning Buildings: \n- The structure in the middle of the map can be used to build and upgrade units. \n- Outpost buildings along the perimeter can provide limited production support and reinforce squads. \n- Outpost buildings can provide healing for your units, +10 extra population cap, or a continual manpower bonus. \n- If there is more than one player the outpost buildings will be owned by nobody – the players must decide amongst themselves who will capture each building. \n\nOpposition: \n- As the waves wear on, stronger and deadlier enemies will appear. \n- As the difficulty increases the invaders will come in greater numbers and in multiple directions as well. \n- As each new wave type appears, a warning message and indicator will also appear, informing the player of where the next attack will come from.","วัตถุประสงค์:\คุณและทีมของคุณจะต้องปกป้องกองบัญชาการของคุณจากคลื่นศัตรูที่มีความยากเพิ่มขึ้นอย่างต่อเนื่อง

แหล่งข้อมูล: 
- ผู้เล่นจะได้รับทรัพยากรโดยการเอาชนะยูนิตศัตรูที่บุกรุก โดยยูนิตที่ทรงพลังกว่าจะให้มูลค่าทรัพยากรที่สูงกว่า 
- ในบางครั้ง ผู้เล่นจะได้รับความสามารถฟรีสำหรับการเอาชีวิตรอดในระลอกต่างๆ ความสามารถเหล่านี้ใช้ได้เพียงครั้งเดียวเท่านั้น ดังนั้นจงใช้มันอย่างชาญฉลาด! 

อาคารวางไข่: 
- โครงสร้างที่อยู่ตรงกลางแผนที่สามารถใช้สร้างและอัปเกรดยูนิตได้ 
- อาคารด่านหน้าตามแนวเส้นรอบวงสามารถให้การสนับสนุนการผลิตที่จำกัดและเสริมกำลังหน่วยได้ 
- อาคารด่านหน้าสามารถให้การรักษายูนิตของคุณ เพิ่มจำนวนประชากรเพิ่มเติม +10 หรือโบนัสกำลังคนอย่างต่อเนื่อง 
- หากมีผู้เล่นมากกว่าหนึ่งคน อาคารด่านหน้าจะไม่มีใครเป็นเจ้าของ – ผู้เล่นจะต้องตัดสินใจกันเองว่าใครจะยึดแต่ละอาคาร 

ฝ่ายค้าน: 
- เมื่อคลื่นซัดสาด ศัตรูที่แข็งแกร่งและอันตรายกว่าก็จะปรากฏขึ้น 
- เมื่อความยากเพิ่มขึ้น ผู้บุกรุกก็จะเข้ามาจำนวนมากขึ้นและในหลายทิศทางเช่นกัน 
- เมื่อแต่ละประเภทคลื่นใหม่ปรากฏขึ้น ข้อความเตือนและตัวบ่งชี้จะปรากฏขึ้นเพื่อแจ้งให้ผู้เล่นทราบว่าการโจมตีครั้งต่อไปจะมาจากไหน",UI: ระบบ/ปุ่มทั่วไป/ตั้งค่า,62127
62128,Special Mode: Domination,โหมดพิเศษ: การปกครอง,UI: ระบบ/ปุ่มทั่วไป/ตั้งค่า,62128
62129,Objective:\n- Capture and hold islands until the enemy Victory Point ticker reaches zero.\n\n Units: \n- Squads are built from the “Forward Barracks” in the central area of the island.\n- Any island that is fully captured by a team will enable the “Forward Barracks” for that team.\n\n Territory:\n- Capture all of the territory in the island to own that island.\n- If an enemy player destroys the “Forward Barracks” on an island that island will become neutrally owned.\n\n Resources:\n- Players slowly accrue resources over time but also get a big boost every few minutes depending on how many islands are owned by the team.\n- When the timer reaches zero a box of resources will paradrop down on a random island.\n\n Commander Abilities:\n- Capturing more islands will unlock more Commander Abilities for use.\n- Losing islands required for a Commander Ability will result in a loss of the ability as well.,"วัตถุประสงค์:
- ยึดเกาะและยึดไว้จนกว่าสัญลักษณ์ Victory Point ของศัตรูจะถึงศูนย์ 

 หน่วย: 
- หน่วยต่างๆ ถูกสร้างขึ้นจาก ""ค่ายทหารส่วนหน้า"" ในพื้นที่ตอนกลางของเกาะ 
- เกาะใดๆ ที่ทีมยึดได้ทั้งหมดจะเปิดใช้งาน ""ค่ายทหารส่วนหน้า"" สำหรับทีมนั้น

 อาณาเขต:
- ยึดครองดินแดนทั้งหมดในเกาะเพื่อเป็นเจ้าของเกาะนั้น 
- หากผู้เล่นศัตรูทำลาย “ค่ายทหารข้างหน้า” บนเกาะนั้น เกาะนั้นจะกลายเป็นเจ้าของโดยเป็นกลาง 

 ทรัพยากร:
- ผู้เล่นจะสะสมทรัพยากรอย่างช้าๆ เมื่อเวลาผ่านไป แต่ยังได้รับการส่งเสริมครั้งใหญ่ทุกๆ สองสามนาที ขึ้นอยู่กับจำนวนเกาะที่เป็นเจ้าของโดย ทีม
- เมื่อเวลาจับเวลาถึงศูนย์ กล่องทรัพยากรจะเลื่อนลงมาบนเกาะสุ่ม

 ความสามารถของผู้บัญชาการ:
- การยึดเกาะเพิ่มเติมจะปลดล็อกความสามารถของผู้บัญชาการมากขึ้นเพื่อใช้งาน 
- การสูญเสียเกาะที่จำเป็นสำหรับความสามารถของผู้บัญชาการจะส่งผลให้สูญเสียความสามารถเช่นกัน",UI: ระบบ/ปุ่มทั่วไป/ตั้งค่า,62129
62130,Assault: Sourdeval,โจมตี: Sourdeval,UI: ระบบ/ปุ่มทั่วไป/ตั้งค่า,62130
62131,"Objective:\n- Push against your opponents defenses and help your Soldiers win victories to reach the enemy HQ.\n- Destroy the enemy HQ complex.\n\nUnits:\n- Play as a Hero and choose from a Commando, Heavy Weapons Specialist, Medic, Recon, Engineer/Pioneer, Officer, and Sniper.\n- Each unit contains its own unique collection of active and passive abilities.\n\nLevel Progression:\n- Players may level up their Heroes by defeating enemy soldiers and vehicles.\n- As Heroes gain levels the player will be granted resource to improve their Hero.\n- Players may change their Hero choice upon death, retaining all levels and upgrades earned.","วัตถุประสงค์:
- บุกโจมตีการป้องกันของฝ่ายตรงข้าม และช่วยให้ทหารของคุณได้รับชัยชนะเพื่อไปถึงกองบัญชาการของศัตรู 
- ทำลายศูนย์บัญชาการของศัตรู 

หน่วย:
- เล่นเป็นฮีโร่และเลือกจากหน่วยคอมมานโด ผู้เชี่ยวชาญด้านอาวุธหนัก แพทย์ หน่วยลาดตระเวน ทหารช่างสนาม/ผู้บุกเบิก เจ้าหน้าที่ และนักแม่นปืน
- แต่ละหน่วยมีคอลเลกชันที่เป็นเอกลักษณ์ของตัวเอง ของความสามารถแบบแอคทีฟและพาสซีฟ

ความก้าวหน้าระดับ:
- ผู้เล่นอาจเพิ่มเลเวลฮีโร่ของตนได้โดยการเอาชนะทหารและยานพาหนะของศัตรู
- เมื่อฮีโร่ได้รับเลเวล ผู้เล่นจะได้รับทรัพยากรเพื่อพัฒนาฮีโร่ของตน 
- ผู้เล่นสามารถเปลี่ยนตัวเลือกฮีโร่ของตนได้เมื่อตาย โดยคงระดับทั้งหมดไว้และอัปเกรดที่ได้รับ",UI: ระบบ/ปุ่มทั่วไป/ตั้งค่า,62131
62132,Harbour Battle (4),ศึกท่าเรือ,UI: ระบบ/ปุ่มทั่วไป/ตั้งค่า,62132
62134,Ecliptic Fields (4),ทุ่งสุริยุปราคา,UI: ระบบ/ปุ่มทั่วไป/ตั้งค่า,62134
62135,"Years of war have taken their toll on this small French farm community. The soil is blackened with ash and the farm houses are all but destroyed. The only thing of value here is the wood of the forest. Both the Axis and Alliance have little to gain from this place, but in their defeat, much to lose.",สงครามหลายปีส่งผลกระทบต่อชุมชนฟาร์มเล็กๆ ในฝรั่งเศสแห่งนี้ ดินถูกทำให้ดำคล้ำด้วยขี้เถ้า และบ้านเรือนในฟาร์มก็ถูกทำลายไปหม็อด สิ่งเดียวที่มีค่าของที่นี่คือไม้ในป่า ทั้งฝ่ายอักษะและพันธมิตรแทบไม่ได้อะไรจากสถานที่แห่งนี้ แต่ในความพ่ายแพ้ จะต้องสูญเสียไปมากมาย,UI: ระบบ/ปุ่มทั่วไป/ตั้งค่า,62135
62136,Villers-Bocage (6),วิลเลอร์-โบคาจ,UI: ระบบ/ปุ่มทั่วไป/ตั้งค่า,62136|6000079
62137,"Villers-Bocage was a picturesque ville in the heart of bourgeois Normady, but it's fate was to be like all other small towns before it during this time of war. The town was left broken, smouldering, and left to ruin by the end. So is the cost of war.",Villers-Bocage เป็นหมู่บ้านที่งดงามใจกลางนอร์มาดีชนชั้นกลาง แต่โชคชะตากลับต้องเป็นเหมือนเมืองเล็กๆ อื่นๆ ก่อนหน้านี้ในช่วงเวลาแห่งสงครามนี้ เมืองนี้พังทลาย คุกรุ่น และทิ้งให้พินาศในที่สุด ต้นทุนของสงครามก็เช่นกัน,UI: ระบบ/ปุ่มทั่วไป/ตั้งค่า,62137
62138,Panzerkrieg: Industry,ยานเกราะ: อุตสาหกรรม,UI: ระบบ/ปุ่มทั่วไป/ตั้งค่า,62138
62139,"Objective: \n- Go head to head against your foes in Panzerkrieg controlling a single tank. Kill your enemies in order to lower their victory point score. The more formidable your foe, the more points it will be worth smoldering at your treads in pieces.\n\nPick your Tank Ace:\n- Each tank contains different abilities and upgrades, so choose the Tank Ace that best suits your play style. Dominate the field, massacre lowly infantry and watch as your friends flee in terror.\n\nControl the Battlefield: \n- Capture victory points and hold them to slowly chip away at your victory point score. It may not be the most glorious route to victory, but losing isn't so glorious either. \n- In addition to bringing your victory point counter down, each victory point under your control grants access to helpful abilities for controlling the map.\n\n- Control the Mortar Bunker to drop artillery on the battlefield. \n -Capture the Radio Tower for Off-Map Support.\n- Command the Infantry Victory Point to gain access to a more diverse set of Infantry Reinforcements. ","วัตถุประสงค์: 
- เผชิญหน้ากับศัตรูของคุณใน Panzerkrieg แบบตัวต่อตัวโดยควบคุมรถถังเพียงคันเดียว ฆ่าศัตรูของคุณเพื่อลดคะแนนชัยชนะของพวกเขา ยิ่งศัตรูของคุณน่าเกรงขามเท่าไร แต้มก็จะยิ่งคุ้มค่ากับการเผาย่างก้าวของคุณเป็นชิ้นๆ 

เลือก Tank Ace ของคุณ:
- รถถังแต่ละคันมีความสามารถและการอัพเกรดที่แตกต่างกัน ดังนั้นเลือก Tank Ace ที่เหมาะกับสไตล์การเล่นของคุณมากที่สุด ยึดครองสนาม สังหารหมู่ทหารราบที่ต่ำต้อย และดูเพื่อนของคุณหลบหนีด้วยความหวาดกลัว 

ควบคุมสนามรบ: 
- ยึดครองคะแนนชัยชนะและยึดไว้เพื่อค่อยๆ ชิปคะแนนชัยชนะของคุณออกไป อาจไม่ใช่เส้นทางสู่ชัยชนะที่รุ่งโรจน์ที่สุด แต่การพ่ายแพ้ก็ไม่รุ่งโรจน์เช่นกัน 
- นอกเหนือจากการลดคะแนนชัยชนะลงแล้ว แต่ละคะแนนชัยชนะภายใต้การควบคุมของคุณยังมอบการเข้าถึงความสามารถที่เป็นประโยชน์ในการควบคุมแผนที่ 

- ควบคุม Mortar Bunker เพื่อทิ้งปืนใหญ่ในสนามรบ 
 -ยึด Radio Tower เพื่อรับการสนับสนุนนอกแผนที่ 
- สั่งการคะแนนชัยชนะของทหารราบเพื่อเข้าถึงชุดกำลังเสริมทหารราบที่หลากหลายมากขึ้น",UI: ระบบ/ปุ่มทั่วไป/ตั้งค่า,62139
62140,"A small town where people once lived has become a place where soldiers now wait to die. Houses that once contained families and friends now protect men from sniper fire, men who await the inevitable invasion. But the walls are closing in now, every day getting tighter. Your enemies will eventually move on this small town, it is only a matter of time...",เมืองเล็กๆ ที่ผู้คนเคยอยู่อาศัยได้กลายเป็นสถานที่ที่ทหารรอความตาย บ้านที่ครั้งหนึ่งเคยมีครอบครัวและมิตรสหาย ตอนนี้ช่วยปกป้องเหล่าทหารจากการซุ่มยิงของสไนเปอร์ ทหารที่เฝ้ารอการบุกรุกที่ไม่อาจหลีกเลี่ยง แต่กำแพงกำลังบีบเข้ามาทุกทีและกระชับขึ้นทุกวัน ในที่สุดศัตรูจะบุกเข้าสู่เมืองเล็กๆ แห่งนี้ มันเป็นเพียงแค่เรื่องของเวลาเท่านั้น...,UI: ระบบ/ปุ่มทั่วไป/ตั้งค่า,62140
62141,"Locked in stale mate for weeks, the Allies and Axis forces have fortified their ends of this once bountiful farmer's field. This land has been uprooted by war and has been crafted into an arena of bravery and blood. ",กองกำลังฝ่ายสัมพันธมิตรและฝ่ายอักษะซึ่งถูกขังอยู่ในคอกร้างเป็นเวลาหลายสัปดาห์ได้เสริมความแข็งแกร่งให้กับพื้นที่เพาะปลูกของชาวนาที่ครั้งหนึ่งเคยอุดมสมบูรณ์แห่งนี้ ดินแดนแห่งนี้ถูกถอนรากถอนโคนจากสงคราม และถูกสร้างขึ้นให้เป็นเวทีแห่งความกล้าหาญและสายเลือด,UI: ระบบ/ปุ่มทั่วไป/ตั้งค่า,62141
62142,"A meeting of metal monsters in the heart of a French industrial complex. Keep your wits about you, as here, even tanks have avenues to ambush, and corners to hide in. Control the resources of the complex and blow your competition away; before you both destroy the very resources you came to secure.",การพบกันของสัตว์ประหลาดโลหะในใจกลางศูนย์อุตสาหกรรมฝรั่งเศส รักษาสติปัญญาของคุณไว้ ดังเช่นที่นี่ แม้แต่รถถังก็มีหนทางให้ซุ่มโจมตีและมีมุมให้ซ่อนตัว ควบคุมทรัพยากรของคอมเพล็กซ์และทำลายคู่แข่งของคุณ ก่อนที่คุณจะทั้งสองทำลายทรัพยากรที่คุณได้มาเพื่อรักษาความปลอดภัย,UI: ระบบ/ปุ่มทั่วไป/ตั้งค่า,62142
62143,Panzerkrieg: Hébécrevon,ยานเกราะ: เฮเบเครวอน,UI: ระบบ/ปุ่มทั่วไป/ตั้งค่า,62143
63001,Industrial Riverbed (2),อุตสาหกรรมริมแม่น้ำ,UI: ระบบ/ปุ่มทั่วไป/ตั้งค่า,63001
63002,"Industrial Riverbed is a community map created by Deionarra for a Relic map contest. All community maps are provided “as-is”, as Relic cannot provide technical support for them.","Industrial Riverbed เป็นแผนที่ชุมชนที่สร้างโดย Deionarra สำหรับการประกวดแผนที่ Relic แผนที่ชุมชนทั้งหมดมีให้ ""ตามที่เป็น"" เนื่องจาก Relic ไม่สามารถให้การสนับสนุนทางเทคนิคได้",UI: ระบบ/ปุ่มทั่วไป/ตั้งค่า,63002
63003,Ruins of Rouen (2),ซากปรักหักพังของรูอ็อง,UI: ระบบ/ปุ่มทั่วไป/ตั้งค่า,63003
63004,"Ruins of Rouen is a community map created by sizzlorr for a Relic map contest. All community maps are provided “as-is”, as Relic cannot provide technical support for them.","Ruins of Rouen เป็นแผนที่ชุมชนที่สร้างขึ้นโดย sizzlorr สำหรับการประกวดแผนที่ Relic แผนที่ชุมชนทั้งหมดมีให้ ""ตามที่เป็น"" เนื่องจาก Relic ไม่สามารถให้การสนับสนุนทางเทคนิคได้",UI: ระบบ/ปุ่มทั่วไป/ตั้งค่า,63004
63009,Road to Montherme (4),ถนนสู่มอนแตร์เม,UI: ระบบ/ปุ่มทั่วไป/ตั้งค่า,63009
63010,"Road to Montherme is a community map created by Mannerheim for a Relic map contest. All community maps are provided “as-is”, as Relic cannot provide technical support for them.","Road to Montherme เป็นแผนที่ชุมชนที่สร้างขึ้นโดย Mannerheim สำหรับการประกวดแผนที่ Relic แผนที่ชุมชนทั้งหมดมีให้ ""ตามที่เป็น"" เนื่องจาก Relic ไม่สามารถให้การสนับสนุนทางเทคนิคได้",UI: ระบบ/ปุ่มทั่วไป/ตั้งค่า,63010
63015,Duclair (4),ดูแคลร์,UI: ระบบ/ปุ่มทั่วไป/ตั้งค่า,63015
63016,"Duclair is a community map created by onkelsam for a Relic map contest. All community maps are provided “as-is”, as Relic cannot provide technical support for them.","Duclair เป็นแผนที่ชุมชนที่สร้างขึ้นโดย onkelsam สำหรับการประกวดแผนที่โบราณวัตถุ แผนที่ชุมชนทั้งหมดมีให้ ""ตามที่เป็น"" เนื่องจาก Relic ไม่สามารถให้การสนับสนุนทางเทคนิคได้",UI: ระบบ/ปุ่มทั่วไป/ตั้งค่า,63016
63017,Red Ball Express (6),เรดบอล เอ็กซ์เพรส,UI: ระบบ/ปุ่มทั่วไป/ตั้งค่า,63017
63018,"Red Ball Express is a community map created by Yojimbo252 for a Relic map contest. All community maps are provided “as-is”, as Relic cannot provide technical support for them.","เรดบอล เอ็กซ์เพรส เป็นแผนที่ชุมชนที่สร้างขึ้นโดย Yojimbo252 สำหรับการประกวดแผนที่ Relic แผนที่ชุมชนทั้งหมดมีให้ ""ตามที่เป็น"" เนื่องจาก Relic ไม่สามารถให้การสนับสนุนทางเทคนิคได้",UI: ระบบ/ปุ่มทั่วไป/ตั้งค่า,63018
63021,Vimoutiers (6),วิมูติเยร์,UI: ระบบ/ปุ่มทั่วไป/ตั้งค่า,63021
63022,"Vimoutiers is a community map created by SgtA for a Relic map contest. All community maps are provided “as-is”, as Relic cannot provide technical support for them.","Vimoutiers เป็นแผนที่ชุมชนที่สร้างขึ้นโดย SgtA สำหรับการประกวดแผนที่ Relic แผนที่ชุมชนทั้งหมดมีให้ ""ตามที่เป็น"" เนื่องจาก Relic ไม่สามารถให้การสนับสนุนทางเทคนิคได้",UI: ระบบ/ปุ่มทั่วไป/ตั้งค่า,63022
65037,Terrain detail level,ระดับรายละเอียดภูมิประเทศ,UI: ระบบ/ปุ่มทั่วไป/ตั้งค่า,65037
65052,,,UI: ระบบ/ปุ่มทั่วไป/ตั้งค่า,65052|240533|353001|409012|409131|409201|409203|409205|409207|409209|409211|409213|409215|409217|409219|409221|409231|409233|409401|409403|409405|409407|409409|409411|409413|409415|409417|409851|1319999|1329099|1339099|1379199|1400301|1400360|1434280|1436042|6029308|6029309|6029310|6029314|9419671|9439200
65501,Mission Title Text,ข้อความหัวข้อภารกิจ,UI: ระบบ/ปุ่มทั่วไป/ตั้งค่า,65501|803500
65503,This is a floating subtitle text,นี่คือข้อความคำบรรยายแบบลอย,UI: ระบบ/ปุ่มทั่วไป/ตั้งค่า,65503
65504,Tutorial Menu,เมนูการสอน,UI: ระบบ/ปุ่มทั่วไป/ตั้งค่า,65504|75260
65505,Location and Date Text,ข้อความสถานที่และวันที่,UI: ระบบ/ปุ่มทั่วไป/ตั้งค่า,65505|803503
65506,Time Text,ข้อความเวลา,UI: ระบบ/ปุ่มทั่วไป/ตั้งค่า,65506|803502
65507,German to English Subtitles,คำบรรยายภาษาเยอรมันเป็นภาษาอังกฤษ,UI: ระบบ/ปุ่มทั่วไป/ตั้งค่า,65507|803501
66250,Mini-map scroll,เลื่อนแผนที่ขนาดเล็ก,UI: ระบบ/ปุ่มทั่วไป/ตั้งค่า,66250
66251,ASSIGN KEY,กำหนดคีย์,UI: ระบบ/ปุ่มทั่วไป/ตั้งค่า,66251
66253,Invert declination,ผกผันการปฏิเสธ,UI: ระบบ/ปุ่มทั่วไป/ตั้งค่า,66253
66254,RESET ALL KEYS,รีเซ็ตคีย์ทั้งหมด,UI: ระบบ/ปุ่มทั่วไป/ตั้งค่า,66254
66257,Camera declination,การปฏิเสธกล้อง,UI: ระบบ/ปุ่มทั่วไป/ตั้งค่า,66257
66258,Mini-map rotation,การหมุนแผนที่ขนาดเล็ก,UI: ระบบ/ปุ่มทั่วไป/ตั้งค่า,66258
66261,Camera rotation,การหมุนกล้อง,UI: ระบบ/ปุ่มทั่วไป/ตั้งค่า,66261
66262,Mini-map zoom,การซูมแผนที่ขนาดเล็ก,UI: ระบบ/ปุ่มทั่วไป/ตั้งค่า,66262
66265,Unit responses,การตอบสนองของหน่วย,UI: ระบบ/ปุ่มทั่วไป/ตั้งค่า,66265
66266,Unit confirmations,การยืนยันหน่วย,UI: ระบบ/ปุ่มทั่วไป/ตั้งค่า,66266
66267,Event cue sounds,เสียงคิวเหตุการณ์,UI: ระบบ/ปุ่มทั่วไป/ตั้งค่า,66267
66269,RESET KEY,รีเซ็ตคีย์,UI: ระบบ/ปุ่มทั่วไป/ตั้งค่า,66269
66270,ASSIGNED KEYS:,คีย์ที่ได้รับมอบหมาย:,UI: ระบบ/ปุ่มทั่วไป/ตั้งค่า,66270
66271,HOTKEY GROUPS:,กลุ่มฮอตคีย์:,UI: ระบบ/ปุ่มทั่วไป/ตั้งค่า,66271
66274,Building sounds,เสียงอาคาร,UI: ระบบ/ปุ่มทั่วไป/ตั้งค่า,66274
66275,Mouse scroll rate,อัตราการเลื่อนเมาส์,UI: ระบบ/ปุ่มทั่วไป/ตั้งค่า,66275
66278,Invert panning,สลับการแพน,UI: ระบบ/ปุ่มทั่วไป/ตั้งค่า,66278
66309,Key scroll rate,อัตราการเลื่อนปุ่ม,UI: ระบบ/ปุ่มทั่วไป/ตั้งค่า,66309
66500,Hit 't' to exit the tactical map,กด 't' เพื่อออกจากแผนที่ยุทธวิธี,UI: ระบบ/ปุ่มทั่วไป/ตั้งค่า,66500|66750
66501,Exit,ออกจากเกม,UI: ระบบ/ปุ่มทั่วไป/ตั้งค่า,66501|66751|802357|806007|808260
67000,DIPLOMACY,การทูต,UI: ระบบ/ปุ่มทั่วไป/ตั้งค่า,67000
67001,Ally,พันธมิตร,UI: ระบบ/ปุ่มทั่วไป/ตั้งค่า,67001
67002,Enemy,ศัตรู,UI: ระบบ/ปุ่มทั่วไป/ตั้งค่า,67002
67003,Donate,บริจาค,UI: ระบบ/ปุ่มทั่วไป/ตั้งค่า,67003|67006
67005,Vision,วิสัยทัศน์,UI: ระบบ/ปุ่มทั่วไป/ตั้งค่า,67005
67008,Clear donations,เคลียร์เงินบริจาค,UI: ระบบ/ปุ่มทั่วไป/ตั้งค่า,67008
67500,Button,ปุ่ม,UI: ระบบ/ปุ่มทั่วไป/ตั้งค่า,67500
67501,Doctrine Label,ป้ายกำกับหลักนิยม,UI: ระบบ/ปุ่มทั่วไป/ตั้งค่า,67501
68500,Battle Simulator,ระบบจำลองการรบ,UI: ระบบ/ปุ่มทั่วไป/ตั้งค่า,68500
68501,Civilization,ฝ่าย,UI: ระบบ/ปุ่มทั่วไป/ตั้งค่า,68501|68513
68502,Unit,หน่วย,UI: ระบบ/ปุ่มทั่วไป/ตั้งค่า,68502|68503
68504,Selected Unit,ยูนิตที่เลือก,UI: ระบบ/ปุ่มทั่วไป/ตั้งค่า,68504|68514
68505,Start Simulation,เริ่มการจำลอง,UI: ระบบ/ปุ่มทั่วไป/ตั้งค่า,68505
68506,Add All,เพิ่มทั้งหมด,UI: ระบบ/ปุ่มทั่วไป/ตั้งค่า,68506|68511
68507,Iterations,จำนวนรอบจำลอง,UI: ระบบ/ปุ่มทั่วไป/ตั้งค่า,68507
68508,Makers,ผู้จัดทำ,UI: ระบบ/ปุ่มทั่วไป/ตั้งค่า,68508
68509,Selected Markers,เครื่องหมายที่เลือก,UI: ระบบ/ปุ่มทั่วไป/ตั้งค่า,68509
68512,Use Normal Cover,ใช้ปกธรรมดา,UI: ระบบ/ปุ่มทั่วไป/ตั้งค่า,68512
68515,Batch Run,การรันแบบแบตช์,UI: ระบบ/ปุ่มทั่วไป/ตั้งค่า,68515
68516,Add To Batch,เพิ่มลงในแบทช์,UI: ระบบ/ปุ่มทั่วไป/ตั้งค่า,68516
69750,Hint!  Throw some grenades here!,คำใบ้! ขว้างระเบิดมาที่นี่!,UI: ระบบ/ปุ่มทั่วไป/ตั้งค่า,69750|73009|73250|73253|73500|801816|801818|801819|801916|801918|801919|802007|802360|802752|802823|803264|803752|806010|806514|806810|808263|6901376
69751,Warning! Warning! Warning!,คำเตือน! คำเตือน! คำเตือน!,UI: ระบบ/ปุ่มทั่วไป/ตั้งค่า,69751|73501
69752,Instruction goes here.,คำแนะนำไปที่นี่,UI: ระบบ/ปุ่มทั่วไป/ตั้งค่า,69752
69754,S,ส,UI: ระบบ/ปุ่มทั่วไป/ตั้งค่า,69754|73254|802822
69756,$73269 No Key,$73269 No Key,UI: ระบบ/ปุ่มทั่วไป/ตั้งค่า,69756|73269|801773|801873|802773
69757,6,6,UI: ระบบ/ปุ่มทั่วไป/ตั้งค่า,69757|69758|69781|69782|69783|69784|69785|69786|69787|69788|69789|69790|69795|70751|70757|70758|70762|70763|73008|73274|73277|73278|73285|73287|73288|73291|73302|73303|73306|73307|73308|73310|74008|74255|74782|800502|800503|800504|800505|800509|801752|801774|801775|801785|801786|801787|801788|801790|801791|801792|801817|801823|801852|801874|801875|801885|801886|801887|801888|801890|801891|801892|801917|801923|802014|802351|802352|802774|802775|802785|802786|802787|802788|802789|802790|802791|802792|802793|802794|802799|803751|806001|806002|806252|806253|806254|806255|806260|806798|808002|808003|808004|808005|808010|808251|6901362
69759,1,1,UI: ระบบ/ปุ่มทั่วไป/ตั้งค่า,69759|69760|69761|69762|69763|69764|69765|69766|69767|69768|73256|73265|73273|73280|73290|73292|73293|73294|73295|73296|73297|73298|73299|73304|73319|73320|73509|73510|73511|73512|73513|73514|73515|73516|73517|73518|74774|74775|74776|74777|74778|74779|801762|801763|801764|801765|801766|801767|801768|801769|801770|801771|801772|801800|801862|801863|801864|801865|801866|801867|801868|801869|801870|801871|801872|801900|802011|802025|802026|802027|802028|802029|802030|802031|802032|802033|802034|802035|802036|802037|802038|802039|802040|802041|802042|802043|802044|802045|802046|802047|802048|802049|802050|802051|802052|802053|802054|802055|802056|802057|802058|802059|802762|802763|802764|802765|802766|802767|802768|802769|802770|802771|802772|802816|802817|802818|802819|802820|806750|806751|806752|806753|806754|806755|806758|806759|806760|806761|806762|806763|806766|806767|806768|806769|806770|806771|806774|806775|806776|806777|806778|806779|806782|806783|806784|806785|806786|806787|806790|806791|806792|806793|806794|806795|806811|806812|806815|806816|806817|806818|806819|806820|806823|806824|806825|806826|806827|806828|806831|806832|806833|806834|806835|806836|806839|806840|806841|806842|806843|806844|806847|806848|806849|806850|806851|806852|806855|806856|806857|806858|806859|806860|806863|806864|806865|806866|806867|806868|806869|806870|806871|806872|806873|806874|806875|806876|806877|806878|806879|806880|806881|806882|806883|806884|806885|806886|806887|806888|806889|806890|806891|806895|806896|806897|806898|806899|806900|806901|806902|806903|806904|806905|806906|806907|806908|806909|806910|806911|806912|806913|806914|806915|806916|806917|806918|806919|806920|806921|806922|806923|806924|806925|806926|806927|806928|806929|6901250|6901251|6901252|6901253|6901254|6901255|6901258|6901259|6901260|6901261|6901262|6901263|6901266|6901267|6901268|6901269|6901270|6901271|6901274|6901275|6901276|6901277|6901278|6901279|6901282|6901283|6901284|6901285|6901286|6901287|6901290|6901291|6901292|6901293|6901294|6901295|6901298|6901299|6901300|6901301|6901302|6901303|6901306|6901307|6901308|6901309|6901310|6901311|6901314|6901315|6901316|6901317|6901318|6901319|6901322|6901323|6901324|6901325|6901326|6901327|6901330|6901331|6901332|6901333|6901334|6901335|6901338|6901339|6901340|6901341|6901342|6901343|6901346|6901347|6901348|6901349|6901350|6901351|6901352|6901353|6901354|6901355|6901356|6901357
69769,9/9,9/9,UI: ระบบ/ปุ่มทั่วไป/ตั้งค่า,69769
69770,99/99,99/99,UI: ระบบ/ปุ่มทั่วไป/ตั้งค่า,69770|73267|801777|801877|802777
69771,99,99,UI: ระบบ/ปุ่มทั่วไป/ตั้งค่า,69771|69773|69775|73261|73263|73266|73309|73313|73314|73315|801753|801754|801756|801757|801853|801854|801856|801857|802753|802754|802756|802757|802778|802780|802782|808250
69772,9999,9999,UI: ระบบ/ปุ่มทั่วไป/ตั้งค่า,69772|69774|69776|73260|73262|73264|600026|600763|600781|600811|600842|802779|802781|802783
69777,5699/9999,5699/9999,UI: ระบบ/ปุ่มทั่วไป/ตั้งค่า,69777
69778,75,75,UI: ระบบ/ปุ่มทั่วไป/ตั้งค่า,69778|73272
69779,Territory & Resource Info,ข้อมูลอาณาเขตและทรัพยากร,UI: ระบบ/ปุ่มทั่วไป/ตั้งค่า,69779|73257
69780,DROP,การทิ้งร่มส่งกำลังบำรุง,UI: ระบบ/ปุ่มทั่วไป/ตั้งค่า,69780|73258|73508|801784|801884|802784
69791,5,5,UI: ระบบ/ปุ่มทั่วไป/ตั้งค่า,69791|69796|69797|69798|69799|69800|73271|73279|73281|73282|73283|73321|73322|73324|73325|73519|73520|73521|73522|73523|801795|801799|801801|801802|801803|801804|801805|801806|801807|801808|801826|801827|801828|801895|801901|801902|801903|801904|801905|801906|801907|801908|801922|801926|801927|801928|802795|802801|802802|802803|802804|802805|802806|802807|802808
69792,Hold,ถือ,UI: ระบบ/ปุ่มทั่วไป/ตั้งค่า,69792|73300|801796|801896|802796
69793,Player Name,ชื่อผู้เล่น,UI: ระบบ/ปุ่มทั่วไป/ตั้งค่า,69793|73270|508250|600012|600045|605026|605044|605305|605318|610253|610261|613024|613030|704508|704514|801797|801897|802797
69794,Unit Name,ชื่อหน่วย,UI: ระบบ/ปุ่มทั่วไป/ตั้งค่า,69794|73268|801798|801898|802798
69801,A,ก,UI: ระบบ/ปุ่มทั่วไป/ตั้งค่า,69801|73255|73504|73505|802800
69802,3,3,UI: ระบบ/ปุ่มทั่วไป/ตั้งค่า,69802|70760|71751|615251|800500|806250|808000
70001,-----------------------------------------------------------------------------------------------------------,---------------------------------------------------------------------------------------------------------------,UI: ระบบ/ปุ่มทั่วไป/ตั้งค่า,70001|70004|70005|70006|72003
70003,OBJECTIVES,เป้าหมายภารกิจ,UI: ระบบ/ปุ่มทั่วไป/ตั้งค่า,70003
70500,$73750 No Key,$73750 No Key,UI: ระบบ/ปุ่มทั่วไป/ตั้งค่า,70500
70501,$73751 No Key,$73751 No Key,UI: ระบบ/ปุ่มทั่วไป/ตั้งค่า,70501
70502,$73752 No Key,$73752 No Key,UI: ระบบ/ปุ่มทั่วไป/ตั้งค่า,70502|73752
70503,$73754 No Key,$73754 No Key,UI: ระบบ/ปุ่มทั่วไป/ตั้งค่า,70503
70504,$73753 No Key,$73753 No Key,UI: ระบบ/ปุ่มทั่วไป/ตั้งค่า,70504
70750,$70750 No Key,$70750 No Key,UI: ระบบ/ปุ่มทั่วไป/ตั้งค่า,70750|800508|806259|808009
70752,C,ค,UI: ระบบ/ปุ่มทั่วไป/ตั้งค่า,70752
70754,Kick me!,เตะฉัน!,UI: ระบบ/ปุ่มทั่วไป/ตั้งค่า,70754|800506|806257|808007
70755,9!,9!,UI: ระบบ/ปุ่มทั่วไป/ตั้งค่า,70755|800507|806258|808008
70756,Detonate me!,ระเบิดฉัน!,UI: ระบบ/ปุ่มทั่วไป/ตั้งค่า,70756|800510|806261|808011
70759,+40,+40,UI: ระบบ/ปุ่มทั่วไป/ตั้งค่า,70759|806251|808001
71001,No units available to build...,ไม่มียูนิตให้สร้าง...,UI: ระบบ/ปุ่มทั่วไป/ตั้งค่า,71001
71002,Range:,พิสัย:,UI: ระบบ/ปุ่มทั่วไป/ตั้งค่า,71002
71004,Destroy unit or structure?,ทำลายหน่วยหรือโครงสร้าง?,UI: ระบบ/ปุ่มทั่วไป/ตั้งค่า,71004
71006,MENU,เมนู,UI: ระบบ/ปุ่มทั่วไป/ตั้งค่า,71006
71007,The End,จุดจบ,UI: ระบบ/ปุ่มทั่วไป/ตั้งค่า,71007
71750,Close,ปิด,UI: ระบบ/ปุ่มทั่วไป/ตั้งค่า,71750|717045
71752,Requirements.,ความต้องการ.,UI: ระบบ/ปุ่มทั่วไป/ตั้งค่า,71752
71753,Accept?,ยอมรับ?,UI: ระบบ/ปุ่มทั่วไป/ตั้งค่า,71753
71754,Some descriptive text.,ข้อความอธิบายบางส่วน,UI: ระบบ/ปุ่มทั่วไป/ตั้งค่า,71754|71755
72001,RECALL SPEECH,จำคำพูด,UI: ระบบ/ปุ่มทั่วไป/ตั้งค่า,72001
73000,$73000 No Key,$73000 No Key,UI: ระบบ/ปุ่มทั่วไป/ตั้งค่า,73000|803750
73002,Tactical Map ToolTip,เคล็ดลับเครื่องมือแผนที่ยุทธวิธี,UI: ระบบ/ปุ่มทั่วไป/ตั้งค่า,73002|803759
73003,Sit Rep Speech Event,กิจกรรมนั่งพูดตัวแทน,UI: ระบบ/ปุ่มทั่วไป/ตั้งค่า,73003
73005,Sit Rep in Progress,ตัวแทนนั่งอยู่ระหว่างดำเนินการ,UI: ระบบ/ปุ่มทั่วไป/ตั้งค่า,73005|803753
73006,Stop,หยุด,UI: ระบบ/ปุ่มทั่วไป/ตั้งค่า,73006|803756|808257
73007,Warning!,คำเตือน!,UI: ระบบ/ปุ่มทั่วไป/ตั้งค่า,73007|803754
73251,Not enough Munitions.  You need 35.  Capture more resource points.,อาวุธยุทโธปกรณ์ไม่เพียงพอ คุณต้องการ 35 คะแนน ยึดครองจุดทรัพยากรเพิ่มเติม,UI: ระบบ/ปุ่มทั่วไป/ตั้งค่า,73251|801751|801851|802751
73259,Select a Target for this Ability,เลือกเป้าหมายสำหรับความสามารถนี้,UI: ระบบ/ปุ่มทั่วไป/ตั้งค่า,73259|801750|801850|802750
73275,4:59,4:59,UI: ระบบ/ปุ่มทั่วไป/ตั้งค่า,73275|73286|801811|801911
73276,$73326 No Key,$73326 No Key,UI: ระบบ/ปุ่มทั่วไป/ตั้งค่า,73276|801809|801909|802809
73284,Help Text Title,ชื่อข้อความช่วยเหลือ,UI: ระบบ/ปุ่มทั่วไป/ตั้งค่า,73284|801761|801861|802761
73289,Event Cue!,คิวอีเว้นท์!,UI: ระบบ/ปุ่มทั่วไป/ตั้งค่า,73289|801824|801924|802824
73301,22/22,22/22,UI: ระบบ/ปุ่มทั่วไป/ตั้งค่า,73301|802776
73305,(Hotkey),(ปุ่มลัด),UI: ระบบ/ปุ่มทั่วไป/ตั้งค่า,73305|801760|801860|802760
73311,Dynamic Text,ข้อความแบบไดนามิก,UI: ระบบ/ปุ่มทั่วไป/ตั้งค่า,73311|801759|801859|802759
73312,Description.  Main help text here.,คำอธิบาย. ข้อความช่วยเหลือหลักที่นี่,UI: ระบบ/ปุ่มทั่วไป/ตั้งค่า,73312|801758|801858|802758
73316,This is some static info help text.,นี่คือข้อความช่วยเหลือเกี่ยวกับข้อมูลคงที่,UI: ระบบ/ปุ่มทั่วไป/ตั้งค่า,73316|801755|801855|802755
73317,500,500,UI: ระบบ/ปุ่มทั่วไป/ตั้งค่า,73317|73318|802814|802815
73323,$73317 No Key,$73317 No Key,UI: ระบบ/ปุ่มทั่วไป/ตั้งค่า,73323|801812|801912|802812
73337,$73337 No Key,$73337 No Key,UI: ระบบ/ปุ่มทั่วไป/ตั้งค่า,73337|801813|801913|802813
73506,999,999,UI: ระบบ/ปุ่มทั่วไป/ตั้งค่า,73506|801778|801780|801782|801878|801880|801882
73507,Manage Resources,จัดการทรัพยากร,UI: ระบบ/ปุ่มทั่วไป/ตั้งค่า,73507
73750,Choose This Company,เลือกกองร้อยนี้,UI: ระบบ/ปุ่มทั่วไป/ตั้งค่า,73750|73780|73781|76760|76761|76762|803260|803261|803262|806510|806511|806512
73751,Command Branch Descriptions,คำอธิบายสาขาคำสั่ง,UI: ระบบ/ปุ่มทั่วไป/ตั้งค่า,73751|73761|73779|76751|76752|76753|803251|803252|803253
73753,Click to select your Commander,คลิกเพื่อเลือกผู้บัญชาการของคุณ,UI: ระบบ/ปุ่มทั่วไป/ตั้งค่า,73753
73755,$73755 No Key,$73755 No Key,UI: ระบบ/ปุ่มทั่วไป/ตั้งค่า,73755
73756,$73756 No Key,$73756 No Key,UI: ระบบ/ปุ่มทั่วไป/ตั้งค่า,73756
73758,$73758 No Key,$73758 No Key,UI: ระบบ/ปุ่มทั่วไป/ตั้งค่า,73758
73759,$73759 No Key,$73759 No Key,UI: ระบบ/ปุ่มทั่วไป/ตั้งค่า,73759
73760,$73760 No Key,$73760 No Key,UI: ระบบ/ปุ่มทั่วไป/ตั้งค่า,73760
73762,Command Tree,สายบัญชาการรบ,UI: ระบบ/ปุ่มทั่วไป/ตั้งค่า,73762|74013|74258
73763,$73763 No Key,$73763 No Key,UI: ระบบ/ปุ่มทั่วไป/ตั้งค่า,73763|74001|74260
73764,$73764 No Key,$73764 No Key,UI: ระบบ/ปุ่มทั่วไป/ตั้งค่า,73764|74002|74261
73765,$73765 No Key,$73765 No Key,UI: ระบบ/ปุ่มทั่วไป/ตั้งค่า,73765|74003|74262
73766,$73766 No Key,$73766 No Key,UI: ระบบ/ปุ่มทั่วไป/ตั้งค่า,73766|74004|74263
73767,$73767 No Key,$73767 No Key,UI: ระบบ/ปุ่มทั่วไป/ตั้งค่า,73767|74005|74264
73768,$73768 No Key,$73768 No Key,UI: ระบบ/ปุ่มทั่วไป/ตั้งค่า,73768|74006|74265
73769,$73769 No Key,$73769 No Key,UI: ระบบ/ปุ่มทั่วไป/ตั้งค่า,73769
73770,$73770 No Key,$73770 No Key,UI: ระบบ/ปุ่มทั่วไป/ตั้งค่า,73770
73771,$73771 No Key,$73771 No Key,UI: ระบบ/ปุ่มทั่วไป/ตั้งค่า,73771
73772,$73772 No Key,$73772 No Key,UI: ระบบ/ปุ่มทั่วไป/ตั้งค่า,73772
73773,$73773 No Key,$73773 No Key,UI: ระบบ/ปุ่มทั่วไป/ตั้งค่า,73773
73774,$73774 No Key,$73774 No Key,UI: ระบบ/ปุ่มทั่วไป/ตั้งค่า,73774
73775,$73775 No Key,$73775 No Key,UI: ระบบ/ปุ่มทั่วไป/ตั้งค่า,73775
73776,$73776 No Key,$73776 No Key,UI: ระบบ/ปุ่มทั่วไป/ตั้งค่า,73776
73777,$73777 No Key,$73777 No Key,UI: ระบบ/ปุ่มทั่วไป/ตั้งค่า,73777
73778,$73778 No Key,$73778 No Key,UI: ระบบ/ปุ่มทั่วไป/ตั้งค่า,73778
73784,$73784 No Key,$73784 No Key,UI: ระบบ/ปุ่มทั่วไป/ตั้งค่า,73784
73803,$73803 No Key,$73803 No Key,UI: ระบบ/ปุ่มทั่วไป/ตั้งค่า,73803
74000,$73807 No Key,$73807 No Key,UI: ระบบ/ปุ่มทั่วไป/ตั้งค่า,74000|74259
74007,Commander Tree Branch Level Help Text,ข้อความช่วยเหลือระดับสาขาต้นไม้ผู้บัญชาการ,UI: ระบบ/ปุ่มทั่วไป/ตั้งค่า,74007|74256|74766|802003|806802|6901366
74009,$74009 No Key,$74009 No Key,UI: ระบบ/ปุ่มทั่วไป/ตั้งค่า,74009|74250|74759|803000
74010,$74010 No Key,$74010 No Key,UI: ระบบ/ปุ่มทั่วไป/ตั้งค่า,74010|74251|74760|803001
74011,Command Points,จุดสั่งการ,UI: ระบบ/ปุ่มทั่วไป/ตั้งค่า,74011|74254|74783|802015|806799|6901363
74012,$74012 No Key,$74012 No Key,UI: ระบบ/ปุ่มทั่วไป/ตั้งค่า,74012|74252|74761|803002
74015,Double-click an icon or click the accept button to purchase an upgrade.,ดับเบิลคลิกที่ไอคอนหรือคลิกปุ่มยอมรับเพื่อซื้อการอัพเกรด,UI: ระบบ/ปุ่มทั่วไป/ตั้งค่า,74015|74266
74020,$74020 No Key,$74020 No Key,UI: ระบบ/ปุ่มทั่วไป/ตั้งค่า,74020|74253|74762
74503,Dialog Title,ชื่อกล่องโต้ตอบ,UI: ระบบ/ปุ่มทั่วไป/ตั้งค่า,74503|804005
74508,Are you sure you want to choose this company as your Commander?,คุณแน่ใจหรือไม่ว่าต้องการเลือกกองร้อยนี้เป็นผู้บัญชาการของคุณ?,UI: ระบบ/ปุ่มทั่วไป/ตั้งค่า,74508|75504|803003|804004
74510,ToolTip,เคล็ดลับเครื่องมือ,UI: ระบบ/ปุ่มทั่วไป/ตั้งค่า,74510|804003
74767,A C C E P T,ยอมรับ,UI: ระบบ/ปุ่มทั่วไป/ตั้งค่า,74767|803004
74773,C A N C E L,ยกเลิก,UI: ระบบ/ปุ่มทั่วไป/ตั้งค่า,74773|803005
74780,Para - Drop AT Gun,Para - วางปืน AT,UI: ระบบ/ปุ่มทั่วไป/ตั้งค่า,74780
74781,AIRBORNE     COMPANY,กองร้อย แอร์บอร์น,UI: ระบบ/ปุ่มทั่วไป/ตั้งค่า,74781
75252,Restart Tutorial,รีสตาร์ทบทช่วยสอน,UI: ระบบ/ปุ่มทั่วไป/ตั้งค่า,75252
75253,Tutorial Help Text,ข้อความช่วยเหลือบทช่วยสอน,UI: ระบบ/ปุ่มทั่วไป/ตั้งค่า,75253
75257,Infantry Training,การฝึกทหารราบ,UI: ระบบ/ปุ่มทั่วไป/ตั้งค่า,75257
75503,COMPANY NAME,ชื่อกองร้อย,UI: ระบบ/ปุ่มทั่วไป/ตั้งค่า,75503
75750,"We're hungry, fetch cookies",หิวแล้ว ไปเอาคุกกี้มา,UI: ระบบ/ปุ่มทั่วไป/ตั้งค่า,75750
75751,Objective Title,ชื่อวัตถุประสงค์,UI: ระบบ/ปุ่มทั่วไป/ตั้งค่า,75751
76750,$76750 No Key,$76750 No Key,UI: ระบบ/ปุ่มทั่วไป/ตั้งค่า,76750|803250|806500
76754,$76754 No Key,$76754 No Key,UI: ระบบ/ปุ่มทั่วไป/ตั้งค่า,76754|803254|806505
76755,$76755 No Key,$76755 No Key,UI: ระบบ/ปุ่มทั่วไป/ตั้งค่า,76755|803255
76756,$76756 No Key,$76756 No Key,UI: ระบบ/ปุ่มทั่วไป/ตั้งค่า,76756|803256
76757,Company Title,ชื่อกองร้อย,UI: ระบบ/ปุ่มทั่วไป/ตั้งค่า,76757|76758|76759|803257|803258|803259|806507|806508|806509
76763,Commander Selection,การเลือกผู้บัญชาการ,UI: ระบบ/ปุ่มทั่วไป/ตั้งค่า,76763|803263|806513
76764,Tank Selection,การเลือกรถถัง,UI: ระบบ/ปุ่มทั่วไป/ตั้งค่า,76764|806516
