id,english,thai,context,all_ids
500250,Max Players:,ผู้เล่นสูงสุด:,UI: ล็อบบี้/ออนไลน์/แรงก์/ผลแมตช์,500250|507001|509750|510002|600822|604752|605050|605297|606500|613036
500252,2p_Senois (map name),2p_Senois (ชื่อแผนที่),UI: ล็อบบี้/ออนไลน์/แรงก์/ผลแมตช์,500252|507003|509752|510004|600772|604754|605052|605299|606502|704521
500253,Option_0:,ตัวเลือก_0:,UI: ล็อบบี้/ออนไลน์/แรงก์/ผลแมตช์,500253|507004|509753|510012|600773|604762|606503
500254,Option_1:,ตัวเลือก_1:,UI: ล็อบบี้/ออนไลน์/แรงก์/ผลแมตช์,500254|507005|509754|510006|600774|604756|606504
500276,LAN GAME SETUP,การตั้งค่าเกม LAN,UI: ล็อบบี้/ออนไลน์/แรงก์/ผลแมตช์,500276|510005|604790|605008
500277,Join Game,เข้าร่วมเกม,UI: ล็อบบี้/ออนไลน์/แรงก์/ผลแมตช์,500277|507010|508750
500295,Host Game,เกมเจ้าบ้าน,UI: ล็อบบี้/ออนไลน์/แรงก์/ผลแมตช์,500295|507011|508751
500296,PLAYER LIST,รายชื่อผู้เล่น,UI: ล็อบบี้/ออนไลน์/แรงก์/ผลแมตช์,500296|503311|507041|508787|509003
500301,Game Name,ชื่อห้องเกม,UI: ล็อบบี้/ออนไลน์/แรงก์/ผลแมตช์,500301|500305|507042|507046|508752|508756|509008|605000|605002|605253|605259|613003|613010|613077
500302,Map Name,ชื่อแผนที่,UI: ล็อบบี้/ออนไลน์/แรงก์/ผลแมตช์,500302|500306|507043|507047|508753|508757|509009|509771|510029|604779|605003|605009|605254|605260|613012|717046
500304,Max Players,ผู้เล่นสูงสุด,UI: ล็อบบี้/ออนไลน์/แรงก์/ผลแมตช์,500304|500308|507045|507049|508755|508759
500309,Ping,ปิง,UI: ล็อบบี้/ออนไลน์/แรงก์/ผลแมตช์,500309|507050|508760|509012|600043|600759|600815|605024|605030|605257|605303|605316|610251|610259|704506|704512
500310,Refresh,รีเฟรช,UI: ล็อบบี้/ออนไลน์/แรงก์/ผลแมตช์,500310|507051|508761
501500,New Game,เกมใหม่,UI: ล็อบบี้/ออนไลน์/แรงก์/ผลแมตช์,501500|501750|503500|512000
501501,Name:,ชื่อ:,UI: ล็อบบี้/ออนไลน์/แรงก์/ผลแมตช์,501501|501751|503501|504001|505003|512001|603011
501502,Password:,รหัสผ่าน:,UI: ล็อบบี้/ออนไลน์/แรงก์/ผลแมตช์,501502|501752|503502|504002|505004|512002|512501|600502|602000|603004|604252|605502
501754,Create Game,สร้างเกม,UI: ล็อบบี้/ออนไลน์/แรงก์/ผลแมตช์,501754|512004|600504|605504
501755,Create new game,สร้างเกมใหม่,UI: ล็อบบี้/ออนไลน์/แรงก์/ผลแมตช์,501755|512005
501756,Return to multiplayer lobby,กลับไปที่ล็อบบี้ผู้เล่นหลายคน,UI: ล็อบบี้/ออนไลน์/แรงก์/ผลแมตช์,501756|512006
502000,Choose Map,เลือกแผนที่,UI: ล็อบบี้/ออนไลน์/แรงก์/ผลแมตช์,502000
502002,NEXT,ต่อไป,UI: ล็อบบี้/ออนไลน์/แรงก์/ผลแมตช์,502002
502250,CHOOSE MAP,เลือกแผนที่,UI: ล็อบบี้/ออนไลน์/แรงก์/ผลแมตช์,502250
502252,Next,ต่อไป,UI: ล็อบบี้/ออนไลน์/แรงก์/ผลแมตช์,502252|609530
502253,Send,ส่ง,UI: ล็อบบี้/ออนไลน์/แรงก์/ผลแมตช์,502253|505501|506005|600008|600751|603501|604794
502254,Send message,ส่งข้อความ,UI: ล็อบบี้/ออนไลน์/แรงก์/ผลแมตช์,502254
502255,Go to the next screen,ไปที่หน้าจอถัดไป,UI: ล็อบบี้/ออนไลน์/แรงก์/ผลแมตช์,502255
502256,Back to previous screen,กลับไปยังหน้าจอก่อนหน้า,UI: ล็อบบี้/ออนไลน์/แรงก์/ผลแมตช์,502256
502257,Mission Name:,ชื่อภารกิจ:,UI: ล็อบบี้/ออนไลน์/แรงก์/ผลแมตช์,502257|503287
502261,CHAT,แช็ต,UI: ล็อบบี้/ออนไลน์/แรงก์/ผลแมตช์,502261|503312|506759|508030|508509|509786|510010|555151|600009|600753|604760
503251,SET UP,ตั้งค่า,UI: ล็อบบี้/ออนไลน์/แรงก์/ผลแมตช์,503251
503253,Send message to Team,ส่งข้อความถึงทีมงาน,UI: ล็อบบี้/ออนไลน์/แรงก์/ผลแมตช์,503253
503254,Send message to everyone,ส่งข้อความถึงทุกคน,UI: ล็อบบี้/ออนไลน์/แรงก์/ผลแมตช์,503254|509772
503255,Select player mode,เลือกโหมดผู้เล่น,UI: ล็อบบี้/ออนไลน์/แรงก์/ผลแมตช์,503255
503256,Select your side,เลือกข้างของคุณ,UI: ล็อบบี้/ออนไลน์/แรงก์/ผลแมตช์,503256
503257,Kick player,ผู้เล่นเตะ,UI: ล็อบบี้/ออนไลน์/แรงก์/ผลแมตช์,503257|603530
503258,Click if you ready to play,คลิกหากคุณพร้อมที่จะเล่น,UI: ล็อบบี้/ออนไลน์/แรงก์/ผลแมตช์,503258
503259,Reset default game options,รีเซ็ตตัวเลือกเกมเริ่มต้น,UI: ล็อบบี้/ออนไลน์/แรงก์/ผลแมตช์,503259
503261,Maps,แผนที่,UI: ล็อบบี้/ออนไลน์/แรงก์/ผลแมตช์,503261
503283,KICK,เตะออก,UI: ล็อบบี้/ออนไลน์/แรงก์/ผลแมตช์,503283|508002|508025|508512|508520|509789|510013|510022|600798|600807|604764|604772
503284,Ready,พร้อม,UI: ล็อบบี้/ออนไลน์/แรงก์/ผลแมตช์,503284|508003|508023|508024|508033|508510|508511|508518|508519|509787|509797|510011|510021|600761|600790|600797|600806|603525|604763|604771
503296,Condition:,เงื่อนไข:,UI: ล็อบบี้/ออนไลน์/แรงก์/ผลแมตช์,503296|503298|503300|503302|503304
503297,WIN,ชนะ,UI: ล็อบบี้/ออนไลน์/แรงก์/ผลแมตช์,503297|503299|503301|503303|503305
503307,Victory Conditions:,เงื่อนไขชัยชนะ:,UI: ล็อบบี้/ออนไลน์/แรงก์/ผลแมตช์,503307
503308,Team,ทีม,UI: ล็อบบี้/ออนไลน์/แรงก์/ผลแมตช์,503308|508026|508507|509784|510008|600752|600756|604758|604792|604793
503309,All,ทั้งหมด,UI: ล็อบบี้/ออนไลน์/แรงก์/ผลแมตช์,503309|508027|508508|509785|510009|555176|561754|561757|561769|600757|600758|600824|600825|600826|600827|600828|600829|604755|604791|12000016
503310,IP:,ไอพี:,UI: ล็อบบี้/ออนไลน์/แรงก์/ผลแมตช์,503310|508526|509020
503504,CREATE GAME,สร้างเกม,UI: ล็อบบี้/ออนไลน์/แรงก์/ผลแมตช์,503504
503750,Join IP game:,เข้าร่วมเกม IP:,UI: ล็อบบี้/ออนไลน์/แรงก์/ผลแมตช์,503750|601750
503751,IP Address:,ที่อยู่ IP:,UI: ล็อบบี้/ออนไลน์/แรงก์/ผลแมตช์,503751|601751
503752,.,.,UI: ล็อบบี้/ออนไลน์/แรงก์/ผลแมตช์,503752|503753|503754|601752|601753|601754
503755,Port:,ท่าเรือ:,UI: ล็อบบี้/ออนไลน์/แรงก์/ผลแมตช์,503755|601755
504000,Relic Online Login,เข้าสู่ระบบ Relic Online,UI: ล็อบบี้/ออนไลน์/แรงก์/ผลแมตช์,504000|604250
504004,Login,เข้าสู่ระบบ,UI: ล็อบบี้/ออนไลน์/แรงก์/ผลแมตช์,504004|604253|604267
504005,Create Account,สร้างบัญชี,UI: ล็อบบี้/ออนไลน์/แรงก์/ผลแมตช์,504005|505008|603007|604254|701124
504006,Reset Password,รีเซ็ตรหัสผ่าน,UI: ล็อบบี้/ออนไลน์/แรงก์/ผลแมตช์,504006|510752|511752|562086|607502|607752|616252
504007,Remember Password,จำรหัสผ่าน,UI: ล็อบบี้/ออนไลน์/แรงก์/ผลแมตช์,504007|604257|604260
504500,Relic Online Service Agreement,ข้อตกลงการบริการออนไลน์ของที่ระลึก,UI: ล็อบบี้/ออนไลน์/แรงก์/ผลแมตช์,504500
504751,Relic Online Creation,การสร้างของที่ระลึกออนไลน์,UI: ล็อบบี้/ออนไลน์/แรงก์/ผลแมตช์,504751
505001,Email:,อีเมล:,UI: ล็อบบี้/ออนไลน์/แรงก์/ผลแมตช์,505001|511002|602504|603003
505002,Relic Online Account Creation,การสร้างบัญชีออนไลน์ของที่ระลึก,UI: ล็อบบี้/ออนไลน์/แรงก์/ผลแมตช์,505002|603010
505005,Product Key:,รหัสผลิตภัณฑ์:,UI: ล็อบบี้/ออนไลน์/แรงก์/ผลแมตช์,505005|510753|603002|607504
505006,Secret Question:,คำถามลับ:,UI: ล็อบบี้/ออนไลน์/แรงก์/ผลแมตช์,505006|511003|602502|603000
505007,Answer:,คำตอบ:,UI: ล็อบบี้/ออนไลน์/แรงก์/ผลแมตช์,505007|511004|602503|603001|607753
505009,Re-type Password:,พิมพ์รหัสผ่านอีกครั้ง:,UI: ล็อบบี้/ออนไลน์/แรงก์/ผลแมตช์,505009|603005
505010,Paste Key,วางคีย์,UI: ล็อบบี้/ออนไลน์/แรงก์/ผลแมตช์,505010|510754
505251,Change Password,เปลี่ยนรหัสผ่าน,UI: ล็อบบี้/ออนไลน์/แรงก์/ผลแมตช์,505251|509500|510500|604505|606250
505252,Edit Account Details,แก้ไขรายละเอียดบัญชี,UI: ล็อบบี้/ออนไลน์/แรงก์/ผลแมตช์,505252|604506
505256,Select Profile,เลือกโปรไฟล์,UI: ล็อบบี้/ออนไลน์/แรงก์/ผลแมตช์,505256
505258,Relic Online Profile Selection,การเลือกโปรไฟล์ออนไลน์ของที่ระลึก,UI: ล็อบบี้/ออนไลน์/แรงก์/ผลแมตช์,505258|604504
505259,Create New Profile,สร้างโปรไฟล์ใหม่,UI: ล็อบบี้/ออนไลน์/แรงก์/ผลแมตช์,505259|604501
505500,btn_FE_sm,btn_FE_sm,UI: ล็อบบี้/ออนไลน์/แรงก์/ผลแมตช์,505500
505502,btn_FE_med_18pt,btn_FE_med_18pt,UI: ล็อบบี้/ออนไลน์/แรงก์/ผลแมตช์,505502
505503,lb_Names,lb_Names,UI: ล็อบบี้/ออนไลน์/แรงก์/ผลแมตช์,505503
505504,lb_Titles,lb_Titles,UI: ล็อบบี้/ออนไลน์/แรงก์/ผลแมตช์,505504
505751,Create,สร้าง,UI: ล็อบบี้/ออนไลน์/แรงก์/ผลแมตช์,505751|607250
505753,Relic Online Profile Create,สร้างโปรไฟล์ออนไลน์ของที่ระลึก,UI: ล็อบบี้/ออนไลน์/แรงก์/ผลแมตช์,505753|607252
505754,New profile name:,ชื่อโปรไฟล์ใหม่:,UI: ล็อบบี้/ออนไลน์/แรงก์/ผลแมตช์,505754|607253
506002,Friends,เพื่อน,UI: ล็อบบี้/ออนไลน์/แรงก์/ผลแมตช์,506002|506504|561501|613762
506003,Show the list of pending friend request,แสดงรายการคำขอเป็นเพื่อนที่รอดำเนินการ,UI: ล็อบบี้/ออนไลน์/แรงก์/ผลแมตช์,506003
506004,Show ignored player list,แสดงรายการผู้เล่นที่ถูกละเว้น,UI: ล็อบบี้/ออนไลน์/แรงก์/ผลแมตช์,506004
506006,CHANNEL,ช่อง,UI: ล็อบบี้/ออนไลน์/แรงก์/ผลแมตช์,506006|603502
506007,ONLINE LOBBY,ล็อบบี้ออนไลน์,UI: ล็อบบี้/ออนไลน์/แรงก์/ผลแมตช์,506007|507021|507254|507500|507754|509259|509777|603760|611014
506008,Contacts,รายชื่อผู้ติดต่อ,UI: ล็อบบี้/ออนไลน์/แรงก์/ผลแมตช์,506008
506009,In Channel,ในช่อง,UI: ล็อบบี้/ออนไลน์/แรงก์/ผลแมตช์,506009
506019,Ignored,ละเว้น,UI: ล็อบบี้/ออนไลน์/แรงก์/ผลแมตช์,506019|561803
506020,Pending,รอดำเนินการ,UI: ล็อบบี้/ออนไลน์/แรงก์/ผลแมตช์,506020
506252,Option,ตัวเลือก,UI: ล็อบบี้/ออนไลน์/แรงก์/ผลแมตช์,506252
506500,UNIGNORE,ไม่สนใจ,UI: ล็อบบี้/ออนไลน์/แรงก์/ผลแมตช์,506500
506502,Relic Online Ignore List,รายการที่ละเว้นออนไลน์ Relic,UI: ล็อบบี้/ออนไลน์/แรงก์/ผลแมตช์,506502
506503,Blacklist,บัญชีดำ,UI: ล็อบบี้/ออนไลน์/แรงก์/ผลแมตช์,506503
506505,Relic Online Friend List,รายชื่อเพื่อนออนไลน์ที่ระลึก,UI: ล็อบบี้/ออนไลน์/แรงก์/ผลแมตช์,506505
506506,REMOVE FRIEND,ลบเพื่อน,UI: ล็อบบี้/ออนไลน์/แรงก์/ผลแมตช์,506506
506508,DECLINE,ปฏิเสธ,UI: ล็อบบี้/ออนไลน์/แรงก์/ผลแมตช์,506508
506509,Pending Requests,คำขอที่รอดำเนินการ,UI: ล็อบบี้/ออนไลน์/แรงก์/ผลแมตช์,506509|561802
506753,Status text!,ข้อความสถานะ!,UI: ล็อบบี้/ออนไลน์/แรงก์/ผลแมตช์,506753
506755,Read the latest Relic News,อ่านข่าวที่ระลึกล่าสุด,UI: ล็อบบี้/ออนไลน์/แรงก์/ผลแมตช์,506755
506756,NEWS,ข่าว,UI: ล็อบบี้/ออนไลน์/แรงก์/ผลแมตช์,506756|555150
506757,STATS,สถิติ,UI: ล็อบบี้/ออนไลน์/แรงก์/ผลแมตช์,506757|710268
506760,GAME,เกม,UI: ล็อบบี้/ออนไลน์/แรงก์/ผลแมตช์,506760
506761,"Game setup, Automatch, Join game.","การตั้งค่าเกม, ระบบอัตโนมัติ, เข้าร่วมเกม",UI: ล็อบบี้/ออนไลน์/แรงก์/ผลแมตช์,506761
506762,Chat Lobby.,ล็อบบี้แชท,UI: ล็อบบี้/ออนไลน์/แรงก์/ผลแมตช์,506762
506763,Set up  your game options and online options.,ตั้งค่าตัวเลือกเกมและตัวเลือกออนไลน์ของคุณ,UI: ล็อบบี้/ออนไลน์/แรงก์/ผลแมตช์,506763
506764,"Stats, ladder, player profile.",สถิติ บันได ประวัติผู้เล่น,UI: ล็อบบี้/ออนไลน์/แรงก์/ผลแมตช์,506764
506765,Log Off Online Lobby.,ออกจากระบบล็อบบี้ออนไลน์,UI: ล็อบบี้/ออนไลน์/แรงก์/ผลแมตช์,506765
506766,Title of Current Channel,ชื่อของช่องปัจจุบัน,UI: ล็อบบี้/ออนไลน์/แรงก์/ผลแมตช์,506766
506767,Title of Game Status,ชื่อสถานะของเกม,UI: ล็อบบี้/ออนไลน์/แรงก์/ผลแมตช์,506767
507000,Auto Match,จับคู่อัตโนมัติ,UI: ล็อบบี้/ออนไลน์/แรงก์/ผลแมตช์,507000|508767|509002
507019,Select automatic game matching,เลือกการจับคู่เกมอัตโนมัติ,UI: ล็อบบี้/ออนไลน์/แรงก์/ผลแมตช์,507019
507250,Play now!,เล่นเลย!,UI: ล็อบบี้/ออนไลน์/แรงก์/ผลแมตช์,507250
507251,WHAT'S NEW,มีอะไรใหม่,UI: ล็อบบี้/ออนไลน์/แรงก์/ผลแมตช์,507251|606751
507252,NEWS ARCHIVES,คลังข่าว,UI: ล็อบบี้/ออนไลน์/แรงก์/ผลแมตช์,507252
507253,ONLINE STATS,สถิติออนไลน์,UI: ล็อบบี้/ออนไลน์/แรงก์/ผลแมตช์,507253|606752
507255,NEWS : Under Construction,ข่าว : อยู่ระหว่างการก่อสร้าง,UI: ล็อบบี้/ออนไลน์/แรงก์/ผลแมตช์,507255
507256,Report Bug,รายงานข้อผิดพลาด,UI: ล็อบบี้/ออนไลน์/แรงก์/ผลแมตช์,507256
507501,STATS : Under Construction,สถานะ : อยู่ระหว่างการก่อสร้าง,UI: ล็อบบี้/ออนไลน์/แรงก์/ผลแมตช์,507501
507502,No matches found with that search criteria.,ไม่พบรายการที่ตรงกับเกณฑ์การค้นหานั้น,UI: ล็อบบี้/ออนไลน์/แรงก์/ผลแมตช์,507502|609507|617508
507503,Rank/Name,อันดับ/ชื่อ,UI: ล็อบบี้/ออนไลน์/แรงก์/ผลแมตช์,507503|600801|600814|609505|617506
507504,Viewing : None,กำลังดู : ไม่มี,UI: ล็อบบี้/ออนไลน์/แรงก์/ผลแมตช์,507504|609508|617509
507505,Sorting by: Wins,จัดเรียงตาม: ชนะ,UI: ล็อบบี้/ออนไลน์/แรงก์/ผลแมตช์,507505|609509|617510
507507,Wins,ชนะ,UI: ล็อบบี้/ออนไลน์/แรงก์/ผลแมตช์,507507|561507|608006|608018|608024|608038|609504|617008|617041|617053|617505
507508,Losses,แพ้,UI: ล็อบบี้/ออนไลน์/แรงก์/ผลแมตช์,507508|561508|608007|608019|608025|608039|609503|617012|617040|617054|617504|710006
507509,Streak,ชนะต่อเนื่อง,UI: ล็อบบี้/ออนไลน์/แรงก์/ผลแมตช์,507509|561509|608008|608040|609502|617039|617055|617503
507510,Please Wait...,โปรดรอ...,UI: ล็อบบี้/ออนไลน์/แรงก์/ผลแมตช์,507510|609506|617507
507511,Search,ค้นหา,UI: ล็อบบี้/ออนไลน์/แรงก์/ผลแมตช์,507511
507512,Lv 4,Lv 4,UI: ล็อบบี้/ออนไลน์/แรงก์/ผลแมตช์,507512|509791|509799|600755|600809|604508|608030|609501|609515|609520|617000|617001|617002|617006|617501|617514|617517
507750,Player Entry/Exit into Channel Alert,ผู้เล่นเข้า/ออกจากการแจ้งเตือนช่อง,UI: ล็อบบี้/ออนไลน์/แรงก์/ผลแมตช์,507750|603515|603753
507751,OPTIONS : Under Construction,ตัวเลือกสินค้า: อยู่ระหว่างการก่อสร้าง,UI: ล็อบบี้/ออนไลน์/แรงก์/ผลแมตช์,507751
507752,ONLINE OPTIONS,ตัวเลือกออนไลน์,UI: ล็อบบี้/ออนไลน์/แรงก์/ผลแมตช์,507752|603752
507753,GAME OPTIONS,ตัวเลือกเกม,UI: ล็อบบี้/ออนไลน์/แรงก์/ผลแมตช์,507753|603751
507755,Receive System Messages in Game,รับข้อความระบบในเกม,UI: ล็อบบี้/ออนไลน์/แรงก์/ผลแมตช์,507755|603754
507756,SYSTEM MESSAGES,ข้อความระบบ,UI: ล็อบบี้/ออนไลน์/แรงก์/ผลแมตช์,507756
507757,Track Friends into Game Lobbies,ติดตามเพื่อนเข้าสู่ล็อบบี้เกม,UI: ล็อบบี้/ออนไลน์/แรงก์/ผลแมตช์,507757|603755
507758,Track Friends in Games,ติดตามเพื่อนในเกม,UI: ล็อบบี้/ออนไลน์/แรงก์/ผลแมตช์,507758|603756
507759,Track Friends into Channels,ติดตามเพื่อนในช่อง,UI: ล็อบบี้/ออนไลน์/แรงก์/ผลแมตช์,507759|603757
507760,TRACKING FRIENDS,ติดตามเพื่อน,UI: ล็อบบี้/ออนไลน์/แรงก์/ผลแมตช์,507760
508004,WIN CONDITION,เงื่อนไขชัยชนะ,UI: ล็อบบี้/ออนไลน์/แรงก์/ผลแมตช์,508004
508007,Team1: ALLIES,ทีม 1: ฝ่ายสัมพันธมิตร,UI: ล็อบบี้/ออนไลน์/แรงก์/ผลแมตช์,508007|508525|509761|510026|604776
508009,1.,1.,UI: ล็อบบี้/ออนไลน์/แรงก์/ผลแมตช์,508009|508032|508516|508524|509793|509801|510017|510025|600799|600808|604766|604775|717040
508010,Lv4,Lv 4,UI: ล็อบบี้/ออนไลน์/แรงก์/ผลแมตช์,508010|508031|508515|508523|509757|509760|510016|510024|600800|600812|604767|604774
508011,Toggle Axis/Allies,สลับฝ่ายอักษะ/ฝ่ายสัมพันธมิตร,UI: ล็อบบี้/ออนไลน์/แรงก์/ผลแมตช์,508011
508012,WWWWWWWWWWWWWWWW,WWWWWWWWWWWWWWWW,UI: ล็อบบี้/ออนไลน์/แรงก์/ผลแมตช์,508012|508028|508029|508035|508513|508514|508521|508522|509790|509795|510014|510019|600796|600805|604761|604769|608036|617057
508013,Team2: AXIS,ทีม 2: ฝ่ายอักษะ,UI: ล็อบบี้/ออนไลน์/แรงก์/ผลแมตช์,508013|508517|509758|510018|604768
508014,Ticker Point Win,ทิกเกอร์พอยต์ชนะ,UI: ล็อบบี้/ออนไลน์/แรงก์/ผลแมตช์,508014
508251,Wins:,ชนะ:,UI: ล็อบบี้/ออนไลน์/แรงก์/ผลแมตช์,508251
508252,Super hero,ซุปเปอร์ฮีโร่,UI: ล็อบบี้/ออนไลน์/แรงก์/ผลแมตช์,508252|508274
508253,Streak:,สตรีค:,UI: ล็อบบี้/ออนไลน์/แรงก์/ผลแมตช์,508253
508254,Dismiss,ปิด,UI: ล็อบบี้/ออนไลน์/แรงก์/ผลแมตช์,508254|513000|602253|608000|609001|614032|617056|620501
508255,42,42,UI: ล็อบบี้/ออนไลน์/แรงก์/ผลแมตช์,508255|508273|508279
508256,0%,0%,UI: ล็อบบี้/ออนไลน์/แรงก์/ผลแมตช์,508256|508260|508271|508277|508282
508257,Win %:,ชนะ %:,UI: ล็อบบี้/ออนไลน์/แรงก์/ผลแมตช์,508257
508259,Losses:,การสูญเสีย:,UI: ล็อบบี้/ออนไลน์/แรงก์/ผลแมตช์,508259
508261,Rank:,อันดับ:,UI: ล็อบบี้/ออนไลน์/แรงก์/ผลแมตช์,508261
508263,Go to Stats Tab,ไปที่แท็บสถิติ,UI: ล็อบบี้/ออนไลน์/แรงก์/ผลแมตช์,508263
508264,Games Played:,เกมที่เล่น:,UI: ล็อบบี้/ออนไลน์/แรงก์/ผลแมตช์,508264
508265,Drops:,การทิ้งร่มส่งกำลังบำรุง:,UI: ล็อบบี้/ออนไลน์/แรงก์/ผลแมตช์,508265
508266,Percentile:,เปอร์เซ็นไทล์:,UI: ล็อบบี้/ออนไลน์/แรงก์/ผลแมตช์,508266
508268,Lv 01,Lv 01,UI: ล็อบบี้/ออนไลน์/แรงก์/ผลแมตช์,508268|508278
508269,Total,ทั้งหมด,UI: ล็อบบี้/ออนไลน์/แรงก์/ผลแมตช์,508269|710032|710079|710080|710081|710082
508284,1v1,1v1,UI: ล็อบบี้/ออนไลน์/แรงก์/ผลแมตช์,508284|508285|600025|600765|600810|603522|604511|605023|605029|605302|605315|610250|610258|613020|613027|613506|614500|704502|704511
508502,Open Observer Slots,เปิดช่องสังเกตการณ์,UI: ล็อบบี้/ออนไลน์/แรงก์/ผลแมตช์,508502|508788
508503,Record Game,บันทึกเกม,UI: ล็อบบี้/ออนไลน์/แรงก์/ผลแมตช์,508503|508789
508527,Max players:,ผู้เล่นสูงสุด:,UI: ล็อบบี้/ออนไลน์/แรงก์/ผลแมตช์,508527
508528,Timer,ตัวจับเวลา,UI: ล็อบบี้/ออนไลน์/แรงก์/ผลแมตช์,508528|509025
509000,Download Patch,ดาวน์โหลดแพทช์,UI: ล็อบบี้/ออนไลน์/แรงก์/ผลแมตช์,509000|601250
509004,$509004 No Key,$509004 No Key,UI: ล็อบบี้/ออนไลน์/แรงก์/ผลแมตช์,509004
509005,$509005 No Key,$509005 No Key,UI: ล็อบบี้/ออนไลน์/แรงก์/ผลแมตช์,509005
509006,$509006 No Key,$509006 No Key,UI: ล็อบบี้/ออนไลน์/แรงก์/ผลแมตช์,509006
509007,$509007 No Key,$509007 No Key,UI: ล็อบบี้/ออนไลน์/แรงก์/ผลแมตช์,509007
509011,Max Player,ผู้เล่นแม็กซ์,UI: ล็อบบี้/ออนไลน์/แรงก์/ผลแมตช์,509011
509013,Reset,รีเซ็ต,UI: ล็อบบี้/ออนไลน์/แรงก์/ผลแมตช์,509013
509014,GAME LIST,รายการเกม,UI: ล็อบบี้/ออนไลน์/แรงก์/ผลแมตช์,509014
509021,Max player:,ผู้เล่นสูงสุด:,UI: ล็อบบี้/ออนไลน์/แรงก์/ผลแมตช์,509021
509023,$509023 No Key,$509023 No Key,UI: ล็อบบี้/ออนไลน์/แรงก์/ผลแมตช์,509023
509250,MATCHMAKING...,การจับคู่...,UI: ล็อบบี้/ออนไลน์/แรงก์/ผลแมตช์,509250
509251,$509251 No Key,$509251 No Key,UI: ล็อบบี้/ออนไลน์/แรงก์/ผลแมตช์,509251
509252,$509252 No Key,$509252 No Key,UI: ล็อบบี้/ออนไลน์/แรงก์/ผลแมตช์,509252
509253,Race:,แข่ง:,UI: ล็อบบี้/ออนไลน์/แรงก์/ผลแมตช์,509253
509254,Status,สถานะ,UI: ล็อบบี้/ออนไลน์/แรงก์/ผลแมตช์,509254
509257,Select two maps to veto:,เลือกสองแผนที่เพื่อยับยั้ง:,UI: ล็อบบี้/ออนไลน์/แรงก์/ผลแมตช์,509257
509258,Match Type:,ประเภทการจับคู่:,UI: ล็อบบี้/ออนไลน์/แรงก์/ผลแมตช์,509258
509502,Relic Online Change Password,Relic Online เปลี่ยนรหัสผ่าน,UI: ล็อบบี้/ออนไลน์/แรงก์/ผลแมตช์,509502|510502|606252
509503,Current password:,รหัสผ่านปัจจุบัน:,UI: ล็อบบี้/ออนไลน์/แรงก์/ผลแมตช์,509503|510503|606253
509504,New Password:,รหัสผ่านใหม่:,UI: ล็อบบี้/ออนไลน์/แรงก์/ผลแมตช์,509504|510504|606254
509505,Re-type new password:,พิมพ์รหัสผ่านใหม่อีกครั้ง:,UI: ล็อบบี้/ออนไลน์/แรงก์/ผลแมตช์,509505|510505|606255
509763,Death rides a Panzer (Game Name),ความตายขี่ยานเกราะ (ชื่อเกม),UI: ล็อบบี้/ออนไลน์/แรงก์/ผลแมตช์,509763|510027|600779|604777
509764,Back to Game lobby,กลับไปที่ล็อบบี้เกม,UI: ล็อบบี้/ออนไลน์/แรงก์/ผลแมตช์,509764
509765,Friend,เพื่อน,UI: ล็อบบี้/ออนไลน์/แรงก์/ผลแมตช์,509765
509766,Rank,ยศ / อันดับ,UI: ล็อบบี้/ออนไลน์/แรงก์/ผลแมตช์,509766|561506|600044|603514|605027|605045|605306|605319|610254|610262|704509|704515
509768,Victory Ticker,ทิกเกอร์แห่งชัยชนะ,UI: ล็อบบี้/ออนไลน์/แรงก์/ผลแมตช์,509768|510031
509769,Starting Location,สถานที่เริ่มต้น,UI: ล็อบบี้/ออนไลน์/แรงก์/ผลแมตช์,509769|510032
509770,Starting Resources,ทรัพยากรเริ่มต้น,UI: ล็อบบี้/ออนไลน์/แรงก์/ผลแมตช์,509770|510033
509798,Nobody,ไม่มีใคร,UI: ล็อบบี้/ออนไลน์/แรงก์/ผลแมตช์,509798|604507
510028,The slot on the map this player will start at,ช่องบนแผนที่ที่ผู้เล่นนี้จะเริ่มต้นที่,UI: ล็อบบี้/ออนไลน์/แรงก์/ผลแมตช์,510028|604778
510034,Back to LAN lobby,กลับไปที่ล็อบบี้ LAN,UI: ล็อบบี้/ออนไลน์/แรงก์/ผลแมตช์,510034|604784
510250,Game Over,เกมโอเวอร์,UI: ล็อบบี้/ออนไลน์/แรงก์/ผลแมตช์,510250|608750
510750,Submit,ส่ง,UI: ล็อบบี้/ออนไลน์/แรงก์/ผลแมตช์,510750|511750|607500|607750
511005,Update Details,รายละเอียดการอัพเดท,UI: ล็อบบี้/ออนไลน์/แรงก์/ผลแมตช์,511005|602505
511250,Confirm Change,ยืนยันการเปลี่ยนแปลง,UI: ล็อบบี้/ออนไลน์/แรงก์/ผลแมตช์,511250
511252,Confirm Account Details Change,ยืนยันการเปลี่ยนแปลงรายละเอียดบัญชี,UI: ล็อบบี้/ออนไลน์/แรงก์/ผลแมตช์,511252
511253,Please enter you password to confirm the changes to your account:,กรุณากรอกรหัสผ่านเพื่อยืนยันการเปลี่ยนแปลงบัญชีของคุณ:,UI: ล็อบบี้/ออนไลน์/แรงก์/ผลแมตช์,511253
511501,ONLINE,ออนไลน์,UI: ล็อบบี้/ออนไลน์/แรงก์/ผลแมตช์,511501|606003
511503,DIRECT HOST,โฮสต์โดยตรง,UI: ล็อบบี้/ออนไลน์/แรงก์/ผลแมตช์,511503
511504,DIRECT JOIN,เข้าร่วมโดยตรง,UI: ล็อบบี้/ออนไลน์/แรงก์/ผลแมตช์,511504
511754,Your question:,คำถามของคุณ:,UI: ล็อบบี้/ออนไลน์/แรงก์/ผลแมตช์,511754|607754
512500,The game you are trying to enter is protected by a password. Please enter the password for this game.,เกมที่คุณกำลังพยายามเข้ามีการป้องกันด้วยรหัสผ่าน กรุณากรอกรหัสผ่านสำหรับเกมนี้,UI: ล็อบบี้/ออนไลน์/แรงก์/ผลแมตช์,512500|602003
512502,Accept Password,ยอมรับรหัสผ่าน,UI: ล็อบบี้/ออนไลน์/แรงก์/ผลแมตช์,512502
513001,Don't show these messages anymore,ไม่ต้องแสดงข้อความเหล่านี้อีกต่อไป,UI: ล็อบบี้/ออนไลน์/แรงก์/ผลแมตช์,513001
513501,Decline,ปฏิเสธ,UI: ล็อบบี้/ออนไลน์/แรงก์/ผลแมตช์,513501|605753
513502,Decide Later,ตัดสินใจในภายหลัง,UI: ล็อบบี้/ออนไลน์/แรงก์/ผลแมตช์,513502|605752
513503,Friend Request,คำขอเป็นเพื่อน,UI: ล็อบบี้/ออนไลน์/แรงก์/ผลแมตช์,513503|559069|605750
550001,Connecting,กำลังเชื่อมต่อ,UI: ล็อบบี้/ออนไลน์/แรงก์/ผลแมตช์,550001|555049
550002,Connecting to the game....,การเชื่อมต่อกับเกม....,UI: ล็อบบี้/ออนไลน์/แรงก์/ผลแมตช์,550002
550003,Could not connect to all players in the game.,ไม่สามารถเชื่อมต่อกับผู้เล่นทุกคนในเกมได้,UI: ล็อบบี้/ออนไลน์/แรงก์/ผลแมตช์,550003
550004,Disconnected from the game.,ถูกตัดการเชื่อมต่อจากเกม,UI: ล็อบบี้/ออนไลน์/แรงก์/ผลแมตช์,550004
550005,You have been disconnected from the game. Press OK to choose another game.,คุณถูกตัดการเชื่อมต่อจากเกม กดตกลงเพื่อเลือกเกมอื่น,UI: ล็อบบี้/ออนไลน์/แรงก์/ผลแมตช์,550005
550006,Invalid number of Players,จำนวนผู้เล่นไม่ถูกต้อง,UI: ล็อบบี้/ออนไลน์/แรงก์/ผลแมตช์,550006
550007,"You have chosen a map that can handle fewer players than are currently in the game, choose a map with %1PLAYERS% or more.",คุณได้เลือกแผนที่ที่สามารถรองรับผู้เล่นได้น้อยกว่าที่มีอยู่ในเกมในปัจจุบัน เลือกแผนที่ที่มี %1PLAYERS% หรือมากกว่า,UI: ล็อบบี้/ออนไลน์/แรงก์/ผลแมตช์,550007
550008,Error Starting Game,เกิดข้อผิดพลาดในการเริ่มเกม,UI: ล็อบบี้/ออนไลน์/แรงก์/ผลแมตช์,550008
550009,"There was an error starting the LAN game, check all settings and the game version, then try again.",มีข้อผิดพลาดในการเริ่มเกม LAN โปรดตรวจสอบการตั้งค่าทั้งหมดและเวอร์ชันเกม จากนั้นลองอีกครั้ง,UI: ล็อบบี้/ออนไลน์/แรงก์/ผลแมตช์,550009
550010,Incompatible game version,เวอร์ชันเกมที่เข้ากันไม่ได้,UI: ล็อบบี้/ออนไลน์/แรงก์/ผลแมตช์,550010
550011,"You have tried to join a game that is not compatible with the version you are running. Check that you have the same build, and the same command line arguments.",คุณได้พยายามเข้าร่วมเกมที่ไม่รองรับเวอร์ชันที่คุณกำลังใช้งานอยู่ ตรวจสอบว่าคุณมีบิลด์เดียวกันและมีอาร์กิวเมนต์บรรทัดคำสั่งเหมือนกัน,UI: ล็อบบี้/ออนไลน์/แรงก์/ผลแมตช์,550011
550012,Disconnecting,กำลังตัดการเชื่อมต่อ,UI: ล็อบบี้/ออนไลน์/แรงก์/ผลแมตช์,550012
550013,Shutting down the game...,กำลังปิดเกม...,UI: ล็อบบี้/ออนไลน์/แรงก์/ผลแมตช์,550013
550014,Host Changed,โฮสต์มีการเปลี่ยนแปลง,UI: ล็อบบี้/ออนไลน์/แรงก์/ผลแมตช์,550014
550015,"The host has left, and you have become the new host.",โฮสต์จากไปแล้ว และคุณได้กลายเป็นโฮสต์ใหม่,UI: ล็อบบี้/ออนไลน์/แรงก์/ผลแมตช์,550015
550016,Joining IP game,เข้าร่วมเกม IP,UI: ล็อบบี้/ออนไลน์/แรงก์/ผลแมตช์,550016
550017,"Please wait, joining the direct IP game.",กรุณารอสักครู่ เข้าร่วมเกม IP โดยตรง,UI: ล็อบบี้/ออนไลน์/แรงก์/ผลแมตช์,550017
550018,Join Failed,เข้าร่วมล้มเหลว,UI: ล็อบบี้/ออนไลน์/แรงก์/ผลแมตช์,550018
550019,An error occurred while trying to join the direct IP game.,เกิดข้อผิดพลาดขณะพยายามเข้าร่วมเกม IP โดยตรง,UI: ล็อบบี้/ออนไลน์/แรงก์/ผลแมตช์,550019
550020,Hosting Network Error,ข้อผิดพลาดเครือข่ายโฮสติ้ง,UI: ล็อบบี้/ออนไลน์/แรงก์/ผลแมตช์,550020
550021,An error occurred while trying to host a game. Restart the game and try again.,เกิดข้อผิดพลาดขณะพยายามโฮสต์เกม รีสตาร์ทเกมแล้วลองอีกครั้ง,UI: ล็อบบี้/ออนไลน์/แรงก์/ผลแมตช์,550021
550022,No win conditions are set. Please set at least one win condtion before continuing.,ไม่มีการกำหนดเงื่อนไขการชนะ โปรดตั้งค่าเงื่อนไขการชนะอย่างน้อยหนึ่งข้อก่อนดำเนินการต่อ,UI: ล็อบบี้/ออนไลน์/แรงก์/ผลแมตช์,550022
550023,The scenario you selected is invalid. Please select a valid scenario.,สถานการณ์ที่คุณเลือกไม่ถูกต้อง โปรดเลือกสถานการณ์ที่ถูกต้อง,UI: ล็อบบี้/ออนไลน์/แรงก์/ผลแมตช์,550023
550024,There aren't enough teams to start a game.,มีทีมไม่เพียงพอที่จะเริ่มเกม,UI: ล็อบบี้/ออนไลน์/แรงก์/ผลแมตช์,550024
550025,One of the players has not selected a race. Please ensure all players have selected a proper race to play.,ผู้เล่นคนหนึ่งยังไม่ได้เลือกการแข่งขัน โปรดตรวจสอบให้แน่ใจว่าผู้เล่นทุกคนได้เลือกการแข่งขันที่เหมาะสมในการเล่น,UI: ล็อบบี้/ออนไลน์/แรงก์/ผลแมตช์,550025
550026,This game requires a remote player to start.,เกมนี้ต้องใช้ผู้เล่นระยะไกลเพื่อเริ่ม,UI: ล็อบบี้/ออนไลน์/แรงก์/ผลแมตช์,550026
550027,Quit the game.,ออกจากเกม,UI: ล็อบบี้/ออนไลน์/แรงก์/ผลแมตช์,550027
550028,Are you sure you want to quit?,คุณแน่ใจหรือว่าต้องการเลิก?,UI: ล็อบบี้/ออนไลน์/แรงก์/ผลแมตช์,550028
550029,Looking up player statistics...,กำลังค้นหาสถิติผู้เล่น...,UI: ล็อบบี้/ออนไลน์/แรงก์/ผลแมตช์,550029
550030,Failed to look up player statistics.,ไม่สามารถค้นหาสถิติผู้เล่นได้,UI: ล็อบบี้/ออนไลน์/แรงก์/ผลแมตช์,550030
550031,Patch Required,จำเป็นต้องมีโปรแกรมแก้ไข,UI: ล็อบบี้/ออนไลน์/แรงก์/ผลแมตช์,550031
550032,"A patch is required to play online, the download is %1NUMMB%MB. Do you wish to download now?",จำเป็นต้องมีแพตช์เพื่อเล่นออนไลน์ ดาวน์โหลดได้ %1NUMMB%MB คุณต้องการดาวน์โหลดตอนนี้หรือไม่?,UI: ล็อบบี้/ออนไลน์/แรงก์/ผลแมตช์,550032
550033,Patch Download Failed,การดาวน์โหลดแพทช์ล้มเหลว,UI: ล็อบบี้/ออนไลน์/แรงก์/ผลแมตช์,550033
550034,"The patch download has failed, returning to the main menu. Please try again later.",การดาวน์โหลดแพตช์ล้มเหลว กำลังกลับสู่เมนูหลัก โปรดลองอีกครั้งในภายหลัง,UI: ล็อบบี้/ออนไลน์/แรงก์/ผลแมตช์,550034
550035,Patch Download Failed To Start,การดาวน์โหลดแพทช์ล้มเหลวในการเริ่มต้น,UI: ล็อบบี้/ออนไลน์/แรงก์/ผลแมตช์,550035
550036,"The patch download has failed to start, returning to the main menu.",การดาวน์โหลดแพตช์ล้มเหลวในการเริ่มต้น กำลังกลับสู่เมนูหลัก,UI: ล็อบบี้/ออนไลน์/แรงก์/ผลแมตช์,550036
550037,Patch Download Completed,ดาวน์โหลดแพทช์เสร็จสมบูรณ์,UI: ล็อบบี้/ออนไลน์/แรงก์/ผลแมตช์,550037
550038,The patch has downloaded successfully. Press OK to quit the game and automatically apply the patch.,ดาวน์โหลดแพตช์สำเร็จแล้ว กดตกลงเพื่อออกจากเกมและใช้แพตช์โดยอัตโนมัติ,UI: ล็อบบี้/ออนไลน์/แรงก์/ผลแมตช์,550038
550039,Cancel Patch Download?,ยกเลิกการดาวน์โหลดแพตช์ใช่ไหม,UI: ล็อบบี้/ออนไลน์/แรงก์/ผลแมตช์,550039
550040,You will not be able to use Relic Online until this patch has been applied. Continue cancelling the patch download?,คุณจะไม่สามารถใช้ Relic Online ได้จนกว่าจะมีการใช้แพตช์นี้ ยกเลิกการดาวน์โหลดแพตช์ต่อไปหรือไม่,UI: ล็อบบี้/ออนไลน์/แรงก์/ผลแมตช์,550040
550041,You cannot start the game with unfilled slots. Close any currently open slots and try again.,คุณไม่สามารถเริ่มเกม็อด้วยช่องที่ยังไม่ได้เติมได้ ปิดช่องที่เปิดอยู่ในปัจจุบันแล้วลองอีกครั้ง,UI: ล็อบบี้/ออนไลน์/แรงก์/ผลแมตช์,550041
550042,Game Name Inappropriate,ชื่อเกมไม่เหมาะสม,UI: ล็อบบี้/ออนไลน์/แรงก์/ผลแมตช์,550042
550043,The game name you have entered is inappropriate for a multiplayer game.,ชื่อเกมที่คุณป้อนไม่เหมาะสมสำหรับเกมที่มีผู้เล่นหลายคน,UI: ล็อบบี้/ออนไลน์/แรงก์/ผลแมตช์,550043
550044,Network Error,ข้อผิดพลาดของเครือข่าย,UI: ล็อบบี้/ออนไลน์/แรงก์/ผลแมตช์,550044
550045,An error has occurred with the network system,เกิดข้อผิดพลาดกับระบบเครือข่าย,UI: ล็อบบี้/ออนไลน์/แรงก์/ผลแมตช์,550045
550046,Notice,ประกาศ,UI: ล็อบบี้/ออนไลน์/แรงก์/ผลแมตช์,550046|555448|555450|555452|559082|559142|562000|562014|562020|562050|562052|562060|562072|562080|562090|562100|562110|562115|562120|562122|562124|562126|562128|562130|563110|563196
550047,You do not have enough diskspace on your hard disk to download the patch. Please free up some disk space and try again.,คุณมีพื้นที่ว่างในฮาร์ดดิสก์ไม่เพียงพอในการดาวน์โหลดแพตช์ โปรดเพิ่มพื้นที่ว่างในดิสก์แล้วลองอีกครั้ง,UI: ล็อบบี้/ออนไลน์/แรงก์/ผลแมตช์,550047
550050,Game is full,เกมเต็มแล้ว,UI: ล็อบบี้/ออนไลน์/แรงก์/ผลแมตช์,550050|550113
550051,You have been banned from this game,คุณถูกแบนจากเกมนี้,UI: ล็อบบี้/ออนไลน์/แรงก์/ผลแมตช์,550051
550052,You have been kicked from this game,คุณถูกเตะออกจากเกมนี้,UI: ล็อบบี้/ออนไลน์/แรงก์/ผลแมตช์,550052
550053,You have timed out,คุณหมดเวลาแล้ว,UI: ล็อบบี้/ออนไลน์/แรงก์/ผลแมตช์,550053
550060,%1PLAYER% has left the game,%1PLAYER% ออกจากเกมแล้ว,UI: ล็อบบี้/ออนไลน์/แรงก์/ผลแมตช์,550060
550061,%1PLAYER% has been kicked from the game,%1PLAYER% ถูกเตะออกจากเกม,UI: ล็อบบี้/ออนไลน์/แรงก์/ผลแมตช์,550061
550062,%1PLAYER% has left (timeout),%1PLAYER% ออกไปแล้ว (หมดเวลา),UI: ล็อบบี้/ออนไลน์/แรงก์/ผลแมตช์,550062
550063,Wrong password provided.,ระบุรหัสผ่านผิด,UI: ล็อบบี้/ออนไลน์/แรงก์/ผลแมตช์,550063
550064,A new version of the game is now available. Press OK to quit the game and then restart Steam to download the update.,ขณะนี้มีเวอร์ชันใหม่ของเกมแล้ว กด ตกลง เพื่อออกจากเกม จากนั้นรีสตาร์ท Steam เพื่อดาวน์โหลดการอัปเดต,UI: ล็อบบี้/ออนไลน์/แรงก์/ผลแมตช์,550064
550100,This match no longer exists,การแข่งขันนี้ไม่มีอยู่แล้ว,UI: ล็อบบี้/ออนไลน์/แรงก์/ผลแมตช์,550100
550101,The host did not respond to the connect request,โฮสต์ไม่ตอบสนองต่อการร้องขอการเชื่อมต่อ,UI: ล็อบบี้/ออนไลน์/แรงก์/ผลแมตช์,550101
550102,Connection to the host timed out,การเชื่อมต่อกับโฮสต์หมดเวลา,UI: ล็อบบี้/ออนไลน์/แรงก์/ผลแมตช์,550102
550103,Unable to contact the online server,ไม่สามารถติดต่อเซิร์ฟเวอร์ออนไลน์ได้,UI: ล็อบบี้/ออนไลน์/แรงก์/ผลแมตช์,550103
550104,A NAT negotiation failure occurred. Unable to connect to %1PLAYERLIST%,เกิดความล้มเหลวในการเจรจา NAT ไม่สามารถเชื่อมต่อกับ %1PLAYERLIST%,UI: ล็อบบี้/ออนไลน์/แรงก์/ผลแมตช์,550104
550105,Wrong password provided,ระบุรหัสผ่านผิด,UI: ล็อบบี้/ออนไลน์/แรงก์/ผลแมตช์,550105
550106,The hosts devmode setting is different from yours,การตั้งค่า devmode โฮสต์แตกต่างจากของคุณ,UI: ล็อบบี้/ออนไลน์/แรงก์/ผลแมตช์,550106
550107,The host of the game is using a different mod than you,โฮสต์ของเกมกำลังใช้ม็อดที่แตกต่างจากคุณ,UI: ล็อบบี้/ออนไลน์/แรงก์/ผลแมตช์,550107|550110
550108,Wrong version. The host of the game is using a different mod version than you,ผิดเวอร์ชั่น. โฮสต์ของเกมกำลังใช้ mod เวอร์ชันที่แตกต่างจากคุณ,UI: ล็อบบี้/ออนไลน์/แรงก์/ผลแมตช์,550108
550109,Wrong version. The host of the game is using a different application version than you.,ผิดเวอร์ชั่น. โฮสต์ของเกมกำลังใช้แอปพลิเคชันเวอร์ชันที่แตกต่างจากคุณ,UI: ล็อบบี้/ออนไลน์/แรงก์/ผลแมตช์,550109
550111,Wrong version. The host of the game is using a different mod dll version than you,ผิดเวอร์ชั่น. โฮสต์ของเกมใช้ mod dll เวอร์ชันที่แตกต่างจากคุณ,UI: ล็อบบี้/ออนไลน์/แรงก์/ผลแมตช์,550111
550112,Wrong version. The host of the game is using different product data than you,ผิดเวอร์ชั่น. โฮสต์ของเกมใช้ข้อมูลผลิตภัณฑ์ที่แตกต่างจากคุณ,UI: ล็อบบี้/ออนไลน์/แรงก์/ผลแมตช์,550112
550114,The name you are trying to use is already in the game,ชื่อที่คุณพยายามใช้มีอยู่แล้วในเกม,UI: ล็อบบี้/ออนไลน์/แรงก์/ผลแมตช์,550114
550115,The host of the game is ignoring you,โฮสต์ของเกมกำลังเพิกเฉยต่อคุณ,UI: ล็อบบี้/ออนไลน์/แรงก์/ผลแมตช์,550115
550116,The game is currently being started,เกมดังกล่าวกำลังเริ่มต้นอยู่ในขณะนี้,UI: ล็อบบี้/ออนไลน์/แรงก์/ผลแมตช์,550116
550117,You do not have access to the selected game options.\nOne of these actions will allow access:,"คุณไม่สามารถเข้าถึงตัวเลือกเกมที่เลือก
หนึ่งในการดำเนินการเหล่านี้จะอนุญาตให้เข้าถึง:",UI: ล็อบบี้/ออนไลน์/แรงก์/ผลแมตช์,550117
550118,Join selected game,เข้าร่วมเกมที่เลือก,UI: ล็อบบี้/ออนไลน์/แรงก์/ผลแมตช์,550118|605279
550119,Select a game,เลือกเกม,UI: ล็อบบี้/ออนไลน์/แรงก์/ผลแมตช์,550119
550120,Unable to join game. You are currently banned.,ไม่สามารถเข้าร่วมเกมได้ ขณะนี้คุณถูกแบน,UI: ล็อบบี้/ออนไลน์/แรงก์/ผลแมตช์,550120
550121,Unable to join game. You or someone in your party is currently banned.,ไม่สามารถเข้าร่วมเกมได้ คุณหรือใครบางคนในปาร์ตี้ของคุณถูกแบนอยู่ในขณะนี้,UI: ล็อบบี้/ออนไลน์/แรงก์/ผลแมตช์,550121
550122,Unable to join game. The host is currently banned.,ไม่สามารถเข้าร่วมเกมได้ ขณะนี้โฮสต์ถูกแบน,UI: ล็อบบี้/ออนไลน์/แรงก์/ผลแมตช์,550122
551000,New Player Information,ข้อมูลผู้เล่นใหม่,UI: ล็อบบี้/ออนไลน์/แรงก์/ผลแมตช์,551000|551002|551004|551006|551008|551010|551012|551014|551016|551018
551001,"Welcome to the Company of Heroes news page! Here you'll find the latest updates on everything related to Company of Heroes, such as the release of new maps, balance tweaks, and patches. You'll also find exciting announcements for other great Relic titles. Remember, if you don't see it here - it isn't official Company of Heroes news!",ยินดีต้อนรับสู่หน้าข่าว Company of Heroes! ที่นี่คุณจะได้พบกับการอัปเดตล่าสุดเกี่ยวกับทุกสิ่งที่เกี่ยวข้องกับ Company of Heroes เช่น การเปิดตัวแผนที่ใหม่ การปรับสม็อดุล และแพตช์ นอกจากนี้คุณยังจะพบกับประกาศที่น่าตื่นเต้นสำหรับเกม Relic ที่ยอดเยี่ยมอื่นๆ อีกด้วย โปรดจำไว้ว่า หากคุณไม่เห็นที่นี่ - นั่นไม่ใช่ข่าว Company of Heroes อย่างเป็นทางการ!,UI: ล็อบบี้/ออนไลน์/แรงก์/ผลแมตช์,551001
551003,"The Chat tab is the hub of your Company of Heroes experience. Using an IRC-style interface, you can see who is in a channel at any particular time. The best thing about Chat? You can use it at any time, even while waiting for a Ranked Match to begin. No need to worry about losing your Ranked Match session - just set your parameters, then come in here and Chat away until the game starts. ",แท็บแชทเป็นศูนย์กลางประสบการณ์ Company of Heroes ของคุณ เมื่อใช้อินเทอร์เฟซแบบ IRC คุณจะสามารถดูได้ว่าใครอยู่ในช่องใดเวลาหนึ่งโดยเฉพาะ สิ่งที่ดีที่สุดเกี่ยวกับการแชท? คุณสามารถใช้มันได้ตลอดเวลา แม้ในขณะที่รอการแข่งขันจัดอันดับเริ่มต้นก็ตาม ไม่ต้องกังวลกับการสูญเสียเซสชั่นการแข่งขันจัดอันดับ เพียงแค่ตั้งค่าพารามิเตอร์ของคุณ จากนั้นเข้ามาที่นี่และพูดคุยจนกว่าเกมจะเริ่มต้น,UI: ล็อบบี้/ออนไลน์/แรงก์/ผลแมตช์,551003
551005,"Setting up a multiplayer game couldn't be easier, thanks to the Game Setup tab. Here you can choose the map, set victory conditions, leave open slots available for other players to join - even check their spec rating to ensure that the game won't slow down due to a bad connection. With a chat window available, you can talk smack until the game starts.",การตั้งค่าเกมแบบผู้เล่นหลายคนทำได้ง่ายกว่าที่เคย ด้วยแท็บการตั้งค่าเกม ที่นี่คุณสามารถเลือกแผนที่ กำหนดเงื่อนไขชัยชนะ ปล่อยให้ผู้เล่นคนอื่น ๆ สามารถเข้าร่วมได้ แม้กระทั่งตรวจสอบคะแนนสเป็คเพื่อให้แน่ใจว่าเกมจะไม่ช้าลงเนื่องจากการเชื่อมต่อที่ไม่ดี ด้วยหน้าต่างแชท คุณสามารถพูดคุยได้จนกว่าเกมจะเริ่ม,UI: ล็อบบี้/ออนไลน์/แรงก์/ผลแมตช์,551005
551007,"Listings of games are displayed here. Each game shows the map name, number of players already connected to that game, the maximum number of players for that map, and the average ping of the players connected to that game.",รายชื่อเกมจะแสดงที่นี่ แต่ละเกมจะแสดงชื่อแผนที่ จำนวนผู้เล่นที่เชื่อมต่อกับเกมนั้นแล้ว จำนวนผู้เล่นสูงสุดสำหรับแผนที่นั้น และค่า Ping เฉลี่ยของผู้เล่นที่เชื่อมต่อกับเกมนั้น,UI: ล็อบบี้/ออนไลน์/แรงก์/ผลแมตช์,551007
551009,"The Statistics screen contains the leaderboards for every permutation you can think of. 1v1 all the way to 4v4, Axis vs Allies, Everyone vs Friends.","หน้าจอสถิติประกอบด้วยกระดานผู้นำสำหรับการเรียงสับเปลี่ยนทุกอย่างที่คุณนึกออก 1v1 ไปจนถึง 4v4, Axis vs Allies, ทุกคน vs Friends",UI: ล็อบบี้/ออนไลน์/แรงก์/ผลแมตช์,551009
551011,The Options screen allows you to turn on and off information boxes.,หน้าจอตัวเลือกช่วยให้คุณสามารถเปิดและปิดกล่องข้อมูลได้,UI: ล็อบบี้/ออนไลน์/แรงก์/ผลแมตช์,551011
551013,"When creating a game, you can elect to leave it open or use password protection so only approved players can enter your private session.",เมื่อสร้างเกม คุณสามารถเลือกที่จะเปิดเกมทิ้งไว้หรือใช้การป้องกันด้วยรหัสผ่านเพื่อให้เฉพาะผู้เล่นที่ได้รับอนุมัติเท่านั้นที่สามารถเข้าสู่เซสชันส่วนตัวของคุณได้,UI: ล็อบบี้/ออนไลน์/แรงก์/ผลแมตช์,551013
551015,"Automatches create games that match players of similar skill, and these games affect online rankings. You can see how many players are looking for a Ranked Match, and can let the system know Preferred Maps, Match Type, and Army preferences. After clicking on Start to accept, you can use the other tabs at the top of the screen and when a Ranked Match is found, you'll automatically enter the gameplay session.",ระบบอัตโนมัติจะสร้างเกมที่จับคู่ผู้เล่นที่มีทักษะคล้ายกัน และเกมเหล่านี้จะส่งผลต่อการจัดอันดับออนไลน์ คุณสามารถดูจำนวนผู้เล่นที่กำลังมองหาการแข่งขันจัดอันดับ และสามารถแจ้งให้ระบบทราบแผนที่ที่ต้องการ ประเภทการจับคู่ และการตั้งค่ากองทัพได้ หลังจากคลิกที่เริ่มเพื่อยอมรับ คุณสามารถใช้แท็บอื่นๆ ที่ด้านบนของหน้าจอได้ และเมื่อพบการจับคู่จัดอันดับ คุณจะเข้าสู่เซสชั่นการเล่นเกมโดยอัตโนมัติ,UI: ล็อบบี้/ออนไลน์/แรงก์/ผลแมตช์,551015
551017,"The Game History screen is where you can manage all the information gathered about games you have played. This includes saved games from both the campaigns and skirmishes, as well as any replays you have saved or downloaded.",หน้าจอประวัติเกมเป็นที่ที่คุณสามารถจัดการข้อมูลทั้งหมดที่รวบรวมเกี่ยวกับเกมที่คุณเล่นได้ ซึ่งรวมถึงเกมที่บันทึกไว้จากทั้งแคมเปญและศึกประจัญบาน รวมถึงรีเพลย์ที่คุณบันทึกหรือดาวน์โหลด,UI: ล็อบบี้/ออนไลน์/แรงก์/ผลแมตช์,551017
551019,"The Rewards screen displays all the medals, awards and unlockable units you have earned. You can swap out unlockable units for existing units to change your Army's strategy within Classic multiplayer matches.",หน้าจอรางวัลจะแสดงเหรียญรางวัล รางวัล และยูนิตที่สามารถปลดล็อคทั้งหมดที่คุณได้รับ คุณสามารถสลับยูนิตที่ปลดล็อคได้สำหรับยูนิตที่มีอยู่เพื่อเปลี่ยนกลยุทธ์ของกองทัพภายในแมตช์ผู้เล่นหลายคนแบบคลาสสิก,UI: ล็อบบี้/ออนไลน์/แรงก์/ผลแมตช์,551019
551021,Instructions,คำแนะนำ,UI: ล็อบบี้/ออนไลน์/แรงก์/ผลแมตช์,551021|551023|551025|551027|600847
551022,"Stonewall Objective:\n- You and your team must defend your HQ against successive waves of enemies of increasing difficulty.\n\nResources: \n- Players will obtain resources by defeating the invading enemy units, with more powerful units providing a higher resource value. \n- From time to time, players will receive a free ability for surviving various waves, these abilities only have one use so use them wisely! \n\nSpawning Buildings: \n- The structure in the middle of the map can be used to build and upgrade units. \n- Outpost buildings along the perimeter can provide limited production support, and possess limited reinforcement capabilities. \n- Outpost buildings can provide healing for your units, +10 extra population cap, or a continual manpower bonus. \n- If there is more than one player the outpost buildings will be owned by nobody – the players must decide amongst themselves who will capture each building. \n\nOpposition: \n- As the waves wear on, stronger and deadlier enemies will appear. \n- As the difficulty increases the invaders will come in greater numbers and in multiple directions as well. \n- As each new wave type appears, a warning message and indicator will also appear, informing the player of where the next attack will come from.","วัตถุประสงค์ของ Stonewall:
- คุณและทีมของคุณจะต้องปกป้องกองบัญชาการ จากคลื่นศัตรูที่บุกเข้ามาอย่างต่อเนื่องซึ่งมีความยากเพิ่มขึ้นเรื่อยๆ

ทรัพยากร: 
- ผู้เล่นจะได้รับทรัพยากรจากการกำจัดยูนิตศัตรูที่บุกเข้ามา โดยยูนิตที่ทรงพลังกว่าจะให้ทรัพยากรที่สูงกว่า 
- ในบางครั้ง ผู้เล่นจะได้รับสกิลกดใช้ฟรีเมื่อเอาชีวิตรอดจากระลอกต่างๆ สกิลเหล่านี้ใช้ได้เพียงครั้งเดียว ดังนั้นจงใช้มันอย่างคุ้มค่า! 

สิ่งปลูกสร้างฐานผลิต: 
- โครงสร้างตรงกลางแผนที่สามารถใช้สร้างและอัปเกรดยูนิตได้ 
- อาคารด่านหน้าตามแนวรอบนอกสามารถให้การสนับสนุนการผลิตที่จำกัด และเสริมกำลังพลได้จำกัด 
- อาคารด่านหน้าสามารถฟื้นฟูพลังชีวิตยูนิตของคุณ เพิ่มขีดจำกัดประชากรพิเศษ +10 หรือให้โบนัสกำลังพลอย่างต่อเนื่อง 
- หากมีผู้เล่นมากกว่าหนึ่งคน อาคารด่านหน้าจะไม่มีใครเป็นเจ้าของ – ผู้เล่นจะต้องตกลงกันเองว่าใครจะเข้ายึดอาคารแต่ละหลัง 

กองกำลังข้าศึก: 
- เมื่อผ่านระลอกคลื่นไป ศัตรูที่แข็งแกร่งและอันตรายยิ่งขึ้นจะปรากฏตัวขึ้น 
- เมื่อความยากเพิ่มขึ้น ผู้บุกรุกจะเข้ามาเป็นจำนวนมากขึ้นและเข้าตีจากหลายทิศทาง 
- เมื่อคลื่นศัตรูประเภทใหม่ปรากฏขึ้น ข้อความเตือนและสัญลักษณ์แจ้งเตือนจะแสดงขึ้น เพื่อบอกให้ผู้เล่นทราบว่าการโจมตีครั้งต่อไปจะมาจากทิศทางใด",UI: ล็อบบี้/ออนไลน์/แรงก์/ผลแมตช์,551022
551024,"Panzerkrieg Objective: \n- Go head to head against your foes in Panzerkrieg controlling a single tank. Kill your enemies in order to lower their victory point score. The more formidable your foe, the more Victory Points he will lose for his team after his tank is destroyed. \n\nPick your Tank Ace:\n- Each tank contains different abilities and upgrades, so choose the Tank Ace that best suits your play style. Dominate the field, massacre lowly infantry and watch as your friends flee in terror.\n\nControl the Battlefield: \n- Capture victory points and hold them to slowly chip away at your victory point score. It may not be the most glorious route to victory, but losing isn't so glorious either. \n- In addition to bringing your victory point counter down, each victory point under your control grants access to helpful abilities for controlling the map.\n\n- Control the Mortar Bunker to drop artillery on the battlefield. \n -Capture the Radio Tower for Off-Map Support.\n- Command the Infantry Victory Point to gain access to a more diverse set of Infantry Reinforcements.","เป้าหมายของ Panzerkrieg: 
- เผชิญหน้ากับศัตรูแบบตัวต่อตัวใน Panzerkrieg โดยควบคุมรถถังเพียงคันเดียว ฆ่าศัตรูของคุณเพื่อลดคะแนนชัยชนะของพวกเขา ยิ่งศัตรูของคุณน่ากลัวมากเท่าไร เขาก็จะสูญเสียคะแนนชัยชนะให้กับทีมมากขึ้นเท่านั้นหลังจากที่รถถังของเขาถูกทำลาย 

เลือก Tank Ace ของคุณ:
- รถถังแต่ละคันมีความสามารถและการอัพเกรดที่แตกต่างกัน ดังนั้นเลือก Tank Ace ที่เหมาะกับสไตล์การเล่นของคุณมากที่สุด ยึดครองสนาม สังหารหมู่ทหารราบที่ต่ำต้อย และดูเพื่อนของคุณหลบหนีด้วยความหวาดกลัว 

ควบคุมสนามรบ: 
- ยึดครองคะแนนชัยชนะและยึดไว้เพื่อค่อยๆ ชิปคะแนนชัยชนะของคุณออกไป อาจไม่ใช่เส้นทางสู่ชัยชนะที่รุ่งโรจน์ที่สุด แต่การพ่ายแพ้ก็ไม่รุ่งโรจน์เช่นกัน 
- นอกเหนือจากการลดคะแนนชัยชนะลงแล้ว แต่ละคะแนนชัยชนะภายใต้การควบคุมของคุณยังมอบการเข้าถึงความสามารถที่เป็นประโยชน์ในการควบคุมแผนที่ 

- ควบคุม Mortar Bunker เพื่อทิ้งปืนใหญ่ในสนามรบ 
 -ยึด Radio Tower เพื่อรับการสนับสนุนนอกแผนที่ 
- สั่งการคะแนนชัยชนะของทหารราบเพื่อเข้าถึงชุดกำลังเสริมทหารราบที่หลากหลายมากขึ้น",UI: ล็อบบี้/ออนไลน์/แรงก์/ผลแมตช์,551024
551026,"Assault Objective:\n- Push against your opponents defenses and help your Soldiers win victories to reach the enemy HQ.\n- Destroy the enemy HQ complex.\n\nUnits:\n- Play as a Hero and choose from a Commando, Heavy Weapons Specialist, Medic, Recon, Engineer/Pioneer, Officer, and Sniper.\n- Each unit contains its own unique collection of active and passive abilities.\n\nLevel Progression:\n- Players may level up their Heroes by defeating enemy soldiers and vehicles.\n- As Heroes gain levels the player will be granted resource to improve their Hero.\n- Players may change their Hero choice upon death, retaining all levels and upgrades earned.","วัตถุประสงค์การโจมตี:
- ผลักดันการป้องกันของฝ่ายตรงข้ามและช่วยให้ทหารของคุณได้รับชัยชนะเพื่อไปถึงกองบัญชาการของศัตรู 
- ทำลายศูนย์บัญชาการของศัตรู 

หน่วย:
- เล่นเป็นฮีโร่และเลือกจากหน่วยคอมมานโด ผู้เชี่ยวชาญด้านอาวุธหนัก แพทย์ หน่วยลาดตระเวน ทหารช่างสนาม/ผู้บุกเบิก เจ้าหน้าที่ และนักแม่นปืน
- แต่ละหน่วยจะมีหน่วยของตัวเอง คอลเลกชันที่เป็นเอกลักษณ์ของความสามารถทั้งแบบแอคทีฟและพาสซีฟ

ความก้าวหน้าระดับ:
- ผู้เล่นอาจเพิ่มเลเวลฮีโร่ของตนได้โดยการเอาชนะทหารและยานพาหนะของศัตรู
- เมื่อฮีโร่ได้รับเลเวล ผู้เล่นจะได้รับทรัพยากรเพื่อพัฒนาฮีโร่ของพวกเขา 
- ผู้เล่นสามารถเปลี่ยนตัวเลือกฮีโร่ของตนเมื่อตาย โดยคงระดับทั้งหมดและการอัพเกรดที่ได้รับไว้",UI: ล็อบบี้/ออนไลน์/แรงก์/ผลแมตช์,551026
551028,"Domination Objective:\n- Capture and hold islands until the enemy Victory Point ticker reaches zero.\n\n Units: \n- Squads are built from the ""Forward Barracks"" in the central area of the island.\n- Any island that is fully captured by a team will enable the “Forward Barracks” for that team.\n\n Territory:\n- Capture all of the territory in the island to own that island.\n- If an enemy player destroys the “Forward Barracks” on an island that island will become neutrally owned.\n\n Resources:\n- Players slowly accrue resources over time but also get a big boost every few minutes depending on how many islands are owned by the team.\n- When the timer reaches zero a box of resources will paradrop down on a random island.\n\n Commander Abilities:\n- Capturing more islands will unlock more Commander Abilities for use.\n- Losing islands required for a Commander Ability will result in a loss of the ability as well.","วัตถุประสงค์การครอบครอง:
- ยึดเกาะและยึดไว้จนกว่าสัญลักษณ์ Victory Point ของศัตรูจะถึงศูนย์ 

 หน่วย: 
- หน่วยต่างๆ ถูกสร้างขึ้นจาก ""ค่ายทหารส่วนหน้า"" ในพื้นที่ตอนกลางของเกาะ 
- เกาะใดๆ ที่ทีมยึดได้ทั้งหมดจะเปิดใช้งาน ""ค่ายทหารส่วนหน้า"" สำหรับทีมนั้น 

 อาณาเขต:
- ยึดครองดินแดนทั้งหมดในเกาะเพื่อเป็นเจ้าของเกาะนั้น 
- หากผู้เล่นศัตรูทำลาย “ค่ายทหารข้างหน้า” บนเกาะนั้น เกาะนั้นจะกลายเป็นเจ้าของโดยเป็นกลาง 

 ทรัพยากร:
- ผู้เล่นจะสะสมทรัพยากรอย่างช้าๆ เมื่อเวลาผ่านไป แต่ยังได้รับการส่งเสริมครั้งใหญ่ทุกๆ สองสามนาที ขึ้นอยู่กับจำนวนเกาะที่เป็นเจ้าของโดย ทีม
- เมื่อเวลาจับเวลาถึงศูนย์ กล่องทรัพยากรจะเลื่อนลงมาบนเกาะสุ่ม

 ความสามารถของผู้บัญชาการ:
- การยึดเกาะเพิ่มเติมจะปลดล็อกความสามารถของผู้บัญชาการมากขึ้นเพื่อใช้งาน 
- การสูญเสียเกาะที่จำเป็นสำหรับความสามารถของผู้บัญชาการจะส่งผลให้สูญเสียความสามารถเช่นกัน",UI: ล็อบบี้/ออนไลน์/แรงก์/ผลแมตช์,551028
551030,%1PROGRESS% / %2MAXSIZE% MB,%1PROGRESS% / %2MAXSIZE% เมกะไบต์,UI: ล็อบบี้/ออนไลน์/แรงก์/ผลแมตช์,551030
551040,Verifying %1PROGRESS% / %2MAXSIZE% MB,กำลังยืนยัน %1PROGRESS% / %2MAXSIZE% MB,UI: ล็อบบี้/ออนไลน์/แรงก์/ผลแมตช์,551040
555001,Human,มนุษย์,UI: ล็อบบี้/ออนไลน์/แรงก์/ผลแมตช์,555001
555002,Observer,ผู้สังเกตการณ์,UI: ล็อบบี้/ออนไลน์/แรงก์/ผลแมตช์,555002
555003,Open this slot,เปิดช่องนี้,UI: ล็อบบี้/ออนไลน์/แรงก์/ผลแมตช์,555003
555004,Close this slot,ปิดช่องนี้,UI: ล็อบบี้/ออนไลน์/แรงก์/ผลแมตช์,555004
555005,Move to this slot,ย้ายไปที่ช่องนี้,UI: ล็อบบี้/ออนไลน์/แรงก์/ผลแมตช์,555005
555006,Request to swap slots with this player,ขอสลับช่องกับเครื่องเล่นนี้,UI: ล็อบบี้/ออนไลน์/แรงก์/ผลแมตช์,555006
555010,Closed Slot,ปิดช่องนี้,UI: ล็อบบี้/ออนไลน์/แรงก์/ผลแมตช์,555010
555011,Open Slot - Click to move to this slot,เปิดช่อง - คลิกเพื่อย้ายไปยังช่องนี้,UI: ล็อบบี้/ออนไลน์/แรงก์/ผลแมตช์,555011
555012,AI Player,เอไอ เพลเยอร์,UI: ล็อบบี้/ออนไลน์/แรงก์/ผลแมตช์,555012
555013,Can not change settings,ไม่สามารถเปลี่ยนการตั้งค่าได้,UI: ล็อบบี้/ออนไลน์/แรงก์/ผลแมตช์,555013
555014,You can not change game settings while the countdown is on!,คุณไม่สามารถเปลี่ยนการตั้งค่าเกมได้ในขณะที่เปิดการนับถอยหลัง!,UI: ล็อบบี้/ออนไลน์/แรงก์/ผลแมตช์,555014
555015,Slot Swap Requested,ร้องขอ Swap สล็อต,UI: ล็อบบี้/ออนไลน์/แรงก์/ผลแมตช์,555015
555016,"%1player% has requested to trade slots with you, do you accept?",%1player% ได้ขอแลกเปลี่ยนสล็อตกับคุณ คุณยอมรับหรือไม่?,UI: ล็อบบี้/ออนไลน์/แรงก์/ผลแมตช์,555016
555017,%1player% has accepted your request to swap slots.,%1player% ได้ยอมรับคำขอของคุณเพื่อสลับช่องแล้ว,UI: ล็อบบี้/ออนไลน์/แรงก์/ผลแมตช์,555017
555018,%1player% has declined your request to swap slots.,%1player% ปฏิเสธคำขอของคุณเพื่อสลับช่อง,UI: ล็อบบี้/ออนไลน์/แรงก์/ผลแมตช์,555018
555019,%1player% is too busy to reply to your request to swap slots.,%1player% ยุ่งเกินกว่าจะตอบคำขอสลับช่องของคุณ,UI: ล็อบบี้/ออนไลน์/แรงก์/ผลแมตช์,555019
555020,SET READY,เตรียมพร้อม,UI: ล็อบบี้/ออนไลน์/แรงก์/ผลแมตช์,555020
555021,SET NOT READY,ชุดไม่พร้อม,UI: ล็อบบี้/ออนไลน์/แรงก์/ผลแมตช์,555021
555023,CANCEL COUNTDOWN (%1seconds%),ยกเลิกนับถอยหลัง,UI: ล็อบบี้/ออนไลน์/แรงก์/ผลแมตช์,555023
555024,START NOW!,เริ่มตอนนี้!,UI: ล็อบบี้/ออนไลน์/แรงก์/ผลแมตช์,555024
555025,%1player% is ready and can't swap slots,%1player% พร้อมแล้วและไม่สามารถสลับช่องได้,UI: ล็อบบี้/ออนไลน์/แรงก์/ผลแมตช์,555025
555026,Add Easy Computer,เพิ่มอีซี่คอมพิวเตอร์,UI: ล็อบบี้/ออนไลน์/แรงก์/ผลแมตช์,555026
555027,Add Normal Computer,เพิ่มคอมพิวเตอร์ปกติ,UI: ล็อบบี้/ออนไลน์/แรงก์/ผลแมตช์,555027
555028,Add Hard Computer,เพิ่มฮาร์ดคอมพิวเตอร์,UI: ล็อบบี้/ออนไลน์/แรงก์/ผลแมตช์,555028
555029,Add Expert Computer,เพิ่มผู้เชี่ยวชาญคอมพิวเตอร์,UI: ล็อบบี้/ออนไลน์/แรงก์/ผลแมตช์,555029
555030,Countdown cancelled...,ยกเลิกการนับถอยหลังแล้ว...,UI: ล็อบบี้/ออนไลน์/แรงก์/ผลแมตช์,555030
555031,The game will start in %1seconds% seconds!,เกมจะเริ่มใน %1seconds% วินาที!,UI: ล็อบบี้/ออนไลน์/แรงก์/ผลแมตช์,555031
555032,The Countdown was stopped because %1player% left the game!,การนับถอยหลังหยุดลงเนื่องจาก %1player% ออกจากเกม!,UI: ล็อบบี้/ออนไลน์/แรงก์/ผลแมตช์,555032
555033,%1host_player% is starting the game!,%1host_player% กำลังเริ่มเกม!,UI: ล็อบบี้/ออนไลน์/แรงก์/ผลแมตช์,555033
555035,Easy Computer Player,เครื่องเล่นคอมพิวเตอร์อย่างง่าย,UI: ล็อบบี้/ออนไลน์/แรงก์/ผลแมตช์,555035
555036,Normal Computer Player,เครื่องเล่นคอมพิวเตอร์ปกติ,UI: ล็อบบี้/ออนไลน์/แรงก์/ผลแมตช์,555036
555037,Hard Computer Player,เครื่องเล่นฮาร์ดคอมพิวเตอร์,UI: ล็อบบี้/ออนไลน์/แรงก์/ผลแมตช์,555037
555038,Expert Computer Player,ผู้เชี่ยวชาญด้านการเล่นคอมพิวเตอร์,UI: ล็อบบี้/ออนไลน์/แรงก์/ผลแมตช์,555038
555040,%1Player% accepted your invitation to the game.,%1Player% ตอบรับคำเชิญของคุณเข้าสู่เกม,UI: ล็อบบี้/ออนไลน์/แรงก์/ผลแมตช์,555040
555041,%1Player% declined your invitation to the game.,%1Player% ปฏิเสธคำเชิญเข้าร่วมเกมของคุณ,UI: ล็อบบี้/ออนไลน์/แรงก์/ผลแมตช์,555041
555042,%1Player% is in a game and can not accept your invitation,%1Player% อยู่ในเกมและไม่สามารถยอมรับคำเชิญของคุณได้,UI: ล็อบบี้/ออนไลน์/แรงก์/ผลแมตช์,555042
555043,%1Player% is busy and can not accept your invitation.,%1Player% งานยุ่งและไม่สามารถยอมรับคำเชิญของคุณได้,UI: ล็อบบี้/ออนไลน์/แรงก์/ผลแมตช์,555043
555044,%1Player% is offline. The invitation has been cancelled.,%1Player% ออฟไลน์อยู่ คำเชิญถูกยกเลิกแล้ว,UI: ล็อบบี้/ออนไลน์/แรงก์/ผลแมตช์,555044
555045,Your invitation to %1Player% has been cancelled.,คำเชิญของคุณถึง %1Player% ถูกยกเลิกแล้ว,UI: ล็อบบี้/ออนไลน์/แรงก์/ผลแมตช์,555045
555046,Computer %1NUMBER%,คอมพิวเตอร์ %1NUMBER%,UI: ล็อบบี้/ออนไลน์/แรงก์/ผลแมตช์,555046
555047,Invitation to %1Player% has timed out or been cancelled.,คำเชิญเข้าร่วม %1Player% หมดเวลาหรือถูกยกเลิก,UI: ล็อบบี้/ออนไลน์/แรงก์/ผลแมตช์,555047
555048,Invitation from %1Player% has timed out or been cancelled.,คำเชิญจาก %1Player% หมดเวลาหรือถูกยกเลิก,UI: ล็อบบี้/ออนไลน์/แรงก์/ผลแมตช์,555048
555050,Attempting to join %1Player%'s game....,กำลังพยายามเข้าร่วมเกมของ %1Player%....,UI: ล็อบบี้/ออนไลน์/แรงก์/ผลแมตช์,555050
555051,Failed to join %1Player%'s game.,ไม่สามารถเข้าร่วมเกมของ %1Player%,UI: ล็อบบี้/ออนไลน์/แรงก์/ผลแมตช์,555051
555052,%1Player% accepted your request to join their game.,%1Player% ยอมรับคำขอของคุณเพื่อเข้าร่วมเกมของพวกเขา,UI: ล็อบบี้/ออนไลน์/แรงก์/ผลแมตช์,555052
555053,%1Player% declined your request to join their game.,%1Player% ปฏิเสธคำขอของคุณเพื่อเข้าร่วมเกมของพวกเขา,UI: ล็อบบี้/ออนไลน์/แรงก์/ผลแมตช์,555053
555054,%1Player% is in a game and can not accept your request.,%1Player% อยู่ในเกมและไม่สามารถยอมรับคำขอของคุณได้,UI: ล็อบบี้/ออนไลน์/แรงก์/ผลแมตช์,555054
555055,%1Player% is busy and can not accept your request.,%1Player% ไม่ว่างและไม่สามารถยอมรับคำขอของคุณได้,UI: ล็อบบี้/ออนไลน์/แรงก์/ผลแมตช์,555055
555056,%1Player% is offline. The request has been cancelled.,%1Player% ออฟไลน์อยู่ คำขอถูกยกเลิกแล้ว,UI: ล็อบบี้/ออนไลน์/แรงก์/ผลแมตช์,555056
555057,Your request to %1Player% has timed out or been cancelled.,คำขอของคุณที่ส่งถึง %1Player% หมดเวลาหรือถูกยกเลิกแล้ว,UI: ล็อบบี้/ออนไลน์/แรงก์/ผลแมตช์,555057
555059,The request from %1Player% has timed out or been cancelled.,คำขอจาก %1Player% หมดเวลาหรือถูกยกเลิก,UI: ล็อบบี้/ออนไลน์/แรงก์/ผลแมตช์,555059
555060,An automatch invitation from %1Player% was rejected.,คำเชิญเข้าร่วมการแข่งขันอัตโนมัติจาก %1Player% ถูกปฏิเสธ,UI: ล็อบบี้/ออนไลน์/แรงก์/ผลแมตช์,555060
555061,A match invitation from %1Player% was rejected.,คำเชิญเข้าร่วมการแข่งขันจาก %1Player% ถูกปฏิเสธ,UI: ล็อบบี้/ออนไลน์/แรงก์/ผลแมตช์,555061
555062,Cannot invite player,ไม่สามารถเชิญผู้เล่นได้,UI: ล็อบบี้/ออนไลน์/แรงก์/ผลแมตช์,555062
555063,%1Player% is already in the team.,%1Player% อยู่ในทีมแล้ว,UI: ล็อบบี้/ออนไลน์/แรงก์/ผลแมตช์,555063
555064,Unable to change to %1AUTO_MATCH_TYPE%. \n\n The following players do not have access: %2PLAYERLIST%.,"ไม่สามารถเปลี่ยนเป็น %1AUTO_MATCH_TYPE% 

 ผู้เล่นต่อไปนี้ไม่มีสิทธิ์เข้าถึง: %2PLAYERLIST%",UI: ล็อบบี้/ออนไลน์/แรงก์/ผลแมตช์,555064
555065,The team leader was unable to change to %1AUTO_MATCH_TYPE% because the following users do not have access: %2PLAYERLIST%.,หัวหน้าทีมไม่สามารถเปลี่ยนเป็น %1AUTO_MATCH_TYPE% ได้ เนื่องจากผู้ใช้ต่อไปนี้ไม่มีสิทธิ์เข้าถึง: %2PLAYERLIST%,UI: ล็อบบี้/ออนไลน์/แรงก์/ผลแมตช์,555065
555066,The team leader was unable to change to %1AUTO_MATCH_TYPE% because you do not have access.\n %2PURCHASE_TEXT%,"หัวหน้าทีมไม่สามารถเปลี่ยนเป็น %1AUTO_MATCH_TYPE% ได้ เนื่องจากคุณไม่มีสิทธิ์เข้าถึง 
 %2PURCHASE_TEXT%",UI: ล็อบบี้/ออนไลน์/แรงก์/ผลแมตช์,555066
555101,Free For All,ฟรีสำหรับทุกคน,UI: ล็อบบี้/ออนไลน์/แรงก์/ผลแมตช์,555101
555103,Race Based,ตามเชื้อชาติ,UI: ล็อบบี้/ออนไลน์/แรงก์/ผลแมตช์,555103
555104,Player Selected,ผู้เล่นถูกเลือก,UI: ล็อบบี้/ออนไลน์/แรงก์/ผลแมตช์,555104
555105,Map changed to %1MAPNAME%,แผนที่เปลี่ยนเป็น %1MAPNAME%,UI: ล็อบบี้/ออนไลน์/แรงก์/ผลแมตช์,555105
555106,%1OPTION% changed to %2OPTIONVALUE%,%1OPTION% เปลี่ยนเป็น %2OPTIONVALUE%,UI: ล็อบบี้/ออนไลน์/แรงก์/ผลแมตช์,555106
555107,Win condition changed to %1WINCONDITION%,เงื่อนไขการชนะเปลี่ยนเป็น %1WINCONDITION%,UI: ล็อบบี้/ออนไลน์/แรงก์/ผลแมตช์,555107
555108,Map changed to an unknown map,แผนที่เปลี่ยนเป็นแผนที่ที่ไม่รู้จัก,UI: ล็อบบี้/ออนไลน์/แรงก์/ผลแมตช์,555108
555120,%1Player% has joined the game.,%1Player% เข้าร่วมเกมแล้ว,UI: ล็อบบี้/ออนไลน์/แรงก์/ผลแมตช์,555120
555121,%1Player% has left the game.,%1Player% ออกจากเกมแล้ว,UI: ล็อบบี้/ออนไลน์/แรงก์/ผลแมตช์,555121
555122,%1Player% has an incompatible version of map %2MapName% and was kicked from the game.,%1Player% มีแผนที่ %2MapName% ในเวอร์ชันที่เข้ากันไม่ได้ และถูกนำออกจากเกม,UI: ล็อบบี้/ออนไลน์/แรงก์/ผลแมตช์,555122
555123,%1Player% has been kicked from the game.,%1Player% ถูกเตะออกจากเกม,UI: ล็อบบี้/ออนไลน์/แรงก์/ผลแมตช์,555123
555124,%1PLAYER% does not have access to required content and was kicked from the game.,%1PLAYER% ไม่สามารถเข้าถึงเนื้อหาที่จำเป็นและถูกนำออกจากเกม,UI: ล็อบบี้/ออนไลน์/แรงก์/ผลแมตช์,555124
555125,%1PLAYER% does not have access to required content and was kicked from the automatch party.,%1PLAYER% ไม่สามารถเข้าถึงเนื้อหาที่จำเป็นและถูกนำออกจากกลุ่ม,UI: ล็อบบี้/ออนไลน์/แรงก์/ผลแมตช์,555125
555126,You have been kicked from the automatch party because to you do not have access to required content. %1PURCHASE_TEXT%,คุณถูกนำออกจากปาร์ตี้จับคู่อัตโนมัติ เนื่องจากคุณไม่มีสิทธิ์เข้าถึงเนื้อหาที่จำเป็น %1PURCHASE_TEXT%,UI: ล็อบบี้/ออนไลน์/แรงก์/ผลแมตช์,555126
555130,%1Player% has an incompatible version of the game. Invitation has been cancelled.,%1Player% มีเวอร์ชันของเกมที่เข้ากันไม่ได้ คำเชิญถูกยกเลิกแล้ว,UI: ล็อบบี้/ออนไลน์/แรงก์/ผลแมตช์,555130
555153,PLAY,เล่น,UI: ล็อบบี้/ออนไลน์/แรงก์/ผลแมตช์,555153
555155,GAME - SETUP,เกม - ตั้งค่า,UI: ล็อบบี้/ออนไลน์/แรงก์/ผลแมตช์,555155
555157,GAME - READY,เกม - พร้อม,UI: ล็อบบี้/ออนไลน์/แรงก์/ผลแมตช์,555157
555158,LAUNCHING GAME,เปิดตัวเกม,UI: ล็อบบี้/ออนไลน์/แรงก์/ผลแมตช์,555158
555159,AUTOMATCH,อัตโนมัติ,UI: ล็อบบี้/ออนไลน์/แรงก์/ผลแมตช์,555159|600272
555160,SEARCHING...,กำลังค้นหา...,UI: ล็อบบี้/ออนไลน์/แรงก์/ผลแมตช์,555160
555161,LEADERBOARDS,ลีดเดอร์บอร์ด,UI: ล็อบบี้/ออนไลน์/แรงก์/ผลแมตช์,555161
555162,%1USERNAME% STATS,%1USERNAME% สถิติ,UI: ล็อบบี้/ออนไลน์/แรงก์/ผลแมตช์,555162
555163,Move team to this side,ย้ายทีมมาฝั่งนี้,UI: ล็อบบี้/ออนไลน์/แรงก์/ผลแมตช์,555163
555170,Classic Match,การแข่งขันแบบคลาสสิก,UI: ล็อบบี้/ออนไลน์/แรงก์/ผลแมตช์,555170
555172,Operation: Stonewall,ปฏิบัติการ: สโตนวอลล์,UI: ล็อบบี้/ออนไลน์/แรงก์/ผลแมตช์,555172
555173,Operation: Panzerkrieg,ปฏิบัติการ: แพนเซอร์ครีก,UI: ล็อบบี้/ออนไลน์/แรงก์/ผลแมตช์,555173
555174,Operation: Assault,ปฏิบัติการ: โจมตี,UI: ล็อบบี้/ออนไลน์/แรงก์/ผลแมตช์,555174
555175,Operation: Domination,ปฏิบัติการ: การปกครอง,UI: ล็อบบี้/ออนไลน์/แรงก์/ผลแมตช์,555175
555177,All Operations,การดำเนินงานทั้งหมด,UI: ล็อบบี้/ออนไลน์/แรงก์/ผลแมตช์,555177
555200,"You Won! You are truly a master of strategy, tactics and blowing up anything that gets in your way!",คุณชนะ! คุณเป็นผู้เชี่ยวชาญด้านกลยุทธ์ ยุทธวิธี และทำลายทุกสิ่งที่ขวางทางคุณอย่างแท้จริง!,UI: ล็อบบี้/ออนไลน์/แรงก์/ผลแมตช์,555200
555201,"How Terrible, you lost! Next time try blowing more stuff up. That might help.",แย่ขนาดไหน คุณแพ้แล้ว! ครั้งต่อไปลองระเบิดสิ่งต่าง ๆ มากขึ้น นั่นอาจจะช่วยได้,UI: ล็อบบี้/ออนไลน์/แรงก์/ผลแมตช์,555201
555300,No Game Selected,ไม่มีเกมที่เลือก,UI: ล็อบบี้/ออนไลน์/แรงก์/ผลแมตช์,555300
555310,Tiny,ขนาดเล็ก,UI: ล็อบบี้/ออนไลน์/แรงก์/ผลแมตช์,555310
555400,Incorrect username or password.,ชื่อผู้ใช้หรือรหัสผ่านไม่ถูกต้อง,UI: ล็อบบี้/ออนไลน์/แรงก์/ผลแมตช์,555400
555401,The username and password that you have entered are invalid. Please try again.,ชื่อผู้ใช้และรหัสผ่านที่คุณป้อนไม่ถูกต้อง โปรดลองอีกครั้ง,UI: ล็อบบี้/ออนไลน์/แรงก์/ผลแมตช์,555401
555402,Relic Online Unavailable,ของที่ระลึกออนไลน์ไม่พร้อมใช้งาน,UI: ล็อบบี้/ออนไลน์/แรงก์/ผลแมตช์,555402
555403,"The Relic Online servers are currently unavailable, please try again later.",เซิร์ฟเวอร์ Relic Online ไม่สามารถใช้งานได้ในขณะนี้ โปรดลองอีกครั้งในภายหลัง,UI: ล็อบบี้/ออนไลน์/แรงก์/ผลแมตช์,555403
555404,Success!,ความสำเร็จ!,UI: ล็อบบี้/ออนไลน์/แรงก์/ผลแมตช์,555404
555405,"Your account has been created successfully, you will now be logged in.",บัญชีของคุณถูกสร้างขึ้นเรียบร้อยแล้ว ตอนนี้คุณจะเข้าสู่ระบบแล้ว,UI: ล็อบบี้/ออนไลน์/แรงก์/ผลแมตช์,555405
555406,Failed to create account,ไม่สามารถสร้างบัญชีได้,UI: ล็อบบี้/ออนไลน์/แรงก์/ผลแมตช์,555406
555407,An server side error has occured while trying to create your account. Please contact customer support.,เกิดข้อผิดพลาดฝั่งเซิร์ฟเวอร์ขณะพยายามสร้างบัญชีของคุณ โปรดติดต่อฝ่ายสนับสนุนลูกค้า,UI: ล็อบบี้/ออนไลน์/แรงก์/ผลแมตช์,555407
555408,Invalid Product Key,รหัสผลิตภัณฑ์ไม่ถูกต้อง,UI: ล็อบบี้/ออนไลน์/แรงก์/ผลแมตช์,555408|616753
555409,"The product key you have entered is invalid. Please double check that you have properly entered the Product key, and contact customer support if you continue to have problems.",รหัสผลิตภัณฑ์ที่คุณป้อนไม่ถูกต้อง โปรดตรวจสอบอีกครั้งว่าคุณได้ป้อนรหัสผลิตภัณฑ์อย่างถูกต้อง และติดต่อฝ่ายสนับสนุนลูกค้า หากคุณยังคงประสบปัญหาอยู่,UI: ล็อบบี้/ออนไลน์/แรงก์/ผลแมตช์,555409
555410,Account name is taken,ชื่อบัญชีถูกยึดแล้ว,UI: ล็อบบี้/ออนไลน์/แรงก์/ผลแมตช์,555410
555411,The specified account name is already in use. Please try another account name.,ชื่อบัญชีที่ระบุมีการใช้งานแล้ว โปรดลองใช้ชื่อบัญชีอื่น,UI: ล็อบบี้/ออนไลน์/แรงก์/ผลแมตช์,555411
555412,Secret Answer Required,ต้องระบุคำตอบลับ,UI: ล็อบบี้/ออนไลน์/แรงก์/ผลแมตช์,555412
555413,You must enter a answer to the secret question before continuing.,คุณต้องป้อนคำตอบสำหรับคำถามลับก่อนดำเนินการต่อ,UI: ล็อบบี้/ออนไลน์/แรงก์/ผลแมตช์,555413
555414,Secret Question Required,ต้องมีคำถามลับ,UI: ล็อบบี้/ออนไลน์/แรงก์/ผลแมตช์,555414
555415,You must choose a secret question before continuing.,คุณต้องเลือกคำถามลับก่อนดำเนินการต่อ,UI: ล็อบบี้/ออนไลน์/แรงก์/ผลแมตช์,555415
555416,Invalid E-mail Address,ที่อยู่อีเมลไม่ถูกต้อง,UI: ล็อบบี้/ออนไลน์/แรงก์/ผลแมตช์,555416
555417,The e-mail address which you have entered appears to be invalid.,ที่อยู่อีเมลที่คุณป้อนดูเหมือนจะไม่ถูกต้อง,UI: ล็อบบี้/ออนไลน์/แรงก์/ผลแมตช์,555417
555418,Name too short,ชื่อสั้นเกินไป,UI: ล็อบบี้/ออนไลน์/แรงก์/ผลแมตช์,555418
555419,The name you supplied is too short,ชื่อที่คุณระบุสั้นเกินไป,UI: ล็อบบี้/ออนไลน์/แรงก์/ผลแมตช์,555419
555420,Password too short,รหัสผ่านสั้นเกินไป,UI: ล็อบบี้/ออนไลน์/แรงก์/ผลแมตช์,555420
555421,The password you have provided is too short. Please ensure that the password is at least 8 characters long.,รหัสผ่านที่คุณระบุสั้นเกินไป โปรดตรวจสอบให้แน่ใจว่ารหัสผ่านมีความยาวอย่างน้อย 8 ตัวอักษร,UI: ล็อบบี้/ออนไลน์/แรงก์/ผลแมตช์,555421
555422,Passwords do not match,รหัสผ่านไม่ตรงกัน,UI: ล็อบบี้/ออนไลน์/แรงก์/ผลแมตช์,555422|559026
555423,The passwords you have entered do not match. Please ensure that both password fields contain the same information.,รหัสผ่านที่คุณป้อนไม่ตรงกัน โปรดตรวจสอบให้แน่ใจว่าช่องรหัสผ่านทั้งสองช่องมีข้อมูลเดียวกัน,UI: ล็อบบี้/ออนไลน์/แรงก์/ผลแมตช์,555423
555424,Profile Created Successfully,สร้างโปรไฟล์สำเร็จแล้ว,UI: ล็อบบี้/ออนไลน์/แรงก์/ผลแมตช์,555424
555425,Your new profile has been created successfully.,สร้างโปรไฟล์ใหม่ของคุณสำเร็จแล้ว,UI: ล็อบบี้/ออนไลน์/แรงก์/ผลแมตช์,555425
555426,Invalid Username or Password,ชื่อผู้ใช้หรือรหัสผ่านไม่ถูกต้อง,UI: ล็อบบี้/ออนไลน์/แรงก์/ผลแมตช์,555426
555427,The username and password that you have used to attempt to create the profile seem to be invalid.,ชื่อผู้ใช้และรหัสผ่านที่คุณใช้เพื่อสร้างโปรไฟล์ดูเหมือนจะไม่ถูกต้อง,UI: ล็อบบี้/ออนไลน์/แรงก์/ผลแมตช์,555427
555428,Unable to create profile,ไม่สามารถสร้างโปรไฟล์ได้,UI: ล็อบบี้/ออนไลน์/แรงก์/ผลแมตช์,555428
555429,"A server-side problems has prevented the creation of the profile. If the problem continues, please contact customer support.",ปัญหาฝั่งเซิร์ฟเวอร์ทำให้ไม่สามารถสร้างโปรไฟล์ได้ หากปัญหายังคงอยู่ โปรดติดต่อฝ่ายสนับสนุนลูกค้า,UI: ล็อบบี้/ออนไลน์/แรงก์/ผลแมตช์,555429
555430,Name not unique,ชื่อไม่ซ้ำกัน,UI: ล็อบบี้/ออนไลน์/แรงก์/ผลแมตช์,555430
555431,"A profile already exists with that name, please change the name and try again.",มีโปรไฟล์ที่ใช้ชื่อนั้นอยู่แล้ว โปรดเปลี่ยนชื่อและลองอีกครั้ง,UI: ล็อบบี้/ออนไลน์/แรงก์/ผลแมตช์,555431
555432,Connection in progress,กำลังดำเนินการเชื่อมต่อ,UI: ล็อบบี้/ออนไลน์/แรงก์/ผลแมตช์,555432
555433,Connecting to Relic Online... Please wait...,กำลังเชื่อมต่อกับ Relic Online... กรุณารอสักครู่...,UI: ล็อบบี้/ออนไลน์/แรงก์/ผลแมตช์,555433
555434,Joining Issue,เข้าร่วมประเด็น,UI: ล็อบบี้/ออนไลน์/แรงก์/ผลแมตช์,555434
555435,"Could not join channel %1CHANNELNAME%, it may be full.",ไม่สามารถเข้าร่วมช่อง %1CHANNELNAME% มันอาจจะเต็มแล้ว,UI: ล็อบบี้/ออนไลน์/แรงก์/ผลแมตช์,555435
555436,Map not found!,ไม่พบแผนที่!,UI: ล็อบบี้/ออนไลน์/แรงก์/ผลแมตช์,555436
555437,The map file required to join that game cannot be found on your machine. Download the map and try again.,ไม่พบไฟล์แผนที่ที่จำเป็นในการเข้าร่วมเกมนั้นในเครื่องของคุณ ดาวน์โหลดแผนที่แล้วลองอีกครั้ง,UI: ล็อบบี้/ออนไลน์/แรงก์/ผลแมตช์,555437
555438,Product Key Already Used!,รหัสผลิตภัณฑ์ถูกใช้ไปแล้ว!,UI: ล็อบบี้/ออนไลน์/แรงก์/ผลแมตช์,555438
555439,The Product Key entered has already been used to create an online account.,รหัสผลิตภัณฑ์ที่ป้อนถูกใช้เพื่อสร้างบัญชีออนไลน์แล้ว,UI: ล็อบบี้/ออนไลน์/แรงก์/ผลแมตช์,555439
555440,Invalid Profile Name,ชื่อโปรไฟล์ไม่ถูกต้อง,UI: ล็อบบี้/ออนไลน์/แรงก์/ผลแมตช์,555440
555441,The profile name you have entered is invalid.,ชื่อโปรไฟล์ที่คุณป้อนไม่ถูกต้อง,UI: ล็อบบี้/ออนไลน์/แรงก์/ผลแมตช์,555441
555442,Too Many Profiles,มีโปรไฟล์มากเกินไป,UI: ล็อบบี้/ออนไลน์/แรงก์/ผลแมตช์,555442
555443,You have exceeded the number of profiles allowed for an account.,คุณมีจำนวนโปรไฟล์เกินกว่าที่อนุญาตสำหรับบัญชี,UI: ล็อบบี้/ออนไลน์/แรงก์/ผลแมตช์,555443
555444,Account Name Inappropriate,ชื่อบัญชีไม่เหมาะสม,UI: ล็อบบี้/ออนไลน์/แรงก์/ผลแมตช์,555444
555445,The account name you have entered is inappropriate.,ชื่อบัญชีที่คุณป้อนไม่เหมาะสม,UI: ล็อบบี้/ออนไลน์/แรงก์/ผลแมตช์,555445
555446,Profile Name Inappropriate,ชื่อโปรไฟล์ไม่เหมาะสม,UI: ล็อบบี้/ออนไลน์/แรงก์/ผลแมตช์,555446
555447,The profile name you have entered is inappropriate.,ชื่อโปรไฟล์ที่คุณป้อนไม่เหมาะสม,UI: ล็อบบี้/ออนไลน์/แรงก์/ผลแมตช์,555447
555449,Your account has been suspended. Please contact coh-abuse@relic.com for more information.,บัญชีของคุณถูกระงับ กรุณาติดต่อ coh-abuse@relic.com สำหรับข้อมูลเพิ่มเติม,UI: ล็อบบี้/ออนไลน์/แรงก์/ผลแมตช์,555449
555451,Your account has been banned. Please contact coh-abuse@relic.com for more information.,บัญชีของคุณถูกแบน กรุณาติดต่อ coh-abuse@relic.com สำหรับข้อมูลเพิ่มเติม,UI: ล็อบบี้/ออนไลน์/แรงก์/ผลแมตช์,555451
555453,You are running a custom mod or have cheats enabled. Ranked matches will be disabled.,คุณกำลังใช้งานม็อดแบบกำหนดเองหรือเปิดใช้งานสูตรโกง การแข่งขันจัดอันดับจะถูกปิดใช้งาน,UI: ล็อบบี้/ออนไลน์/แรงก์/ผลแมตช์,555453
556000,%1Player%:,%1Player%:,UI: ล็อบบี้/ออนไลน์/แรงก์/ผลแมตช์,556000
556001,Whisper from %1Player%:,เสียงกระซิบจาก %1Player%:,UI: ล็อบบี้/ออนไลน์/แรงก์/ผลแมตช์,556001
556002,%1Message%,%1Message%,UI: ล็อบบี้/ออนไลน์/แรงก์/ผลแมตช์,556002
556003,%1Player% has joined the channel,%1Player% เข้าร่วมช่องแล้ว,UI: ล็อบบี้/ออนไลน์/แรงก์/ผลแมตช์,556003
556004,%1Player% has left the channel	,%1Player% ออกจากช่องแล้ว,UI: ล็อบบี้/ออนไลน์/แรงก์/ผลแมตช์,556004
556005,Your chat has been temporarily muted for spamming.,การแชทของคุณถูกปิดชั่วคราวเนื่องจากการสแปม,UI: ล็อบบี้/ออนไลน์/แรงก์/ผลแมตช์,556005
556006,Whispered to %1Player%:,กระซิบถึง %1Player%:,UI: ล็อบบี้/ออนไลน์/แรงก์/ผลแมตช์,556006
556007,%1Player% to team:,%1Player% ถึงทีม:,UI: ล็อบบี้/ออนไลน์/แรงก์/ผลแมตช์,556007
556008,Lv. %1level%,เลเวล %1level%,UI: ล็อบบี้/ออนไลน์/แรงก์/ผลแมตช์,556008
556009,That command is not available in game,คำสั่งนั้นไม่มีอยู่ในเกม,UI: ล็อบบี้/ออนไลน์/แรงก์/ผลแมตช์,556009
556010,That command is not available in chat room,คำสั่งนั้นไม่พร้อมใช้งานในห้องสนทนา,UI: ล็อบบี้/ออนไลน์/แรงก์/ผลแมตช์,556010
556102,join,เข้าร่วม,UI: ล็อบบี้/ออนไลน์/แรงก์/ผลแมตช์,556102
556103,ignore,ไม่สนใจ,UI: ล็อบบี้/ออนไลน์/แรงก์/ผลแมตช์,556103
556104,unignore,เพิกเฉย,UI: ล็อบบี้/ออนไลน์/แรงก์/ผลแมตช์,556104
556105,ignorelist,รายการที่ไม่สนใจ,UI: ล็อบบี้/ออนไลน์/แรงก์/ผลแมตช์,556105
556107,addfriend,เพิ่มเพื่อน,UI: ล็อบบี้/ออนไลน์/แรงก์/ผลแมตช์,556107
556108,removefriend,ลบเพื่อน,UI: ล็อบบี้/ออนไลน์/แรงก์/ผลแมตช์,556108
556110,reply,ตอบ,UI: ล็อบบี้/ออนไลน์/แรงก์/ผลแมตช์,556110
556111,r,ร,UI: ล็อบบี้/ออนไลน์/แรงก์/ผลแมตช์,556111
556112,invite,เชิญ,UI: ล็อบบี้/ออนไลน์/แรงก์/ผลแมตช์,556112
556113,joinfriend,เข้าร่วมเป็นเพื่อน,UI: ล็อบบี้/ออนไลน์/แรงก์/ผลแมตช์,556113
557000,You must specify someone to chat with.,คุณต้องระบุบุคคลที่จะสนทนาด้วย,UI: ล็อบบี้/ออนไลน์/แรงก์/ผลแมตช์,557000
557001,A message is required if you wish to whisper to someone.,จำเป็นต้องมีข้อความหากคุณต้องการกระซิบกับใครบางคน,UI: ล็อบบี้/ออนไลน์/แรงก์/ผลแมตช์,557001
557002,You can't send a whisper to yourself.,คุณไม่สามารถส่งเสียงกระซิบถึงตัวเองได้,UI: ล็อบบี้/ออนไลน์/แรงก์/ผลแมตช์,557002
557003,Unable to find channel %1ChannelName%,ไม่พบช่อง %1ChannelName%,UI: ล็อบบี้/ออนไลน์/แรงก์/ผลแมตช์,557003
557004,You must specify a channel name to join.,คุณต้องระบุชื่อช่องที่จะเข้าร่วม,UI: ล็อบบี้/ออนไลน์/แรงก์/ผลแมตช์,557004
557005,"The channel exists, but we failed to join it. Please try again.",มีช่องนี้อยู่แต่เราไม่สามารถเข้าร่วมได้ โปรดลองอีกครั้ง,UI: ล็อบบี้/ออนไลน์/แรงก์/ผลแมตช์,557005
557006,"The following players were not ignored (they are already being ignored, or you are unable to ignore them): %1PLAYERLIST%",ผู้เล่นต่อไปนี้ไม่ได้ถูกเพิกเฉย (พวกเขากำลังถูกละเลยอยู่แล้ว หรือคุณไม่สามารถเพิกเฉยได้): %1PLAYERLIST%,UI: ล็อบบี้/ออนไลน์/แรงก์/ผลแมตช์,557006
557007,You have ignored %1PLAYER%.,คุณเพิกเฉยต่อ %1PLAYER%,UI: ล็อบบี้/ออนไลน์/แรงก์/ผลแมตช์,557007
557008,Your ignore list is empty.,รายการละเว้นของคุณว่างเปล่า,UI: ล็อบบี้/ออนไลน์/แรงก์/ผลแมตช์,557008
557009,You are currently ignoring: %1PLAYERS%,ขณะนี้คุณกำลังเพิกเฉย: %1PLAYERS%,UI: ล็อบบี้/ออนไลน์/แรงก์/ผลแมตช์,557009
557010,/help - Display help info%N%/join [channel] - Join a different chat channel%N%/invite [friend's name] - Invite a friend to the game you are in%N%,/help - แสดงข้อมูลความช่วยเหลือ%N%/เข้าร่วม [ช่อง] - เข้าร่วมช่องแชทอื่น%N%/เชิญ [ชื่อเพื่อน] - เชิญเพื่อนมาเล่นเกมที่คุณอยู่ใน%N%,UI: ล็อบบี้/ออนไลน์/แรงก์/ผลแมตช์,557010
557011,Invalid Command.,คำสั่งไม่ถูกต้อง,UI: ล็อบบี้/ออนไลน์/แรงก์/ผลแมตช์,557011
557012,You have requested to be %1PLAYER%'s friend.,คุณได้ขอเป็นเพื่อนกับ %1PLAYER%,UI: ล็อบบี้/ออนไลน์/แรงก์/ผลแมตช์,557012
557013,Can't add %1PLAYER% as a friend,ไม่สามารถเพิ่ม %1PLAYER% เป็นเพื่อนได้,UI: ล็อบบี้/ออนไลน์/แรงก์/ผลแมตช์,557013
557014,Friend %1PLAYER% accepted,เพื่อน %1PLAYER% ยอมรับแล้ว,UI: ล็อบบี้/ออนไลน์/แรงก์/ผลแมตช์,557014
557015,Couldn't accept %1PLAYER% as a friend,ไม่สามารถยอมรับ %1PLAYER% เป็นเพื่อนได้,UI: ล็อบบี้/ออนไลน์/แรงก์/ผลแมตช์,557015
557016,Failed to remove %1PLAYER% as a friend,ไม่สามารถลบ %1PLAYER% ในฐานะเพื่อนได้,UI: ล็อบบี้/ออนไลน์/แรงก์/ผลแมตช์,557016
557017,Couldn't Remove Friend,ไม่สามารถลบเพื่อนได้,UI: ล็อบบี้/ออนไลน์/แรงก์/ผลแมตช์,557017
557018,There is no one to reply to,ไม่มีใครตอบได้,UI: ล็อบบี้/ออนไลน์/แรงก์/ผลแมตช์,557018
557019,Unable to send a whisper to %1PLAYER%.,ไม่สามารถส่งเสียงกระซิบไปที่ %1PLAYER%,UI: ล็อบบี้/ออนไลน์/แรงก์/ผลแมตช์,557019
557020,You must specify the name of the person to add as a friend,คุณต้องระบุชื่อบุคคลที่จะเพิ่มเป็นเพื่อน,UI: ล็อบบี้/ออนไลน์/แรงก์/ผลแมตช์,557020
557021,Must specify the name of at least one person to remove as friend,ต้องระบุชื่ออย่างน้อยหนึ่งคนที่จะลบออกจากการเป็นเพื่อน,UI: ล็อบบี้/ออนไลน์/แรงก์/ผลแมตช์,557021
557022,"Cannot ignore %1PLAYER%, invalid user name",ไม่สามารถเพิกเฉยต่อ %1PLAYER% ชื่อผู้ใช้ที่ไม่ถูกต้อง,UI: ล็อบบี้/ออนไลน์/แรงก์/ผลแมตช์,557022
557023,You have invited %1PlayerName% to your game.,คุณได้เชิญ %1PlayerName% เข้าร่วมเกมของคุณ,UI: ล็อบบี้/ออนไลน์/แรงก์/ผลแมตช์,557023
557024,You must specify a name to invite,คุณต้องระบุชื่อที่จะเชิญ,UI: ล็อบบี้/ออนไลน์/แรงก์/ผลแมตช์,557024
557025,You cannot invite a player that is not on your friends list,คุณไม่สามารถเชิญผู้เล่นที่ไม่ได้อยู่ในรายชื่อเพื่อนของคุณได้,UI: ล็อบบี้/ออนไลน์/แรงก์/ผลแมตช์,557025
557026,You must be setting up a game to invite someone to the game,คุณต้องตั้งค่าเกมเพื่อเชิญใครสักคนมาเล่นเกม,UI: ล็อบบี้/ออนไลน์/แรงก์/ผลแมตช์,557026
557027,Your invitation could not be sent,ไม่สามารถส่งคำเชิญของคุณได้,UI: ล็อบบี้/ออนไลน์/แรงก์/ผลแมตช์,557027
557028,Unable to send a whisper to offline user %1PLAYER%.,ไม่สามารถส่งเสียงกระซิบถึงผู้ใช้ออฟไลน์ %1PLAYER%,UI: ล็อบบี้/ออนไลน์/แรงก์/ผลแมตช์,557028
557029,Unable to send a whisper to unknown user %1PLAYER%.,ไม่สามารถส่งเสียงกระซิบไปยังผู้ใช้ที่ไม่รู้จัก %1PLAYER%,UI: ล็อบบี้/ออนไลน์/แรงก์/ผลแมตช์,557029
557030,You must specify a name to join.,คุณต้องระบุชื่อที่จะเข้าร่วม,UI: ล็อบบี้/ออนไลน์/แรงก์/ผลแมตช์,557030
557031,You cannot join a player that is not on your friends list.,คุณไม่สามารถเข้าร่วมผู้เล่นที่ไม่ได้อยู่ในรายชื่อเพื่อนของคุณได้,UI: ล็อบบี้/ออนไลน์/แรงก์/ผลแมตช์,557031
557032,You must not be setting up a game to join someone elses game.,คุณต้องไม่ตั้งค่าเกมเพื่อเข้าร่วมเกมของผู้อื่น,UI: ล็อบบี้/ออนไลน์/แรงก์/ผลแมตช์,557032
557033,Your join request could not be sent.,ไม่สามารถส่งคำขอเข้าร่วมของคุณได้,UI: ล็อบบี้/ออนไลน์/แรงก์/ผลแมตช์,557033
558000,Whisper to this player,กระซิบกับผู้เล่นคนนี้,UI: ล็อบบี้/ออนไลน์/แรงก์/ผลแมตช์,558000
558001,Ignore this player,ละเว้นผู้เล่นรายนี้,UI: ล็อบบี้/ออนไลน์/แรงก์/ผลแมตช์,558001
558002,Add this player to your friends list,เพิ่มผู้เล่นนี้ไปยังรายชื่อเพื่อนของคุณ,UI: ล็อบบี้/ออนไลน์/แรงก์/ผลแมตช์,558002
558003,Remove Friend,ลบเพื่อน,UI: ล็อบบี้/ออนไลน์/แรงก์/ผลแมตช์,558003
558004,Unignore Player,เลิกสนใจผู้เล่น,UI: ล็อบบี้/ออนไลน์/แรงก์/ผลแมตช์,558004
558005,Withdraw Friend Request,ถอนคำขอเป็นเพื่อน,UI: ล็อบบี้/ออนไลน์/แรงก์/ผลแมตช์,558005
558006,Accept Friend Request,ยอมรับคำขอเป็นเพื่อน,UI: ล็อบบี้/ออนไลน์/แรงก์/ผลแมตช์,558006
558007,Decline Friend Request,ปฏิเสธคำขอเป็นเพื่อน,UI: ล็อบบี้/ออนไลน์/แรงก์/ผลแมตช์,558007
558008,Check this players stats,ตรวจสอบสถิติผู้เล่นนี้,UI: ล็อบบี้/ออนไลน์/แรงก์/ผลแมตช์,558008
558009,Invite this player to your game,เชิญผู้เล่นรายนี้เข้าสู่เกมของคุณ,UI: ล็อบบี้/ออนไลน์/แรงก์/ผลแมตช์,558009
558010,Join this player's game,เข้าร่วมเกมของผู้เล่นรายนี้,UI: ล็อบบี้/ออนไลน์/แรงก์/ผลแมตช์,558010
559000,Logout,ออกจากระบบ,UI: ล็อบบี้/ออนไลน์/แรงก์/ผลแมตช์,559000
559001,Are you sure you want to logout from Relic Online?,คุณแน่ใจหรือไม่ว่าต้องการออกจากระบบ Relic Online?,UI: ล็อบบี้/ออนไลน์/แรงก์/ผลแมตช์,559001
559002,%1PLAYER% is Online.,%1PLAYER% ออนไลน์อยู่,UI: ล็อบบี้/ออนไลน์/แรงก์/ผลแมตช์,559002
559003,%1PLAYER% is Offline.,%1PLAYER% ออฟไลน์อยู่,UI: ล็อบบี้/ออนไลน์/แรงก์/ผลแมตช์,559003
559006,Your relationship with %1PLAYER% has been cleared.,ความสัมพันธ์ของคุณกับ %1PLAYER% ได้รับการล้างแล้ว,UI: ล็อบบี้/ออนไลน์/แรงก์/ผลแมตช์,559006
559007,%1PLAYER% has been added to your friends list.,%1PLAYER% ถูกเพิ่มเข้าไปในรายชื่อเพื่อนของคุณแล้ว,UI: ล็อบบี้/ออนไลน์/แรงก์/ผลแมตช์,559007
559008,You have chosen not to be %1PLAYER%'s friend.,คุณเลือกที่จะไม่เป็นเพื่อนของ %1PLAYER%,UI: ล็อบบี้/ออนไลน์/แรงก์/ผลแมตช์,559008
559009,%1PLAYER% wants to be your friend.,%1PLAYER% ต้องการเป็นเพื่อนของคุณ,UI: ล็อบบี้/ออนไลน์/แรงก์/ผลแมตช์,559009
559010,%1PLAYER% has accepted your friend request.,%1PLAYER% ยอมรับคำขอเป็นเพื่อนของคุณแล้ว,UI: ล็อบบี้/ออนไลน์/แรงก์/ผลแมตช์,559010
559011,%1PLAYER% has declined your friendship request.,%1PLAYER% ปฏิเสธคำขอเป็นเพื่อนของคุณ,UI: ล็อบบี้/ออนไลน์/แรงก์/ผลแมตช์,559011
559012,Browsing News.,กำลังเปิดดูข่าว,UI: ล็อบบี้/ออนไลน์/แรงก์/ผลแมตช์,559012
559013,Looking for a game.,กำลังมองหาเกม,UI: ล็อบบี้/ออนไลน์/แรงก์/ผลแมตช์,559013
559014,Starting up a game.,กำลังเริ่มเกม.,UI: ล็อบบี้/ออนไลน์/แรงก์/ผลแมตช์,559014
559015,Stats.,สถิติ,UI: ล็อบบี้/ออนไลน์/แรงก์/ผลแมตช์,559015
559016,Changing Options.,การเปลี่ยนตัวเลือก,UI: ล็อบบี้/ออนไลน์/แรงก์/ผลแมตช์,559016
559017,In Chat.,ในการแชท,UI: ล็อบบี้/ออนไลน์/แรงก์/ผลแมตช์,559017
559018,Disconnection Issue,ปัญหาการตัดการเชื่อมต่อ,UI: ล็อบบี้/ออนไลน์/แรงก์/ผลแมตช์,559018
559019,You have lost your connection to Relic Online.,คุณสูญเสียการเชื่อมต่อกับ Relic Online,UI: ล็อบบี้/ออนไลน์/แรงก์/ผลแมตช์,559019
559020,Connection Issue,ปัญหาการเชื่อมต่อ,UI: ล็อบบี้/ออนไลน์/แรงก์/ผลแมตช์,559020
559021,Waiting for reply from Relic Online... Please Wait...,รอการตอบกลับจาก Relic Online... Please Wait...,UI: ล็อบบี้/ออนไลน์/แรงก์/ผลแมตช์,559021
559022,Connection Kicked,การเชื่อมต่อถูกเตะ,UI: ล็อบบี้/ออนไลน์/แรงก์/ผลแมตช์,559022
559023,"You have been kicked from Relic-Online, due to another profile using the same Product Key logging on.",คุณถูกตัดการเชื่อมต่อจาก Relic-Online เนื่องจากมีโปรไฟล์อื่นที่ใช้การเข้าสู่ระบบเดียวกัน,UI: ล็อบบี้/ออนไลน์/แรงก์/ผลแมตช์,559023
559024,Ranked Match Failed,การแข่งขันจัดอันดับล้มเหลว,UI: ล็อบบี้/ออนไลน์/แรงก์/ผลแมตช์,559024
559025,The system has failed to auto-match. Please try again.,ระบบล้มเหลวในการจับคู่อัตโนมัติ โปรดลองอีกครั้ง,UI: ล็อบบี้/ออนไลน์/แรงก์/ผลแมตช์,559025
559027,The new password you have entered is not the same in both fields. Please input it again.,รหัสผ่านใหม่ที่คุณป้อนไม่เหมือนกันในทั้งสองช่อง กรุณากรอกอีกครั้ง,UI: ล็อบบี้/ออนไลน์/แรงก์/ผลแมตช์,559027
559028,Password Changed,เปลี่ยนรหัสผ่านแล้ว,UI: ล็อบบี้/ออนไลน์/แรงก์/ผลแมตช์,559028
559029,Your password has been changed successfully.,รหัสผ่านของคุณถูกเปลี่ยนเรียบร้อยแล้ว,UI: ล็อบบี้/ออนไลน์/แรงก์/ผลแมตช์,559029
559030,System Information,ข้อมูลระบบ,UI: ล็อบบี้/ออนไลน์/แรงก์/ผลแมตช์,559030
559031,Please wait...,โปรดรอ...,UI: ล็อบบี้/ออนไลน์/แรงก์/ผลแมตช์,559031|562070
559033,"Are you sure you want to delete the profile ""%1PROFILE%""?","คุณแน่ใจหรือไม่ว่าต้องการลบโปรไฟล์ ""%1PROFILE%""",UI: ล็อบบี้/ออนไลน์/แรงก์/ผลแมตช์,559033
559034,Password Reset,รีเซ็ตรหัสผ่าน,UI: ล็อบบี้/ออนไลน์/แรงก์/ผลแมตช์,559034
559035,Your password has been reset successfully. You will get an e-mail shortly with your new password.,รหัสผ่านของคุณถูกรีเซ็ตเรียบร้อยแล้ว คุณจะได้รับอีเมลพร้อมรหัสผ่านใหม่ของคุณในไม่ช้า,UI: ล็อบบี้/ออนไลน์/แรงก์/ผลแมตช์,559035
559036,Password Reset Failure,การรีเซ็ตรหัสผ่านล้มเหลว,UI: ล็อบบี้/ออนไลน์/แรงก์/ผลแมตช์,559036|559038
559037,The Product Key and/or secret answer that you provided are wrong. Your password has not been reset.,รหัสผลิตภัณฑ์และ/หรือคำตอบลับที่คุณระบุไม่ถูกต้อง รหัสผ่านของคุณยังไม่ถูกรีเซ็ต,UI: ล็อบบี้/ออนไลน์/แรงก์/ผลแมตช์,559037
559039,We are unable to reset your account password. The account is either banned or suspended.,เราไม่สามารถรีเซ็ตรหัสผ่านบัญชีของคุณได้ บัญชีถูกแบนหรือถูกระงับ,UI: ล็อบบี้/ออนไลน์/แรงก์/ผลแมตช์,559039
559040,Account Details Updated.,อัปเดตรายละเอียดบัญชีแล้ว,UI: ล็อบบี้/ออนไลน์/แรงก์/ผลแมตช์,559040
559041,Your account details have been updated.,รายละเอียดบัญชีของคุณได้รับการอัปเดตแล้ว,UI: ล็อบบี้/ออนไลน์/แรงก์/ผลแมตช์,559041
559042,Number of players currently automatching: %1NUMBER%,จำนวนผู้เล่นที่จับคู่อัตโนมัติในปัจจุบัน: %1NUMBER%,UI: ล็อบบี้/ออนไลน์/แรงก์/ผลแมตช์,559042
559043,Number of players automatched with you : %1NUMBER%,จำนวนผู้เล่นที่ตรงกับคุณโดยอัตโนมัติ : %1NUMBER%,UI: ล็อบบี้/ออนไลน์/แรงก์/ผลแมตช์,559043
559044,Profile Deletion,การลบโปรไฟล์,UI: ล็อบบี้/ออนไลน์/แรงก์/ผลแมตช์,559044
559045,The profile was deleted successfully.,ลบโปรไฟล์เรียบร้อยแล้ว,UI: ล็อบบี้/ออนไลน์/แรงก์/ผลแมตช์,559045
559046,The profile could not be deleted. ,ไม่สามารถลบโปรไฟล์ได้,UI: ล็อบบี้/ออนไลน์/แรงก์/ผลแมตช์,559046
559047,Incorrect password.,รหัสผ่านไม่ถูกต้อง,UI: ล็อบบี้/ออนไลน์/แรงก์/ผลแมตช์,559047
559048,The current password is incorrect. Please input it again. If you have forgotten your password please use the password reset feature.,รหัสผ่านปัจจุบันไม่ถูกต้อง กรุณากรอกอีกครั้ง หากคุณลืมรหัสผ่าน โปรดใช้คุณสมบัติการรีเซ็ตรหัสผ่าน,UI: ล็อบบี้/ออนไลน์/แรงก์/ผลแมตช์,559048
559050,Invalid password.,รหัสผ่านไม่ถูกต้อง,UI: ล็อบบี้/ออนไลน์/แรงก์/ผลแมตช์,559050
559051,The password you have entered is invalid. Please input it again.,รหัสผ่านที่คุณป้อนไม่ถูกต้อง กรุณากรอกอีกครั้ง,UI: ล็อบบี้/ออนไลน์/แรงก์/ผลแมตช์,559051
559052,Classic 1 VS. 1,คลาสสิค 1 VS. 1,UI: ล็อบบี้/ออนไลน์/แรงก์/ผลแมตช์,559052
559053,Classic 2 VS. 2,คลาสสิค 2 VS. 2,UI: ล็อบบี้/ออนไลน์/แรงก์/ผลแมตช์,559053
559054,Classic 3 VS. 3,คลาสสิค 3 VS. 3,UI: ล็อบบี้/ออนไลน์/แรงก์/ผลแมตช์,559054
559055,Classic 4 VS. 4,คลาสสิค 4 VS. 4,UI: ล็อบบี้/ออนไลน์/แรงก์/ผลแมตช์,559055
559056,No veto.,ไม่มีการยับยั้ง,UI: ล็อบบี้/ออนไลน์/แรงก์/ผลแมตช์,559056
559057,Starting game...,กำลังเริ่มเกม...,UI: ล็อบบี้/ออนไลน์/แรงก์/ผลแมตช์,559057
559059,Automatching...,กำลังอัตโนมัติ...,UI: ล็อบบี้/ออนไลน์/แรงก์/ผลแมตช์,559059
559061,STOP,หยุด,UI: ล็อบบี้/ออนไลน์/แรงก์/ผลแมตช์,559061
559062,Pending...,รอดำเนินการ...,UI: ล็อบบี้/ออนไลน์/แรงก์/ผลแมตช์,559062
559064,Offline,ออฟไลน์,UI: ล็อบบี้/ออนไลน์/แรงก์/ผลแมตช์,559064|561801|561850
559065,In Game,ในเกม,UI: ล็อบบี้/ออนไลน์/แรงก์/ผลแมตช์,559065|559068
559066,%1RACE% players: %2NUMBER%,%1RACE% ผู้เล่น: %2NUMBER%,UI: ล็อบบี้/ออนไลน์/แรงก์/ผลแมตช์,559066
559067,Invited...,เชิญ...,UI: ล็อบบี้/ออนไลน์/แรงก์/ผลแมตช์,559067
559070,Do you wish to accept this person as a friend?,คุณต้องการที่จะยอมรับบุคคลนี้เป็นเพื่อนหรือไม่?,UI: ล็อบบี้/ออนไลน์/แรงก์/ผลแมตช์,559070
559071,Definitely remove this friend?,ลบเพื่อนคนนี้ออกอย่างแน่นอนใช่ไหม,UI: ล็อบบี้/ออนไลน์/แรงก์/ผลแมตช์,559071
559072,Are you sure you want to remove %1FRIEND% as a friend?,คุณแน่ใจหรือไม่ว่าต้องการลบ %1FRIEND% ในฐานะเพื่อน,UI: ล็อบบี้/ออนไลน์/แรงก์/ผลแมตช์,559072
559073,Invited to Game,เชิญเล่นเกม,UI: ล็อบบี้/ออนไลน์/แรงก์/ผลแมตช์,559073
559074,"%1Player% has invited you to join their match, do you accept?",%1Player% เชิญคุณเข้าร่วมการแข่งขัน คุณยอมรับหรือไม่,UI: ล็อบบี้/ออนไลน์/แรงก์/ผลแมตช์,559074
559075,Notification,การแจ้งเตือน,UI: ล็อบบี้/ออนไลน์/แรงก์/ผลแมตช์,559075
559076,"This profile is currently busy, please try again shortly.",โปรไฟล์นี้ไม่ว่างในขณะนี้ โปรดลองอีกครั้งในภายหลัง,UI: ล็อบบี้/ออนไลน์/แรงก์/ผลแมตช์,559076
559077,%1PLAYERNAME% is unavailable.,%1PLAYERNAME% ไม่พร้อมใช้งาน,UI: ล็อบบี้/ออนไลน์/แรงก์/ผลแมตช์,559077
559078,Basic Match,การจับคู่ขั้นพื้นฐาน,UI: ล็อบบี้/ออนไลน์/แรงก์/ผลแมตช์,559078|600046|605328|609521
559079,Are you sure you want to remove the following people as friends? %1FRIENDSLIST%,คุณแน่ใจหรือไม่ว่าต้องการลบบุคคลต่อไปนี้ออกจากการเป็นเพื่อน? %1FRIENDSLIST%,UI: ล็อบบี้/ออนไลน์/แรงก์/ผลแมตช์,559079
559080,Waiting for player %1PLAYERNAME% to catch up ( lag grace left : %2LAG_GRACE%s ).,กำลังรอให้ผู้เล่น %1PLAYERNAME% ตามให้ทัน,UI: ล็อบบี้/ออนไลน์/แรงก์/ผลแมตช์,559080
559081,"%1PLAYER_NAME% is lagging, would you like to vote to kick him from the game? (This player is also lagging for %2NUM_OTHER_PLAYERS%2 other player(s) ).",%1PLAYER_NAME% กำลังล่าช้า คุณต้องการโหวตให้เตะเขาออกจากเกมไหม,UI: ล็อบบี้/ออนไลน์/แรงก์/ผลแมตช์,559081
559083,You have been kicked from the game.,คุณถูกเตะออกจากเกม,UI: ล็อบบี้/ออนไลน์/แรงก์/ผลแมตช์,559083
559084,%1PLAYER_NAME% has initiated a vote to kick the following players. ,%1PLAYER_NAME% ได้เริ่มการโหวตให้เตะผู้เล่นต่อไปนี้,UI: ล็อบบี้/ออนไลน์/แรงก์/ผลแมตช์,559084
559085,"The following players are lagging for you. You may, if you choose, initiate a vote to kick them.",ผู้เล่นต่อไปนี้ล้าหลังสำหรับคุณ หากคุณเลือก คุณสามารถลงคะแนนเสียงเพื่อเตะพวกเขาได้,UI: ล็อบบี้/ออนไลน์/แรงก์/ผลแมตช์,559085
559086,Check Online Server Status.,ตรวจสอบสถานะเซิร์ฟเวอร์ออนไลน์,UI: ล็อบบี้/ออนไลน์/แรงก์/ผลแมตช์,559086
559087,Hide medals from campaign: %1Campaign_name%,ซ่อนเหรียญรางวัลจากแคมเปญ: %1Campaign_name%,UI: ล็อบบี้/ออนไลน์/แรงก์/ผลแมตช์,559087
559088,Hide unawarded medals,ซ่อนเหรียญรางวัลที่ไม่ได้รับ,UI: ล็อบบี้/ออนไลน์/แรงก์/ผลแมตช์,559088
559089,REWARDS,รางวัล,UI: ล็อบบี้/ออนไลน์/แรงก์/ผลแมตช์,559089
559090,GAME HISTORY,ประวัติเกม,UI: ล็อบบี้/ออนไลน์/แรงก์/ผลแมตช์,559090
559092,START SKIRMISH,เริ่มศึกประจัญบาน,UI: ล็อบบี้/ออนไลน์/แรงก์/ผลแมตช์,559092
559093,%1profile_name%'s skirmish game,เกมศึกประจัญบานของ %1profile_name%,UI: ล็อบบี้/ออนไลน์/แรงก์/ผลแมตช์,559093
559094,Setting up game...,กำลังตั้งค่าเกม...,UI: ล็อบบี้/ออนไลน์/แรงก์/ผลแมตช์,559094
559095,Starting game,เริ่มเกม,UI: ล็อบบี้/ออนไลน์/แรงก์/ผลแมตช์,559095
559096,An error occurred while starting the game,เกิดข้อผิดพลาดขณะเริ่มเกม,UI: ล็อบบี้/ออนไลน์/แรงก์/ผลแมตช์,559096
559097,Bad File,ไฟล์เสีย,UI: ล็อบบี้/ออนไลน์/แรงก์/ผลแมตช์,559097
559098,The recorded game file could not be loaded.,ไม่สามารถโหลดไฟล์เกมที่บันทึกไว้ได้,UI: ล็อบบี้/ออนไลน์/แรงก์/ผลแมตช์,559098
559099,The following players could not be unignored: %1PLAYERLIST%,ผู้เล่นต่อไปนี้ไม่สามารถเพิกเฉยได้: %1PLAYERLIST%,UI: ล็อบบี้/ออนไลน์/แรงก์/ผลแมตช์,559099
559100,The following players could not be added as friends: %1PLAYERLIST%,ไม่สามารถเพิ่มผู้เล่นต่อไปนี้เป็นเพื่อนได้: %1PLAYERLIST%,UI: ล็อบบี้/ออนไลน์/แรงก์/ผลแมตช์,559100
559101,The following players are still friends: %1PLAYERLIST%,ผู้เล่นต่อไปนี้ยังเป็นเพื่อนกัน: %1PLAYERLIST%,UI: ล็อบบี้/ออนไลน์/แรงก์/ผลแมตช์,559101
559102,"The host changed to a map you do not currently have, disconnecting",โฮสต์เปลี่ยนเป็นแผนที่ที่คุณไม่มีอยู่ กำลังยกเลิกการเชื่อมต่อ,UI: ล็อบบี้/ออนไลน์/แรงก์/ผลแมตช์,559102
559105,Hide saves from %1Campaign name%,ซ่อนการบันทึกจาก %1Campaign name%,UI: ล็อบบี้/ออนไลน์/แรงก์/ผลแมตช์,559105
559106,Delete File Confirmation,ลบการยืนยันไฟล์,UI: ล็อบบี้/ออนไลน์/แรงก์/ผลแมตช์,559106
559107,Are you certain you want to delete this file?,คุณแน่ใจหรือไม่ว่าต้องการลบไฟล์นี้,UI: ล็อบบี้/ออนไลน์/แรงก์/ผลแมตช์,559107
559108,Campaign Game,เกมแคมเปญ,UI: ล็อบบี้/ออนไลน์/แรงก์/ผลแมตช์,559108|561950
559109,Skirmish Game,เกมศึกประจัญบาน,UI: ล็อบบี้/ออนไลน์/แรงก์/ผลแมตช์,559109|561951
559110,Recorded Game,เกมที่บันทึกไว้,UI: ล็อบบี้/ออนไลน์/แรงก์/ผลแมตช์,559110|561952
559111,Whisper from %1player_name%: %2message%,เสียงกระซิบจาก %1player_name%: %2message%,UI: ล็อบบี้/ออนไลน์/แรงก์/ผลแมตช์,559111
559112,Click to start a single player skirmish game,คลิกเพื่อเริ่มเกมศึกประจัญบานแบบเล่นคนเดียว,UI: ล็อบบี้/ออนไลน์/แรงก์/ผลแมตช์,559112
559113,Click to start the countdown to start the game,คลิกเพื่อเริ่มนับถอยหลังเพื่อเริ่มเกม,UI: ล็อบบี้/ออนไลน์/แรงก์/ผลแมตช์,559113
559114,Click to start the multiplayer game now,คลิกเพื่อเริ่มเกมแบบผู้เล่นหลายคนทันที,UI: ล็อบบี้/ออนไลน์/แรงก์/ผลแมตช์,559114
559115,Click to toggle your ready status,คลิกเพื่อสลับสถานะพร้อมของคุณ,UI: ล็อบบี้/ออนไลน์/แรงก์/ผลแมตช์,559115
559116,Click to cancel the countdown,คลิกเพื่อยกเลิกการนับถอยหลัง,UI: ล็อบบี้/ออนไลน์/แรงก์/ผลแมตช์,559116
559117,Find games to play online,ค้นหาเกมที่จะเล่นออนไลน์,UI: ล็อบบี้/ออนไลน์/แรงก์/ผลแมตช์,559117
559118,Setup a game the way you want,ตั้งค่าเกมตามที่คุณต้องการ,UI: ล็อบบี้/ออนไลน์/แรงก์/ผลแมตช์,559118
559119,Automatically find a game and increase your online rank,ค้นหาเกมโดยอัตโนมัติและเพิ่มอันดับออนไลน์ของคุณ,UI: ล็อบบี้/ออนไลน์/แรงก์/ผลแมตช์,559119
559120,Play the single player campaigns,เล่นแคมเปญผู้เล่นเดี่ยว,UI: ล็อบบี้/ออนไลน์/แรงก์/ผลแมตช์,559120
559121,Play an Automatch Game Now!,เล่นเกมอัตโนมัติทันที!,UI: ล็อบบี้/ออนไลน์/แรงก์/ผลแมตช์,559121
559122,You need to log in to play automatch,คุณต้องเข้าสู่ระบบเพื่อเล่นการแข่งขันอัตโนมัติ,UI: ล็อบบี้/ออนไลน์/แรงก์/ผลแมตช์,559122
559123,Invitation problem,ปัญหาคำเชิญ,UI: ล็อบบี้/ออนไลน์/แรงก์/ผลแมตช์,559123
559124,"You have been invited to a game by %1player_name%, but do not have the necessary map file",คุณได้รับเชิญให้เข้าร่วมเกมโดย %1player_name% แต่ไม่มีไฟล์แผนที่ที่จำเป็น,UI: ล็อบบี้/ออนไลน์/แรงก์/ผลแมตช์,559124
559125,"You have been invited to a game by %1player_name%, but can not join it",คุณได้รับเชิญให้เข้าร่วมเกมภายใน %1player_name% แต่ไม่สามารถเข้าร่วมได้,UI: ล็อบบี้/ออนไลน์/แรงก์/ผลแมตช์,559125
559126,Start searching for a game with players at your skill level,เริ่มค้นหาเกมกับผู้เล่นที่มีระดับความสามารถของคุณ,UI: ล็อบบี้/ออนไลน์/แรงก์/ผลแมตช์,559126
559127,Stop searching for a game,หยุดค้นหาเกม,UI: ล็อบบี้/ออนไลน์/แรงก์/ผลแมตช์,559127
559128,Patch Error,ข้อผิดพลาดของแพทช์,UI: ล็อบบี้/ออนไลน์/แรงก์/ผลแมตช์,559128
559129,Could not execute the patch file :%1patch_file%  Please try to run it manually.,ไม่สามารถเรียกใช้ไฟล์แพทช์ :%1patch_file% โปรดลองเรียกใช้ด้วยตนเอง,UI: ล็อบบี้/ออนไลน์/แรงก์/ผลแมตช์,559129
559130,Could Not Add Product Key,ไม่สามารถเพิ่มรหัสผลิตภัณฑ์ได้,UI: ล็อบบี้/ออนไลน์/แรงก์/ผลแมตช์,559130
559131,Failed to add the key. This account already has a product key for this product.,ไม่สามารถเพิ่มรหัสได้ บัญชีนี้มีรหัสผลิตภัณฑ์สำหรับผลิตภัณฑ์นี้แล้ว,UI: ล็อบบี้/ออนไลน์/แรงก์/ผลแมตช์,559131
559132,Hotfix Recommended,แนะนำโปรแกรมแก้ไขด่วน,UI: ล็อบบี้/ออนไลน์/แรงก์/ผลแมตช์,559132
559133,"We could not detect an update for Vista that allows for higher resolution graphics. We recommend installing this update, as well as updating your video card drivers. Would you like to install the update?",เราตรวจไม่พบการอัปเดตสำหรับ Vista ที่อนุญาตให้ใช้กราฟิกที่มีความละเอียดสูงกว่า เราขอแนะนำให้ติดตั้งการอัปเดตนี้ เช่นเดียวกับการอัปเดตไดรเวอร์การ์ดแสดงผลของคุณ คุณต้องการติดตั้งการอัปเดตหรือไม่,UI: ล็อบบี้/ออนไลน์/แรงก์/ผลแมตช์,559133
559134,Hide this reminder,ซ่อนการแจ้งเตือนนี้,UI: ล็อบบี้/ออนไลน์/แรงก์/ผลแมตช์,559134
559135,Hide this reminder in the future?,ซ่อนการแจ้งเตือนนี้ในอนาคตไหม,UI: ล็อบบี้/ออนไลน์/แรงก์/ผลแมตช์,559135
559140,%1PLAYER% is hosting a game,%1PLAYER% กำลังเป็นเจ้าภาพการแข่งขัน,UI: ล็อบบี้/ออนไลน์/แรงก์/ผลแมตช์,559140
559141,%1PLAYER% is hosting an Automatch Team,%1PLAYER% กำลังเป็นเจ้าภาพทีม Automatch,UI: ล็อบบี้/ออนไลน์/แรงก์/ผลแมตช์,559141
559143,You have lost connection to the server.,คุณสูญเสียการเชื่อมต่อกับเซิร์ฟเวอร์,UI: ล็อบบี้/ออนไลน์/แรงก์/ผลแมตช์,559143
559144,The following players have been sent a friends request: %1PLAYERLIST%,ผู้เล่นต่อไปนี้ได้รับคำขอเป็นเพื่อน: %1PLAYERLIST%,UI: ล็อบบี้/ออนไลน์/แรงก์/ผลแมตช์,559144
559201,Start Invasion of Normandy Campaign,เริ่มแคมเปญบุกนอร์มังดี,UI: ล็อบบี้/ออนไลน์/แรงก์/ผลแมตช์,559201
559202,Continue Invasion of Normandy Campaign,ดำเนินการบุกโจมตีนอร์มังดีต่อไป,UI: ล็อบบี้/ออนไลน์/แรงก์/ผลแมตช์,559202
559203,"To play the Invasion of Normandy Campaign, please purchase the original Company Of Heroes",หากต้องการเล่นแคมเปญ Invasion of Normandy โปรดซื้อ Company Of Heroes ดั้งเดิม,UI: ล็อบบี้/ออนไลน์/แรงก์/ผลแมตช์,559203
559204,Liberation of Caen,การปลดปล่อยแห่งก็อง,UI: ล็อบบี้/ออนไลน์/แรงก์/ผลแมตช์,559204
559205,Start Liberation of Caen Campaign,เริ่มแคมเปญปลดปล่อยเมืองก็อง,UI: ล็อบบี้/ออนไลน์/แรงก์/ผลแมตช์,559205
559206,Continue Liberation of Caen Campaign,เล่นต่อแคมเปญปลดปล่อยเมืองก็อง,UI: ล็อบบี้/ออนไลน์/แรงก์/ผลแมตช์,559206
559207,"To play Liberation of Caen, please purchase Company of Heroes: Opposing Fronts",หากต้องการเล่น Liberation of Caen โปรดซื้อ Company of Heroes: Opposing Fronts,UI: ล็อบบี้/ออนไลน์/แรงก์/ผลแมตช์,559207
559208,Operation Market Garden,ปฏิบัติการมาร์เก็ตการ์เดน,UI: ล็อบบี้/ออนไลน์/แรงก์/ผลแมตช์,559208
559209,Start Operation Market Garden Campaign,เริ่มแคมเปญปฏิบัติการมาร์เก็ตการ์เดน,UI: ล็อบบี้/ออนไลน์/แรงก์/ผลแมตช์,559209
559210,Continue Operation Market Garden Campaign,เล่นต่อแคมเปญปฏิบัติการมาร์เก็ตการ์เดน,UI: ล็อบบี้/ออนไลน์/แรงก์/ผลแมตช์,559210
559211,"To play Operation Market Garden, please purchase Company of Heroes: Opposing Fronts",หากต้องการเล่น Operation Market Garden โปรดซื้อ Company of Heroes: Opposing Fronts,UI: ล็อบบี้/ออนไลน์/แรงก์/ผลแมตช์,559211
559212,Game Join Request,คำขอเข้าร่วมเกม,UI: ล็อบบี้/ออนไลน์/แรงก์/ผลแมตช์,559212
559213,"%1Player% has requested to join your match, do you accept?",%1Player% ได้ขอเข้าร่วมการแข่งขันของคุณ คุณยอมรับหรือไม่,UI: ล็อบบี้/ออนไลน์/แรงก์/ผลแมตช์,559213
559214,Unable to delete currently active profile.,ไม่สามารถลบโปรไฟล์ที่ใช้งานอยู่ในปัจจุบันได้,UI: ล็อบบี้/ออนไลน์/แรงก์/ผลแมตช์,559214
559215,Unable to delete main account profile.,ไม่สามารถลบโปรไฟล์บัญชีหลักได้,UI: ล็อบบี้/ออนไลน์/แรงก์/ผลแมตช์,559215
559216,Allied Players:,ผู้เล่นฝ่ายสัมพันธมิตร:,UI: ล็อบบี้/ออนไลน์/แรงก์/ผลแมตช์,559216|600006
559217,Axis Players:,ผู้เล่นฝ่ายอักษะ:,UI: ล็อบบี้/ออนไลน์/แรงก์/ผลแมตช์,559217|600007
559218,Random Players:,ผู้เล่นแบบสุ่ม:,UI: ล็อบบี้/ออนไลน์/แรงก์/ผลแมตช์,559218
559219,Allied Teams:,ทีมฝ่ายสัมพันธมิตร:,UI: ล็อบบี้/ออนไลน์/แรงก์/ผลแมตช์,559219
559220,Axis Teams:,ทีมฝ่ายอักษะ:,UI: ล็อบบี้/ออนไลน์/แรงก์/ผลแมตช์,559220
559221,Random Teams:,ทีมสุ่ม:,UI: ล็อบบี้/ออนไลน์/แรงก์/ผลแมตช์,559221
559222,Looking for Players...,ตามหาผู้เล่น...,UI: ล็อบบี้/ออนไลน์/แรงก์/ผลแมตช์,559222
559223,Looking for Available Game...,กำลังมองหาเกมที่มีจำหน่าย...,UI: ล็อบบี้/ออนไลน์/แรงก์/ผลแมตช์,559223|600028
559224,Setting up Game...,กำลังตั้งค่าเกม...,UI: ล็อบบี้/ออนไลน์/แรงก์/ผลแมตช์,559224
559231,Start Tiger Ace Campaign,เริ่มแคมเปญไทเกอร์ เอซ,UI: ล็อบบี้/ออนไลน์/แรงก์/ผลแมตช์,559231
559232,Continue Tiger Ace Campaign,เล่นต่อแคมเปญไทเกอร์ เอซ,UI: ล็อบบี้/ออนไลน์/แรงก์/ผลแมตช์,559232
559233,"To unlock, please purchase Company of Heroes: Tales of Valor",หากต้องการปลดล็อค โปรดซื้อ Company of Heroes: Tales of Valor,UI: ล็อบบี้/ออนไลน์/แรงก์/ผลแมตช์,559233
559500,Recently Played,เพิ่งเล่น,UI: ล็อบบี้/ออนไลน์/แรงก์/ผลแมตช์,559500
560000,Private First Class,พลทหารชั้นหนึ่ง,UI: ล็อบบี้/ออนไลน์/แรงก์/ผลแมตช์,560000
560001,Corporal,สิบตรี,UI: ล็อบบี้/ออนไลน์/แรงก์/ผลแมตช์,560001|560021
560002,Tech 4th Class,ช่างเทคนิคชั้น 4,UI: ล็อบบี้/ออนไลน์/แรงก์/ผลแมตช์,560002
560003,Sergeant,สิบโท,UI: ล็อบบี้/ออนไลน์/แรงก์/ผลแมตช์,560003|560022
560004,Tech 3rd Class,เทคชั้น 3,UI: ล็อบบี้/ออนไลน์/แรงก์/ผลแมตช์,560004
560005,Staff Sergeant,สิบเอก,UI: ล็อบบี้/ออนไลน์/แรงก์/ผลแมตช์,560005|560023
560006,Technical Sergeant,จ่าเทคนิค,UI: ล็อบบี้/ออนไลน์/แรงก์/ผลแมตช์,560006
560007,First Sergeant,จ่าสิบเอกพิเศษ,UI: ล็อบบี้/ออนไลน์/แรงก์/ผลแมตช์,560007
560008,Master Sergeant,จ่าสิบเอก,UI: ล็อบบี้/ออนไลน์/แรงก์/ผลแมตช์,560008|608009|608055|614008|617003
560009,Second Lieutenant,ร้อยตรี,UI: ล็อบบี้/ออนไลน์/แรงก์/ผลแมตช์,560009|560029
560010,First Lieutenant,ร้อยโท,UI: ล็อบบี้/ออนไลน์/แรงก์/ผลแมตช์,560010
560012,Major,พันตรี,UI: ล็อบบี้/ออนไลน์/แรงก์/ผลแมตช์,560012|560032|560052
560013,Lieutenant Colonel,พันโท,UI: ล็อบบี้/ออนไลน์/แรงก์/ผลแมตช์,560013|560033
560014,Colonel,พันเอก,UI: ล็อบบี้/ออนไลน์/แรงก์/ผลแมตช์,560014|560034
560015,Brigadier General,พลจัตวา,UI: ล็อบบี้/ออนไลน์/แรงก์/ผลแมตช์,560015
560016,Major General,พลตรี,UI: ล็อบบี้/ออนไลน์/แรงก์/ผลแมตช์,560016|560036
560017,Lieutenant General,พลโท,UI: ล็อบบี้/ออนไลน์/แรงก์/ผลแมตช์,560017|560037
560018,General,พลเอก,UI: ล็อบบี้/ออนไลน์/แรงก์/ผลแมตช์,560018|560038
560019,General of The Army,จอมพล,UI: ล็อบบี้/ออนไลน์/แรงก์/ผลแมตช์,560019
560020,Lance Corporal,สิบโทแลนซ์,UI: ล็อบบี้/ออนไลน์/แรงก์/ผลแมตช์,560020
560024,Sergeant Major,พันจ่าเอก,UI: ล็อบบี้/ออนไลน์/แรงก์/ผลแมตช์,560024
560025,Quartermaster Sergeant,จ่าสิบเอก,UI: ล็อบบี้/ออนไลน์/แรงก์/ผลแมตช์,560025
560026,Warrant Officer Class One,เจ้าหน้าที่หมายจับชั้นหนึ่ง,UI: ล็อบบี้/ออนไลน์/แรงก์/ผลแมตช์,560026
560027,Conductor,คอนดักเตอร์,UI: ล็อบบี้/ออนไลน์/แรงก์/ผลแมตช์,560027
560028,Officer Cadet,นายร้อยนายร้อย,UI: ล็อบบี้/ออนไลน์/แรงก์/ผลแมตช์,560028
560035,Brigadier,นายพลจัตวา,UI: ล็อบบี้/ออนไลน์/แรงก์/ผลแมตช์,560035
560039,Field Marshal,จอมพล,UI: ล็อบบี้/ออนไลน์/แรงก์/ผลแมตช์,560039
560040,Obergrenadier,โอเบอร์เกรนาเดียร์,UI: ล็อบบี้/ออนไลน์/แรงก์/ผลแมตช์,560040
560041,Gefreiter,เกฟรีเตอร์,UI: ล็อบบี้/ออนไลน์/แรงก์/ผลแมตช์,560041
560042,Obergefreiter,โอเบอร์เกไฟรเตอร์,UI: ล็อบบี้/ออนไลน์/แรงก์/ผลแมตช์,560042
560043,Stabsgefreiter,Stabsgefreiter,UI: ล็อบบี้/ออนไลน์/แรงก์/ผลแมตช์,560043
560044,Unteroffizier,ผู้ไม่มีอำนาจหน้าที่,UI: ล็อบบี้/ออนไลน์/แรงก์/ผลแมตช์,560044
560045,Unterfeldwebel,อุนเทอร์เฟลด์เวเบล,UI: ล็อบบี้/ออนไลน์/แรงก์/ผลแมตช์,560045
560046,FeldWebel,เฟลด์เวเบล,UI: ล็อบบี้/ออนไลน์/แรงก์/ผลแมตช์,560046
560047,Oberfeldwebel,โอเบอร์เฟลด์เวเบล,UI: ล็อบบี้/ออนไลน์/แรงก์/ผลแมตช์,560047
560048,Stabsfeldwebel,Stabsfeldwebel,UI: ล็อบบี้/ออนไลน์/แรงก์/ผลแมตช์,560048
560049,Leutnant,ลอยท์แนนท์,UI: ล็อบบี้/ออนไลน์/แรงก์/ผลแมตช์,560049
560050,Oberleutnant,โอเบอร์ลอยต์แนนท์,UI: ล็อบบี้/ออนไลน์/แรงก์/ผลแมตช์,560050
560051,Hauptmann,เฮาพท์มันน์,UI: ล็อบบี้/ออนไลน์/แรงก์/ผลแมตช์,560051
560053,Oberstleutnant,Oberstleutnant,UI: ล็อบบี้/ออนไลน์/แรงก์/ผลแมตช์,560053
560054,Oberst,โอเบิร์สท์,UI: ล็อบบี้/ออนไลน์/แรงก์/ผลแมตช์,560054
560055,Generalmajor,พลเอก,UI: ล็อบบี้/ออนไลน์/แรงก์/ผลแมตช์,560055
560056,Generalleutnant,ทั่วไปลอยต์แนนท์,UI: ล็อบบี้/ออนไลน์/แรงก์/ผลแมตช์,560056
560057,General der Infanterie,พลเอก der Infanterie,UI: ล็อบบี้/ออนไลน์/แรงก์/ผลแมตช์,560057
560058,Generaloberst,ทั่วไป,UI: ล็อบบี้/ออนไลน์/แรงก์/ผลแมตช์,560058
560059,GeneralFeldmarschall,นายพลเฟลด์มาร์แชลล์,UI: ล็อบบี้/ออนไลน์/แรงก์/ผลแมตช์,560059
560060,Schütze,ชุตเซ่,UI: ล็อบบี้/ออนไลน์/แรงก์/ผลแมตช์,560060
560061,Sturmmann,สตวร์มมันน์,UI: ล็อบบี้/ออนไลน์/แรงก์/ผลแมตช์,560061
560062,Rottenleiter,รอตเทนไลเตอร์,UI: ล็อบบี้/ออนไลน์/แรงก์/ผลแมตช์,560062
560063,Unterscharleiter,อุนเทอร์ชาร์ไลเตอร์,UI: ล็อบบี้/ออนไลน์/แรงก์/ผลแมตช์,560063
560064,Scharleiter,ชาร์ไลเตอร์,UI: ล็อบบี้/ออนไลน์/แรงก์/ผลแมตช์,560064
560065,Oberscharleiter,โอเบอร์ชาร์ไลเตอร์,UI: ล็อบบี้/ออนไลน์/แรงก์/ผลแมตช์,560065
560066,Hauptscharleiter,เฮาพท์ชาร์ไลเตอร์,UI: ล็อบบี้/ออนไลน์/แรงก์/ผลแมตช์,560066
560067,Stabsscharleiter,สตั๊บส์ชาร์ไลเตอร์,UI: ล็อบบี้/ออนไลน์/แรงก์/ผลแมตช์,560067
560068,Sturmscharleiter,สตอร์มชาร์ไลเตอร์,UI: ล็อบบี้/ออนไลน์/แรงก์/ผลแมตช์,560068
560069,Untersturmleiter,อุนเทอร์สตอร์มไลเตอร์,UI: ล็อบบี้/ออนไลน์/แรงก์/ผลแมตช์,560069
560070,Obersturmleiter,ออเบอร์สตอร์มไลเตอร์,UI: ล็อบบี้/ออนไลน์/แรงก์/ผลแมตช์,560070
560071,Hauptsturmleiter,เฮาพท์สตอร์มไลเตอร์,UI: ล็อบบี้/ออนไลน์/แรงก์/ผลแมตช์,560071
560072,Sturmbannleiter,สตอร์มบันไลเตอร์,UI: ล็อบบี้/ออนไลน์/แรงก์/ผลแมตช์,560072
560073,Obersturmbannleiter,โอเบอร์สทูร์มบันไลเตอร์,UI: ล็อบบี้/ออนไลน์/แรงก์/ผลแมตช์,560073
560074,Standartenleiter,สแตนดาร์เทนไลเตอร์,UI: ล็อบบี้/ออนไลน์/แรงก์/ผลแมตช์,560074
560075,Brigadeleiter,นายพลจัตวา,UI: ล็อบบี้/ออนไลน์/แรงก์/ผลแมตช์,560075
560076,Gruppenleiter,กรุ๊ปเพนไลเตอร์,UI: ล็อบบี้/ออนไลน์/แรงก์/ผลแมตช์,560076
560077,Obergruppenleiter,โอเบอร์กรัปเพนไลเตอร์,UI: ล็อบบี้/ออนไลน์/แรงก์/ผลแมตช์,560077
560078,Oberstgruppenleiter,โอเบอร์สท์กรุปเพนไลเตอร์,UI: ล็อบบี้/ออนไลน์/แรงก์/ผลแมตช์,560078
560079,Reichsleiter,ไรช์สไลเตอร์,UI: ล็อบบี้/ออนไลน์/แรงก์/ผลแมตช์,560079
561000,Total players online: ,ผู้เล่นออนไลน์ทั้งหมด:,UI: ล็อบบี้/ออนไลน์/แรงก์/ผลแมตช์,561000
561001,Players in game: ,ผู้เล่นในเกม:,UI: ล็อบบี้/ออนไลน์/แรงก์/ผลแมตช์,561001
561002,Players looking for automatches: ,ผู้เล่นที่กำลังมองหาการแข่งขันอัตโนมัติ:,UI: ล็อบบี้/ออนไลน์/แรงก์/ผลแมตช์,561002
561003,Games being played: ,เกมส์ที่กำลังเล่น:,UI: ล็อบบี้/ออนไลน์/แรงก์/ผลแมตช์,561003
561004,Peak number of players: ,จำนวนผู้เล่นสูงสุด:,UI: ล็อบบี้/ออนไลน์/แรงก์/ผลแมตช์,561004
561005,Peak time: ,เวลาสูงสุด:,UI: ล็อบบี้/ออนไลน์/แรงก์/ผลแมตช์,561005
561006,Games being hosted: ,เกมที่เป็นเจ้าภาพ:,UI: ล็อบบี้/ออนไลน์/แรงก์/ผลแมตช์,561006
561007,Friends online: ,เพื่อนออนไลน์:,UI: ล็อบบี้/ออนไลน์/แรงก์/ผลแมตช์,561007
561008,Total games ever played: ,เกมทั้งหมดที่เคยเล่น:,UI: ล็อบบี้/ออนไลน์/แรงก์/ผลแมตช์,561008
561009,Playing a campaign game: ,เล่นเกมแคมเปญ:,UI: ล็อบบี้/ออนไลน์/แรงก์/ผลแมตช์,561009
561010,Playing a ranked game: ,เล่นเกมจัดอันดับ:,UI: ล็อบบี้/ออนไลน์/แรงก์/ผลแมตช์,561010
561011,Playing a skirmish game: ,กำลังเล่นเกมศึกประจัญบาน: ,UI: ล็อบบี้/ออนไลน์/แรงก์/ผลแมตช์,561011
561012,Playing a LAN game: ,การเล่นเกม LAN:,UI: ล็อบบี้/ออนไลน์/แรงก์/ผลแมตช์,561012
561013,Playing a custom game: ,การเล่นเกมที่กำหนดเอง:,UI: ล็อบบี้/ออนไลน์/แรงก์/ผลแมตช์,561013
561014,Online games played this month: ,เกมออนไลน์ที่เล่นในเดือนนี้:,UI: ล็อบบี้/ออนไลน์/แรงก์/ผลแมตช์,561014
561015,Total 1v1 games played: ,เกม 1v1 ที่เล่นทั้งหมด:,UI: ล็อบบี้/ออนไลน์/แรงก์/ผลแมตช์,561015
561016,Total 2v2 games played: ,เกม 2v2 ที่เล่นทั้งหมด:,UI: ล็อบบี้/ออนไลน์/แรงก์/ผลแมตช์,561016
561017,Total 3v3 games played: ,เกม 3v3 ที่เล่นทั้งหมด:,UI: ล็อบบี้/ออนไลน์/แรงก์/ผลแมตช์,561017
561018,Total 4v4 games played: ,เกม 4v4 ที่เล่นทั้งหมด:,UI: ล็อบบี้/ออนไลน์/แรงก์/ผลแมตช์,561018
561019,Total Panzerkrieg games played: ,รวมเกมที่เล่นของ Panzerkrieg:,UI: ล็อบบี้/ออนไลน์/แรงก์/ผลแมตช์,561019
561020,Total Assault games played: ,เกม Total Assault ที่เล่น:,UI: ล็อบบี้/ออนไลน์/แรงก์/ผลแมตช์,561020
561021,Total Stonewall games played: ,เกมสโตนวอลล์ที่เล่นทั้งหมด:,UI: ล็อบบี้/ออนไลน์/แรงก์/ผลแมตช์,561021
561022,Total Skirmish games played: ,จำนวนเกมศึกประจัญบานที่เล่นทั้งหมด: ,UI: ล็อบบี้/ออนไลน์/แรงก์/ผลแมตช์,561022
561023,Total AT 2v2 games played: ,เกม AT 2v2 ที่เล่นทั้งหมด:,UI: ล็อบบี้/ออนไลน์/แรงก์/ผลแมตช์,561023
561024,Total AT 3v3 games played: ,เกม AT 3v3 ที่เล่นทั้งหมด:,UI: ล็อบบี้/ออนไลน์/แรงก์/ผลแมตช์,561024
561025,Total AT 4v4 games played: ,เกม AT 4v4 ที่เล่นทั้งหมด:,UI: ล็อบบี้/ออนไลน์/แรงก์/ผลแมตช์,561025
561026,Total Axis wins: ,ฝ่ายอักษะชนะทั้งหมด: ,UI: ล็อบบี้/ออนไลน์/แรงก์/ผลแมตช์,561026
561027,Total Allied wins: ,ฝ่ายสัมพันธมิตรชนะทั้งหมด:,UI: ล็อบบี้/ออนไลน์/แรงก์/ผลแมตช์,561027
561028,Total 1v1 ranked games played: ,เกมจัดอันดับ 1ต่อ1 ที่เล่นทั้งหมด:,UI: ล็อบบี้/ออนไลน์/แรงก์/ผลแมตช์,561028
561029,Total 2v2 ranked games played: ,เกมจัดอันดับ 2v2 ที่เล่นทั้งหมด:,UI: ล็อบบี้/ออนไลน์/แรงก์/ผลแมตช์,561029
561030,Total 3v3 ranked games played: ,เกมจัดอันดับ 3 ต่อ 3 ที่เล่นทั้งหมด:,UI: ล็อบบี้/ออนไลน์/แรงก์/ผลแมตช์,561030
561031,Total 4v4 ranked games played: ,เกมจัดอันดับ 4 ต่อ 4 ที่เล่นทั้งหมด:,UI: ล็อบบี้/ออนไลน์/แรงก์/ผลแมตช์,561031
561032,Total AT 2v2 ranked games played: ,เกมจัดอันดับ AT 2v2 ที่เล่นทั้งหมด:,UI: ล็อบบี้/ออนไลน์/แรงก์/ผลแมตช์,561032
561033,Total AT 3v3 ranked games played: ,เกมจัดอันดับ AT 3v3 ที่เล่นทั้งหมด:,UI: ล็อบบี้/ออนไลน์/แรงก์/ผลแมตช์,561033
561034,Total AT 4v4 ranked games played: ,เกมจัดอันดับ AT 4v4 ที่เล่นทั้งหมด:,UI: ล็อบบี้/ออนไลน์/แรงก์/ผลแมตช์,561034
561035,Total Classic games played: ,เกมคลาสสิคที่เล่นทั้งหมด:,UI: ล็อบบี้/ออนไลน์/แรงก์/ผลแมตช์,561035
561250,Creating profile...,กำลังสร้างโปรไฟล์...,UI: ล็อบบี้/ออนไลน์/แรงก์/ผลแมตช์,561250
561251,Retrieving account creation info...,กำลังเรียกข้อมูลการสร้างบัญชี...,UI: ล็อบบี้/ออนไลน์/แรงก์/ผลแมตช์,561251
561252,Attempting to create account...,กำลังพยายามสร้างบัญชี...,UI: ล็อบบี้/ออนไลน์/แรงก์/ผลแมตช์,561252
561253,Changing your password...,กำลังเปลี่ยนรหัสผ่านของคุณ...,UI: ล็อบบี้/ออนไลน์/แรงก์/ผลแมตช์,561253
561254,Logging in...,กำลังเข้าสู่ระบบ...,UI: ล็อบบี้/ออนไลน์/แรงก์/ผลแมตช์,561254
561255,Retrieving profile list...,กำลังเรียกข้อมูลรายการโปรไฟล์...,UI: ล็อบบี้/ออนไลน์/แรงก์/ผลแมตช์,561255
561256,Deleting profile...,กำลังลบโปรไฟล์...,UI: ล็อบบี้/ออนไลน์/แรงก์/ผลแมตช์,561256
561257,Retrieving your secret question...,กำลังเรียกคำถามลับของคุณ...,UI: ล็อบบี้/ออนไลน์/แรงก์/ผลแมตช์,561257
561258,Attempting to reset password...,กำลังพยายามรีเซ็ตรหัสผ่าน...,UI: ล็อบบี้/ออนไลน์/แรงก์/ผลแมตช์,561258
561259,Logging out...,กำลังออกจากระบบ...,UI: ล็อบบี้/ออนไลน์/แรงก์/ผลแมตช์,561259
561260,Retrieving account details...,กำลังดึงรายละเอียดบัญชี...,UI: ล็อบบี้/ออนไลน์/แรงก์/ผลแมตช์,561260
561261,Updating account details...,กำลังอัปเดตรายละเอียดบัญชี...,UI: ล็อบบี้/ออนไลน์/แรงก์/ผลแมตช์,561261
561500,Everyone,ทุกคน,UI: ล็อบบี้/ออนไลน์/แรงก์/ผลแมตช์,561500
561502,Nearby,ใกล้เคียง,UI: ล็อบบี้/ออนไลน์/แรงก์/ผลแมตช์,561502
561503,Currently viewing : %1START% - %2END%,กำลังดูอยู่ : %1START% - %2END%,UI: ล็อบบี้/ออนไลน์/แรงก์/ผลแมตช์,561503
561504,No records.,ไม่มีบันทึก,UI: ล็อบบี้/ออนไลน์/แรงก์/ผลแมตช์,561504
561505,Sorting By : %1SORT_TYPE%,จัดเรียงตาม : %1SORT_TYPE%,UI: ล็อบบี้/ออนไลน์/แรงก์/ผลแมตช์,561505
561750,Filtered Games List,รายการเกมที่กรอง,UI: ล็อบบี้/ออนไลน์/แรงก์/ผลแมตช์,561750
561751,Hide Password Protected Games,ซ่อนเกมที่ป้องกันด้วยรหัสผ่าน,UI: ล็อบบี้/ออนไลน์/แรงก์/ผลแมตช์,561751
561752,Hide Full Games,ซ่อนเกมเต็ม,UI: ล็อบบี้/ออนไลน์/แรงก์/ผลแมตช์,561752
561753,Latency,เวลาแฝง,UI: ล็อบบี้/ออนไลน์/แรงก์/ผลแมตช์,561753
561755,< %1NUMBER%,< %1NUMBER%,UI: ล็อบบี้/ออนไลน์/แรงก์/ผลแมตช์,561755
561758,< One bar,< หนึ่งแท่ง,UI: ล็อบบี้/ออนไลน์/แรงก์/ผลแมตช์,561758
561759,< Two bars,< สองแท่ง,UI: ล็อบบี้/ออนไลน์/แรงก์/ผลแมตช์,561759
561760,< Three bars,<สามแท่ง,UI: ล็อบบี้/ออนไลน์/แรงก์/ผลแมตช์,561760
561761,< Four bars,< สี่แท่ง,UI: ล็อบบี้/ออนไลน์/แรงก์/ผลแมตช์,561761
561762,Match Size,ขนาดที่ตรงกัน,UI: ล็อบบี้/ออนไลน์/แรงก์/ผลแมตช์,561762
561763,1 vs 1,1 ต่อ 1,UI: ล็อบบี้/ออนไลน์/แรงก์/ผลแมตช์,561763|600784
561764,2 vs 2,2 ต่อ 2,UI: ล็อบบี้/ออนไลน์/แรงก์/ผลแมตช์,561764|600785|614017
561765,3 vs 3,3 ต่อ 3,UI: ล็อบบี้/ออนไลน์/แรงก์/ผลแมตช์,561765|600786|614016
561766,4 vs 4,4 ต่อ 4,UI: ล็อบบี้/ออนไลน์/แรงก์/ผลแมตช์,561766|600787|614015
561767,%1GAME_TYPE% only,%1GAME_TYPE% เท่านั้น,UI: ล็อบบี้/ออนไลน์/แรงก์/ผลแมตช์,561767
561768,Gametype,ประเภทเกม,UI: ล็อบบี้/ออนไลน์/แรงก์/ผลแมตช์,561768
561771,Annihilation,การทำลายล้าง,UI: ล็อบบี้/ออนไลน์/แรงก์/ผลแมตช์,561771
561772,Apply,นำไปใช้,UI: ล็อบบี้/ออนไลน์/แรงก์/ผลแมตช์,561772
561774,%1GAME_TYPE% ranked win confirmed,%1GAME_TYPE% ชัยชนะอันดับยืนยันแล้ว,UI: ล็อบบี้/ออนไลน์/แรงก์/ผลแมตช์,561774
561775,%1GAME_TYPE% ranked loss confirmed,%1GAME_TYPE% ยืนยันการสูญเสียอันดับแล้ว,UI: ล็อบบี้/ออนไลน์/แรงก์/ผลแมตช์,561775
561776,%1GAME_TYPE% win confirmed,%1GAME_TYPE% ชนะ ยืนยันแล้ว,UI: ล็อบบี้/ออนไลน์/แรงก์/ผลแมตช์,561776
561777,%1GAME_TYPE% loss confirmed,%1GAME_TYPE% ยืนยันการสูญเสียแล้ว,UI: ล็อบบี้/ออนไลน์/แรงก์/ผลแมตช์,561777
561780,%1RACE% %2GAME_TYPE% rank increased,%1RACE% %2GAME_TYPE% อันดับเพิ่มขึ้น,UI: ล็อบบี้/ออนไลน์/แรงก์/ผลแมตช์,561780
561781,%1RACE% %2GAME_TYPE% rank decreased,%1RACE% %2GAME_TYPE% อันดับลดลง,UI: ล็อบบี้/ออนไลน์/แรงก์/ผลแมตช์,561781
561782,Your game version is not up to date and a patch is not available for download at this time. Please contact customer support.,เวอร์ชันเกมของคุณไม่อัปเดต และไม่มีแพตช์ให้ดาวน์โหลดในขณะนี้ โปรดติดต่อฝ่ายสนับสนุนลูกค้า,UI: ล็อบบี้/ออนไลน์/แรงก์/ผลแมตช์,561782
561783,Attempting to connect to %1PLAYER_NAME%.,กำลังพยายามเชื่อมต่อกับ %1PLAYER_NAME%,UI: ล็อบบี้/ออนไลน์/แรงก์/ผลแมตช์,561783
561784,%1PROFILE_NAME% failed to connect to %2PLAYER_PROFILE_LIST%,%1PROFILE_NAME% ล้มเหลวในการเชื่อมต่อกับ %2PLAYER_PROFILE_LIST%,UI: ล็อบบี้/ออนไลน์/แรงก์/ผลแมตช์,561784
561785,Connection to %1PLAYER_PROFILE% succeeded.,การเชื่อมต่อกับ %1PLAYER_PROFILE% สำเร็จแล้ว,UI: ล็อบบี้/ออนไลน์/แรงก์/ผลแมตช์,561785
561790,"(%1TOTAL% games listed, %2FILTERED% filtered)",,UI: ล็อบบี้/ออนไลน์/แรงก์/ผลแมตช์,561790
561795,%1PROFILE_NAME% failed to connect to the game session.,%1PROFILE_NAME% ล้มเหลวในการเชื่อมต่อกับเซสชันเกม,UI: ล็อบบี้/ออนไลน์/แรงก์/ผลแมตช์,561795
561796,Stats Updated,อัปเดตสถิติแล้ว,UI: ล็อบบี้/ออนไลน์/แรงก์/ผลแมตช์,561796
561797,/%1NUMPLAYERS%,/%1NUMPLAYERS%,UI: ล็อบบี้/ออนไลน์/แรงก์/ผลแมตช์,561797
561804,Pending Accepts,รอดำเนินการยอมรับ,UI: ล็อบบี้/ออนไลน์/แรงก์/ผลแมตช์,561804
561805,Playing Company of Heroes,กำลังเล่น Company of Heroes,UI: ล็อบบี้/ออนไลน์/แรงก์/ผลแมตช์,561805
561851,No Profile Selected,ไม่มีการเลือกโปรไฟล์,UI: ล็อบบี้/ออนไลน์/แรงก์/ผลแมตช์,561851
561900,Open Slot,ช่องว่าง,UI: ล็อบบี้/ออนไลน์/แรงก์/ผลแมตช์,561900
562001,Please insert your %1PRODUCT_NAME% Disc.,กรุณาใส่แผ่นดิสก์ %1PRODUCT_NAME% ของคุณ,UI: ล็อบบี้/ออนไลน์/แรงก์/ผลแมตช์,562001|562011
562004,Company Of Heroes,กองร้อย ออฟ ฮีโร่,UI: ล็อบบี้/ออนไลน์/แรงก์/ผลแมตช์,562004
562005,Company Of Heroes : Opposing Fronts,Company Of Heroes: แนวรบที่ตรงกันข้าม,UI: ล็อบบี้/ออนไลน์/แรงก์/ผลแมตช์,562005
562006,Company of Heroes : Game of the Year,Company of Heroes : เกมแห่งปี,UI: ล็อบบี้/ออนไลน์/แรงก์/ผลแมตช์,562006
562007,Company of Heroes : Gold Edition,Company of Heroes : Gold Edition,UI: ล็อบบี้/ออนไลน์/แรงก์/ผลแมตช์,562007
562008,Company of Heroes : Tales of Valor,Company of Heroes : นิทานแห่งความกล้าหาญ,UI: ล็อบบี้/ออนไลน์/แรงก์/ผลแมตช์,562008
562010,Recover Account,กู้คืนบัญชี,UI: ล็อบบี้/ออนไลน์/แรงก์/ผลแมตช์,562010|562013|616251
562015,Performing this action will invalidate the account that this key is currently associated with. This can only be done a limited amount of times. If the key has been used too many times it may also result in your account being banned. Are you sure?,การดำเนินการนี้จะทำให้บัญชีที่เชื่อมโยงกับคีย์นี้ใช้ไม่ได้ในปัจจุบัน ซึ่งสามารถทำได้ในจำนวนจำกัดเท่านั้น หากมีการใช้รหัสหลายครั้งเกินไป อาจส่งผลให้บัญชีของคุณถูกแบนได้ คุณแน่ใจเหรอ?,UI: ล็อบบี้/ออนไลน์/แรงก์/ผลแมตช์,562015
562021,You don't have a license to use this content.,คุณไม่มีใบอนุญาตให้ใช้เนื้อหานี้,UI: ล็อบบี้/ออนไลน์/แรงก์/ผลแมตช์,562021
562022,Enter Product Key,ป้อนรหัสผลิตภัณฑ์,UI: ล็อบบี้/ออนไลน์/แรงก์/ผลแมตช์,562022|562085
562030,Validating Media,กำลังตรวจสอบสื่อ,UI: ล็อบบี้/ออนไลน์/แรงก์/ผลแมตช์,562030
562031,Validating Media... Please Wait...,กำลังตรวจสอบสื่อ... กรุณารอสักครู่...,UI: ล็อบบี้/ออนไลน์/แรงก์/ผลแมตช์,562031
562040,Browsing Medals,กำลังเปิดหาเหรียญ,UI: ล็อบบี้/ออนไลน์/แรงก์/ผลแมตช์,562040
562041,Browsing Game History,กำลังเปิดหาประวัติเกม,UI: ล็อบบี้/ออนไลน์/แรงก์/ผลแมตช์,562041
562042,Automatching,อัตโนมัติ,UI: ล็อบบี้/ออนไลน์/แรงก์/ผลแมตช์,562042
562043,Setting up Skirmish Game,กำลังตั้งค่าเกมศึกประจัญบาน,UI: ล็อบบี้/ออนไลน์/แรงก์/ผลแมตช์,562043
562044,Setting up LAN Game,การตั้งค่าเกม LAN,UI: ล็อบบี้/ออนไลน์/แรงก์/ผลแมตช์,562044
562045,In a Skirmish,อยู่ในเกมศึกประจัญบาน,UI: ล็อบบี้/ออนไลน์/แรงก์/ผลแมตช์,562045
562046,In a Campaign,ในแคมเปญ,UI: ล็อบบี้/ออนไลน์/แรงก์/ผลแมตช์,562046
562047,In a LAN Game,ในเกม LAN,UI: ล็อบบี้/ออนไลน์/แรงก์/ผลแมตช์,562047
562048,In a Ranked Game,ในเกมจัดอันดับ,UI: ล็อบบี้/ออนไลน์/แรงก์/ผลแมตช์,562048
562051,You have lost connection to the Steam server.,คุณสูญเสียการเชื่อมต่อกับเซิร์ฟเวอร์ Steam,UI: ล็อบบี้/ออนไลน์/แรงก์/ผลแมตช์,562051
562053,You have re-established your connection to the Steam server.,คุณได้สร้างการเชื่อมต่อของคุณกับเซิร์ฟเวอร์ Steam อีกครั้ง,UI: ล็อบบี้/ออนไลน์/แรงก์/ผลแมตช์,562053
562061,Sign In will attempt to connect to Relic Online and take you to the Login screen if successful. Would you like to continue?,การลงชื่อเข้าใช้จะพยายามเชื่อมต่อกับ Relic Online และนำคุณไปยังหน้าจอเข้าสู่ระบบหากสำเร็จ คุณต้องการดำเนินการต่อหรือไม่?,UI: ล็อบบี้/ออนไลน์/แรงก์/ผลแมตช์,562061
562071,Please wait while Play Now functionality is initialized...,โปรดรอสักครู่ในขณะที่ฟังก์ชัน Play Now เริ่มต้น...,UI: ล็อบบี้/ออนไลน์/แรงก์/ผลแมตช์,562071
562073,Play Now initialization has failed.,การเริ่มต้น Play Now ล้มเหลว,UI: ล็อบบี้/ออนไลน์/แรงก์/ผลแมตช์,562073
562081,The Product Key you entered has successfully been added.,เพิ่มรหัสผลิตภัณฑ์ที่คุณป้อนเรียบร้อยแล้ว,UI: ล็อบบี้/ออนไลน์/แรงก์/ผลแมตช์,562081
562087,"An unclaimed %1PRODUCT% key has been discovered on this computer, If you would like to associate it with this account confirm the key is correct and press Submit, otherwise press back.",พบคีย์ %1PRODUCT% ที่ไม่มีการอ้างสิทธิ์ในคอมพิวเตอร์เครื่องนี้ หากคุณต้องการเชื่อมโยงกับบัญชีนี้ ให้ยืนยันว่าคีย์ถูกต้องแล้วกดส่ง หรือกดกลับ,UI: ล็อบบี้/ออนไลน์/แรงก์/ผลแมตช์,562087
562088,"To obtain a product key, please purchase the game you would like to play at a retail store or online. If you already own a Company of Heroes title, simply enter the product key printed on the back page of your game manual (or provided to you by Steam/D2D).",หากต้องการรับรหัสผลิตภัณฑ์ โปรดซื้อเกมที่คุณต้องการเล่นที่ร้านค้าปลีกหรือทางออนไลน์ หากคุณเป็นเจ้าของชื่อ Company of Heroes อยู่แล้ว เพียงกรอกหมายเลขผลิตภัณฑ์ที่พิมพ์ไว้ที่ด้านหลังของคู่มือเกมของคุณ,UI: ล็อบบี้/ออนไลน์/แรงก์/ผลแมตช์,562088|607508
562091,You have already registered this product key with your account.,คุณได้ลงทะเบียนรหัสผลิตภัณฑ์นี้กับบัญชีของคุณแล้ว,UI: ล็อบบี้/ออนไลน์/แรงก์/ผลแมตช์,562091
562101,You do not have any products registered with your account and will be unable to access game content without adding a product key.,คุณไม่มีผลิตภัณฑ์ใด ๆ ที่ลงทะเบียนกับบัญชีของคุณ และจะไม่สามารถเข้าถึงเนื้อหาเกมได้โดยไม่ต้องเพิ่มรหัสผลิตภัณฑ์,UI: ล็อบบี้/ออนไลน์/แรงก์/ผลแมตช์,562101
562111,You do not have the necessary data installed to play this campaign.  Please ensure that the appropriate content is properly installed.,คุณไม่มีข้อมูลที่จำเป็นในการติดตั้งเพื่อเล่นแคมเปญนี้ โปรดตรวจสอบให้แน่ใจว่ามีการติดตั้งเนื้อหาที่เหมาะสมอย่างถูกต้อง,UI: ล็อบบี้/ออนไลน์/แรงก์/ผลแมตช์,562111
562116,Could not verify media.,ไม่สามารถตรวจสอบสื่อได้,UI: ล็อบบี้/ออนไลน์/แรงก์/ผลแมตช์,562116
562121,There was an error creating your profile.,เกิดข้อผิดพลาดในการสร้างโปรไฟล์ของคุณ,UI: ล็อบบี้/ออนไลน์/แรงก์/ผลแมตช์,562121
562123,There was an error changing your password.,เกิดข้อผิดพลาดในการเปลี่ยนรหัสผ่านของคุณ,UI: ล็อบบี้/ออนไลน์/แรงก์/ผลแมตช์,562123
562125,There was an error trying to retrieve the secret question associated with your product key.,มีข้อผิดพลาดในการพยายาม็อดึงคำถามลับที่เกี่ยวข้องกับหมายเลขผลิตภัณฑ์ของคุณ,UI: ล็อบบี้/ออนไลน์/แรงก์/ผลแมตช์,562125
562127,"Failed to add the product to your account. Please try again later, and contact customer support if the problem persists.",ไม่สามารถเพิ่มผลิตภัณฑ์ลงในบัญชีของคุณ โปรดลองอีกครั้งในภายหลัง และติดต่อฝ่ายสนับสนุนลูกค้าหากปัญหายังคงมีอยู่,UI: ล็อบบี้/ออนไลน์/แรงก์/ผลแมตช์,562127
562129,"Unable to retrieve your account details. Please try again later, and contact customer support if the problem persists.",ไม่สามารถดึงรายละเอียดบัญชีของคุณได้ โปรดลองอีกครั้งในภายหลัง และติดต่อฝ่ายสนับสนุนลูกค้าหากปัญหายังคงมีอยู่,UI: ล็อบบี้/ออนไลน์/แรงก์/ผลแมตช์,562129
562131,"Unable to update your account details. Please try again later, and contact customer support if the problem persists.",ไม่สามารถอัปเดตรายละเอียดบัญชีของคุณได้ โปรดลองอีกครั้งในภายหลัง และติดต่อฝ่ายสนับสนุนลูกค้าหากปัญหายังคงมีอยู่,UI: ล็อบบี้/ออนไลน์/แรงก์/ผลแมตช์,562131
562132,Corruption error,ข้อผิดพลาดการทุจริต,UI: ล็อบบี้/ออนไลน์/แรงก์/ผลแมตช์,562132
562133,"The download is corrupted and will be deleted, please try again.",การดาวน์โหลดเสียหายและจะถูกลบ โปรดลองอีกครั้ง,UI: ล็อบบี้/ออนไลน์/แรงก์/ผลแมตช์,562133
562135,Continue to Single Player,ดำเนินการต่อไปยังผู้เล่นเดี่ยว,UI: ล็อบบี้/ออนไลน์/แรงก์/ผลแมตช์,562135
562136,(Banned),(ถูกแบน),UI: ล็อบบี้/ออนไลน์/แรงก์/ผลแมตช์,562136
562137,(Suspended),(ถูกระงับ),UI: ล็อบบี้/ออนไลน์/แรงก์/ผลแมตช์,562137
562150,Dropped.,ลดลง,UI: ล็อบบี้/ออนไลน์/แรงก์/ผลแมตช์,562150
563100,Classic 2 VS. 2 AT,คลาสสิค 2 VS. 2 ที่,UI: ล็อบบี้/ออนไลน์/แรงก์/ผลแมตช์,563100
563101,Classic 3 VS. 3 AT,คลาสสิค 3 VS. 3 ที่,UI: ล็อบบี้/ออนไลน์/แรงก์/ผลแมตช์,563101
563102,Classic 4 VS. 4 AT,คลาสสิค 4 VS. 4 ที่,UI: ล็อบบี้/ออนไลน์/แรงก์/ผลแมตช์,563102
563111,You have been kicked from the automatch party.,คุณถูกเตะออกจากปาร์ตี้อัตโนมัติ,UI: ล็อบบี้/ออนไลน์/แรงก์/ผลแมตช์,563111
563112,%1PLAYER% is leaving the party. A NAT negotiation failure occurred. Unable to connect to %2PLAYERLIST%.,%1PLAYER% กำลังออกจากงานปาร์ตี้ เกิดความล้มเหลวในการเจรจา NAT ไม่สามารถเชื่อมต่อกับ %2PLAYERLIST%,UI: ล็อบบี้/ออนไลน์/แรงก์/ผลแมตช์,563112
563113,You have been kicked from the automatch party. A NAT negotiation failure occurred. Unable to connect to %1PLAYERLIST%.,คุณถูกเตะออกจากปาร์ตี้อัตโนมัติ เกิดความล้มเหลวในการเจรจา NAT ไม่สามารถเชื่อมต่อกับ %1PLAYERLIST%,UI: ล็อบบี้/ออนไลน์/แรงก์/ผลแมตช์,563113
563114,%1PLAYER% has been kicked for incompatible game version.,%1PLAYER% ถูกเตะเนื่องจากเวอร์ชันเกมที่เข้ากันไม่ได้,UI: ล็อบบี้/ออนไลน์/แรงก์/ผลแมตช์,563114
563115,%1PLAYER% has stopped the automatch process.,%1PLAYER% ได้หยุดกระบวนการจับคู่อัตโนมัติแล้ว,UI: ล็อบบี้/ออนไลน์/แรงก์/ผลแมตช์,563115
563116,%1PLAYER% is leaving the party. They do not have access to the selected game mode.,%1PLAYER% กำลังออกจากงานปาร์ตี้ พวกเขาไม่สามารถเข้าถึงโหมดเกมที่เลือกได้,UI: ล็อบบี้/ออนไลน์/แรงก์/ผลแมตช์,563116
563117,You have been kicked from the automatch party. You do not have access to the selected game mode.,คุณถูกเตะออกจากปาร์ตี้อัตโนมัติ คุณไม่สามารถเข้าถึงโหมดเกมที่เลือกได้,UI: ล็อบบี้/ออนไลน์/แรงก์/ผลแมตช์,563117
563120,Invite to team automatch,เชิญเข้าร่วมการแข่งขันอัตโนมัติของทีม,UI: ล็อบบี้/ออนไลน์/แรงก์/ผลแมตช์,563120
563121,Start team automatch and invite player,เริ่มการแข่งขันอัตโนมัติของทีมและเชิญผู้เล่น,UI: ล็อบบี้/ออนไลน์/แรงก์/ผลแมตช์,563121
563130,View team stats.,ดูสถิติทีม,UI: ล็อบบี้/ออนไลน์/แรงก์/ผลแมตช์,563130
563140,This player's frame rate is expected to be no less then %1FRAMERATE% for a %2NUMBER% player game.,เฟรมเรตของผู้เล่นรายนี้คาดว่าจะไม่ต่ำกว่า %1FRAMERATE% สำหรับเกมของผู้เล่น %2NUMBER%,UI: ล็อบบี้/ออนไลน์/แรงก์/ผลแมตช์,563140
563141,Your framerate for the last %1NUMBER% matches with %2PLAYERNUMBER% players have at worst been: %3FRAMERATELIST%.,อัตราเฟรมของคุณสำหรับการแข่งขัน %1NUMBER% ครั้งล่าสุดกับผู้เล่น %2PLAYERNUMBER% แย่ที่สุดคือ: %3FRAMERATELIST%,UI: ล็อบบี้/ออนไลน์/แรงก์/ผลแมตช์,563141
563142,You have not played any games of this type.,คุณยังไม่ได้เล่นเกมประเภทนี้,UI: ล็อบบี้/ออนไลน์/แรงก์/ผลแมตช์,563142
563150,Finding available players: (%1PROGRESS%),การค้นหาผู้เล่นที่ว่าง:,UI: ล็อบบี้/ออนไลน์/แรงก์/ผลแมตช์,563150
563151,Connecting to players: (%1PROGRESS%),การเชื่อมต่อกับผู้เล่น:,UI: ล็อบบี้/ออนไลน์/แรงก์/ผลแมตช์,563151
563152,Players currently ready: (%1PROGRESS%),ผู้เล่นพร้อมแล้ว:,UI: ล็อบบี้/ออนไลน์/แรงก์/ผลแมตช์,563152
563153,All players have been found.,พบผู้เล่นทั้งหมดแล้ว,UI: ล็อบบี้/ออนไลน์/แรงก์/ผลแมตช์,563153
563154,%1COMPLETE%/%2TOTAL%,%1COMPLETE%/%2TOTAL%,UI: ล็อบบี้/ออนไลน์/แรงก์/ผลแมตช์,563154
563155,Connected to players.,เชื่อมต่อกับผู้เล่น,UI: ล็อบบี้/ออนไลน์/แรงก์/ผลแมตช์,563155
563156,Ready to play!,พร้อมเล่น!,UI: ล็อบบี้/ออนไลน์/แรงก์/ผลแมตช์,563156
563160,Incompatible map: %1MAP%,แผนที่ที่เข้ากันไม่ได้: %1MAP%,UI: ล็อบบี้/ออนไลน์/แรงก์/ผลแมตช์,563160
563161,Insufficient license,ใบอนุญาตไม่เพียงพอ,UI: ล็อบบี้/ออนไลน์/แรงก์/ผลแมตช์,563161
563162,Incompatible mod. Them: %1THEIRMOD% You: %1YOURMOD%,ม็อดที่เข้ากันไม่ได้ พวกเขา: %1THEIRMOD% คุณ: %1YOURMOD%,UI: ล็อบบี้/ออนไลน์/แรงก์/ผลแมตช์,563162
563163,Incompatible game options,ตัวเลือกเกมที่เข้ากันไม่ได้,UI: ล็อบบี้/ออนไลน์/แรงก์/ผลแมตช์,563163
563164,Incompatible mod version. Them: %1THEIRVERSION% You: %1YOURVERSION%,เวอร์ชัน mod ที่เข้ากันไม่ได้ พวกเขา: %1THEIRVERSION% คุณ: %1YOURVERSION%,UI: ล็อบบี้/ออนไลน์/แรงก์/ผลแมตช์,563164
563170,Team Deleted.,ลบทีมแล้ว,UI: ล็อบบี้/ออนไลน์/แรงก์/ผลแมตช์,563170
563180,Ignore user?,ละเว้นผู้ใช้?,UI: ล็อบบี้/ออนไลน์/แรงก์/ผลแมตช์,563180
563181,Are you sure you want to ignore %1PLAYERNAME%?,คุณแน่ใจหรือไม่ว่าต้องการเพิกเฉย %1PLAYERNAME%,UI: ล็อบบี้/ออนไลน์/แรงก์/ผลแมตช์,563181
563182,Ignore users?,ละเว้นผู้ใช้?,UI: ล็อบบี้/ออนไลน์/แรงก์/ผลแมตช์,563182
563183,Are you sure you want to ignore the following people? %1FRIENDSLIST%,คุณแน่ใจหรือไม่ว่าต้องการเพิกเฉยต่อบุคคลต่อไปนี้? %1FRIENDSLIST%,UI: ล็อบบี้/ออนไลน์/แรงก์/ผลแมตช์,563183
563190,Assault 2 vs 2,โจมตี 2 ต่อ 2,UI: ล็อบบี้/ออนไลน์/แรงก์/ผลแมตช์,563190
563191,Assault AT 2 vs 2,โจมตี AT 2 ต่อ 2,UI: ล็อบบี้/ออนไลน์/แรงก์/ผลแมตช์,563191
563192,Assault AT 3 vs 3,โจมตี AT 3 ต่อ 3,UI: ล็อบบี้/ออนไลน์/แรงก์/ผลแมตช์,563192
563193,Panzerkrieg 2 vs 2,แพนเซอร์ครีก 2 ต่อ 2,UI: ล็อบบี้/ออนไลน์/แรงก์/ผลแมตช์,563193
563194,Panzerkrieg AT 2 vs 2,แพนเซอร์ครีก เอที 2 ต่อ 2,UI: ล็อบบี้/ออนไลน์/แรงก์/ผลแมตช์,563194
563195,Panzerkrieg AT 3 vs 3,แพนเซอร์ครีก เอที 3 ต่อ 3,UI: ล็อบบี้/ออนไลน์/แรงก์/ผลแมตช์,563195
563197,You do not have access to %1GAME_TYPE%. \n\n %2PURCHASE_TEXT%,"คุณไม่มีสิทธิ์เข้าถึง %1GAME_TYPE%

%2PURCHASE_TEXT%",UI: ล็อบบี้/ออนไลน์/แรงก์/ผลแมตช์,563197
563198,Unable to change to %1GAME_TYPE%. \n\n The following players do not have access: %2PLAYERLIST%.,"ไม่สามารถเปลี่ยนเป็น %1GAME_TYPE% 

 ผู้เล่นต่อไปนี้ไม่มีสิทธิ์เข้าถึง: %2PLAYERLIST%",UI: ล็อบบี้/ออนไลน์/แรงก์/ผลแมตช์,563198
563199,The host was unable to change to %1GAME_TYPE% because the following users do not have access: %2PLAYERLIST%.,โฮสต์ไม่สามารถเปลี่ยนเป็น %1GAME_TYPE% ได้ เนื่องจากผู้ใช้ต่อไปนี้ไม่มีสิทธิ์เข้าถึง: %2PLAYERLIST%,UI: ล็อบบี้/ออนไลน์/แรงก์/ผลแมตช์,563199
563200,The host was unable to change to %1GAME_TYPE% because you do not have access.\n %2PURCHASE_TEXT%,"โฮสต์ไม่สามารถเปลี่ยนเป็น %1GAME_TYPE% เนื่องจากคุณไม่มีสิทธิ์เข้าถึง 
 %2PURCHASE_TEXT%",UI: ล็อบบี้/ออนไลน์/แรงก์/ผลแมตช์,563200
563201,Locked Computer Player,เครื่องเล่นคอมพิวเตอร์ที่ถูกล็อค,UI: ล็อบบี้/ออนไลน์/แรงก์/ผลแมตช์,563201
563202,You cannot automatch using the %1ARMY_NAME% army. \n\n %2PURCHASE_TEXT%,"คุณไม่สามารถจับคู่อัตโนมัติโดยใช้กองทัพ %1ARMY_NAME%

%2PURCHASE_TEXT%",UI: ล็อบบี้/ออนไลน์/แรงก์/ผลแมตช์,563202
563203,You cannot use the %1ARMY_NAME% army. \n\n %2PURCHASE_TEXT%,"คุณไม่สามารถใช้กองทัพ %1ARMY_NAME% ได้

%2PURCHASE_TEXT%",UI: ล็อบบี้/ออนไลน์/แรงก์/ผลแมตช์,563203
563210,%1PLAYER%'s Army is using the classic set of units.,%1PLAYER%'s Army ใช้ชุดยูนิตแบบคลาสสิก,UI: ล็อบบี้/ออนไลน์/แรงก์/ผลแมตช์,563210
563211,"Your Army is using the classic set of units. To use custom units, click the Customize Army button.",กองทัพของคุณใช้ชุดยูนิตแบบคลาสสิก หากต้องการใช้หน่วยแบบกำหนดเอง ให้คลิกปุ่มกำหนดกองทัพเอง,UI: ล็อบบี้/ออนไลน์/แรงก์/ผลแมตช์,563211
563212,%1PLAYER%'s Army is using custom units. ,กองทัพของ %1PLAYER% กำลังใช้ยูนิตแบบกำหนดเอง,UI: ล็อบบี้/ออนไลน์/แรงก์/ผลแมตช์,563212
563213,"Your Army is using custom units. To change the custom units, click the Customize Army button.",กองทัพของคุณใช้หน่วยแบบกำหนดเอง หากต้องการเปลี่ยนหน่วยแบบกำหนดเอง ให้คลิกปุ่มกำหนดกองทัพเอง,UI: ล็อบบี้/ออนไลน์/แรงก์/ผลแมตช์,563213
563214,Last Played Game,เกมที่เล่นล่าสุด,UI: ล็อบบี้/ออนไลน์/แรงก์/ผลแมตช์,563214
600000,Kick,เตะออก,UI: ล็อบบี้/ออนไลน์/แรงก์/ผลแมตช์,600000
600001,Waiting for available game...,กำลังรอห้องเกมที่ว่าง...,UI: ล็อบบี้/ออนไลน์/แรงก์/ผลแมตช์,600001
600002,RANKED TEAM GAME,เกมอันดับทีม,UI: ล็อบบี้/ออนไลน์/แรงก์/ผลแมตช์,600002
600003,Army,กองทัพ,UI: ล็อบบี้/ออนไลน์/แรงก์/ผลแมตช์,600003|600768|600818|605308|605309|608026|609523|610255|610256|613001|613056|617511|704510|704518
600004,Preferred Maps,แผนที่ที่ต้องการ,UI: ล็อบบี้/ออนไลน์/แรงก์/ผลแมตช์,600004
600005,Match Type,ประเภทการจับคู่,UI: ล็อบบี้/ออนไลน์/แรงก์/ผลแมตช์,600005
600010,000,000,UI: ล็อบบี้/ออนไลน์/แรงก์/ผลแมตช์,600010|600016|600017
600011,Find a match against someone of equivalent skill,ค้นหาการแข่งขันกับผู้ที่มีทักษะเทียบเท่า,UI: ล็อบบี้/ออนไลน์/แรงก์/ผลแมตช์,600011
600014,CANCEL AUTOMATCH,ยกเลิกอัตโนมัติ,UI: ล็อบบี้/ออนไลน์/แรงก์/ผลแมตช์,600014
600015,AUTOMATCH STATUS,สถานะอัตโนมัติ,UI: ล็อบบี้/ออนไลน์/แรงก์/ผลแมตช์,600015
600018,Random Team Players:,ผู้เล่นทีมสุ่ม:,UI: ล็อบบี้/ออนไลน์/แรงก์/ผลแมตช์,600018
600020,RANK,ยศ / อันดับ,UI: ล็อบบี้/ออนไลน์/แรงก์/ผลแมตช์,600020|600031|600033|600036|608013|608016|608057|608060|617005|617011
600021,Level 12,เลเวล 12,UI: ล็อบบี้/ออนไลน์/แรงก์/ผลแมตช์,600021|600035|608059|614012
600022,Allies - Captain,ฝ่ายสัมพันธมิตร - ร้อยเอก,UI: ล็อบบี้/ออนไลน์/แรงก์/ผลแมตช์,600022|600034
600023,Axis - Master Sergeant,ฝ่ายอักษะ - จ่าสิบเอก,UI: ล็อบบี้/ออนไลน์/แรงก์/ผลแมตช์,600023|600030
600024,Level 9,เลเวล 9,UI: ล็อบบี้/ออนไลน์/แรงก์/ผลแมตช์,600024|600032|608011|608056|614009|617004
600027,Click here to Invite a friend.,คลิกที่นี่เพื่อเชิญเพื่อน,UI: ล็อบบี้/ออนไลน์/แรงก์/ผลแมตช์,600027
600029,Cancel automatching process,ยกเลิกกระบวนการจับคู่อัตโนมัติ,UI: ล็อบบี้/ออนไลน์/แรงก์/ผลแมตช์,600029
600037,AUTOMATCH TEAM,ทีมออโตแมตช์,UI: ล็อบบี้/ออนไลน์/แรงก์/ผลแมตช์,600037
600038,Choose match type,เลือกประเภทการจับคู่,UI: ล็อบบี้/ออนไลน์/แรงก์/ผลแมตช์,600038
600040,Choose your army,เลือกกองทัพของคุณ,UI: ล็อบบี้/ออนไลน์/แรงก์/ผลแมตช์,600040
600041,Vote for the maps you would prefer to play,โหวตแผนที่ที่คุณต้องการเล่น,UI: ล็อบบี้/ออนไลน์/แรงก์/ผลแมตช์,600041
600042,Army or Faction,กองทัพหรือฝ่าย,UI: ล็อบบี้/ออนไลน์/แรงก์/ผลแมตช์,600042
600047,$609522 No Key,$609522 No Key,UI: ล็อบบี้/ออนไลน์/แรงก์/ผลแมตช์,600047|609522
600048,Customize Army,ปรับแต่งกองทัพ,UI: ล็อบบี้/ออนไลน์/แรงก์/ผลแมตช์,600048|600841
600250,Play through 3 different campaigns,เล่นผ่าน 3 แคมเปญที่แตกต่างกัน,UI: ล็อบบี้/ออนไลน์/แรงก์/ผลแมตช์,600250|600259
600251,Track your stats and those of your opponents,ติดตามสถิติของคุณและของฝ่ายตรงข้าม,UI: ล็อบบี้/ออนไลน์/แรงก์/ผลแมตช์,600251
600253,Interact with other gamers,โต้ตอบกับนักเล่นเกมคนอื่นๆ,UI: ล็อบบี้/ออนไลน์/แรงก์/ผลแมตช์,600253
600254,Stop finding a ranked match,หยุดค้นหาการแข่งขันจัดอันดับ,UI: ล็อบบี้/ออนไลน์/แรงก์/ผลแมตช์,600254
600255,All the latest updates on your favorite Relic titles,อัปเดตล่าสุดทั้งหมดเกี่ยวกับเกม Relic ที่คุณชื่นชอบ,UI: ล็อบบี้/ออนไลน์/แรงก์/ผลแมตช์,600255
600256,666,666,UI: ล็อบบี้/ออนไลน์/แรงก์/ผลแมตช์,600256|600262|600264|608044|701088|701089|701090|701091|701092|701093|701094|701095|701096|701097|701098|701099|701100|701101|701102|701103|701104|701105|701106|701107|701108|701109|701110|701111|701112|701113|701114|712785|712786|712787|712788|712789|712790|712791|712792|712793|712794|712795|712796|712797|712798
600257,View rewards earned through playing Company of Heroes,ดูรางวัลที่ได้รับจากการเล่น Company of Heroes,UI: ล็อบบี้/ออนไลน์/แรงก์/ผลแมตช์,600257|600258
600260,Ranked Match,การแข่งขันจัดอันดับ,UI: ล็อบบี้/ออนไลน์/แรงก์/ผลแมตช์,600260
600261,Finding a Match...,หาคู่...,UI: ล็อบบี้/ออนไลน์/แรงก์/ผลแมตช์,600261
600267,"From this tab you can access any games you have saved, including campaign, skirmish and multiplayer replays",จากแท็บนี้ คุณสามารถเข้าถึงเกมใดๆ ที่คุณบันทึกไว้ รวมถึงรีเพลย์แคมเปญ ศึกประจัญบาน และผู้เล่นหลายคน,UI: ล็อบบี้/ออนไลน์/แรงก์/ผลแมตช์,600267|600271
600269,Automatically find a ranked match against someone of equivalent skill,ค้นหาการแข่งขันจัดอันดับกับผู้ที่มีทักษะเทียบเท่าโดยอัตโนมัติ,UI: ล็อบบี้/ออนไลน์/แรงก์/ผลแมตช์,600269
600273,Return to Main Menu,กลับสู่เมนูหลัก,UI: ล็อบบี้/ออนไลน์/แรงก์/ผลแมตช์,600273
600500,Create New Game,สร้างเกมใหม่,UI: ล็อบบี้/ออนไลน์/แรงก์/ผลแมตช์,600500|605500
600501,Game Name:,ชื่อเกม:,UI: ล็อบบี้/ออนไลน์/แรงก์/ผลแมตช์,600501|605501
600505,Optional,ไม่จำเป็น,UI: ล็อบบี้/ออนไลน์/แรงก์/ผลแมตช์,600505|603015|605505
600509,Create a game of the type selected,สร้างเกมประเภทที่เลือก,UI: ล็อบบี้/ออนไลน์/แรงก์/ผลแมตช์,600509
600510,Return to previous screen,กลับไปยังหน้าจอก่อนหน้า,UI: ล็อบบี้/ออนไลน์/แรงก์/ผลแมตช์,600510|604522|607005|607255|712782
600511,Game Type:,ประเภทเกม:,UI: ล็อบบี้/ออนไลน์/แรงก์/ผลแมตช์,600511|605064
600512,$600512 No Key,$600512 No Key,UI: ล็อบบี้/ออนไลน์/แรงก์/ผลแมตช์,600512
600513,"You would be ""way Cool"" and be able to play this mode if you bought Tales of Valor. Please support Relic Entertainment.","คุณจะ ""เท่มาก"" และสามารถเล่นโหมดนี้ได้หากคุณซื้อ Tales of Valor โปรดสนับสนุน Relic Entertainment",UI: ล็อบบี้/ออนไลน์/แรงก์/ผลแมตช์,600513
600514,$713528 No Key,$713528 No Key,UI: ล็อบบี้/ออนไลน์/แรงก์/ผลแมตช์,600514
600750,$600838 No Key,$600838 No Key,UI: ล็อบบี้/ออนไลน์/แรงก์/ผลแมตช์,600750|600838
600760,$600760 No Key,$600760 No Key,UI: ล็อบบี้/ออนไลน์/แรงก์/ผลแมตช์,600760
600762,"In a Fixed Location match, swap sides with the other team to change your team's Starting Locations on the map",ในการแข่งขันแบบกำหนดตำแหน่ง สลับข้างกับทีมอื่นเพื่อเปลี่ยนตำแหน่งเริ่มต้นของทีมของคุณบนแผนที่,UI: ล็อบบี้/ออนไลน์/แรงก์/ผลแมตช์,600762
600764,Atmosphere,บรรยากาศ,UI: ล็อบบี้/ออนไลน์/แรงก์/ผลแมตช์,600764
600766,To customize your army disable or enable reward units,หากต้องการปรับแต่งกองทัพของคุณให้ปิดการใช้งานหรือเปิดใช้งานหน่วยรางวัล,UI: ล็อบบี้/ออนไลน์/แรงก์/ผลแมตช์,600766
600767,GAME RULES AND OPTIONS,กฎของเกมและตัวเลือก,UI: ล็อบบี้/ออนไลน์/แรงก์/ผลแมตช์,600767|605066|605271
600770,Exit game setup,ออกจากการตั้งค่าเกม,UI: ล็อบบี้/ออนไลน์/แรงก์/ผลแมตช์,600770
600771,Kick Player,นักเตะเตะ,UI: ล็อบบี้/ออนไลน์/แรงก์/ผลแมตช์,600771|600782
600778,LEAVE GAME,ออกจากเกม,UI: ล็อบบี้/ออนไลน์/แรงก์/ผลแมตช์,600778|604751
600780,Refresh Maps,รีเฟรชแผนที่,UI: ล็อบบี้/ออนไลน์/แรงก์/ผลแมตช์,600780
600783,Start the Game,เริ่มเกม,UI: ล็อบบี้/ออนไลน์/แรงก์/ผลแมตช์,600783
600788,Type in a message to send,พิมพ์ข้อความที่จะส่ง,UI: ล็อบบี้/ออนไลน์/แรงก์/ผลแมตช์,600788|603512
600789,Swap Start Location,สลับตำแหน่งเริ่มต้น,UI: ล็อบบี้/ออนไลน์/แรงก์/ผลแมตช์,600789
600791,Click to send a chat message,คลิกเพื่อส่งข้อความแชท,UI: ล็อบบี้/ออนไลน์/แรงก์/ผลแมตช์,600791
600792,Click here to select Army,คลิกที่นี่เพื่อเลือกกองทัพบก,UI: ล็อบบี้/ออนไลน์/แรงก์/ผลแมตช์,600792|600793|600794|600795
600802,Perf.,ประสิทธิภาพ,UI: ล็อบบี้/ออนไลน์/แรงก์/ผลแมตช์,600802|600816|605006|605010|605025|605043|605262|605282|605304|605317|610252|610260|704507|704513
600803,Show maps of the type selected,แสดงแผนที่ประเภทที่เลือก,UI: ล็อบบี้/ออนไลน์/แรงก์/ผลแมตช์,600803|600804|600817|600819|600820|600831
600821,$600895 No Key,$600895 No Key,UI: ล็อบบี้/ออนไลน์/แรงก์/ผลแมตช์,600821|605326
600830,Sync,ซิงค์,UI: ล็อบบี้/ออนไลน์/แรงก์/ผลแมตช์,600830|600843
600832,Click here to toggle your readiness to play,คลิกที่นี่เพื่อสลับความพร้อมในการเล่น,UI: ล็อบบี้/ออนไลน์/แรงก์/ผลแมตช์,600832|600833
600834,Select who your chat messages will be sent to,เลือกผู้ที่จะส่งข้อความแชทของคุณ,UI: ล็อบบี้/ออนไลน์/แรงก์/ผลแมตช์,600834|600835
600836,Set the win condition for your match,กำหนดเงื่อนไขการชนะสำหรับการแข่งขันของคุณ,UI: ล็อบบี้/ออนไลน์/แรงก์/ผลแมตช์,600836
600837,Set the maximum victory points for your match,กำหนดคะแนนชัยชนะสูงสุดสำหรับการแข่งขันของคุณ,UI: ล็อบบี้/ออนไลน์/แรงก์/ผลแมตช์,600837
600840,Select which atmosphere to use,เลือกบรรยากาศที่จะใช้,UI: ล็อบบี้/ออนไลน์/แรงก์/ผลแมตช์,600840
601252,Cancel download,ยกเลิกการดาวน์โหลด,UI: ล็อบบี้/ออนไลน์/แรงก์/ผลแมตช์,601252
601253,Enable Peer to Peer (faster),เปิดใช้งานเพียร์ทูเพียร์ (เร็วขึ้น),UI: ล็อบบี้/ออนไลน์/แรงก์/ผลแมตช์,601253
601254,Enabling peer to peer transfer increases download speeds. For optimal performance ensure port 6112 is forwarded through your firewall.,การเปิดใช้งานการถ่ายโอนแบบเพียร์ทูเพียร์จะเพิ่มความเร็วในการดาวน์โหลด เพื่อประสิทธิภาพสูงสุด ตรวจสอบให้แน่ใจว่าพอร์ต 6112 ได้รับการส่งต่อผ่านไฟร์วอลล์ของคุณ,UI: ล็อบบี้/ออนไลน์/แรงก์/ผลแมตช์,601254
601255,I accept the terms of this agreement,ฉันยอมรับเงื่อนไขของข้อตกลงนี้,UI: ล็อบบี้/ออนไลน์/แรงก์/ผลแมตช์,601255|602753|612262|612522|612523
601500,Title,ชื่อ,UI: ล็อบบี้/ออนไลน์/แรงก์/ผลแมตช์,601500|611011|611506|612750|612751|717025
602001,Submit Password,ส่งรหัสผ่าน,UI: ล็อบบี้/ออนไลน์/แรงก์/ผลแมตช์,602001
602004,Attention,ความสนใจ,UI: ล็อบบี้/ออนไลน์/แรงก์/ผลแมตช์,602004
602006,Submit password,ส่งรหัสผ่าน,UI: ล็อบบี้/ออนไลน์/แรงก์/ผลแมตช์,602006
602250,Close this window,ปิดหน้าต่างนี้,UI: ล็อบบี้/ออนไลน์/แรงก์/ผลแมตช์,602250|609002
602251,Close window,ปิดหน้าต่าง,UI: ล็อบบี้/ออนไลน์/แรงก์/ผลแมตช์,602251|620502
602254,Don't show this message again,อย่าแสดงข้อความนี้อีก,UI: ล็อบบี้/ออนไลน์/แรงก์/ผลแมตช์,602254
602255,"For the last time, please do not show this message window again...",เป็นครั้งสุดท้าย กรุณาอย่าแสดงหน้าต่างข้อความนี้อีก...,UI: ล็อบบี้/ออนไลน์/แรงก์/ผลแมตช์,602255
602501,Account Details,รายละเอียดบัญชี,UI: ล็อบบี้/ออนไลน์/แรงก์/ผลแมตช์,602501
602506,Enter Product Key:,ป้อนรหัสผลิตภัณฑ์:,UI: ล็อบบี้/ออนไลน์/แรงก์/ผลแมตช์,602506
602507,Current Key(s):,รหัสปัจจุบัน:,UI: ล็อบบี้/ออนไลน์/แรงก์/ผลแมตช์,602507
602509,666 666 666 666 666,666 666 666 666 666,UI: ล็อบบี้/ออนไลน์/แรงก์/ผลแมตช์,602509
602510,Update your current account settings,อัปเดตการตั้งค่าบัญชีปัจจุบันของคุณ,UI: ล็อบบี้/ออนไลน์/แรงก์/ผลแมตช์,602510
602511,Return to the previous screen,กลับไปยังหน้าจอก่อนหน้า,UI: ล็อบบี้/ออนไลน์/แรงก์/ผลแมตช์,602511|602757|606257|607506|607757|701055
602750,Relic Online Terms of Service,ข้อกำหนดในการให้บริการของ Relic ออนไลน์,UI: ล็อบบี้/ออนไลน์/แรงก์/ผลแมตช์,602750
602754,I accept the Terms of Service.,ฉันยอมรับข้อกำหนดในการให้บริการ,UI: ล็อบบี้/ออนไลน์/แรงก์/ผลแมตช์,602754
602755,Continue to the next screen,ดำเนินการต่อไปยังหน้าจอถัดไป,UI: ล็อบบี้/ออนไลน์/แรงก์/ผลแมตช์,602755
602756,Agree to the Terms of Service,ยอมรับข้อกำหนดในการให้บริการ,UI: ล็อบบี้/ออนไลน์/แรงก์/ผลแมตช์,602756
603006,Account Name:,ชื่อบัญชี:,UI: ล็อบบี้/ออนไลน์/แรงก์/ผลแมตช์,603006|604251
603012,Address:,ที่อยู่:,UI: ล็อบบี้/ออนไลน์/แรงก์/ผลแมตช์,603012
603013,Minimum 3 characters,ขั้นต่ำ 3 ตัวอักษร,UI: ล็อบบี้/ออนไลน์/แรงก์/ผลแมตช์,603013
603014,Minimum 8 characters,ขั้นต่ำ 8 ตัวอักษร,UI: ล็อบบี้/ออนไลน์/แรงก์/ผลแมตช์,603014
603016,Account Information,ข้อมูลบัญชี,UI: ล็อบบี้/ออนไลน์/แรงก์/ผลแมตช์,603016
603017,Password Recovery,การกู้คืนรหัสผ่าน,UI: ล็อบบี้/ออนไลน์/แรงก์/ผลแมตช์,603017
603018,Personal Information,ข้อมูลส่วนบุคคล,UI: ล็อบบี้/ออนไลน์/แรงก์/ผลแมตช์,603018
603019,"Yes, I would like to get more information and future updates from SEGA.",ใช่ ฉันต้องการรับข้อมูลเพิ่มเติมและการอัปเดตในอนาคตจาก SEGA,UI: ล็อบบี้/ออนไลน์/แรงก์/ผลแมตช์,603019
603020,Return to the login screen,กลับไปที่หน้าจอเข้าสู่ระบบ,UI: ล็อบบี้/ออนไลน์/แรงก์/ผลแมตช์,603020
603021,"From time to time, SEGA and Relic will make special offers, bonuses, and information about our products available to registered users. If you would like to be notified when these offers come online, fill out the Name and Address fields, and select ‘Yes, I would like to get more information and future updates from SEGA’. This registration is completely optional and will not affect your ability to use the Steam service.","ในบางครั้ง SEGA และ Relic จะมอบข้อเสนอพิเศษ โบนัส และข้อมูลเกี่ยวกับผลิตภัณฑ์ของเราให้กับผู้ใช้ที่ลงทะเบียน หากคุณต้องการรับการแจ้งเตือนเมื่อข้อเสนอเหล่านี้ออนไลน์ ให้กรอกข้อมูลในช่องชื่อและที่อยู่ และเลือก ""ใช่ ฉันต้องการรับข้อมูลเพิ่มเติมและการอัปเดตในอนาคตจาก SEGA"" การลงทะเบียนนี้เป็นทางเลือกโดยสมบูรณ์ และจะไม่ส่งผลต่อความสามารถในการใช้บริการ Steam ของคุณ",UI: ล็อบบี้/ออนไลน์/แรงก์/ผลแมตช์,603021
603022,"The Product Key is the most valuable aspect of creating a new account. Under NO CIRCUMSTANCES should you ever share your Product Key with anyone. THQ will NEVER e-mail you asking for your Product Key. Shared Product Keys will be terminated from the online service, along with the associated accounts.",รหัสผลิตภัณฑ์เป็นส่วนที่มีค่าที่สุดในการสร้างบัญชีใหม่ ไม่ว่าในกรณีใดก็ตาม คุณไม่ควรเปิดเผยรหัสผลิตภัณฑ์ของคุณกับใครก็ตาม THQ จะไม่มีวันส่งอีเมลถึงคุณเพื่อขอรหัสผลิตภัณฑ์ รหัสผลิตภัณฑ์ที่มีการแชร์ร่วมกันจะถูกระงับการให้บริการออนไลน์พร้อมกับบัญชีที่เกี่ยวข้อง,UI: ล็อบบี้/ออนไลน์/แรงก์/ผลแมตช์,603022
603023,The secret question and secret answer will allow THQ to verify a user’s identify in the case of a lost password.,คำถามลับและคำตอบลับจะช่วยให้ THQ สามารถตรวจสอบตัวตนของผู้ใช้ในกรณีที่รหัสผ่านสูญหาย,UI: ล็อบบี้/ออนไลน์/แรงก์/ผลแมตช์,603023
603024,Please ensure that your e-mail address is accurate. It is directly tied to your account and password management.,โปรดตรวจสอบให้แน่ใจว่าที่อยู่อีเมลของคุณถูกต้อง มันเชื่อมโยงโดยตรงกับการจัดการบัญชีและรหัสผ่านของคุณ,UI: ล็อบบี้/ออนไลน์/แรงก์/ผลแมตช์,603024
603025,"This is your Account Name for Relic Online. It acts as your gamer ID when playing online. Account Name must be a minimum of 3 letters long, and your Password must be a minimum of 8 letters long.",นี่คือชื่อบัญชีของคุณสำหรับ Relic Online มันทำหน้าที่เป็นรหัสเกมเมอร์ของคุณเมื่อเล่นออนไลน์ ชื่อบัญชีต้องมีความยาวอย่างน้อย 3 ตัวอักษร และรหัสผ่านของคุณต้องมีความยาวอย่างน้อย 8 ตัวอักษร,UI: ล็อบบี้/ออนไลน์/แรงก์/ผลแมตช์,603025
603026,Required,ที่จำเป็น,UI: ล็อบบี้/ออนไลน์/แรงก์/ผลแมตช์,603026|603027
603028,Optional Product Key:,รหัสผลิตภัณฑ์เสริม:,UI: ล็อบบี้/ออนไลน์/แรงก์/ผลแมตช์,603028|603032
603029,Create account,สร้างบัญชี,UI: ล็อบบี้/ออนไลน์/แรงก์/ผลแมตช์,603029|604268
603030,Warning.,คำเตือน.,UI: ล็อบบี้/ออนไลน์/แรงก์/ผลแมตช์,603030|607507
603033,Using an illegitimate Product Key will result in the banning of your account.,การใช้รหัสผลิตภัณฑ์ที่ไม่ถูกต้องจะส่งผลให้บัญชีของคุณถูกแบน,UI: ล็อบบี้/ออนไลน์/แรงก์/ผลแมตช์,603033|607503
603034,Confirm password:,ยืนยันรหัสผ่าน:,UI: ล็อบบี้/ออนไลน์/แรงก์/ผลแมตช์,603034
603035,Confirm email:,ยืนยันอีเมล์:,UI: ล็อบบี้/ออนไลน์/แรงก์/ผลแมตช์,603035
603036,EULA,EULA,UI: ล็อบบี้/ออนไลน์/แรงก์/ผลแมตช์,603036
603037,Privacy Policy,นโยบายความเป็นส่วนตัว,UI: ล็อบบี้/ออนไลน์/แรงก์/ผลแมตช์,603037
603038,Account Creation,การสร้างบัญชี,UI: ล็อบบี้/ออนไลน์/แรงก์/ผลแมตช์,603038
603039,Help us stay in touch!\n\nEnter your email below in order to receive important news and updates about Company of Heroes.,"ช่วยให้เราไม่พลาดการติดต่อ!

กรอกอีเมลของคุณด้านล่างเพื่อรับข่าวสารสำคัญและอัปเดตเกี่ยวกับ Company of Heroes",UI: ล็อบบี้/ออนไลน์/แรงก์/ผลแมตช์,603039
603500,Name,ชื่อ,UI: ล็อบบี้/ออนไลน์/แรงก์/ผลแมตช์,603500|604786|604787|609254
603503,IN CHANNEL,ในช่อง,UI: ล็อบบี้/ออนไลน์/แรงก์/ผลแมตช์,603503
603504,Create a private and password protected channel,สร้างช่องทางส่วนตัวและป้องกันด้วยรหัสผ่าน,UI: ล็อบบี้/ออนไลน์/แรงก์/ผลแมตช์,603504
603505,Click to sort the listing by name,คลิกเพื่อจัดเรียงรายการตามชื่อ,UI: ล็อบบี้/ออนไลน์/แรงก์/ผลแมตช์,603505
603506,Click to sort the listing by rank,คลิกเพื่อจัดเรียงรายการตามอันดับ,UI: ล็อบบี้/ออนไลน์/แรงก์/ผลแมตช์,603506
603507,Toggle notification,สลับการแจ้งเตือน,UI: ล็อบบี้/ออนไลน์/แรงก์/ผลแมตช์,603507
603508,Toggle profanity filter,สลับตัวกรองคำหยาบคาย,UI: ล็อบบี้/ออนไลน์/แรงก์/ผลแมตช์,603508
603511,Change the chat channel,เปลี่ยนช่องแชท,UI: ล็อบบี้/ออนไลน์/แรงก์/ผลแมตช์,603511
603519,Turn On Profanity Filter,เปิดตัวกรองคำหยาบคาย,UI: ล็อบบี้/ออนไลน์/แรงก์/ผลแมตช์,603519
603524,CREATE PRIVATE CHANNEL,สร้างช่องส่วนตัว,UI: ล็อบบี้/ออนไลน์/แรงก์/ผลแมตช์,603524
603526,Click to interact with this player,คลิกเพื่อโต้ตอบกับผู้เล่นรายนี้,UI: ล็อบบี้/ออนไลน์/แรงก์/ผลแมตช์,603526|603527|603528
603529,Click to send chat message,คลิกเพื่อส่งข้อความแชท,UI: ล็อบบี้/ออนไลน์/แรงก์/ผลแมตช์,603529
603758,System Messages,ข้อความระบบ,UI: ล็อบบี้/ออนไลน์/แรงก์/ผลแมตช์,603758
603759,Tracking Friends,ติดตามเพื่อน,UI: ล็อบบี้/ออนไลน์/แรงก์/ผลแมตช์,603759
603761,Turn On/Reset Help Tips,เปิด/รีเซ็ตคำแนะนำวิธีใช้,UI: ล็อบบี้/ออนไลน์/แรงก์/ผลแมตช์,603761|606762
603763,Disable all Help Tips,ปิดการใช้งานเคล็ดลับความช่วยเหลือทั้งหมด,UI: ล็อบบี้/ออนไลน์/แรงก์/ผลแมตช์,603763
604256,Forgot Password?,ลืมรหัสผ่าน?,UI: ล็อบบี้/ออนไลน์/แรงก์/ผลแมตช์,604256
604258,Remember My Password,จำรหัสผ่านของฉัน,UI: ล็อบบี้/ออนไลน์/แรงก์/ผลแมตช์,604258
604259,ESRB Notice: Game Experience May Change During Online Play,ประกาศ ESRB: ประสบการณ์เกมอาจมีการเปลี่ยนแปลงระหว่างการเล่นออนไลน์,UI: ล็อบบี้/ออนไลน์/แรงก์/ผลแมตช์,604259
604261,"To enjoy the benefits of being online anywhere in CoH, just create a Relic Online account or sign in with an existing username and password.%N%%N%•	Interact with friends%N%%N%•	Automatically patch to the latest version and more%N%%N%•	Play without the Company of Heroes disc (DVD or CD) in your drive",หากต้องการเพลิดเพลินกับสิทธิประโยชน์ของการออนไลน์ได้ทุกที่ใน CoH เพียงสร้างบัญชี Relic Online หรือลงชื่อเข้าใช้ด้วยชื่อผู้ใช้และรหัสผ่านที่มีอยู่ %N%%N%• โต้ตอบกับเพื่อน ๆ%N%%N%• แพตช์เป็นเวอร์ชันล่าสุดโดยอัตโนมัติและอีกมากมาย %N%%N%• เล่นโดยไม่ต้องใช้ดิสก์ Company of Heroes (ดีวีดีหรือซีดี) ในไดรฟ์ของคุณ,UI: ล็อบบี้/ออนไลน์/แรงก์/ผลแมตช์,604261
604262,Sign In Automatically,ลงชื่อเข้าใช้โดยอัตโนมัติ,UI: ล็อบบี้/ออนไลน์/แรงก์/ผลแมตช์,604262
604263,"To reduce the file size for download, the Company of Heroes: Opposing Fronts beta contains reduced quality art and audio",เพื่อลดขนาดไฟล์สำหรับการดาวน์โหลด Company of Heroes: Opposing Fronts เบต้าจึงมีภาพและเสียงคุณภาพลดลง,UI: ล็อบบี้/ออนไลน์/แรงก์/ผลแมตช์,604263
604264,Note:,บันทึก:,UI: ล็อบบี้/ออนไลน์/แรงก์/ผลแมตช์,604264
604265,Remember my password,จำรหัสผ่านของฉัน,UI: ล็อบบี้/ออนไลน์/แรงก์/ผลแมตช์,604265
604266,Sign in automatically,ลงชื่อเข้าใช้โดยอัตโนมัติ,UI: ล็อบบี้/ออนไลน์/แรงก์/ผลแมตช์,604266
604269,Proceed to Password Recovery screen,ดำเนินการต่อไปยังหน้าจอการกู้คืนรหัสผ่าน,UI: ล็อบบี้/ออนไลน์/แรงก์/ผลแมตช์,604269
604271,You are Offline.,คุณออฟไลน์อยู่,UI: ล็อบบี้/ออนไลน์/แรงก์/ผลแมตช์,604271|604524
604272,You are Online.,คุณออนไลน์อยู่,UI: ล็อบบี้/ออนไลน์/แรงก์/ผลแมตช์,604272|604525
604500,Use Selected Profile,ใช้โปรไฟล์ที่เลือก,UI: ล็อบบี้/ออนไลน์/แรงก์/ผลแมตช์,604500
604512,Always Use This Profile,ใช้โปรไฟล์นี้เสมอ,UI: ล็อบบี้/ออนไลน์/แรงก์/ผลแมตช์,604512
604513,Add a product that you have purchased.,เพิ่มผลิตภัณฑ์ที่คุณซื้อ,UI: ล็อบบี้/ออนไลน์/แรงก์/ผลแมตช์,604513
604514,Log Out,ออกจากระบบ,UI: ล็อบบี้/ออนไลน์/แรงก์/ผลแมตช์,604514
604515,Always use this profile,ใช้โปรไฟล์นี้เสมอ,UI: ล็อบบี้/ออนไลน์/แรงก์/ผลแมตช์,604515
604516,Use selected profile,ใช้โปรไฟล์ที่เลือก,UI: ล็อบบี้/ออนไลน์/แรงก์/ผลแมตช์,604516
604517,Create new profile,สร้างโปรไฟล์ใหม่,UI: ล็อบบี้/ออนไลน์/แรงก์/ผลแมตช์,604517
604518,Delete your profile,ลบโปรไฟล์ของคุณ,UI: ล็อบบี้/ออนไลน์/แรงก์/ผลแมตช์,604518
604519,Proceed to the Change Password screen,ดำเนินการต่อไปยังหน้าจอเปลี่ยนรหัสผ่าน,UI: ล็อบบี้/ออนไลน์/แรงก์/ผลแมตช์,604519
604520,Proceed to the Account Details screen,ไปที่หน้าจอรายละเอียดบัญชี,UI: ล็อบบี้/ออนไลน์/แรงก์/ผลแมตช์,604520
604521,Log out,ออกจากระบบ,UI: ล็อบบี้/ออนไลน์/แรงก์/ผลแมตช์,604521
604523,Add Product,เพิ่มสินค้า,UI: ล็อบบี้/ออนไลน์/แรงก์/ผลแมตช์,604523
604759,Atmosphere:,บรรยากาศ:,UI: ล็อบบี้/ออนไลน์/แรงก์/ผลแมตช์,604759|605268
604789,Swap Team Starting Location,สลับตำแหน่งเริ่มต้นของทีม,UI: ล็อบบี้/ออนไลน์/แรงก์/ผลแมตช์,604789
605001,/,/,UI: ล็อบบี้/ออนไลน์/แรงก์/ผลแมตช์,605001|605252
605004,Players/,ผู้เล่น/,UI: ล็อบบี้/ออนไลน์/แรงก์/ผลแมตช์,605004|605255
605005,Max,สูงสุด,UI: ล็อบบี้/ออนไลน์/แรงก์/ผลแมตช์,605005|605281
605007,Refresh Game List,รีเฟรชรายชื่อเกม,UI: ล็อบบี้/ออนไลน์/แรงก์/ผลแมตช์,605007|605283
605011,Player/Max,ผู้เล่น/สูงสุด,UI: ล็อบบี้/ออนไลน์/แรงก์/ผลแมตช์,605011|605261
605031,Hide full games,ซ่อนเกมเต็ม,UI: ล็อบบี้/ออนไลน์/แรงก์/ผลแมตช์,605031|605285
605032,Hide VP games,ซ่อนเกม VP,UI: ล็อบบี้/ออนไลน์/แรงก์/ผลแมตช์,605032|605286
605033,Hide Annihilate games,ซ่อนเกมทำลายล้าง,UI: ล็อบบี้/ออนไลน์/แรงก์/ผลแมตช์,605033|605287
605034,Hide locked games,ซ่อนเกมที่ถูกล็อค,UI: ล็อบบี้/ออนไลน์/แรงก์/ผลแมตช์,605034|605288
605035,Hide full Axis games,ซ่อนเกม Axis เต็มรูปแบบ,UI: ล็อบบี้/ออนไลน์/แรงก์/ผลแมตช์,605035|605289
605036,Hide full Allied games,ซ่อนห้องฝ่ายสัมพันธมิตรที่เต็มแล้ว,UI: ล็อบบี้/ออนไลน์/แรงก์/ผลแมตช์,605036|605290
605037,Clear filters,ล้างตัวกรอง,UI: ล็อบบี้/ออนไลน์/แรงก์/ผลแมตช์,605037|605291|613014|613044|613274
605039,FILTERS,ตัวกรอง,UI: ล็อบบี้/ออนไลน์/แรงก์/ผลแมตช์,605039|605293|613016|613080|613276
605040,"(X games listed, Y filtered)",,UI: ล็อบบี้/ออนไลน์/แรงก์/ผลแมตช์,605040|605294
605042,On/Off,เปิด/ปิด,UI: ล็อบบี้/ออนไลน์/แรงก์/ผลแมตช์,605042|605296|613082|613084|613278
605048,PLAYERS,ผู้เล่น,UI: ล็อบบี้/ออนไลน์/แรงก์/ผลแมตช์,605048|605301|613034
605049,Game Info:,ข้อมูลเกม:,UI: ล็อบบี้/ออนไลน์/แรงก์/ผลแมตช์,605049|605280|613035
605053,AllowObserversLabel_Value,AllowObserversLabel_Value,UI: ล็อบบี้/ออนไลน์/แรงก์/ผลแมตช์,605053
605054,Allow Observers:,อนุญาตให้ผู้สังเกตการณ์:,UI: ล็อบบี้/ออนไลน์/แรงก์/ผลแมตช์,605054
605055,ResourcesLabel_Value,ResourcesLabel_Value,UI: ล็อบบี้/ออนไลน์/แรงก์/ผลแมตช์,605055|605276
605056,Resources:,ทรัพยากร:,UI: ล็อบบี้/ออนไลน์/แรงก์/ผลแมตช์,605056|605267
605057,StartingLocationLabel_Value,StartingLocationLabel_Value,UI: ล็อบบี้/ออนไลน์/แรงก์/ผลแมตช์,605057|605275
605058,Starting Location:,สถานที่เริ่มต้น:,UI: ล็อบบี้/ออนไลน์/แรงก์/ผลแมตช์,605058|605266
605059,VictoryPointTickerLabel_Value,VictoryPointTickerLabel_Value,UI: ล็อบบี้/ออนไลน์/แรงก์/ผลแมตช์,605059|605274
605060,Victory Point Ticker:,สัญลักษณ์แห่งชัยชนะ:,UI: ล็อบบี้/ออนไลน์/แรงก์/ผลแมตช์,605060|605265
605061,WinConditionLabel_Value,WinConditionLabel_Value,UI: ล็อบบี้/ออนไลน์/แรงก์/ผลแมตช์,605061|605273
605062,Win Condition:,เงื่อนไขชัยชนะ:,UI: ล็อบบี้/ออนไลน์/แรงก์/ผลแมตช์,605062|605264
605063,GameTypeLabel_Value,GameTypeLabel_Value,UI: ล็อบบี้/ออนไลน์/แรงก์/ผลแมตช์,605063
605250,Click to sort the listing by ping rate,คลิกเพื่อจัดเรียงรายการตามอัตรา ping,UI: ล็อบบี้/ออนไลน์/แรงก์/ผลแมตช์,605250
605256,Ping/Performance Rating,ปิง/คะแนนประสิทธิภาพ,UI: ล็อบบี้/ออนไลน์/แรงก์/ผลแมตช์,605256
605258,Ping.,ปิง,UI: ล็อบบี้/ออนไลน์/แรงก์/ผลแมตช์,605258
605263,Click to sort the listing by performance,คลิกเพื่อจัดเรียงรายการตามประสิทธิภาพ,UI: ล็อบบี้/ออนไลน์/แรงก์/ผลแมตช์,605263
605269,Click to sort the listing by max players,คลิกเพื่อจัดเรียงรายชื่อตามผู้เล่นสูงสุด,UI: ล็อบบี้/ออนไลน์/แรงก์/ผลแมตช์,605269
605277,Host a game,เป็นเจ้าภาพเกม,UI: ล็อบบี้/ออนไลน์/แรงก์/ผลแมตช์,605277
605278,WeatherLabel_Value,WeatherLabel_Value,UI: ล็อบบี้/ออนไลน์/แรงก์/ผลแมตช์,605278
605307,Team 1,ทีม 1,UI: ล็อบบี้/ออนไลน์/แรงก์/ผลแมตช์,605307|613032
605310,Click to sort the listing by players,คลิกเพื่อจัดเรียงรายชื่อตามผู้เล่น,UI: ล็อบบี้/ออนไลน์/แรงก์/ผลแมตช์,605310|613023
605311,Click to sort the listing by map,คลิกเพื่อจัดเรียงรายการตามแผนที่,UI: ล็อบบี้/ออนไลน์/แรงก์/ผลแมตช์,605311
605312,Click to sort the listing by game name,คลิกเพื่อจัดเรียงรายชื่อตามชื่อเกม,UI: ล็อบบี้/ออนไลน์/แรงก์/ผลแมตช์,605312|613022
605313,Toggle the use of all selected filters,สลับการใช้ตัวกรองที่เลือกทั้งหมด,UI: ล็อบบี้/ออนไลน์/แรงก์/ผลแมตช์,605313|613031|613256
605320,Team 2,ทีม 2,UI: ล็อบบี้/ออนไลน์/แรงก์/ผลแมตช์,605320|613026
605321,Collapse/expand filter tab,ยุบ/ขยายแท็บตัวกรอง,UI: ล็อบบี้/ออนไลน์/แรงก์/ผลแมตช์,605321|613038|613255
605322,Clear all filters,ล้างตัวกรองทั้งหมด,UI: ล็อบบี้/ออนไลน์/แรงก์/ผลแมตช์,605322|613257
605323,Collapse/expand the listing,ยุบ/ขยายรายการ,UI: ล็อบบี้/ออนไลน์/แรงก์/ผลแมตช์,605323|605324|613028
605325,Refresh the game list,รีเฟรชรายชื่อเกม,UI: ล็อบบี้/ออนไลน์/แรงก์/ผลแมตช์,605325
605327,Filters Game List,กรองรายชื่อเกม,UI: ล็อบบี้/ออนไลน์/แรงก์/ผลแมตช์,605327
605755,Accept the friend request,ยอมรับคำขอเป็นเพื่อน,UI: ล็อบบี้/ออนไลน์/แรงก์/ผลแมตช์,605755
605756,Decline the friend request,ปฏิเสธคำขอเป็นเพื่อน,UI: ล็อบบี้/ออนไลน์/แรงก์/ผลแมตช์,605756
605757,Decide later,ตัดสินใจในภายหลัง,UI: ล็อบบี้/ออนไลน์/แรงก์/ผลแมตช์,605757
606256,Change your password,เปลี่ยนรหัสผ่านของคุณ,UI: ล็อบบี้/ออนไลน์/แรงก์/ผลแมตช์,606256
606750,WW,วว,UI: ล็อบบี้/ออนไลน์/แรงก์/ผลแมตช์,606750|606760
606753,Turn on the Lobby Tabs help tips.,เปิดเคล็ดลับความช่วยเหลือแท็บล็อบบี้,UI: ล็อบบี้/ออนไลน์/แรงก์/ผลแมตช์,606753
606754,https://community.companyofheroes.com/,https://community.companyofheroes.com/,UI: ล็อบบี้/ออนไลน์/แรงก์/ผลแมตช์,606754
606755,Click here to open a web browser session and minimize your game,คลิกที่นี่เพื่อเปิดเซสชันเว็บเบราว์เซอร์และย่อขนาดเกมของคุณ,UI: ล็อบบี้/ออนไลน์/แรงก์/ผลแมตช์,606755
606756,TIP OF THE DAY,เคล็ดลับประจำวัน,UI: ล็อบบี้/ออนไลน์/แรงก์/ผลแมตช์,606756
607002,Password Confirmation,การยืนยันรหัสผ่าน,UI: ล็อบบี้/ออนไลน์/แรงก์/ผลแมตช์,607002
607003,Please enter your password:,กรุณากรอกรหัสผ่านของคุณ:,UI: ล็อบบี้/ออนไลน์/แรงก์/ผลแมตช์,607003
607254,Create profile,สร้างโปรไฟล์,UI: ล็อบบี้/ออนไลน์/แรงก์/ผลแมตช์,607254
607505,Enter Product key,ป้อนรหัสผลิตภัณฑ์,UI: ล็อบบี้/ออนไลน์/แรงก์/ผลแมตช์,607505
607756,Submit answer,ส่งคำตอบ,UI: ล็อบบี้/ออนไลน์/แรงก์/ผลแมตช์,607756
608001,Close the current window,ปิดหน้าต่างปัจจุบัน,UI: ล็อบบี้/ออนไลน์/แรงก์/ผลแมตช์,608001
608002,Level,ระดับ,UI: ล็อบบี้/ออนไลน์/แรงก์/ผลแมตช์,608002|608010|617045|617048
608003,Type,พิมพ์,UI: ล็อบบี้/ออนไลน์/แรงก์/ผลแมตช์,608003|608012|608042|613004|617044|617051
608004,Account History:,ประวัติบัญชี:,UI: ล็อบบี้/ออนไลน์/แรงก์/ผลแมตช์,608004|617007
608005,Position,ตำแหน่ง,UI: ล็อบบี้/ออนไลน์/แรงก์/ผลแมตช์,608005|608037|617042|617050
608014,Private,พลทหาร,UI: ล็อบบี้/ออนไลน์/แรงก์/ผลแมตช์,608014|617009
608015,Level 1,เลเวล 1,UI: ล็อบบี้/ออนไลน์/แรงก์/ผลแมตช์,608015|617010
608017,Totals:,ยอดรวม:,UI: ล็อบบี้/ออนไลน์/แรงก์/ผลแมตช์,608017
608020,American Rank,อันดับอเมริกัน,UI: ล็อบบี้/ออนไลน์/แรงก์/ผลแมตช์,608020
608021,Wehrmacht Rank,อันดับแวร์มัคท์,UI: ล็อบบี้/ออนไลน์/แรงก์/ผลแมตช์,608021
608022,Drops,การทิ้งร่มส่งกำลังบำรุง,UI: ล็อบบี้/ออนไลน์/แรงก์/ผลแมตช์,608022|617038
608023,Disputes,ข้อพิพาท,UI: ล็อบบี้/ออนไลน์/แรงก์/ผลแมตช์,608023|617049
608027,Team List,รายชื่อทีม,UI: ล็อบบี้/ออนไลน์/แรงก์/ผลแมตช์,608027
608029,Personal Stats,สถิติส่วนบุคคล,UI: ล็อบบี้/ออนไลน์/แรงก์/ผลแมตช์,608029
608031,Faction,ฝ่าย,UI: ล็อบบี้/ออนไลน์/แรงก์/ผลแมตช์,608031|608067|617052
608032,Name 1,ชื่อ 1,UI: ล็อบบี้/ออนไลน์/แรงก์/ผลแมตช์,608032
608033,Teammates,เพื่อนร่วมทีม,UI: ล็อบบี้/ออนไลน์/แรงก์/ผลแมตช์,608033
608034,Click to sort the listing by Faction,คลิกเพื่อจัดเรียงรายชื่อตามฝ่าย,UI: ล็อบบี้/ออนไลน์/แรงก์/ผลแมตช์,608034
608035,Team Rank,อันดับทีม,UI: ล็อบบี้/ออนไลน์/แรงก์/ผลแมตช์,608035
608041,Click to sort the listing by Team Rank,คลิกเพื่อจัดเรียงรายชื่อตามอันดับทีม,UI: ล็อบบี้/ออนไลน์/แรงก์/ผลแมตช์,608041
608043,Click to sort the listing by Type,คลิกเพื่อจัดเรียงรายการตามประเภท,UI: ล็อบบี้/ออนไลน์/แรงก์/ผลแมตช์,608043
608050,Not Ranked,ไม่ติดอันดับ,UI: ล็อบบี้/ออนไลน์/แรงก์/ผลแมตช์,608050
608053,British Rank,อันดับอังกฤษ,UI: ล็อบบี้/ออนไลน์/แรงก์/ผลแมตช์,608053
608054,Panzer Elite Rank,อันดับยานเกราะชั้นยอด,UI: ล็อบบี้/ออนไลน์/แรงก์/ผลแมตช์,608054
608061,View personal stats,ดูสถิติส่วนบุคคล,UI: ล็อบบี้/ออนไลน์/แรงก์/ผลแมตช์,608061
608062,View team list,ดูรายชื่อทีม,UI: ล็อบบี้/ออนไลน์/แรงก์/ผลแมตช์,608062
608068,"Name 1, Name 2, Name 3, name 4",ชื่อ 1 ชื่อ 2 ชื่อ 3 ชื่อ 4,UI: ล็อบบี้/ออนไลน์/แรงก์/ผลแมตช์,608068
608069,3 vs 3 AT,3 ต่อ 3 เอที,UI: ล็อบบี้/ออนไลน์/แรงก์/ผลแมตช์,608069
608100,Most Wins Americans,ชนะชาวอเมริกันมากที่สุด,UI: ล็อบบี้/ออนไลน์/แรงก์/ผลแมตช์,608100
608101,Most Wins Commonwealth,เครือจักรภพชนะมากที่สุด,UI: ล็อบบี้/ออนไลน์/แรงก์/ผลแมตช์,608101
608102,Most Wins Wehrmacht,ชนะฝ่ายแวร์มัคท์มากที่สุด,UI: ล็อบบี้/ออนไลน์/แรงก์/ผลแมตช์,608102
608103,Most Wins Panzer Elite,ชนะฝ่ายยานเกราะชั้นยอดมากที่สุด,UI: ล็อบบี้/ออนไลน์/แรงก์/ผลแมตช์,608103
609000,Lag Form,แบบฟอร์มล่าช้า,UI: ล็อบบี้/ออนไลน์/แรงก์/ผลแมตช์,609000
609250,Info Text,ข้อความข้อมูล,UI: ล็อบบี้/ออนไลน์/แรงก์/ผลแมตช์,609250
609251,VOTE,โหวต,UI: ล็อบบี้/ออนไลน์/แรงก์/ผลแมตช์,609251
609252,Confirm,ยืนยัน,UI: ล็อบบี้/ออนไลน์/แรงก์/ผลแมตช์,609252
609253,"When a match is Disputed it will be Arbitrated by Relic Online, the win is awarded to the player with the highest Hidden Trust Rating. To prevent exploits in online multiplayer matches, Hidden Trust Points are rewarded to players for superior conduct.",เมื่อการแข่งขันถูกโต้แย้ง จะมีการอนุญาโตตุลาการโดย Relic Online การชนะจะมอบให้กับผู้เล่นที่มีคะแนนความน่าเชื่อถือที่ซ่อนอยู่สูงสุด เพื่อป้องกันการหาประโยชน์ในการแข่งขันผู้เล่นหลายคนออนไลน์ คะแนน Hidden Trust จะมอบให้กับผู้เล่นที่มีพฤติกรรมที่เหนือกว่า,UI: ล็อบบี้/ออนไลน์/แรงก์/ผลแมตช์,609253
609255,Votes Against,โหวตต่อต้าน,UI: ล็อบบี้/ออนไลน์/แรงก์/ผลแมตช์,609255
609256,Confirm your selection,ยืนยันการเลือกของคุณ,UI: ล็อบบี้/ออนไลน์/แรงก์/ผลแมตช์,609256
609257,Complaints received,ได้รับการร้องเรียน,UI: ล็อบบี้/ออนไลน์/แรงก์/ผลแมตช์,609257
609258,Kick?,เตะ?,UI: ล็อบบี้/ออนไลน์/แรงก์/ผลแมตช์,609258
609500,HIGHEST STREAK,สตรีคสูงสุด,UI: ล็อบบี้/ออนไลน์/แรงก์/ผลแมตช์,609500|617519
609510,Search Player,ค้นหาเครื่องเล่น,UI: ล็อบบี้/ออนไลน์/แรงก์/ผลแมตช์,609510|617520
609511,Game Type,ประเภทเกม,UI: ล็อบบี้/ออนไลน์/แรงก์/ผลแมตช์,609511|617512
609512,Click to sort the listing by this column,คลิกเพื่อจัดเรียงรายการตามคอลัมน์นี้,UI: ล็อบบี้/ออนไลน์/แรงก์/ผลแมตช์,609512
609513,Filter by,กรองตาม,UI: ล็อบบี้/ออนไลน์/แรงก์/ผลแมตช์,609513|617513
609514,MOST WINS,ชนะมากที่สุด,UI: ล็อบบี้/ออนไลน์/แรงก์/ผลแมตช์,609514|617516
609517,$609517 No Key,$609517 No Key,UI: ล็อบบี้/ออนไลน์/แรงก์/ผลแมตช์,609517
609518,$609519 No Key,$609519 No Key,UI: ล็อบบี้/ออนไลน์/แรงก์/ผลแมตช์,609518|609519
609524,Click to sort the listing by wins,คลิกเพื่อจัดเรียงรายชื่อตามชัยชนะ,UI: ล็อบบี้/ออนไลน์/แรงก์/ผลแมตช์,609524
609526,Click to sort the listing by losses,คลิกเพื่อจัดเรียงรายการตามการสูญเสีย,UI: ล็อบบี้/ออนไลน์/แรงก์/ผลแมตช์,609526
609527,Click to sort the listing by streak,คลิกเพื่อจัดเรียงรายการตามแถว,UI: ล็อบบี้/ออนไลน์/แรงก์/ผลแมตช์,609527
609528,Search for a player by name,ค้นหาผู้เล่นตามชื่อ,UI: ล็อบบี้/ออนไลน์/แรงก์/ผลแมตช์,609528
609529,Previous,ก่อนหน้า,UI: ล็อบบี้/ออนไลน์/แรงก์/ผลแมตช์,609529
609750,Connection Problem...,ปัญหาการเชื่อมต่อ...,UI: ล็อบบี้/ออนไลน์/แรงก์/ผลแมตช์,609750
609751,"Please wait, there seems to be a problem with your connection to Relic Online...",โปรดรอสักครู่ ดูเหมือนว่าจะเกิดปัญหากับการเชื่อมต่อของคุณกับ Relic Online...,UI: ล็อบบี้/ออนไลน์/แรงก์/ผลแมตช์,609751
609752,Go to Main Menu,ไปที่เมนูหลัก,UI: ล็อบบี้/ออนไลน์/แรงก์/ผลแมตช์,609752|609753
611000,Add Credits,เพิ่มเครดิต,UI: ล็อบบี้/ออนไลน์/แรงก์/ผลแมตช์,611000|611263|611518
611001,Buy Selected Items,ซื้อสินค้าที่เลือก,UI: ล็อบบี้/ออนไลน์/แรงก์/ผลแมตช์,611001
611002,ErwinRommel,เออร์วิน รอมเมล,UI: ล็อบบี้/ออนไลน์/แรงก์/ผลแมตช์,611002|611262|611517|611764|612014|612256|612514
611003,Logged in as Doraemon,ล็อกอินเป็นโดราเอมอน,UI: ล็อบบี้/ออนไลน์/แรงก์/ผลแมตช์,611003|611261|611516|611763|612013|612255|612513
611004,500 pts,500 แต้ม,UI: ล็อบบี้/ออนไลน์/แรงก์/ผลแมตช์,611004|611253|611514|611761|612011|612253
611005,200 pts,200 แต้ม,UI: ล็อบบี้/ออนไลน์/แรงก์/ผลแมตช์,611005|611018|611250|611512|611759|612009|612251
611006,Account Management,การจัดการบัญชี,UI: ล็อบบี้/ออนไลน์/แรงก์/ผลแมตช์,611006|611264
611007,Credit Available:,มีเครดิต:,UI: ล็อบบี้/ออนไลน์/แรงก์/ผลแมตช์,611007|611255|611515|611762|612012|612254
611008,3 Items Selected:,3 รายการที่เลือก:,UI: ล็อบบี้/ออนไลน์/แรงก์/ผลแมตช์,611008|611251|611513|611760|612010|612252
611009,DOWNLOADABLE ITEMS,รายการที่ดาวน์โหลดได้,UI: ล็อบบี้/ออนไลน์/แรงก์/ผลแมตช์,611009|611507|611755
611010,NOW DOWNLOADING,กำลังดาวน์โหลด,UI: ล็อบบี้/ออนไลน์/แรงก์/ผลแมตช์,611010
611013,Price,ราคา,UI: ล็อบบี้/ออนไลน์/แรงก์/ผลแมตช์,611013|611504|611510
611015,Size (MB),ขนาด (เมกะไบต์),UI: ล็อบบี้/ออนไลน์/แรงก์/ผลแมตช์,611015|611503|611511
611016,250 MB,250 เมกะไบต์,UI: ล็อบบี้/ออนไลน์/แรงก์/ผลแมตช์,611016
611017,Single Player,ผู้เล่นคนเดียว,UI: ล็อบบี้/ออนไลน์/แรงก์/ผลแมตช์,611017
611019,Description,คำอธิบาย,UI: ล็อบบี้/ออนไลน์/แรงก์/ผลแมตช์,611019
611020,Axis Campaign (SP Module 1),แคมเปญฝ่ายอักษะ (โมดูลเล่นเดี่ยว 1),UI: ล็อบบี้/ออนไลน์/แรงก์/ผลแมตช์,611020
611258,Please enter your gift card code:,กรุณากรอกรหัสบัตรของขวัญของคุณ:,UI: ล็อบบี้/ออนไลน์/แรงก์/ผลแมตช์,611258
611259,Are you sure you would like to redeem this card?,คุณแน่ใจหรือไม่ว่าต้องการแลกบัตรนี้,UI: ล็อบบี้/ออนไลน์/แรงก์/ผลแมตช์,611259
611260,Card Value:,มูลค่าบัตร:,UI: ล็อบบี้/ออนไลน์/แรงก์/ผลแมตช์,611260
611500,"The following items will be purchased from the RELICstore, and downloads added to the queue, upon confirmation.",รายการต่อไปนี้จะซื้อจาก RELICstore และการดาวน์โหลดจะถูกเพิ่มลงในคิวเมื่อมีการยืนยัน,UI: ล็อบบี้/ออนไลน์/แรงก์/ผลแมตช์,611500|612521
611501,Total:,ทั้งหมด:,UI: ล็อบบี้/ออนไลน์/แรงก์/ผลแมตช์,611501
611508,CONFIRM PURCHASE,ยืนยันการซื้อ,UI: ล็อบบี้/ออนไลน์/แรงก์/ผลแมตช์,611508
611751,Amount,จำนวน,UI: ล็อบบี้/ออนไลน์/แรงก์/ผลแมตช์,611751
611754,Points to Purchase,คะแนนที่จะซื้อ,UI: ล็อบบี้/ออนไลน์/แรงก์/ผลแมตช์,611754
611756,Amount Neededl:,จำนวนที่ต้องการ:,UI: ล็อบบี้/ออนไลน์/แรงก์/ผลแมตช์,611756
611758,300 pts,300 คะแนน,UI: ล็อบบี้/ออนไลน์/แรงก์/ผลแมตช์,611758
611768,Redeem Gift Card,แลกบัตรของขวัญ,UI: ล็อบบี้/ออนไลน์/แรงก์/ผลแมตช์,611768
612015,You currently have items selected to be purchased from the RELICstore.,ขณะนี้คุณมีรายการที่เลือกที่จะซื้อจาก RELICstore,UI: ล็อบบี้/ออนไลน์/แรงก์/ผลแมตช์,612015
612017,LOG OUT,ออกจากระบบ,UI: ล็อบบี้/ออนไลน์/แรงก์/ผลแมตช์,612017
612019,Do you wish to log out?,คุณต้องการออกจากระบบหรือไม่?,UI: ล็อบบี้/ออนไลน์/แรงก์/ผลแมตช์,612019
612020,PURCHASE THEN LOG OUT,ซื้อแล้วออกจากระบบ,UI: ล็อบบี้/ออนไลน์/แรงก์/ผลแมตช์,612020
612257,Welcome to the RELICstore,ยินดีต้อนรับสู่ RELICstore,UI: ล็อบบี้/ออนไลน์/แรงก์/ผลแมตช์,612257
612258,Would you like to obtain your free gift and add payment information to your Relic Online account?,คุณต้องการรับของขวัญฟรีและเพิ่มข้อมูลการชำระเงินลงในบัญชี Relic Online ของคุณหรือไม่?,UI: ล็อบบี้/ออนไลน์/แรงก์/ผลแมตช์,612258
612259,SKIP,ข้าม,UI: ล็อบบี้/ออนไลน์/แรงก์/ผลแมตช์,612259
612261,Don’t display this screen again,อย่าแสดงหน้าจอนี้อีก,UI: ล็อบบี้/ออนไลน์/แรงก์/ผลแมตช์,612261
612500,ACCOUNT MANAGEMENT,การจัดการบัญชี,UI: ล็อบบี้/ออนไลน์/แรงก์/ผลแมตช์,612500
612501,Billing Adress 2,ที่อยู่สำหรับการเรียกเก็บเงิน 2,UI: ล็อบบี้/ออนไลน์/แรงก์/ผลแมตช์,612501
612502,Country,ประเทศ,UI: ล็อบบี้/ออนไลน์/แรงก์/ผลแมตช์,612502
612503,Postal/Zip Code,รหัสไปรษณีย์,UI: ล็อบบี้/ออนไลน์/แรงก์/ผลแมตช์,612503
612504,Expiry Date,วันหมดอายุ,UI: ล็อบบี้/ออนไลน์/แรงก์/ผลแมตช์,612504
612505,City,เมือง,UI: ล็อบบี้/ออนไลน์/แรงก์/ผลแมตช์,612505
612506,State/Province,รัฐ/จังหวัด,UI: ล็อบบี้/ออนไลน์/แรงก์/ผลแมตช์,612506
612507,Billing Adress 1,ที่อยู่สำหรับการเรียกเก็บเงิน 1,UI: ล็อบบี้/ออนไลน์/แรงก์/ผลแมตช์,612507
612508,E-mail Address,ที่อยู่อีเมล,UI: ล็อบบี้/ออนไลน์/แรงก์/ผลแมตช์,612508
612509,Credit Card Number,หมายเลขบัตรเครดิต,UI: ล็อบบี้/ออนไลน์/แรงก์/ผลแมตช์,612509
612510,Security Code,รหัสความปลอดภัย,UI: ล็อบบี้/ออนไลน์/แรงก์/ผลแมตช์,612510
612511,Name (as appears on Card),ชื่อ (ตามที่ปรากฏบนบัตร),UI: ล็อบบี้/ออนไลน์/แรงก์/ผลแมตช์,612511
612512,Telephone (as appears on Credit Card statement),โทรศัพท์ (ตามที่ปรากฏบนใบแจ้งยอดบัตรเครดิต),UI: ล็อบบี้/ออนไลน์/แรงก์/ผลแมตช์,612512
612515,Allow preloading of content when released,อนุญาตให้โหลดเนื้อหาล่วงหน้าเมื่อเผยแพร่,UI: ล็อบบี้/ออนไลน์/แรงก์/ผลแมตช์,612515
612518,Notify me of new content,แจ้งให้ฉันทราบเกี่ยวกับเนื้อหาใหม่,UI: ล็อบบี้/ออนไลน์/แรงก์/ผลแมตช์,612518
612519,SECURITY INFORMATION,ข้อมูลด้านความปลอดภัย,UI: ล็อบบี้/ออนไลน์/แรงก์/ผลแมตช์,612519
612520,Payment Method,วิธีการชำระเงิน,UI: ล็อบบี้/ออนไลน์/แรงก์/ผลแมตช์,612520
613002,Load selected game file,โหลดไฟล์เกมที่เลือก,UI: ล็อบบี้/ออนไลน์/แรงก์/ผลแมตช์,613002
613005,Click to sort the listing by type,คลิกเพื่อจัดเรียงรายการตามประเภท,UI: ล็อบบี้/ออนไลน์/แรงก์/ผลแมตช์,613005
613006,Date,วันที่,UI: ล็อบบี้/ออนไลน์/แรงก์/ผลแมตช์,613006
613007,Click to sort the listing by date,คลิกเพื่อจัดเรียงรายการตามวันที่,UI: ล็อบบี้/ออนไลน์/แรงก์/ผลแมตช์,613007
613009,Saved Type:,ประเภทที่บันทึกไว้:,UI: ล็อบบี้/ออนไลน์/แรงก์/ผลแมตช์,613009
613013,Delete the selected file,ลบไฟล์ที่เลือก,UI: ล็อบบี้/ออนไลน์/แรงก์/ผลแมตช์,613013
613017,Choose between campaign/saved/replay files,เลือกระหว่างไฟล์แคมเปญ/บันทึก/เล่นซ้ำ,UI: ล็อบบี้/ออนไลน์/แรงก์/ผลแมตช์,613017
613018,Filter 1,ตัวกรอง 1,UI: ล็อบบี้/ออนไลน์/แรงก์/ผลแมตช์,613018
613019,Filter 0,ตัวกรอง 0,UI: ล็อบบี้/ออนไลน์/แรงก์/ผลแมตช์,613019
613025,Filter the list by name,กรองรายการตามชื่อ,UI: ล็อบบี้/ออนไลน์/แรงก์/ผลแมตช์,613025
613029,Filter 3,ตัวกรอง 3,UI: ล็อบบี้/ออนไลน์/แรงก์/ผลแมตช์,613029
613039,DELETE FILE,ลบไฟล์,UI: ล็อบบี้/ออนไลน์/แรงก์/ผลแมตช์,613039
613042,Filter 4,ตัวกรอง 4,UI: ล็อบบี้/ออนไลน์/แรงก์/ผลแมตช์,613042
613043,Filter 5,ตัวกรอง 5,UI: ล็อบบี้/ออนไลน์/แรงก์/ผลแมตช์,613043
613053,Filter 2,ตัวกรอง 2,UI: ล็อบบี้/ออนไลน์/แรงก์/ผลแมตช์,613053
613251,Enable or disable reward unit for multiplayer games,เปิดหรือปิดใช้งานหน่วยรางวัลสำหรับเกมที่มีผู้เล่นหลายคน,UI: ล็อบบี้/ออนไลน์/แรงก์/ผลแมตช์,613251
613252,Medal or Achievement Name,เหรียญรางวัลหรือชื่อความสำเร็จ,UI: ล็อบบี้/ออนไลน์/แรงก์/ผลแมตช์,613252
613253,666 Points,666 คะแนน,UI: ล็อบบี้/ออนไลน์/แรงก์/ผลแมตช์,613253
613254,Achievement Type,ประเภทความสำเร็จ,UI: ล็อบบี้/ออนไลน์/แรงก์/ผลแมตช์,613254
613258,View the medals you have earned.,ดูเหรียญที่คุณได้รับ,UI: ล็อบบี้/ออนไลน์/แรงก์/ผลแมตช์,613258
613259,View vehicles and enable them for play,ดูยานพาหนะและเปิดใช้งานสำหรับการเล่น,UI: ล็อบบี้/ออนไลน์/แรงก์/ผลแมตช์,613259
613260,Vehicles,ยานพาหนะ/ยานเกราะ,UI: ล็อบบี้/ออนไลน์/แรงก์/ผลแมตช์,613260
613261,Medals,เหรียญรางวัล,UI: ล็อบบี้/ออนไลน์/แรงก์/ผลแมตช์,613261
613262,Filter Desc,ตัวกรองคำอธิบาย,UI: ล็อบบี้/ออนไลน์/แรงก์/ผลแมตช์,613262|613263|613264|613265|613268|613281|613282|613283
613267,blah blah,บลา บลา,UI: ล็อบบี้/ออนไลน์/แรงก์/ผลแมตช์,613267
613269,campaign name,ชื่อแคมเปญ,UI: ล็อบบี้/ออนไลน์/แรงก์/ผลแมตช์,613269
613270,mission name,ชื่อภารกิจ,UI: ล็อบบี้/ออนไลน์/แรงก์/ผลแมตช์,613270
613271,LIST OF REWARDS,รายการของรางวัล,UI: ล็อบบี้/ออนไลน์/แรงก์/ผลแมตช์,613271
613272,description,คำอธิบาย,UI: ล็อบบี้/ออนไลน์/แรงก์/ผลแมตช์,613272
613500,Friends Name Here,ชื่อเพื่อนที่นี่,UI: ล็อบบี้/ออนไลน์/แรงก์/ผลแมตช์,613500|613510
613501,Looking for Game,ตามหาเกม,UI: ล็อบบี้/ออนไลน์/แรงก์/ผลแมตช์,613501
613507,FRIENDS ONLINE,เพื่อนออนไลน์,UI: ล็อบบี้/ออนไลน์/แรงก์/ผลแมตช์,613507
613512,Close Friends List,ปิดรายชื่อเพื่อน,UI: ล็อบบี้/ออนไลน์/แรงก์/ผลแมตช์,613512
613750,Profile Name,ชื่อโปรไฟล์,UI: ล็อบบี้/ออนไลน์/แรงก์/ผลแมตช์,613750
613751,My Stats,สถิติของฉัน,UI: ล็อบบี้/ออนไลน์/แรงก์/ผลแมตช์,613751
613752,Processing...,กำลังประมวลผล...,UI: ล็อบบี้/ออนไลน์/แรงก์/ผลแมตช์,613752
613753,Account,บัญชี,UI: ล็อบบี้/ออนไลน์/แรงก์/ผลแมตช์,613753
613754,Play CXP Online!,เล่น CXP ออนไลน์!,UI: ล็อบบี้/ออนไลน์/แรงก์/ผลแมตช์,613754
613755,Sign In,เข้าสู่ระบบ,UI: ล็อบบี้/ออนไลน์/แรงก์/ผลแมตช์,613755
613756,Play!,เล่น!,UI: ล็อบบี้/ออนไลน์/แรงก์/ผลแมตช์,613756
613757,Play online game now,เล่นเกมออนไลน์ตอนนี้,UI: ล็อบบี้/ออนไลน์/แรงก์/ผลแมตช์,613757
613758,Change profiles and adjust account information,เปลี่ยนโปรไฟล์และปรับข้อมูลบัญชี,UI: ล็อบบี้/ออนไลน์/แรงก์/ผลแมตช์,613758
613759,Access Relic Online,เข้าถึงของที่ระลึกออนไลน์,UI: ล็อบบี้/ออนไลน์/แรงก์/ผลแมตช์,613759
613760,You have a connection problem,คุณมีปัญหาในการเชื่อมต่อ,UI: ล็อบบี้/ออนไลน์/แรงก์/ผลแมตช์,613760
613761,View my statistics,ดูสถิติของฉัน,UI: ล็อบบี้/ออนไลน์/แรงก์/ผลแมตช์,613761
613763,Your Relic Online connection status,สถานะการเชื่อมต่อ Relic Online ของคุณ,UI: ล็อบบี้/ออนไลน์/แรงก์/ผลแมตช์,613763
613764,View your friends list,ดูรายชื่อเพื่อนของคุณ,UI: ล็อบบี้/ออนไลน์/แรงก์/ผลแมตช์,613764
613765,You are not connected to Relic Online,คุณไม่ได้เชื่อมต่อกับ Relic Online,UI: ล็อบบี้/ออนไลน์/แรงก์/ผลแมตช์,613765
613766,You are connected to Relic Online,คุณเชื่อมต่อกับ Relic Online,UI: ล็อบบี้/ออนไลน์/แรงก์/ผลแมตช์,613766
614000,Invite a friend to the match,เชิญเพื่อนเข้าร่วมการแข่งขัน,UI: ล็อบบี้/ออนไลน์/แรงก์/ผลแมตช์,614000
614001,Player_1,ผู้เล่น_1,UI: ล็อบบี้/ออนไลน์/แรงก์/ผลแมตช์,614001|614002|614010
614003,View the team's stats,ดูสถิติของทีม,UI: ล็อบบี้/ออนไลน์/แรงก์/ผลแมตช์,614003
614004,Close current Window,ปิดหน้าต่างปัจจุบัน,UI: ล็อบบี้/ออนไลน์/แรงก์/ผลแมตช์,614004
614018,4 Versus 4 Match,การแข่งขัน 4 กับ 4,UI: ล็อบบี้/ออนไลน์/แรงก์/ผลแมตช์,614018
614019,3 Versus 3 Match,การแข่งขัน 3 ต่อ 3,UI: ล็อบบี้/ออนไลน์/แรงก์/ผลแมตช์,614019
614020,2 Versus 2 Match,การแข่งขัน 2 กับ 2,UI: ล็อบบี้/ออนไลน์/แรงก์/ผลแมตช์,614020
614029,Invite,เชิญ,UI: ล็อบบี้/ออนไลน์/แรงก์/ผลแมตช์,614029
614031,Team Stats,สถิติทีม,UI: ล็อบบี้/ออนไลน์/แรงก์/ผลแมตช์,614031|617016
614033,HISTORICAL TEAM RANKING,การจัดอันดับทีมประวัติศาสตร์,UI: ล็อบบี้/ออนไลน์/แรงก์/ผลแมตช์,614033
614501,British Commonwealth,เครือจักรภพอังกฤษ,UI: ล็อบบี้/ออนไลน์/แรงก์/ผลแมตช์,614501
614505,Select Your Army,เลือกกองทัพของคุณ,UI: ล็อบบี้/ออนไลน์/แรงก์/ผลแมตช์,614505
615252,Game Credits,เครดิตเกม,UI: ล็อบบี้/ออนไลน์/แรงก์/ผลแมตช์,615252
615253,$615253 No Key,$615253 No Key,UI: ล็อบบี้/ออนไลน์/แรงก์/ผลแมตช์,615253
615258,Select your difficulty level,เลือกระดับความยากของคุณ,UI: ล็อบบี้/ออนไลน์/แรงก์/ผลแมตช์,615258|615259
615260,Mission List,รายการภารกิจ,UI: ล็อบบี้/ออนไลน์/แรงก์/ผลแมตช์,615260
615291,COMPLETED,สมบูรณ์,UI: ล็อบบี้/ออนไลน์/แรงก์/ผลแมตช์,615291|702771
615292,PLAY MISSION,เล่นภารกิจ,UI: ล็อบบี้/ออนไลน์/แรงก์/ผลแมตช์,615292|702770
615296,Difficulty:,ความยาก:,UI: ล็อบบี้/ออนไลน์/แรงก์/ผลแมตช์,615296|702817
615298,Play selected mission,เล่นภารกิจที่เลือก,UI: ล็อบบี้/ออนไลน์/แรงก์/ผลแมตช์,615298
616010,Please insert disc.,กรุณาใส่แผ่นดิสก์,UI: ล็อบบี้/ออนไลน์/แรงก์/ผลแมตช์,616010
616250,Product Key you entered already in use.,รหัสผลิตภัณฑ์ที่คุณป้อนมีการใช้งานแล้ว,UI: ล็อบบี้/ออนไลน์/แรงก์/ผลแมตช์,616250
616254,Proceed to the Reset Password screen,ดำเนินการต่อไปยังหน้าจอรีเซ็ตรหัสผ่าน,UI: ล็อบบี้/ออนไลน์/แรงก์/ผลแมตช์,616254
616255,Proceed to the Account Recovery screen,ไปที่หน้าจอการกู้คืนบัญชี,UI: ล็อบบี้/ออนไลน์/แรงก์/ผลแมตช์,616255
616500,Please indicate where you purchased Company of Heroes.,โปรดระบุสถานที่ที่คุณซื้อ Company of Heroes,UI: ล็อบบี้/ออนไลน์/แรงก์/ผลแมตช์,616500
616501,Direct2Drive,Direct2Drive,UI: ล็อบบี้/ออนไลน์/แรงก์/ผลแมตช์,616501|616508
616502,Steam,ไอน้ำ,UI: ล็อบบี้/ออนไลน์/แรงก์/ผลแมตช์,616502|616507
616503,Retail Store,ร้านค้าปลีก,UI: ล็อบบี้/ออนไลน์/แรงก์/ผลแมตช์,616503|616506
616754,Second Product Key:,รหัสผลิตภัณฑ์ที่สอง:,UI: ล็อบบี้/ออนไลน์/แรงก์/ผลแมตช์,616754
616755,First Product Key:,รหัสผลิตภัณฑ์แรก:,UI: ล็อบบี้/ออนไลน์/แรงก์/ผลแมตช์,616755
617013,Axis Rank,อันดับฝ่ายอักษะ,UI: ล็อบบี้/ออนไลน์/แรงก์/ผลแมตช์,617013
617014,Team Members,สมาชิกในทีม,UI: ล็อบบี้/ออนไลน์/แรงก์/ผลแมตช์,617014
617015,Allies Rank,อันดับฝ่ายสัมพันธมิตร,UI: ล็อบบี้/ออนไลน์/แรงก์/ผลแมตช์,617015
617017,Play With This Team,เล่นกับทีมนี้,UI: ล็อบบี้/ออนไลน์/แรงก์/ผลแมตช์,617017
617250,Continue Playing,เล่นต่อ,UI: ล็อบบี้/ออนไลน์/แรงก์/ผลแมตช์,617250
617251,You can keep playing the game but you will not dispute your teammate(s) results,คุณสามารถเล่นเกมต่อไปได้ แต่คุณจะไม่โต้แย้งผลลัพธ์ของเพื่อนร่วมทีม,UI: ล็อบบี้/ออนไลน์/แรงก์/ผลแมตช์,617251
617252,"Take a loss, but preserve your Hidden Trust Rating.",ขาดทุน แต่รักษาคะแนนความน่าเชื่อถือที่ซ่อนอยู่ของคุณไว้,UI: ล็อบบี้/ออนไลน์/แรงก์/ผลแมตช์,617252
617253,"Dispute the outcome of the game, but damage your Hidden Trust Rating.",โต้แย้งผลลัพธ์ของเกม แต่สร้างความเสียหายให้กับ Hidden Trust Rating ของคุณ,UI: ล็อบบี้/ออนไลน์/แรงก์/ผลแมตช์,617253
617255,"A teammate has been Kicked from the game. Your Hidden Trust Rating and outcome of this match will be affected by the choice you make. If an entire team Disputes the game, then the game will be Arbitrated by Relic. When entering in Disputes your Hidden Trust Rating will be penalized! The system will award the win to the team who has the player with the highest Hidden Trust Rating. Talk with your remaining team mates to see if you want to Dispute the game!",เพื่อนร่วมทีมถูกเตะออกจากเกม คะแนนความน่าเชื่อถือที่ซ่อนอยู่ของคุณและผลลัพธ์ของการแข่งขันนี้จะได้รับผลกระทบจากการเลือกของคุณ หากทั้งทีมโต้แย้งเกม เกมนั้นจะถูกตัดสินโดย Relic เมื่อเข้าสู่ข้อพิพาท คะแนนความน่าเชื่อถือที่ซ่อนอยู่ของคุณจะถูกลงโทษ! ระบบจะมอบรางวัลให้กับทีมที่มีผู้เล่นที่มีคะแนนความน่าเชื่อถือที่ซ่อนอยู่สูงสุด พูดคุยกับเพื่อนร่วมทีมที่เหลือของคุณเพื่อดูว่าคุณต้องการโต้แย้งเกมหรือไม่!,UI: ล็อบบี้/ออนไลน์/แรงก์/ผลแมตช์,617255
617256,TEAMMATE HAS BEEN KICKED,เพื่อนร่วมทีมถูกเตะแล้ว,UI: ล็อบบี้/ออนไลน์/แรงก์/ผลแมตช์,617256
617257,Resign,ลาออก,UI: ล็อบบี้/ออนไลน์/แรงก์/ผลแมตช์,617257
617259,Dispute,ข้อพิพาท,UI: ล็อบบี้/ออนไลน์/แรงก์/ผลแมตช์,617259
700500,"When the outcome of a match is arbitrated by Relic, the system has to decide who to award the win to. As a result of potential exploits in the ranked multiplayer matches by bad players, the win in a disputed match is award based on your trust rating. Trust ratings help Relic to know who really cares about playing the game and as a result rewards points to players based upon their online conduct.",เมื่อผลของการแข่งขันได้รับการตัดสินโดย Relic ระบบจะต้องตัดสินใจว่าใครจะมอบรางวัลให้กับผู้ชนะ ผลจากการหาประโยชน์ที่อาจเกิดขึ้นในการแข่งขันผู้เล่นหลายคนที่ได้รับการจัดอันดับโดยผู้เล่นที่ไม่ดี การชนะในแมตช์ที่มีการโต้แย้งจะได้รับรางวัลตามระดับความน่าเชื่อถือของคุณ การให้คะแนนความน่าเชื่อถือช่วยให้ Relic รู้ว่าใครสนใจเล่นเกมจริงๆ และผลที่ได้คือคะแนนรางวัลให้กับผู้เล่นตามพฤติกรรมออนไลน์ของพวกเขา,UI: ล็อบบี้/ออนไลน์/แรงก์/ผลแมตช์,700500
700501,Do you want to view the Battlefield?,คุณต้องการดูสนามรบหรือไม่?,UI: ล็อบบี้/ออนไลน์/แรงก์/ผลแมตช์,700501
700502,You are Victorious!,คุณได้รับชัยชนะ!,UI: ล็อบบี้/ออนไลน์/แรงก์/ผลแมตช์,700502
700503,You have been Defeated!,คุณพ่ายแพ้แล้ว!,UI: ล็อบบี้/ออนไลน์/แรงก์/ผลแมตช์,700503
700505,The result of this Match will be Arbitrated by Relic,ผลลัพธ์ของแมตช์นี้จะได้รับการพิจารณาโดย Relic,UI: ล็อบบี้/ออนไลน์/แรงก์/ผลแมตช์,700505
701000,Speaker Configuration,การกำหนดค่าลำโพง,UI: ล็อบบี้/ออนไลน์/แรงก์/ผลแมตช์,701000
701001,Quality Setting,การตั้งค่าคุณภาพ,UI: ล็อบบี้/ออนไลน์/แรงก์/ผลแมตช์,701001
701002,Master Volume,ระดับเสียงหลัก,UI: ล็อบบี้/ออนไลน์/แรงก์/ผลแมตช์,701002|712769
701003,Speech Volume,ระดับเสียงพูด,UI: ล็อบบี้/ออนไลน์/แรงก์/ผลแมตช์,701003|712771
701004,Music Volume,ระดับเสียงดนตรีประกอบ,UI: ล็อบบี้/ออนไลน์/แรงก์/ผลแมตช์,701004|712770
701005,SFX Volume,ระดับเสียงเอฟเฟกต์,UI: ล็อบบี้/ออนไลน์/แรงก์/ผลแมตช์,701005|712772
701006,Adjust the Scroll Rate,ปรับอัตราการเลื่อน,UI: ล็อบบี้/ออนไลน์/แรงก์/ผลแมตช์,701006|701117|712774
701007,Antialiasing,การลบรอยหยัก,UI: ล็อบบี้/ออนไลน์/แรงก์/ผลแมตช์,701007
701008,Physics,ระบบฟิสิกส์,UI: ล็อบบี้/ออนไลน์/แรงก์/ผลแมตช์,701008
701009,Post Processing,โพสต์การประมวลผล,UI: ล็อบบี้/ออนไลน์/แรงก์/ผลแมตช์,701009
701010,Gameplay Options,ตัวเลือกการเล่นเกม,UI: ล็อบบี้/ออนไลน์/แรงก์/ผลแมตช์,701010
701011,Model Detail,รายละเอียดโมเดล,UI: ล็อบบี้/ออนไลน์/แรงก์/ผลแมตช์,701011|712768
701012,Terrain Detail,รายละเอียดภูมิประเทศ,UI: ล็อบบี้/ออนไลน์/แรงก์/ผลแมตช์,701012
701014,Effects Density,ผลกระทบความหนาแน่น,UI: ล็อบบี้/ออนไลน์/แรงก์/ผลแมตช์,701014|712767
701017,Effects Fidelity,ผลกระทบความจงรักภักดี,UI: ล็อบบี้/ออนไลน์/แรงก์/ผลแมตช์,701017
701020,Object Scarring,การเกิดแผลเป็นของวัตถุ,UI: ล็อบบี้/ออนไลน์/แรงก์/ผลแมตช์,701020
701021,Voices,เสียง,UI: ล็อบบี้/ออนไลน์/แรงก์/ผลแมตช์,701021
701022,Show Paths,แสดงเส้นทาง,UI: ล็อบบี้/ออนไลน์/แรงก์/ผลแมตช์,701022|712776
701023,Squad Event Cues,ตัวชี้นำเหตุการณ์ของทีม,UI: ล็อบบี้/ออนไลน์/แรงก์/ผลแมตช์,701023
701024,Show the paths taken by units when they are ordered to move,แสดงเส้นทางที่หน่วยต่างๆ ใช้เมื่อได้รับคำสั่งให้เคลื่อนที่,UI: ล็อบบี้/ออนไลน์/แรงก์/ผลแมตช์,701024|701120|712781
701025,Sticky Selection,การเลือกที่เหนียว,UI: ล็อบบี้/ออนไลน์/แรงก์/ผลแมตช์,701025|712762
701028,Show Subtitles,แสดงคำบรรยาย,UI: ล็อบบี้/ออนไลน์/แรงก์/ผลแมตช์,701028|712777
701029,Frequency,ความถี่,UI: ล็อบบี้/ออนไลน์/แรงก์/ผลแมตช์,701029
701030,Show subtitles during movies,แสดงคำบรรยายระหว่างภาพยนตร์,UI: ล็อบบี้/ออนไลน์/แรงก์/ผลแมตช์,701030|701121|712778
701031,Automatic Settings,การตั้งค่าอัตโนมัติ,UI: ล็อบบี้/ออนไลน์/แรงก์/ผลแมตช์,701031
701032,Load an automatic test of your selected settings,โหลดการทดสอบอัตโนมัติของการตั้งค่าที่คุณเลือก,UI: ล็อบบี้/ออนไลน์/แรงก์/ผลแมตช์,701032
701033,Customize your settings,ปรับแต่งการตั้งค่าของคุณ,UI: ล็อบบี้/ออนไลน์/แรงก์/ผลแมตช์,701033
701035,PERFORMANCE TEST,การทดสอบประสิทธิภาพ,UI: ล็อบบี้/ออนไลน์/แรงก์/ผลแมตช์,701035
701036,Disabling Squad Control removes the Control Group icons from the UI,การปิดใช้งานการควบคุมทีมจะลบไอคอนกลุ่มควบคุมออกจาก UI,UI: ล็อบบี้/ออนไลน์/แรงก์/ผลแมตช์,701036|701116|712773
701039,Graphics Options,ตัวเลือกกราฟิก,UI: ล็อบบี้/ออนไลน์/แรงก์/ผลแมตช์,701039
701040,Audio Options,ตัวเลือกเสียง,UI: ล็อบบี้/ออนไลน์/แรงก์/ผลแมตช์,701040
701041,Show other players as different colors,แสดงผู้เล่นคนอื่นเป็นสีที่ต่างกัน,UI: ล็อบบี้/ออนไลน์/แรงก์/ผลแมตช์,701041|701122
701042,Show Player Color,แสดงสีของผู้เล่น,UI: ล็อบบี้/ออนไลน์/แรงก์/ผลแมตช์,701042|712779
701043,Building Detail,รายละเอียดอาคาร,UI: ล็อบบี้/ออนไลน์/แรงก์/ผลแมตช์,701043
701044,Tree Quality,คุณภาพของต้นไม้,UI: ล็อบบี้/ออนไลน์/แรงก์/ผลแมตช์,701044
701045,Memory Usage,การใช้หน่วยความจำ,UI: ล็อบบี้/ออนไลน์/แรงก์/ผลแมตช์,701045
701046,Memory required to run the game. Green: game will run fine.  Yellow: sloppy performance and long load times.  Red: settings too high for your system.,หน่วยความจำที่จำเป็นในการรันเกม เขียว: เกมจะดำเนินไปด้วยดี สีเหลือง: ประสิทธิภาพเลอะเทอะและเวลาในการโหลดนาน สีแดง: การตั้งค่าสูงเกินไปสำหรับระบบของคุณ,UI: ล็อบบี้/ออนไลน์/แรงก์/ผลแมตช์,701046|701115
701047,Disabling Sticky Selection allows you to deselect your Units,การปิดใช้งาน Sticky Selection ช่วยให้คุณสามารถยกเลิกการเลือกหน่วยของคุณได้,UI: ล็อบบี้/ออนไลน์/แรงก์/ผลแมตช์,701047|701118
701048,Disable the UI for all Event Cues,ปิดการใช้งาน UI สำหรับตัวชี้นำเหตุการณ์ทั้งหมด,UI: ล็อบบี้/ออนไลน์/แรงก์/ผลแมตช์,701048|701119|712766
701049,Accept the current options,ยอมรับตัวเลือกปัจจุบัน,UI: ล็อบบี้/ออนไลน์/แรงก์/ผลแมตช์,701049
701050,Rain Detail,รายละเอียดฝน,UI: ล็อบบี้/ออนไลน์/แรงก์/ผลแมตช์,701050
701051,Adjust the quality of rain splashes on the terrain and objects,ปรับคุณภาพของฝนที่กระเซ็นบนภูมิประเทศและวัตถุ,UI: ล็อบบี้/ออนไลน์/แรงก์/ผลแมตช์,701051
701054,GAMEPLAY,ระบบการเล่น,UI: ล็อบบี้/ออนไลน์/แรงก์/ผลแมตช์,701054|712750
701056,Adjust Screen Resolution. Increased Settings require a faster Video Card,ปรับความละเอียดหน้าจอ การตั้งค่าที่เพิ่มขึ้นต้องใช้การ์ดแสดงผลที่เร็วขึ้น,UI: ล็อบบี้/ออนไลน์/แรงก์/ผลแมตช์,701056
701057,Adjust Texture Detail. Increased Settings require more Video Card Memory and a faster Video Card,ปรับรายละเอียดพื้นผิว การตั้งค่าที่เพิ่มขึ้นต้องใช้หน่วยความจำการ์ดวิดีโอเพิ่มขึ้นและการ์ดวิดีโอที่เร็วขึ้น,UI: ล็อบบี้/ออนไลน์/แรงก์/ผลแมตช์,701057
701058,Adjust Shadow Quality. Increased Settings require a faster CPU and Video Card,ปรับคุณภาพเงา การตั้งค่าที่เพิ่มขึ้นต้องใช้ CPU และการ์ดแสดงผลที่เร็วขึ้น,UI: ล็อบบี้/ออนไลน์/แรงก์/ผลแมตช์,701058
701059,"Adjust Model Detail, affects Draw Distance and Detail Level Distances. Increased settings require a faster CPU and Video Card",ปรับรายละเอียดโมเดล ส่งผลต่อระยะการวาดและระยะทางระดับรายละเอียด การตั้งค่าที่เพิ่มขึ้นต้องใช้ CPU และการ์ดวิดีโอที่เร็วขึ้น,UI: ล็อบบี้/ออนไลน์/แรงก์/ผลแมตช์,701059
701060,Adjust Ambient Building Detail. Increased Settings require more System Memory and Video Card Memory,ปรับรายละเอียดอาคารโดยรอบ การตั้งค่าที่เพิ่มขึ้นต้องใช้หน่วยความจำระบบและหน่วยความจำการ์ดวิดีโอเพิ่มขึ้น,UI: ล็อบบี้/ออนไลน์/แรงก์/ผลแมตช์,701060
701061,Custom Settings,การตั้งค่าแบบกำหนดเอง,UI: ล็อบบี้/ออนไลน์/แรงก์/ผลแมตช์,701061
701062,Adjust Tree Quality. Increased Settings require a faster Video Card,ปรับคุณภาพต้นไม้ การตั้งค่าที่เพิ่มขึ้นต้องใช้การ์ดแสดงผลที่เร็วขึ้น,UI: ล็อบบี้/ออนไลน์/แรงก์/ผลแมตช์,701062
701063,Adjust Terrain Detail. Increased Settings require more RAM and a faster CPU and Video Card,ปรับรายละเอียดภูมิประเทศ การตั้งค่าที่เพิ่มขึ้นต้องใช้ RAM มากขึ้นและ CPU และการ์ดวิดีโอที่เร็วขึ้น,UI: ล็อบบี้/ออนไลน์/แรงก์/ผลแมตช์,701063
701064,Disable Water Reflections. Enabling requires a faster CPU and Video Card,ปิดการใช้งานภาพสะท้อนของน้ำ การเปิดใช้งานต้องใช้ CPU และการ์ดวิดีโอที่เร็วกว่า,UI: ล็อบบี้/ออนไลน์/แรงก์/ผลแมตช์,701064
701065,Adjust Sound Quality,ปรับคุณภาพเสียง,UI: ล็อบบี้/ออนไลน์/แรงก์/ผลแมตช์,701065
701066,Adjust Music Volume,ปรับระดับเสียงเพลง,UI: ล็อบบี้/ออนไลน์/แรงก์/ผลแมตช์,701066|712755
701067,Adjust SFX Volume,ปรับระดับเสียง SFX,UI: ล็อบบี้/ออนไลน์/แรงก์/ผลแมตช์,701067|712753
701068,Adjust Speech Volume,ปรับระดับเสียงพูด,UI: ล็อบบี้/ออนไลน์/แรงก์/ผลแมตช์,701068|712754
701069,Adjust Brightness Level,ปรับระดับความสว่าง,UI: ล็อบบี้/ออนไลน์/แรงก์/ผลแมตช์,701069|712765
701070,Adjust Physics Detail. Increased Settings require a faster CPU and more System Memory,ปรับรายละเอียดฟิสิกส์ การตั้งค่าที่เพิ่มขึ้นต้องใช้ CPU ที่เร็วขึ้นและหน่วยความจำระบบที่มากขึ้น,UI: ล็อบบี้/ออนไลน์/แรงก์/ผลแมตช์,701070
701071,Adjust the Visual Quality of the Effects. Increased Settings require a faster CPU and Video Card,ปรับคุณภาพภาพของเอฟเฟกต์ การตั้งค่าที่เพิ่มขึ้นต้องใช้ CPU และการ์ดแสดงผลที่เร็วขึ้น,UI: ล็อบบี้/ออนไลน์/แรงก์/ผลแมตช์,701071
701072,Adjust the amount of Particles rendered per Effect. Increased Settings require a faster CPU and Video Card,ปรับจำนวนอนุภาคที่แสดงต่อเอฟเฟกต์ การตั้งค่าที่เพิ่มขึ้นต้องใช้ CPU และการ์ดแสดงผลที่เร็วขึ้น,UI: ล็อบบี้/ออนไลน์/แรงก์/ผลแมตช์,701072|712764
701073,Enables Schmidt-verb on weapons and effects,เปิดใช้งานกริยา Schmidt บนอาวุธและเอฟเฟกต์,UI: ล็อบบี้/ออนไลน์/แรงก์/ผลแมตช์,701073|701087
701074,Shader based Graphical Enhancements. Increased Settings require a faster Video Card,การปรับปรุงกราฟิกตาม Shader การตั้งค่าที่เพิ่มขึ้นต้องใช้การ์ดแสดงผลที่เร็วขึ้น,UI: ล็อบบี้/ออนไลน์/แรงก์/ผลแมตช์,701074
701075,Disable Antialiasing. Enabling requires a fast Video Card,ปิดการใช้งานการลดรอยหยัก การเปิดใช้งานต้องใช้การ์ดวิดีโอที่รวดเร็ว,UI: ล็อบบี้/ออนไลน์/แรงก์/ผลแมตช์,701075
701076,Environmental Reverb,พัดโบกสิ่งแวดล้อม,UI: ล็อบบี้/ออนไลน์/แรงก์/ผลแมตช์,701076
701077,This will automatically assign your settings,นี่จะกำหนดการตั้งค่าของคุณโดยอัตโนมัติ,UI: ล็อบบี้/ออนไลน์/แรงก์/ผลแมตช์,701077
701078,Disable Damage Textures. Enabling requires a faster CPU and Video Card,ปิดการใช้งานพื้นผิวความเสียหาย การเปิดใช้งานต้องใช้ CPU และการ์ดวิดีโอที่เร็วกว่า,UI: ล็อบบี้/ออนไลน์/แรงก์/ผลแมตช์,701078
701079,Adjust how many Voices can be played at the same time,ปรับจำนวนเสียงที่สามารถเล่นได้พร้อมกัน,UI: ล็อบบี้/ออนไลน์/แรงก์/ผลแมตช์,701079
701080,Adjust Sample Quality,ปรับคุณภาพตัวอย่าง,UI: ล็อบบี้/ออนไลน์/แรงก์/ผลแมตช์,701080
701081,Select the Speaker Configuration that best describes your Audio Setup,เลือกการกำหนดค่าลำโพงที่อธิบายการตั้งค่าเสียงของคุณได้ดีที่สุด,UI: ล็อบบี้/ออนไลน์/แรงก์/ผลแมตช์,701081
701082,Adjust the Master Volume,ปรับระดับเสียงหลัก,UI: ล็อบบี้/ออนไลน์/แรงก์/ผลแมตช์,701082|712756
701083,Shader Quality,คุณภาพเชดเดอร์,UI: ล็อบบี้/ออนไลน์/แรงก์/ผลแมตช์,701083
701084,Adjust the Lighting Quality. Increased Settings require a faster Video Card. Selecting Low will disable many other options,ปรับคุณภาพแสง การตั้งค่าที่เพิ่มขึ้นต้องใช้การ์ดแสดงผลที่เร็วขึ้น การเลือกต่ำจะปิดตัวเลือกอื่นๆ มากมาย,UI: ล็อบบี้/ออนไลน์/แรงก์/ผลแมตช์,701084
701085,Model Quality,คุณภาพของโมเดล,UI: ล็อบบี้/ออนไลน์/แรงก์/ผลแมตช์,701085
701086,Adjust the Model Quality. Increased Settings require a faster Video Card and more Video Memory. Selecting Low will disable High Shader Quality and many other options,ปรับคุณภาพของโมเดล การตั้งค่าที่เพิ่มขึ้นต้องใช้การ์ดวิดีโอที่เร็วขึ้นและหน่วยความจำวิดีโอที่มากขึ้น การเลือกต่ำจะปิดใช้ High Shader Quality และตัวเลือกอื่นๆ อีกมากมาย,UI: ล็อบบี้/ออนไลน์/แรงก์/ผลแมตช์,701086|712759
701250,Continue to the Campaign Menu,ดำเนินการต่อไปที่เมนูแคมเปญ,UI: ล็อบบี้/ออนไลน์/แรงก์/ผลแมตช์,701250
701255,Purple Heart,หัวใจสีม่วง,UI: ล็อบบี้/ออนไลน์/แรงก์/ผลแมตช์,701255
702000,"© SEGA. All rights reserved. Developed by Relic Entertainment Inc.   Uses Miles Sound System.  Copyright © 1991-2008 by RAD Game Tools, Inc.  MPEG Layer-3 playback supplied with the Miles Sound System from RAD Game Tools, Inc.  MPEG layer-3 audio compression technology licensed by Fraunhofer IIS and THOMSON multimedia. Company of Heroes uses Havok: © Copyright 1999-2008 Havok.com Inc. (or its licensors).  All Rights Reserved.  See www.havok.com for details.  DivX is a registered trademark of DivX, Inc. in the United States and other countries.  SEGA, the SEGA logo, Relic Entertainment and Company of Heroes are either registered trademarks or trademarks of SEGA Corporation. All other trademarks, logos and copyrights are property of their respective owners. ","© เซก้า สงวนลิขสิทธิ์. พัฒนาโดย Relic Entertainment Inc. ใช้ระบบเสียง Miles ลิขสิทธิ์ © 1991-2008 โดย RAD Game Tools, Inc. การเล่น MPEG Layer-3 ที่มาพร้อมกับ Miles Sound System จาก RAD Game Tools, Inc. เทคโนโลยีการบีบอัดเสียง MPEG layer-3 ที่ได้รับอนุญาตจาก Fraunhofer IIS และ THOMSON มัลติมีเดีย Company of Heroes ใช้ Havok: © Copyright 1999-2008 Havok.com Inc. (หรือผู้ออกใบอนุญาต) สงวนลิขสิทธิ์. ดู www.havok.com สำหรับรายละเอียด DivX เป็นเครื่องหมายการค้าจดทะเบียนของ DivX, Inc. ในสหรัฐอเมริกาและประเทศอื่นๆ SEGA, โลโก้ SEGA, Relic Entertainment และ Company of Heroes เป็นเครื่องหมายการค้าจดทะเบียนหรือเครื่องหมายการค้าของ SEGA Corporation เครื่องหมายการค้า โลโก้ และลิขสิทธิ์อื่นๆ ทั้งหมดเป็นทรัพย์สินของเจ้าของที่เกี่ยวข้อง",UI: ล็อบบี้/ออนไลน์/แรงก์/ผลแมตช์,702000
702750,Mission 1,ภารกิจที่ 1,UI: ล็อบบี้/ออนไลน์/แรงก์/ผลแมตช์,702750|702764|702767|702769|702774|702786|702787|702792|702793|702794|702795|702796|702797|702798|702799|702800|702801|702802|702803|702804|702805|702806|702807|702808|702809|702810|702811|702812|702813|702814|702815|702816
702752,Load a Saved Game,โหลดเกมที่บันทึกไว้,UI: ล็อบบี้/ออนไลน์/แรงก์/ผลแมตช์,702752
702753,View your Medals,ดูเหรียญของคุณ,UI: ล็อบบี้/ออนไลน์/แรงก์/ผลแมตช์,702753
702754,Return to the Main Menu,กลับไปที่เมนูหลัก,UI: ล็อบบี้/ออนไลน์/แรงก์/ผลแมตช์,702754|802271
702755,Delete the Saved Game,ลบเกมที่บันทึกไว้,UI: ล็อบบี้/ออนไลน์/แรงก์/ผลแมตช์,702755
702757,Play this Mission,เล่นภารกิจนี้,UI: ล็อบบี้/ออนไลน์/แรงก์/ผลแมตช์,702757
702758,Load the Saved Game,โหลดเกมที่บันทึกไว้,UI: ล็อบบี้/ออนไลน์/แรงก์/ผลแมตช์,702758
702765,Medal Info,ข้อมูลเหรียญ,UI: ล็อบบี้/ออนไลน์/แรงก์/ผลแมตช์,702765
702766,Medal Name,ชื่อเหรียญ,UI: ล็อบบี้/ออนไลน์/แรงก์/ผลแมตช์,702766
702773,Completion Rating,คะแนนความสมบูรณ์,UI: ล็อบบี้/ออนไลน์/แรงก์/ผลแมตช์,702773
702784,| 88/88/888_88:88_AM,| 88/88/888_88:88_AM,UI: ล็อบบี้/ออนไลน์/แรงก์/ผลแมตช์,702784|704011
702790,MEDALS,เหรียญรางวัล,UI: ล็อบบี้/ออนไลน์/แรงก์/ผลแมตช์,702790
703003,$29503 No Key,$29503 No Key,UI: ล็อบบี้/ออนไลน์/แรงก์/ผลแมตช์,703003
703004,$29504 No Key,$29504 No Key,UI: ล็อบบี้/ออนไลน์/แรงก์/ผลแมตช์,703004
703005,$29505 No Key,$29505 No Key,UI: ล็อบบี้/ออนไลน์/แรงก์/ผลแมตช์,703005
703006,$29506 No Key,$29506 No Key,UI: ล็อบบี้/ออนไลน์/แรงก์/ผลแมตช์,703006
703007,$29507 No Key,$29507 No Key,UI: ล็อบบี้/ออนไลน์/แรงก์/ผลแมตช์,703007
703008,$29508 No Key,$29508 No Key,UI: ล็อบบี้/ออนไลน์/แรงก์/ผลแมตช์,703008
703009,$29509 No Key,$29509 No Key,UI: ล็อบบี้/ออนไลน์/แรงก์/ผลแมตช์,703009
703010,$29510 No Key,$29510 No Key,UI: ล็อบบี้/ออนไลน์/แรงก์/ผลแมตช์,703010
703011,$29511 No Key,$29511 No Key,UI: ล็อบบี้/ออนไลน์/แรงก์/ผลแมตช์,703011
703012,$29512 No Key,$29512 No Key,UI: ล็อบบี้/ออนไลน์/แรงก์/ผลแมตช์,703012
703013,$29513 No Key,$29513 No Key,UI: ล็อบบี้/ออนไลน์/แรงก์/ผลแมตช์,703013
703014,$29514 No Key,$29514 No Key,UI: ล็อบบี้/ออนไลน์/แรงก์/ผลแมตช์,703014
703015,$29515 No Key,$29515 No Key,UI: ล็อบบี้/ออนไลน์/แรงก์/ผลแมตช์,703015
703016,$29516 No Key,$29516 No Key,UI: ล็อบบี้/ออนไลน์/แรงก์/ผลแมตช์,703016
703017,$29517 No Key,$29517 No Key,UI: ล็อบบี้/ออนไลน์/แรงก์/ผลแมตช์,703017
703018,$29518 No Key,$29518 No Key,UI: ล็อบบี้/ออนไลน์/แรงก์/ผลแมตช์,703018
703019,$29519 No Key,$29519 No Key,UI: ล็อบบี้/ออนไลน์/แรงก์/ผลแมตช์,703019
703020,$29520 No Key,$29520 No Key,UI: ล็อบบี้/ออนไลน์/แรงก์/ผลแมตช์,703020
703021,$29521 No Key,$29521 No Key,UI: ล็อบบี้/ออนไลน์/แรงก์/ผลแมตช์,703021
703022,$29522 No Key,$29522 No Key,UI: ล็อบบี้/ออนไลน์/แรงก์/ผลแมตช์,703022
703023,$29523 No Key,$29523 No Key,UI: ล็อบบี้/ออนไลน์/แรงก์/ผลแมตช์,703023
703024,$29524 No Key,$29524 No Key,UI: ล็อบบี้/ออนไลน์/แรงก์/ผลแมตช์,703024
703025,$29525 No Key,$29525 No Key,UI: ล็อบบี้/ออนไลน์/แรงก์/ผลแมตช์,703025
703026,$29526 No Key,$29526 No Key,UI: ล็อบบี้/ออนไลน์/แรงก์/ผลแมตช์,703026
703027,$29527 No Key,$29527 No Key,UI: ล็อบบี้/ออนไลน์/แรงก์/ผลแมตช์,703027
703028,$29528 No Key,$29528 No Key,UI: ล็อบบี้/ออนไลน์/แรงก์/ผลแมตช์,703028
703254,Play the COH movie,เล่นภาพยนตร์ COH,UI: ล็อบบี้/ออนไลน์/แรงก์/ผลแมตช์,703254
704000,ALLIED TEAM,ทีมฝ่ายสัมพันธมิตร,UI: ล็อบบี้/ออนไลน์/แรงก์/ผลแมตช์,704000|704030
704003,$704004 No Key,$704004 No Key,UI: ล็อบบี้/ออนไลน์/แรงก์/ผลแมตช์,704003
704004,$704003 No Key,$704003 No Key,UI: ล็อบบี้/ออนไลน์/แรงก์/ผลแมตช์,704004
704012,Scroll through maps with the same maximum player size,เลื่อนดูแผนที่ด้วยขนาดผู้เล่นสูงสุดเท่ากัน,UI: ล็อบบี้/ออนไลน์/แรงก์/ผลแมตช์,704012|704022
704019,AXIS TEAM,ทีมฝ่ายอักษะ,UI: ล็อบบี้/ออนไลน์/แรงก์/ผลแมตช์,704019|704031
704021,Weather:,สภาพอากาศ:,UI: ล็อบบี้/ออนไลน์/แรงก์/ผลแมตช์,704021
704024,Go back to the main menu,กลับไปที่เมนูหลัก,UI: ล็อบบี้/ออนไลน์/แรงก์/ผลแมตช์,704024
704040,Delete Recorded Game,ลบเกมที่บันทึกไว้,UI: ล็อบบี้/ออนไลน์/แรงก์/ผลแมตช์,704040
704501,Mission Title..,ชื่อภารกิจ..,UI: ล็อบบี้/ออนไลน์/แรงก์/ผลแมตช์,704501
704503,Player's Name Here,ชื่อผู้เล่นที่นี่,UI: ล็อบบี้/ออนไลน์/แรงก์/ผลแมตช์,704503|704517
704504,PRESS ANY KEY,กดปุ่มใดก็ได้,UI: ล็อบบี้/ออนไลน์/แรงก์/ผลแมตช์,704504
704505,Waiting For Players...,กำลังรอผู้เล่น...,UI: ล็อบบี้/ออนไลน์/แรงก์/ผลแมตช์,704505
704520,Text placed in this area must meet a minimum standard of excellence.,ข้อความที่วางในพื้นที่นี้ต้องเป็นไปตามมาตรฐานความเป็นเลิศขั้นต่ำ,UI: ล็อบบี้/ออนไลน์/แรงก์/ผลแมตช์,704520
704522,Press any key to start the game,กดปุ่มใดก็ได้เพื่อเริ่มเกม,UI: ล็อบบี้/ออนไลน์/แรงก์/ผลแมตช์,704522
704523,Use protection offered by walls and hedges for cover while you move around the battlefield.,ใช้การป้องกันจากกำแพงและรั้วเพื่อเป็นที่กำบังในขณะที่คุณเคลื่อนที่ไปรอบๆ สนามรบ,UI: ล็อบบี้/ออนไลน์/แรงก์/ผลแมตช์,704523
704524,"Units in cover take less damage, less suppression, and recover suppression faster than units in the open. ",ยูนิตที่อยู่ในที่กำบังจะได้รับความเสียหายน้อยลง ถูกตรึงกำลังน้อยลง และฟื้นตัวจากการถูกกดดันได้เร็วกว่ายูนิตในที่โล่ง,UI: ล็อบบี้/ออนไลน์/แรงก์/ผลแมตช์,704524
704525,Buildings offer great protection for your troops. Some armies can occupy these buildings to deploy more units.,อาคารต่างๆ มอบการปกป้องที่ดีเยี่ยมให้กับกองทหารของคุณ กองทัพบางแห่งสามารถยึดครองอาคารเหล่านี้เพื่อวางกำลังหน่วยเพิ่มเติมได้,UI: ล็อบบี้/ออนไลน์/แรงก์/ผลแมตช์,704525
704526,"Flamethrowers, grenades, tank fire, and artillery are useful for clearing enemies out of buildings.",เครื่องพ่นไฟ ลูกระเบิด การยิงจากรถถัง และปืนใหญ่ มีประโยชน์ในการกวาดล้างศัตรูออกจากอาคาร,UI: ล็อบบี้/ออนไลน์/แรงก์/ผลแมตช์,704526
704527,Tanks are vulnerable from the side and from behind. Remember to keep your vehicle’s front armor pointed towards your enemy.,รถถังมีความเสี่ยงจากด้านข้างและด้านหลัง อย่าลืมให้เกราะหน้าของยานพาหนะของคุณชี้ไปที่ศัตรูของคุณ,UI: ล็อบบี้/ออนไลน์/แรงก์/ผลแมตช์,704527
704528,"Short range weapons, like Submachine Guns and Assault Rifles, are best used aggressively.",อาวุธระยะใกล้ เช่น ปืนกลมือและปืนไรเฟิลจู่โจม เหมาะที่จะใช้ในเชิงรุกได้ดีที่สุด,UI: ล็อบบี้/ออนไลน์/แรงก์/ผลแมตช์,704528
704529,Flanking enemy squads is an effective tactic; you can negate cover by firing from the side.,การเข้าตีโอบปีกหน่วยศัตรูเป็นยุทธวิธีที่มีประสิทธิภาพ คุณสามารถลบล้างผลของที่กำบังได้ด้วยการยิงจากด้านข้าง,UI: ล็อบบี้/ออนไลน์/แรงก์/ผลแมตช์,704529
704530,Move your units around behind buildings or tall walls. Your units will be well protected from fire.,เคลื่อนย้ายยูนิตของคุณไปหลบหลังอาคารหรือกำแพงสูง ยูนิตของคุณจะได้รับการปกป้องจากวิถีกระสุนเป็นอย่างดี,UI: ล็อบบี้/ออนไลน์/แรงก์/ผลแมตช์,704530
704531,"Attacking with a longer range unit, or using suppression for instance, and then closing with a short range unit is a good tactic. ",การโจมตีด้วยยูนิตระยะไกล หรือใช้การยิงกดดัน แล้วจึงส่งยูนิตระยะประชิดเข้าประชิด ถือเป็นกลยุทธ์ที่ดี,UI: ล็อบบี้/ออนไลน์/แรงก์/ผลแมตช์,704531
704532,It is cheaper to reinforce your squad than build a new one. Retreat your units to your headquarters to avoid taking unnecessary losses. ,การเติมกำลังเสริมให้หน่วยคุ้มค่ากว่าการสร้างหน่วยใหม่ ถอยหน่วยรบของคุณกลับไปยังกองบัญชาการเพื่อหลีกเลี่ยงความสูญเสียที่ไม่จำเป็น,UI: ล็อบบี้/ออนไลน์/แรงก์/ผลแมตช์,704532
704533,Holding SHIFT+Right-Clicking will queue up commands for your units. Your units will follow your orders in the sequence you choose.,การกด SHIFT+คลิกขวา จะเป็นการเข้าคิวคำสั่งให้ยูนิตของคุณ ยูนิตจะปฏิบัติตามคำสั่งตามลำดับที่คุณกำหนด,UI: ล็อบบี้/ออนไลน์/แรงก์/ผลแมตช์,704533
704534,"Squads are more vulnerable to enemy fire while building, repairing or capturing territory.",หน่วยมีความเสี่ยงมากขึ้นต่อการยิงของศัตรูในขณะที่สร้าง ซ่อมแซม หรือยึดดินแดน,UI: ล็อบบี้/ออนไลน์/แรงก์/ผลแมตช์,704534
704535,"When units are in heavy cover, direct assaults are not advised. However, you can use grenades and flamethrowers to counter the benefits of cover. ",เมื่อหน่วยอยู่ในที่กำบังหนาแน่น ไม่แนะนำให้ทำการโจมตีโดยตรง อย่างไรก็ตาม คุณสามารถใช้ระเบิดและเครื่องพ่นไฟเพื่อตอบโต้ประโยชน์ของที่กำบังได้,UI: ล็อบบี้/ออนไลน์/แรงก์/ผลแมตช์,704535
704536,"Suppression fire can slow units down, forcing them to remain in your area of fire for longer. ",การยิงกดดันสามารถชะลอความเร็วยูนิตลง บังคับให้อยู่ในเขตการยิงของคุณนานขึ้น,UI: ล็อบบี้/ออนไลน์/แรงก์/ผลแมตช์,704536
704537,"A minefield can protect an open flank; enemy units will attempt to flank your weapon or squad, and run into a well placed mine.",ทุ่นระเบิดสามารถป้องกันปีกที่เปิดอยู่ได้ หน่วยศัตรูจะพยายามขนาบข้างอาวุธหรือหน่วยของคุณ และวิ่งเข้าไปในทุ่นระเบิดที่วางอย่างดี,UI: ล็อบบี้/ออนไลน์/แรงก์/ผลแมตช์,704537
704538,"Many long range weapons can actually shoot beyond their own sight radius. Use forward infantry or stealthy units to sight for HMGs, mortars, and AT guns. ",อาวุธระยะไกลจำนวนมากสามารถยิงได้ไกลเกินกว่ารัศมีการมองเห็นของตัวเอง ใช้หน่วยทหารราบข้างหน้าหรือหน่วยซุ่มเพื่อชี้เป้าให้ HMG ครก และปืน AT,UI: ล็อบบี้/ออนไลน์/แรงก์/ผลแมตช์,704538
704539,An HMG with a rifle squad for defense is a good combination. The Infantry units can prevent enemy units from flanking the machine gun. ,HMG ที่มีหน่วยปืนไรเฟิลเพื่อการป้องกันเป็นการผสมผสานที่ดี หน่วยทหารราบสามารถป้องกันไม่ให้หน่วยศัตรูขนาบข้างปืนกลได้,UI: ล็อบบี้/ออนไลน์/แรงก์/ผลแมตช์,704539
704540,"Mortars and machine guns work well together - the HMG can suppress, and the mortar can drop shells on the suppressed infantry.",ครกและปืนกลทำงานร่วมกันได้ดี - HMG สามารถยิงกดดันตรึงพื้นที่ได้ และครกสามารถยิงกระสุนใส่ทหารราบที่ถูกยิงกดดันตรึงพื้นที่ได้,UI: ล็อบบี้/ออนไลน์/แรงก์/ผลแมตช์,704540
704541,"Keep a couple of squads of infantry, or some light tanks and armoured cars to defend rear areas against the enemy.",เก็บกองทหารราบไว้สองสามกอง หรือรถถังเบาและรถหุ้มเกราะเพื่อปกป้องพื้นที่ด้านหลังจากศัตรู,UI: ล็อบบี้/ออนไลน์/แรงก์/ผลแมตช์,704541
704542,"Early in the game, very few units can break through the heavy defenses or cover (tank traps, hedgerows). Keep your support weapons covering these natural chokepoints. ","ในช่วงต้นเกม มียูนิตเพียงไม่กี่ชนิดที่สามารถเจาะแนวป้องกันหรือที่กำบังหนาแน่นได้ (กับดักรถถัง, แนวพุ่มไม้) ควรวางอาวุธสนับสนุนของคุณเพื่อคุมจุดคอคอดตามธรรมชาติเหล่านี้",UI: ล็อบบี้/ออนไลน์/แรงก์/ผลแมตช์,704542
704543,"All tanks have weaker rear and side armor. Instead of setting up AT guns to face the attack head on, set them to the flanks of the attack.",รถถังทุกคันมีเกราะด้านหลังและด้านข้างที่บางกว่า แทนที่จะวางปืนต่อสู้อากาศยาน/ต่อสู้รถถัง เผชิญหน้าตรงๆ ให้วางตำแหน่งไว้ที่ปีกของการโจมตี,UI: ล็อบบี้/ออนไลน์/แรงก์/ผลแมตช์,704543
704544,"Infantry in buildings, bunkers, artillery, machine guns, are easy targets for tanks or the heavy armored cars.",ทหารราบในอาคาร บังเกอร์ ปืนใหญ่ ปืนกล เป็นเป้าหมายที่ง่ายดายสำหรับรถถังหรือรถหุ้มเกราะหนัก,UI: ล็อบบี้/ออนไลน์/แรงก์/ผลแมตช์,704544
704545,"Use smoke intelligently. Smoke can screen units from fire, offering excellent cover. ",ใช้ควันอย่างชาญฉลาด ควันสามารถกำบังยูนิตจากวิถีกระสุน และให้ที่กำบังชั้นยอด,UI: ล็อบบี้/ออนไลน์/แรงก์/ผลแมตช์,704545
704546,Reduce enemy resource income and population cap by disconnecting territory at key points.,ลดรายได้ทรัพยากรของศัตรูและขีดจำกัดจำนวนประชากรโดยการตัดการเชื่อมต่ออาณาเขตที่จุดสำคัญ,UI: ล็อบบี้/ออนไลน์/แรงก์/ผลแมตช์,704546
704547,Units that are moving are less accurate when firing than when stationary.,หน่วยที่กำลังเคลื่อนที่จะมีความแม่นยำน้อยกว่าเมื่อทำการยิงมากกว่าเมื่ออยู่กับที่,UI: ล็อบบี้/ออนไลน์/แรงก์/ผลแมตช์,704547
704548,A sniper’s firing range is greater than his line-of-sight. Use a bike or jeep to spot for your sniper.,ระยะยิงของสไนเปอร์นั้นไกลกว่าระยะการมองเห็นของเขา ใช้มอเตอร์ไซค์หรือรถจี๊ปเพื่อชี้เป้าให้สไนเปอร์ของคุณ,UI: ล็อบบี้/ออนไลน์/แรงก์/ผลแมตช์,704548
704549,Some resource points are higher than others. Controlling the highest resource points can be a deciding factor in a game.,จุดทรัพยากรบางจุดให้ผลผลิตสูงกว่าจุดอื่น การควบคุมจุดทรัพยากรที่ให้ผลผลิตสูงสุดอาจเป็นปัจจัยชี้ขาดในเกม,UI: ล็อบบี้/ออนไลน์/แรงก์/ผลแมตช์,704549
704550,You can hear enemy vehicles and infantry approach even through the Fog of War.,คุณจะได้ยินเสียงยานพาหนะของศัตรูและทหารราบเข้ามาใกล้แม้ผ่าน Fog of War,UI: ล็อบบี้/ออนไลน์/แรงก์/ผลแมตช์,704550
704551,Units garrisoned in buildings and vehicles cannot be suppressed or pinned.,หน่วยรบที่เข้าประจำการในอาคารและยานพาหนะจะไม่ถูกยิงกดดันหรือถูกยิงตรึงกำลัง,UI: ล็อบบี้/ออนไลน์/แรงก์/ผลแมตช์,704551
704552,Capturing strategic points increases your maximum population cap.,การยึดจุดยุทธศาสตร์จะเพิ่มจำนวนประชากรสูงสุดของคุณ,UI: ล็อบบี้/ออนไลน์/แรงก์/ผลแมตช์,704552
704553,Vehicles travel faster on roads and will often choose roads to get to their destination. This makes roads an ideal spot to lay mines.,ยานพาหนะเดินทางได้เร็วขึ้นบนถนนและมักจะเลือกถนนเพื่อไปยังจุดหมายปลายทาง ทำให้ถนนเป็นจุดที่เหมาะสำหรับการวางทุ่นระเบิด,UI: ล็อบบี้/ออนไลน์/แรงก์/ผลแมตช์,704553
704554,"Some units need to be set up to face the right direction, such as machine gun nests and anti-tank crews. Hold the right mouse button down and drag in the direction you want them to face.",บางหน่วยจำเป็นต้องจัดวางให้หันไปในทิศทางที่ถูกต้อง เช่น รังปืนกล และหน่วยต่อต้านรถถัง กดปุ่มเมาส์ขวาค้างไว้แล้วลากไปในทิศทางที่คุณต้องการให้หันหน้าไป,UI: ล็อบบี้/ออนไลน์/แรงก์/ผลแมตช์,704554
704555,Right-clicking on a name in the lobby allows you to add him or her as a friend. Being friends with a player makes it easy for you to invite the player to a game or chat.,การคลิกขวาที่ชื่อในล็อบบี้จะทำให้คุณสามารถเพิ่มเขาหรือเธอเป็นเพื่อนได้ การเป็นเพื่อนกับผู้เล่นทำให้การเชิญผู้เล่นเข้าร่วมเกมหรือแชทเป็นเรื่องง่ายสำหรับคุณ,UI: ล็อบบี้/ออนไลน์/แรงก์/ผลแมตช์,704555
704556,Off-map artillery deals massive damage but tends to cost a lot of munitions; use it wisely to maximize the number of casualties inflicted.,ปืนใหญ่นอกแผนที่สร้างความเสียหายมหาศาลแต่มีแนวโน้มที่จะใช้กระสุนจำนวนมาก ใช้มันอย่างชาญฉลาดเพื่อเพิ่มจำนวนผู้บาดเจ็บล้มตายที่เกิดขึ้น,UI: ล็อบบี้/ออนไลน์/แรงก์/ผลแมตช์,704556
704557,Use mines to act as a soft anti-vehicle measure to stop advancing vehicles from entering your territory.,ใช้ทุ่นระเบิดเพื่อเป็นมาตรการชะลอยานพาหนะ เพื่อหยุดยั้งยานยนต์ข้าศึกไม่ให้รุกคืบเข้ามาในอาณาเขตของคุณ,UI: ล็อบบี้/ออนไลน์/แรงก์/ผลแมตช์,704557
704558,Most roads offer negative cover and are very dangerous for infantry. Be sure to cross them quickly to prevent casualties.,ถนนส่วนใหญ่ให้ที่กำบังติดลบ (ไม่มีที่กำบัง) และอันตรายมากสำหรับทหารราบ ควรข้ามอย่างรวดเร็วเพื่อป้องกันการสูญเสียกำลังพล,UI: ล็อบบี้/ออนไลน์/แรงก์/ผลแมตช์,704558
704559,Halftracks have the ability to reinforce nearby squads. Use this tactic offensively to reinforce on the battlefield.,Halftracks มีความสามารถในการเสริมกำลังทีมใกล้เคียง ใช้กลยุทธ์นี้ในเชิงรุกเพื่อเสริมกำลังในสนามรบ,UI: ล็อบบี้/ออนไลน์/แรงก์/ผลแมตช์,704559
704560,"If your view is obstructed, try rotating your camera by holding down the ALT key and moving the mouse. Hit the BACKSPACE key twice to return your camera to the default view.",หากมุมมองของคุณถูกบดบัง ให้ลองหมุนกล้องโดยกดปุ่ม ALT ค้างไว้แล้วเลื่อนเมาส์ กดปุ่ม BACKSPACE สองครั้งเพื่อให้กล้องของคุณกลับสู่มุมมองเริ่มต้น,UI: ล็อบบี้/ออนไลน์/แรงก์/ผลแมตช์,704560
704561,"Operations are new multiplayer modes for Tales of Valor.  Operations let you experience Company of Heroes in a variety of exciting modes, from heroic last stands to major tank battles.",โหมดปฏิบัติการ คือโหมดผู้เล่นหลายคนใหม่สำหรับ Tales of Valor ซึ่งจะช่วยให้คุณสัมผัสกับ Company of Heroes ในรูปแบบการเล่นอันน่าตื่นเต้นที่หลากหลาย ตั้งแต่การยืนหยัดต่อสู้อย่างกล้าหาญไปจนถึงสมรภูมิรถถังครั้งใหญ่,UI: ล็อบบี้/ออนไลน์/แรงก์/ผลแมตช์,704561
704562,"In Tales of Valor, play Operation Panzerkrieg! Up to six players battle head-to-head in this epic showdown of tank commanders.",ใน Tales of Valor มาเล่นปฏิบัติการพันเซอร์ครีก! ผู้เล่นสูงสุด 6 คนเข้าปะทะกันในการประลองครั้งยิ่งใหญ่ของผู้บังคับการรถถัง,UI: ล็อบบี้/ออนไลน์/แรงก์/ผลแมตช์,704562
704563,Operation Panzerkrieg: Heavy tanks are worth more Victory Points when they are destroyed than light tanks.,ปฏิบัติการพันเซอร์ครีก: การทำลายรถถังหนักจะได้รับแต้มชัยชนะมากกว่ารถถังเบา,UI: ล็อบบี้/ออนไลน์/แรงก์/ผลแมตช์,704563
704564,Operation Panzerkrieg: There are two paths to victory -- destroying enemy tanks or controlling Victory Points.,ปฏิบัติการพันเซอร์ครีก: มี 2 เส้นทางสู่ชัยชนะ — ทำลายรถถังศัตรู หรือควบคุมจุดชัยชนะ,UI: ล็อบบี้/ออนไลน์/แรงก์/ผลแมตช์,704564
704565,Operation Panzerkrieg: Not all tanks capture Victory Points at the same speed. Light tanks capture points faster than heavy tanks.,ปฏิบัติการพันเซอร์ครีก: รถถังแต่ละชนิดไม่ได้ยึดจุดชัยชนะด้วยความเร็วเท่ากัน รถถังเบาจะยึดจุดได้เร็วกว่ารถถังหนัก,UI: ล็อบบี้/ออนไลน์/แรงก์/ผลแมตช์,704565
704566,"Operation Panzerkrieg: If your tank is heavily damaged, move it back to a nearby Repair Station to quickly repair the tank and return to battle.",ปฏิบัติการพันเซอร์ครีก: หากรถถังของคุณเสียหายหนัก ให้นำกลับไปยังสถานีซ่อมบำรุงในบริเวณใกล้เคียงเพื่อซ่อมแซมอย่างรวดเร็วแล้วกลับเข้าสู่การรบ,UI: ล็อบบี้/ออนไลน์/แรงก์/ผลแมตช์,704566
704567,"In Tales of Valor, play Operation Assault! Players battle to topple the enemy's defensive lines while dismantling their emplacements, until finally striking a deadly blow against the enemy HQ.",ใน Tales of Valor มาเล่นปฏิบัติการจู่โจม! ผู้เล่นจะต่อสู้เพื่อฝ่าแนวป้องกันของศัตรูพร้อมกับทำลายฐานที่มั่น จนกระทั่งเข้าโจมตีกองบัญชาการของศัตรูในขั้นสุดท้าย,UI: ล็อบบี้/ออนไลน์/แรงก์/ผลแมตช์,704567
704568,"To enable the reward vehicles for Tales of Valor in a multiplayer game, simply click the checkbox in the Vehicles tab found on the Rewards page in the lobby.",หากต้องการเปิดใช้งานยานพาหนะรางวัลสำหรับ Tales of Valor ในเกมที่มีผู้เล่นหลายคน เพียงคลิกกล่องกาเครื่องหมายในแท็บยานพาหนะที่พบในหน้ารางวัลในล็อบบี้,UI: ล็อบบี้/ออนไลน์/แรงก์/ผลแมตช์,704568
704569,Operation Assault: Taking out your enemy's HMG emplacements will allow you to shift the front lines of the battle.,ปฏิบัติการจู่โจม: การทำลายฐานปืนกลหนัก ของศัตรูจะช่วยให้คุณผลักดันแนวรบไปข้างหน้าได้,UI: ล็อบบี้/ออนไลน์/แรงก์/ผลแมตช์,704569
704570,"Operation Assault: Don't get so attached! Certain heroes in Operation Assault make great early-game progress, while some flourish later on. Change heroes after you have died!",ปฏิบัติการจู่โจม: อย่ายึดติดกับฮีโร่ตัวเดียว! ฮีโร่บางตัวในปฏิบัติการจู่โจมโดดเด่นในช่วงต้นเกม ขณะที่บางตัวจะทรงพลังในช่วงท้าย เปลี่ยนฮีโร่หลังจากที่คุณตาย!,UI: ล็อบบี้/ออนไลน์/แรงก์/ผลแมตช์,704570
704571,Operation Assault: Destroying the MG nests near to a mortar bunker will neutralize it.  Neutralized mortar bunkers can't fire at you or recruit enemy soldiers!,ปฏิบัติการจู่โจม: การทำลายรังปืนกล ใกล้บังเกอร์ครกจะทำให้บังเกอร์ใช้งานไม่ได้ บังเกอร์ครกที่ถูกทำลายจะไม่สามารถยิงใส่คุณหรือเรียกระดมทหารศัตรูได้!,UI: ล็อบบี้/ออนไลน์/แรงก์/ผลแมตช์,704571
704572,"Operation Assault: If you are too hurt to continue the fight, return to a friendly Mortar Bunker to quickly heal your hero and continue the battle.",ปฏิบัติการจู่โจม: หากคุณบาดเจ็บหนักเกินกว่าจะสู้ต่อ ให้กลับไปที่บังเกอร์ครกฝ่ายเราเพื่อฟื้นฟูฮีโร่อย่างรวดเร็วแล้วกลับเข้าสู่การรบ,UI: ล็อบบี้/ออนไลน์/แรงก์/ผลแมตช์,704572
704573,"In Tales of Valor, play Operation Stonewall! Stand guard with your friends and protect your HQ as the enemy hurls wave after wave of increasingly powerful counterattacks.",ใน Tales of Valor มาเล่นปฏิบัติการสโตนวอลล์! เฝ้ายามร่วมกับเพื่อนและปกป้องพื้นที่ให้พ้นจากศัตรู,UI: ล็อบบี้/ออนไลน์/แรงก์/ผลแมตช์,704573
704574,"Operation Stonewall: Protect your HQ at all costs! Without it, you will lose the ability to purchase upgrades and unlock new units.",ปฏิบัติการสโตนวอลล์: ปกป้องกองบัญชาการของคุณทุกวิถีทาง! หากสูญเสียไป คุณจะไม่สามารถซื้อการอัปเกรดและปลดล็อกยูนิตใหม่ได้,UI: ล็อบบี้/ออนไลน์/แรงก์/ผลแมตช์,704574
704575,"Operation Stonewall: If playing with multiple allies, try specializing in either infantry or vehicles to better prepare yourself for the enemy assault.",ปฏิบัติการสโตนวอลล์: หากเล่นร่วมกับเพื่อนร่วมทีมหลายคน ให้ลองแบ่งความเชี่ยวชาญด้านทหารราบหรือยานพาหนะ เพื่อเตรียมรับมือการบุกของศัตรูได้ดียิ่งขึ้น,UI: ล็อบบี้/ออนไลน์/แรงก์/ผลแมตช์,704575
704576,Operation Stonewall: Capturing the Church confers a healing bonus to nearby infantry for you and your allies.,ปฏิบัติการสโตนวอลล์: การยึดโบสถ์จะเพิ่มโบนัสการรักษาแก่ทหารราบในบริเวณใกล้เคียงสำหรับคุณและเพื่อนร่วมทีม,UI: ล็อบบี้/ออนไลน์/แรงก์/ผลแมตช์,704576
704577,"Operation Stonewall: If you capture The Manor at the beginning, it increases your individual Population Cap.",ปฏิบัติการสโตนวอลล์: หากคุณยึดคฤหาสน์ได้ตั้งแต่แรก จะช่วยเพิ่มขีดจำกัดประชากรของคุณ,UI: ล็อบบี้/ออนไลน์/แรงก์/ผลแมตช์,704577
704578,Operation Stonewall: You and your allies' vehicles will automatically be repaired when parked near a captured Garage.,ปฏิบัติการสโตนวอลล์: ยานพาหนะของคุณและเพื่อนร่วมทีมจะได้รับการซ่อมแซมโดยอัตโนมัติเมื่อจอดใกล้กับอู่ซ่อมรถที่ยึดได้,UI: ล็อบบี้/ออนไลน์/แรงก์/ผลแมตช์,704578
704579,"Operation Stonewall: If you capture The Bank at the beginning, it will boost your individual manpower rate.",ปฏิบัติการสโตนวอลล์: หากคุณยึดธนาคารได้ตั้งแต่แรก จะช่วยเพิ่มอัตราการผลิตกำลังคนของคุณ,UI: ล็อบบี้/ออนไลน์/แรงก์/ผลแมตช์,704579
704580,Customize your army with the new reward vehicles in the Rewards tab. Exchange one of the existing vehicles with a new one from Tales of Valor.,ปรับแต่งกองทัพของคุณด้วยพาหนะรางวัลใหม่ในแท็บรางวัล แลกเปลี่ยนหนึ่งในยานพาหนะที่มีอยู่ด้วยยานพาหนะใหม่จาก Tales of Valor,UI: ล็อบบี้/ออนไลน์/แรงก์/ผลแมตช์,704580
705251,Save this Game,บันทึกเกมนี้,UI: ล็อบบี้/ออนไลน์/แรงก์/ผลแมตช์,705251
705252,Load a previously saved Game,โหลดเกมที่บันทึกไว้ก่อนหน้านี้,UI: ล็อบบี้/ออนไลน์/แรงก์/ผลแมตช์,705252
705253,Resume this Game,เล่นเกมนี้ต่อ,UI: ล็อบบี้/ออนไลน์/แรงก์/ผลแมตช์,705253
705254,Restart this Game,เริ่มเกมนี้ใหม่,UI: ล็อบบี้/ออนไลน์/แรงก์/ผลแมตช์,705254
705255,Quit this Game,ออกจากเกมนี้,UI: ล็อบบี้/ออนไลน์/แรงก์/ผลแมตช์,705255
705277,QUIT TO MAIN MENU,กลับสู่เมนูหลัก,UI: ล็อบบี้/ออนไลน์/แรงก์/ผลแมตช์,705277
705508,Restart game,เริ่มเกมใหม่,UI: ล็อบบี้/ออนไลน์/แรงก์/ผลแมตช์,705508
705509,Exit game,ออกจากเกม,UI: ล็อบบี้/ออนไลน์/แรงก์/ผลแมตช์,705509
705510,Exit application,ออกจากโปรแกรม,UI: ล็อบบี้/ออนไลน์/แรงก์/ผลแมตช์,705510
706500,Restart current game?,รีสตาร์ทเกมปัจจุบันใช่ไหม,UI: ล็อบบี้/ออนไลน์/แรงก์/ผลแมตช์,706500|707000
706503,Press Yes to Restart Current Game,กดใช่เพื่อเริ่มเกมปัจจุบันใหม่,UI: ล็อบบี้/ออนไลน์/แรงก์/ผลแมตช์,706503|707003
706504,Press No to Continue Current Game,กด No เพื่อเล่นเกมปัจจุบันต่อ,UI: ล็อบบี้/ออนไลน์/แรงก์/ผลแมตช์,706504|707004
706752,Enter profile name,ป้อนชื่อโปรไฟล์,UI: ล็อบบี้/ออนไลน์/แรงก์/ผลแมตช์,706752
706753,Confirm your Profile Choice,ยืนยันตัวเลือกโปรไฟล์ของคุณ,UI: ล็อบบี้/ออนไลน์/แรงก์/ผลแมตช์,706753
706754,Return to the Campaign Menu,กลับไปที่เมนูแคมเปญ,UI: ล็อบบี้/ออนไลน์/แรงก์/ผลแมตช์,706754|713006
707250,Do you want to save your game before quitting?,คุณต้องการบันทึกเกมของคุณก่อนที่จะออกหรือไม่?,UI: ล็อบบี้/ออนไลน์/แรงก์/ผลแมตช์,707250
707254,Save this Game before quitting,บันทึกเกมนี้ก่อนที่จะออก,UI: ล็อบบี้/ออนไลน์/แรงก์/ผลแมตช์,707254
707255,Quit this Game and Return to the Main Menu,ออกจากเกมนี้และกลับสู่เมนูหลัก,UI: ล็อบบี้/ออนไลน์/แรงก์/ผลแมตช์,707255
707256,Cancel and Return to the Game,ยกเลิกและกลับสู่เกม,UI: ล็อบบี้/ออนไลน์/แรงก์/ผลแมตช์,707256
707503,Press this button to exit to Windows,กดปุ่มนี้เพื่อออกจาก Windows,UI: ล็อบบี้/ออนไลน์/แรงก์/ผลแมตช์,707503
707504,Press this button to return to the Main Menu,กดปุ่มนี้เพื่อกลับสู่เมนูหลัก,UI: ล็อบบี้/ออนไลน์/แรงก์/ผลแมตช์,707504
708009,Start the Basic Training Tutorial,เริ่มการฝึกสอนขั้นพื้นฐาน,UI: ล็อบบี้/ออนไลน์/แรงก์/ผลแมตช์,708009
708010,TRAINING MENU,เมนูการฝึกรบ,UI: ล็อบบี้/ออนไลน์/แรงก์/ผลแมตช์,708010
708012,Start the Infantry Training Tutorial,เริ่มการฝึกสอนทหารราบ,UI: ล็อบบี้/ออนไลน์/แรงก์/ผลแมตช์,708012
708013,Start the Armor Training Tutorial,เริ่มการฝึกรบหน่วยยานเกราะ,UI: ล็อบบี้/ออนไลน์/แรงก์/ผลแมตช์,708013
708014,Start the Base Building Tutorial,เริ่มบทช่วยสอนการสร้างฐาน,UI: ล็อบบี้/ออนไลน์/แรงก์/ผลแมตช์,708014
708015,Resume the Tutorial,ดำเนินการสอนต่อ,UI: ล็อบบี้/ออนไลน์/แรงก์/ผลแมตช์,708015
708017,Quit the Tutorial,ออกจากบทช่วยสอน,UI: ล็อบบี้/ออนไลน์/แรงก์/ผลแมตช์,708017
708019,Restart the Tutorial,รีสตาร์ทบทช่วยสอน,UI: ล็อบบี้/ออนไลน์/แรงก์/ผลแมตช์,708019
708020,British 2nd Army Training,การฝึกกองทัพบกที่ 2 ของอังกฤษ,UI: ล็อบบี้/ออนไลน์/แรงก์/ผลแมตช์,708020
708253,$8503 No Key,$8503 No Key,UI: ล็อบบี้/ออนไลน์/แรงก์/ผลแมตช์,708253|708503|708753
708254,$8504 No Key,$8504 No Key,UI: ล็อบบี้/ออนไลน์/แรงก์/ผลแมตช์,708254|708504|708754
708255,$8502 No Key,$8502 No Key,UI: ล็อบบี้/ออนไลน์/แรงก์/ผลแมตช์,708255|708505|708755
710002,Vehicle,ยานพาหนะ/ยานเกราะ,UI: ล็อบบี้/ออนไลน์/แรงก์/ผลแมตช์,710002
710003,Building,สิ่งปลูกสร้าง,UI: ล็อบบี้/ออนไลน์/แรงก์/ผลแมตช์,710003
710004,Territory,อาณาเขต,UI: ล็อบบี้/ออนไลน์/แรงก์/ผลแมตช์,710004
710005,Kills,ฆ่า,UI: ล็อบบี้/ออนไลน์/แรงก์/ผลแมตช์,710005
710007,TOTAL SCORE,คะแนนรวม,UI: ล็อบบี้/ออนไลน์/แรงก์/ผลแมตช์,710007|710528|710551
710008,View Infantry Statistics,ดูสถิติทหารราบ,UI: ล็อบบี้/ออนไลน์/แรงก์/ผลแมตช์,710008
710009,Produced,ผลิต,UI: ล็อบบี้/ออนไลน์/แรงก์/ผลแมตช์,710009|710055
710010,Game Time:,เวลาเล่นเกม:,UI: ล็อบบี้/ออนไลน์/แรงก์/ผลแมตช์,710010
710011,Report: Mission Name,รายงาน: ชื่อภารกิจ,UI: ล็อบบี้/ออนไลน์/แรงก์/ผลแมตช์,710011
710012,Team / Player,ทีม/ผู้เล่น,UI: ล็อบบี้/ออนไลน์/แรงก์/ผลแมตช์,710012|710078
710017,View Vehicle Statistics,ดูสถิติยานพาหนะ,UI: ล็อบบี้/ออนไลน์/แรงก์/ผลแมตช์,710017
710018,View Building Statistics,ดูสถิติอาคาร,UI: ล็อบบี้/ออนไลน์/แรงก์/ผลแมตช์,710018
710026,View Territory Statistics,ดูสถิติอาณาเขต,UI: ล็อบบี้/ออนไลน์/แรงก์/ผลแมตช์,710026
710027,Casualties,ผู้เสียชีวิต,UI: ล็อบบี้/ออนไลน์/แรงก์/ผลแมตช์,710027
710028,Friendly Fire,การยิงพวกเดียวกันเอง,UI: ล็อบบี้/ออนไลน์/แรงก์/ผลแมตช์,710028|710035
710030,Reinforced,เสริมแรง,UI: ล็อบบี้/ออนไลน์/แรงก์/ผลแมตช์,710030
710033,View Miscellaneous Statistics,ดูสถิติเบ็ดเตล็ด,UI: ล็อบบี้/ออนไลน์/แรงก์/ผลแมตช์,710033
710034,Lost,สูญหาย,UI: ล็อบบี้/ออนไลน์/แรงก์/ผลแมตช์,710034|710038|710046
710036,Destroyed,ถูกทำลาย,UI: ล็อบบี้/ออนไลน์/แรงก์/ผลแมตช์,710036|710039
710037,Complete,สมบูรณ์,UI: ล็อบบี้/ออนไลน์/แรงก์/ผลแมตช์,710037
710044,Captured,ถูกจับแล้ว,UI: ล็อบบี้/ออนไลน์/แรงก์/ผลแมตช์,710044
710045,Seized,ยึด,UI: ล็อบบี้/ออนไลน์/แรงก์/ผลแมตช์,710045
710052,Exit the Statistics Screen,ออกจากหน้าจอสถิติ,UI: ล็อบบี้/ออนไลน์/แรงก์/ผลแมตช์,710052
710056,1:12:32,1:12:32,UI: ล็อบบี้/ออนไลน์/แรงก์/ผลแมตช์,710056
710057,Victory Points Remaining:,คะแนนชัยชนะที่เหลืออยู่:,UI: ล็อบบี้/ออนไลน์/แรงก์/ผลแมตช์,710057|710069
710059,SAVE REPLAY,บันทึกการเล่นซ้ำ,UI: ล็อบบี้/ออนไลน์/แรงก์/ผลแมตช์,710059|710552
710068,Emter Victory or Defeat!,เอ็มเตอร์ ชนะหรือแพ้!,UI: ล็อบบี้/ออนไลน์/แรงก์/ผลแมตช์,710068
710071,EXIT STATS,ออกจากสถิติ,UI: ล็อบบี้/ออนไลน์/แรงก์/ผลแมตช์,710071|710500
710072,INFANTRY,ทหารราบ,UI: ล็อบบี้/ออนไลน์/แรงก์/ผลแมตช์,710072|710534|710550
710073,VEHICLES,ยานพาหนะ/ยานเกราะ,UI: ล็อบบี้/ออนไลน์/แรงก์/ผลแมตช์,710073|710549
710074,BUILDINGS,สิ่งปลูกสร้าง,UI: ล็อบบี้/ออนไลน์/แรงก์/ผลแมตช์,710074|710548
710075,TERRITORY,อาณาเขต,UI: ล็อบบี้/ออนไลน์/แรงก์/ผลแมตช์,710075|710531|710547
710076,MISC STATS,สถิติเบ็ดเตล็ด,UI: ล็อบบี้/ออนไลน์/แรงก์/ผลแมตช์,710076|710546
710252,CURRENT CAMPAIGN,แคมเปญปัจจุบัน,UI: ล็อบบี้/ออนไลน์/แรงก์/ผลแมตช์,710252
710253,CURRENT MISSION,ภารกิจปัจจุบัน,UI: ล็อบบี้/ออนไลน์/แรงก์/ผลแมตช์,710253
710255,WWWWWWWWWWWWWWWWWWWWWWWWWWWWWW,WWWWWWWWWWWWWWWWWWWWWWWWWWWWWW,UI: ล็อบบี้/ออนไลน์/แรงก์/ผลแมตช์,710255|710256|710257|710258|710259|710260|710263|710264|710265|710266|802259|802260|802261|802262|802263|802264|802265|802266|802267|802268
710501,FUEL GAIN,การเพิ่มน้ำมันเชื้อเพลิง,UI: ล็อบบี้/ออนไลน์/แรงก์/ผลแมตช์,710501
710502,MUNITIONS GAIN,อาวุธยุทโธปกรณ์ที่ได้รับ,UI: ล็อบบี้/ออนไลน์/แรงก์/ผลแมตช์,710502
710503,MANPOWER GAIN,การเพิ่มกำลังคน,UI: ล็อบบี้/ออนไลน์/แรงก์/ผลแมตช์,710503
710504,SECTORS LOST,ภาคส่วนที่สูญเสีย,UI: ล็อบบี้/ออนไลน์/แรงก์/ผลแมตช์,710504
710505,SECTORS SEIZED,ภาคส่วนที่ถูกยึด,UI: ล็อบบี้/ออนไลน์/แรงก์/ผลแมตช์,710505
710506,SECTORES CAPTURED,ภาคส่วนถูกจับ,UI: ล็อบบี้/ออนไลน์/แรงก์/ผลแมตช์,710506
710507,OCCUPIED BUILDINGS LOST,อาคารที่ถูกยึดครองสูญหาย,UI: ล็อบบี้/ออนไลน์/แรงก์/ผลแมตช์,710507
710508,OCCUPIED BUILDINGS SEIZED,อาคารที่ถูกยึดครอง,UI: ล็อบบี้/ออนไลน์/แรงก์/ผลแมตช์,710508
710509,AMBIENT BUILDING DESTRUCTION,การทำลายอาคารโดยรอบ,UI: ล็อบบี้/ออนไลน์/แรงก์/ผลแมตช์,710509
710510,AMBIENT BUILDINGS OCCUPIED,อาคารโดยรอบถูกครอบครอง,UI: ล็อบบี้/ออนไลน์/แรงก์/ผลแมตช์,710510
710511,BUILDINGS DESTROYED,สิ่งปลูกสร้างที่ทำลายได้,UI: ล็อบบี้/ออนไลน์/แรงก์/ผลแมตช์,710511
710512,BUILDINGS LOST,สิ่งปลูกสร้างที่สูญเสีย,UI: ล็อบบี้/ออนไลน์/แรงก์/ผลแมตช์,710512
710513,CONSTRUCTED,สร้างขึ้น,UI: ล็อบบี้/ออนไลน์/แรงก์/ผลแมตช์,710513
710514,VERTERANCY OBTAINED,ได้รับความแน่นอนแล้ว,UI: ล็อบบี้/ออนไลน์/แรงก์/ผลแมตช์,710514|710522
710515,ENEMY INFANTRY KILLED,ทหารราบศัตรูถูกสังหาร,UI: ล็อบบี้/ออนไลน์/แรงก์/ผลแมตช์,710515|710523
710516,ENEMY VEHICLES DESTROYED,ยานพาหนะของศัตรูถูกทำลาย,UI: ล็อบบี้/ออนไลน์/แรงก์/ผลแมตช์,710516
710517,FRIENDLY FIRE,ยิงพวกเดียวกัน,UI: ล็อบบี้/ออนไลน์/แรงก์/ผลแมตช์,710517|710524
710518,UNITS LOST,ยูนิตที่สูญเสีย,UI: ล็อบบี้/ออนไลน์/แรงก์/ผลแมตช์,710518|710525
710519,PRODUCED,ผลิต,UI: ล็อบบี้/ออนไลน์/แรงก์/ผลแมตช์,710519|710527
710521,WEAPONS ACQUIRED,ได้รับอาวุธแล้ว,UI: ล็อบบี้/ออนไลน์/แรงก์/ผลแมตช์,710521
710526,UNITS REINFORCED,หน่วยเสริมกำลัง,UI: ล็อบบี้/ออนไลน์/แรงก์/ผลแมตช์,710526
710529,LOSSES,แพ้,UI: ล็อบบี้/ออนไลน์/แรงก์/ผลแมตช์,710529
710530,KILLS,ฆ่า,UI: ล็อบบี้/ออนไลน์/แรงก์/ผลแมตช์,710530
710532,BUILDING,สิ่งปลูกสร้าง,UI: ล็อบบี้/ออนไลน์/แรงก์/ผลแมตช์,710532
710533,VEHICLE,ยานพาหนะ/ยานเกราะ,UI: ล็อบบี้/ออนไลน์/แรงก์/ผลแมตช์,710533
710543,team / player,ทีม / ผู้เล่น,UI: ล็อบบี้/ออนไลน์/แรงก์/ผลแมตช์,710543
710544,ENTER TIME IN HERE,ป้อนเวลาที่นี่,UI: ล็อบบี้/ออนไลน์/แรงก์/ผลแมตช์,710544
712004,Save Replay,บันทึกการเล่นซ้ำ,UI: ล็อบบี้/ออนไลน์/แรงก์/ผลแมตช์,712004
712005,Back to Stats,กลับไปที่สถิติ,UI: ล็อบบี้/ออนไลน์/แรงก์/ผลแมตช์,712005
712763,Event Cues,ตัวชี้นำเหตุการณ์,UI: ล็อบบี้/ออนไลน์/แรงก์/ผลแมตช์,712763
712775,Disabling Sticky Selection allows you to de-select your Units,การปิดใช้งาน Sticky Selection ช่วยให้คุณสามารถยกเลิกการเลือกหน่วยของคุณได้,UI: ล็อบบี้/ออนไลน์/แรงก์/ผลแมตช์,712775
712780,Show other Players as different colors,แสดงผู้เล่นคนอื่นเป็นสีที่ต่างกัน,UI: ล็อบบี้/ออนไลน์/แรงก์/ผลแมตช์,712780
712783,Save current settings,บันทึกการตั้งค่าปัจจุบัน,UI: ล็อบบี้/ออนไลน์/แรงก์/ผลแมตช์,712783
713003,WWWWWWWWWWWWWWWWWWWWWWWWWWWWWWWW,WWWWWWWWWWWWWWWWWWWWWWWWWWWWWWWW,UI: ล็อบบี้/ออนไลน์/แรงก์/ผลแมตช์,713003
713034,00/00/0000_00:00_WW,00/00/0000_00:00_WW,UI: ล็อบบี้/ออนไลน์/แรงก์/ผลแมตช์,713034
714750,Company of Heroes is a WWII Real-Time-Strategy game that delivers graphics quality and a physics-driven world that is unprecedented in an RTS. This Pre-release Single Player Beta is an early version of the final software which is still in development and will receive further performance improvements before release. Players can expect the final release of Company of Heroes to have lower System Requirements and play well on wide variety of computer specifications.,Company of Heroes เป็นเกมวางแผนแบบเรียลไทม์ในสงครามโลกครั้งที่สองที่ให้คุณภาพกราฟิกและโลกที่ขับเคลื่อนด้วยฟิสิกส์ซึ่งไม่เคยมีมาก่อนใน RTS Single Player Beta รุ่นก่อนวางจำหน่ายนี้เป็นเวอร์ชันเริ่มต้นของซอฟต์แวร์ขั้นสุดท้ายซึ่งยังอยู่ในการพัฒนาและจะได้รับการปรับปรุงประสิทธิภาพเพิ่มเติมก่อนเปิดตัว ผู้เล่นสามารถคาดหวังได้ว่า Company of Heroes เวอร์ชันสุดท้ายจะมีข้อกำหนดของระบบที่ต่ำกว่า และเล่นได้ดีกับสเปคคอมพิวเตอร์ที่หลากหลาย,UI: ล็อบบี้/ออนไลน์/แรงก์/ผลแมตช์,714750
714751,Minimum System Requirements:,ความต้องการของระบบขั้นต่ำ:,UI: ล็อบบี้/ออนไลน์/แรงก์/ผลแมตช์,714751
714752,Important Notice:,ประกาศสำคัญ:,UI: ล็อบบี้/ออนไลน์/แรงก์/ผลแมตช์,714752
714753,* 1 GB of System RAM ,* RAM ระบบ 1 GB,UI: ล็อบบี้/ออนไลน์/แรงก์/ผลแมตช์,714753|714757
714754,* Nvidia Geforce 7600 series and above with 256 MB Video Memory,* Nvidia Geforce 7600 series ขึ้นไปพร้อมหน่วยความจำวิดีโอ 256 MB,UI: ล็อบบี้/ออนไลน์/แรงก์/ผลแมตช์,714754
714755,* 3.0 GHz+ Intel Pentium 4 or equivalent AMD Athlon XP processor,* 3.0 GHz+ Intel Pentium 4 หรือโปรเซสเซอร์ AMD Athlon XP ที่เทียบเท่า,UI: ล็อบบี้/ออนไลน์/แรงก์/ผลแมตช์,714755
714756,Recommended System Requirements:,ข้อกำหนดของระบบที่แนะนำ:,UI: ล็อบบี้/ออนไลน์/แรงก์/ผลแมตช์,714756
714758,"* Nvidia GeForce 6600 series and above with 128 MB Video Memory, or ATI x800 and above with 128 MB Video Memory ",* Nvidia GeForce ซีรีส์ 6600 ขึ้นไปพร้อมหน่วยความจำวิดีโอ 128 MB หรือ ATI x800 ขึ้นไปพร้อมหน่วยความจำวิดีโอ 128 MB,UI: ล็อบบี้/ออนไลน์/แรงก์/ผลแมตช์,714758
714759,* 3.0 GHz Intel Pentium 4 or equivalent AMD Athlon XP processor,* 3.0 GHz Intel Pentium 4 หรือโปรเซสเซอร์ AMD Athlon XP ที่เทียบเท่า,UI: ล็อบบี้/ออนไลน์/แรงก์/ผลแมตช์,714759
714760,Thank you for playing Company of Heroes! ,ขอบคุณสำหรับการเล่น Company of Heroes!,UI: ล็อบบี้/ออนไลน์/แรงก์/ผลแมตช์,714760
715000,Performance Test Results:,ผลการทดสอบประสิทธิภาพ:,UI: ล็อบบี้/ออนไลน์/แรงก์/ผลแมตช์,715000
715001,Done,เสร็จสิ้น,UI: ล็อบบี้/ออนไลน์/แรงก์/ผลแมตช์,715001
715002,Minimum Frame Rate:,อัตราเฟรมขั้นต่ำ:,UI: ล็อบบี้/ออนไลน์/แรงก์/ผลแมตช์,715002
715003,Maximum Frame Rate:,อัตราเฟรมสูงสุด:,UI: ล็อบบี้/ออนไลน์/แรงก์/ผลแมตช์,715003
715004,Average Frame Rate:,อัตราเฟรมเฉลี่ย:,UI: ล็อบบี้/ออนไลน์/แรงก์/ผลแมตช์,715004
715005,Return to the Graphic Settings screen,กลับไปที่หน้าจอการตั้งค่ากราฟิก,UI: ล็อบบี้/ออนไลน์/แรงก์/ผลแมตช์,715005
717001,HOME,บ้าน,UI: ล็อบบี้/ออนไลน์/แรงก์/ผลแมตช์,717001
717003,BROWSE,เรียกดู,UI: ล็อบบี้/ออนไลน์/แรงก์/ผลแมตช์,717003
717004,Publish this map to the Steam Workshop,เผยแพร่แผนที่นี้ไปยัง Steam Workshop,UI: ล็อบบี้/ออนไลน์/แรงก์/ผลแมตช์,717004|12000021
717006,MANAGE,จัดการ,UI: ล็อบบี้/ออนไลน์/แรงก์/ผลแมตช์,717006
717007,ItemName,ItemName,UI: ล็อบบี้/ออนไลน์/แรงก์/ผลแมตช์,717007|717010|717013|717014|717015|717016|717017|717019|717020|717021|717022|717023|717024
717008,Sort By:,จัดเรียงตาม:,UI: ล็อบบี้/ออนไลน์/แรงก์/ผลแมตช์,717008
717009,Unsubscribe,ยกเลิกการสมัคร,UI: ล็อบบี้/ออนไลน์/แรงก์/ผลแมตช์,717009|717042
717011,Featured,โดดเด่น,UI: ล็อบบี้/ออนไลน์/แรงก์/ผลแมตช์,717011
717012,Most Popular (One Week),ยอดนิยมที่สุด (หนึ่งสัปดาห์),UI: ล็อบบี้/ออนไลน์/แรงก์/ผลแมตช์,717012|12000010
717018,Most Recent,ล่าสุด,UI: ล็อบบี้/ออนไลน์/แรงก์/ผลแมตช์,717018|12000015
717026,State,สถานะ,UI: ล็อบบี้/ออนไลน์/แรงก์/ผลแมตช์,717026
717028,Updated,อัปเดตแล้ว,UI: ล็อบบี้/ออนไลน์/แรงก์/ผลแมตช์,717028|717049|717054
717029,Downloaded,ดาวน์โหลดแล้ว,UI: ล็อบบี้/ออนไลน์/แรงก์/ผลแมตช์,717029
717030,MapName,ชื่อแผนที่,UI: ล็อบบี้/ออนไลน์/แรงก์/ผลแมตช์,717030
717031,MapDownloaded,ดาวน์โหลดแผนที่แล้ว,UI: ล็อบบี้/ออนไลน์/แรงก์/ผลแมตช์,717031
717032,MapUpdated,แผนที่อัปเดตแล้ว,UI: ล็อบบี้/ออนไลน์/แรงก์/ผลแมตช์,717032
717033,MapSize,ขนาดแผนที่,UI: ล็อบบี้/ออนไลน์/แรงก์/ผลแมตช์,717033
717034,MapState,แผนที่รัฐ,UI: ล็อบบี้/ออนไลน์/แรงก์/ผลแมตช์,717034
717035,Publish,เผยแพร่,UI: ล็อบบี้/ออนไลน์/แรงก์/ผลแมตช์,717035
717037,Show In Workshop,แสดงในเวิร์กช็อป,UI: ล็อบบี้/ออนไลน์/แรงก์/ผลแมตช์,717037
717038,View Workshop Agreement,ดูข้อตกลงการประชุมเชิงปฏิบัติการ,UI: ล็อบบี้/ออนไลน์/แรงก์/ผลแมตช์,717038
717039,Play,เล่น,UI: ล็อบบี้/ออนไลน์/แรงก์/ผลแมตช์,717039|717067
717041,Status Filter:,ตัวกรองสถานะ:,UI: ล็อบบี้/ออนไลน์/แรงก์/ผลแมตช์,717041
717043,Subscribe,สมัครสมาชิก,UI: ล็อบบี้/ออนไลน์/แรงก์/ผลแมตช์,717043|717065
717044,Recent item name,ชื่อรายการล่าสุด,UI: ล็อบบี้/ออนไลน์/แรงก์/ผลแมตช์,717044
717047,Author,ผู้เขียน,UI: ล็อบบี้/ออนไลน์/แรงก์/ผลแมตช์,717047|717057
717048,Posted,โพสต์แล้ว,UI: ล็อบบี้/ออนไลน์/แรงก์/ผลแมตช์,717048|717053
717051,Rating,คะแนนเรตติ้ง,UI: ล็อบบี้/ออนไลน์/แรงก์/ผลแมตช์,717051
717052,Rate,ประเมิน,UI: ล็อบบี้/ออนไลน์/แรงก์/ผลแมตช์,717052
717055,Size MB,ขนาด MB,UI: ล็อบบี้/ออนไลน์/แรงก์/ผลแมตช์,717055
717056,File description,คำอธิบายไฟล์,UI: ล็อบบี้/ออนไลน์/แรงก์/ผลแมตช์,717056
717058,Browse The Workshop,เรียกดูเวิร์กช็อป,UI: ล็อบบี้/ออนไลน์/แรงก์/ผลแมตช์,717058
717059,Subscribe to this item. You will recieve updates automatically while subscribed,สมัครสมาชิกรายการนี้ คุณจะได้รับการอัปเดตโดยอัตโนมัติขณะสมัครสมาชิก,UI: ล็อบบี้/ออนไลน์/แรงก์/ผลแมตช์,717059
717060,"Unsubscribe from this item - you will no longer recieve automatic updates from the Steam Workshop, but the file will remain on youir hard drive",ยกเลิกการสมัครรับรายการนี้ - คุณจะไม่ได้รับการอัปเดตอัตโนมัติจาก Steam Workshop อีกต่อไป แต่ไฟล์จะยังคงอยู่ในฮาร์ดไดรฟ์ของคุณ,UI: ล็อบบี้/ออนไลน์/แรงก์/ผลแมตช์,717060
717061,Delete this item - you will no longer receive automatic updates from the Steam Workshop and the file will be removed from your hard drive,ลบรายการนี้ - คุณจะไม่ได้รับการอัปเดตอัตโนมัติจาก Steam Workshop อีกต่อไป และไฟล์จะถูกลบออกจากฮาร์ดไดรฟ์ของคุณ,UI: ล็อบบี้/ออนไลน์/แรงก์/ผลแมตช์,717061|12000024
717062,Launch a custom game using this map,เปิดเกมแบบกำหนดเองโดยใช้แผนที่นี้,UI: ล็อบบี้/ออนไลน์/แรงก์/ผลแมตช์,717062
717063,"Go to this map's Steam Workshop Page, where you can view additional information and rate the item",ไปที่หน้าเวิร์กชอป Steam ของแผนที่นี้ ซึ่งคุณสามารถดูข้อมูลเพิ่มเติมและให้คะแนนไอเท็มได้,UI: ล็อบบี้/ออนไลน์/แรงก์/ผลแมตช์,717063
717064,"Open the Steam Workshop agreement, required to upload files",เปิดข้อตกลง Steam Workshop ซึ่งจำเป็นในการอัปโหลดไฟล์,UI: ล็อบบี้/ออนไลน์/แรงก์/ผลแมตช์,717064
717068,Show in Workshop,แสดงในเวิร์กช็อป,UI: ล็อบบี้/ออนไลน์/แรงก์/ผลแมตช์,717068
